label_scheme,label,cache_budget,sink_size,metric,mean,documents,tokens,ci_low,ci_high
coarse_category,content,128,0,delta_ce,0.5735172343482082,16,429,0.3673643142768732,0.7970355171634592
coarse_category,content,128,0,kl_full_to_compact,0.428661948042574,16,429,0.3054077797470432,0.5739467978951462
coarse_category,content,128,0,top1_changed,0.34647734748820463,16,429,0.29960817417147534,0.39732404537427407
coarse_category,function,128,0,delta_ce,0.10801713581112553,16,273,0.018758077694071548,0.20543008770183052
coarse_category,function,128,0,kl_full_to_compact,0.21232534403161987,16,273,0.17162946975185064,0.26038482446168265
coarse_category,function,128,0,top1_changed,0.22687043739854096,16,273,0.1664181458449461,0.2861048696220589
coarse_category,other,128,0,delta_ce,0.1707682594387944,16,83,-0.024510454392313502,0.38471293942601614
coarse_category,other,128,0,kl_full_to_compact,0.28023954807519524,16,83,0.15038433333661055,0.4757505144070346
coarse_category,other,128,0,top1_changed,0.15114989177489177,16,83,0.05445211038961039,0.2579998647186147
coarse_category,special,128,0,delta_ce,0.24146377551758416,16,239,0.1369728800396129,0.37206405949363286
coarse_category,special,128,0,kl_full_to_compact,0.27850617135112476,16,239,0.20743464616051135,0.3841941454481272
coarse_category,special,128,0,top1_changed,0.24950807042433565,16,239,0.20989869484386472,0.293154600243612
coarse_category,content,128,4,delta_ce,0.5885563238644642,16,429,0.3878025459236154,0.8074249924649016
coarse_category,content,128,4,kl_full_to_compact,0.4364652335156804,16,429,0.3092739649136145,0.5757408771676215
coarse_category,content,128,4,top1_changed,0.3653241003803429,16,429,0.3203030590611961,0.41137682303642026
coarse_category,function,128,4,delta_ce,0.10323666372250023,16,273,0.01730243181898866,0.20571991075999188
coarse_category,function,128,4,kl_full_to_compact,0.21447159565317658,16,273,0.17374352548111885,0.2629944828578964
coarse_category,function,128,4,top1_changed,0.22332968447456436,16,273,0.16899784773868548,0.27274024594958335
coarse_category,other,128,4,delta_ce,0.15092126428568495,16,83,-0.0356438165997205,0.3563087171996394
coarse_category,other,128,4,kl_full_to_compact,0.2721619270303366,16,83,0.14550508721399774,0.45909302627956755
coarse_category,other,128,4,top1_changed,0.14673069985569986,16,83,0.05786773989898989,0.25744757846320343
coarse_category,special,128,4,delta_ce,0.23640353108214548,16,239,0.13180424820044048,0.38166926072202867
coarse_category,special,128,4,kl_full_to_compact,0.28527992725876017,16,239,0.21350014963939576,0.3884637700321315
coarse_category,special,128,4,top1_changed,0.233268468522969,16,239,0.19287732893550275,0.2727554067277381
coarse_category,content,128,16,delta_ce,0.6286761313511383,16,429,0.43651865315303834,0.8499184013168761
coarse_category,content,128,16,kl_full_to_compact,0.46733044860713413,16,429,0.3389552584798497,0.6071652030985826
coarse_category,content,128,16,top1_changed,0.3654559262085003,16,429,0.3225531313188886,0.4115932059593833
coarse_category,function,128,16,delta_ce,0.13077677803075966,16,273,0.04363013222939432,0.23859965197828586
coarse_category,function,128,16,kl_full_to_compact,0.23890781417793708,16,273,0.1941003727826436,0.2897888905911477
coarse_category,function,128,16,top1_changed,0.24570710325143963,16,273,0.17982300562888198,0.30371214570969646
coarse_category,other,128,16,delta_ce,0.21829872816466736,16,83,-0.028768499308246837,0.4977004081140645
coarse_category,other,128,16,kl_full_to_compact,0.34722931299471244,16,83,0.16167301112293156,0.6051405987937521
coarse_category,other,128,16,top1_changed,0.1637761544011544,16,83,0.06348462301587302,0.2727506087662335
coarse_category,special,128,16,delta_ce,0.27951761603495634,16,239,0.1795203027516791,0.41873513773720356
coarse_category,special,128,16,kl_full_to_compact,0.31333921318381824,16,239,0.23779324482383002,0.41779305379733156
coarse_category,special,128,16,top1_changed,0.2618339136705643,16,239,0.21115714226119273,0.3150372395442834
coarse_category,content,512,0,delta_ce,0.2660935256616921,16,429,0.08640521829312768,0.4831673197508816
coarse_category,content,512,0,kl_full_to_compact,0.23282471109317357,16,429,0.13593932941341402,0.3542729989843866
coarse_category,content,512,0,top1_changed,0.23851909713024422,16,429,0.20337985142910864,0.2769966126895259
coarse_category,function,512,0,delta_ce,0.01921845957100643,16,273,-0.0419143660510564,0.08473352887962936
coarse_category,function,512,0,kl_full_to_compact,0.10717851336726852,16,273,0.07734625612430801,0.14961718257038684
coarse_category,function,512,0,top1_changed,0.15522178626261865,16,273,0.1064674594639644,0.2051780564933096
coarse_category,other,512,0,delta_ce,-0.0010695412489954495,16,83,-0.10430564200162845,0.11081129622709163
coarse_category,other,512,0,kl_full_to_compact,0.12233546237159873,16,83,0.05982222976403173,0.2231525385753476
coarse_category,other,512,0,top1_changed,0.10434253246753247,16,83,0.04261363636363637,0.1717644074675324
coarse_category,special,512,0,delta_ce,0.08719271928508375,16,239,-0.01036659701687927,0.23555316229728576
coarse_category,special,512,0,kl_full_to_compact,0.1623015890870412,16,239,0.09368153739548199,0.2768595685679711
coarse_category,special,512,0,top1_changed,0.1629047834771719,16,239,0.1143092792237062,0.22006692118135127
coarse_category,content,512,4,delta_ce,0.2685389569676118,16,429,0.0900057276577401,0.4883605225700667
coarse_category,content,512,4,kl_full_to_compact,0.23194915848701458,16,429,0.13562382663368505,0.35630880328685055
coarse_category,content,512,4,top1_changed,0.21904467611616335,16,429,0.18096788055776394,0.2601835247249977
coarse_category,function,512,4,delta_ce,0.022178342972979305,16,273,-0.03801120186365376,0.0927635548371621
coarse_category,function,512,4,kl_full_to_compact,0.10893113071194718,16,273,0.07733285959053633,0.15634434268120953
coarse_category,function,512,4,top1_changed,0.1570182838471597,16,273,0.10363881081911508,0.21603642121390068
coarse_category,other,512,4,delta_ce,-0.007025858262362052,16,83,-0.11146978873571656,0.10367856107345982
coarse_category,other,512,4,kl_full_to_compact,0.12460878804922101,16,83,0.06061729008827126,0.22211649277292977
coarse_category,other,512,4,top1_changed,0.08871753246753247,16,83,0.032467532467532464,0.15669845779220778
coarse_category,special,512,4,delta_ce,0.09618000653510242,16,239,-0.005187931834213767,0.257361857160339
coarse_category,special,512,4,kl_full_to_compact,0.16238507700719185,16,239,0.0953486958490026,0.2735063242223852
coarse_category,special,512,4,top1_changed,0.1544206205812443,16,239,0.10720542036845283,0.2004287469436271
coarse_category,content,512,16,delta_ce,0.2770758380600959,16,429,0.1099227515965301,0.4846924745406803
coarse_category,content,512,16,kl_full_to_compact,0.23115275940036042,16,429,0.13600953623518244,0.353481668027544
coarse_category,content,512,16,top1_changed,0.22294417725844934,16,429,0.18343215806287294,0.26689619615695925
coarse_category,function,512,16,delta_ce,0.02205864412720504,16,273,-0.04118675058662234,0.08579203274226505
coarse_category,function,512,16,kl_full_to_compact,0.1109227012774284,16,273,0.07913991892947636,0.15383024188040936
coarse_category,function,512,16,top1_changed,0.15397095197581467,16,273,0.10331936612364244,0.2085347469103011
coarse_category,other,512,16,delta_ce,-0.0008142380593692475,16,83,-0.11544178232679236,0.11814816024406438
coarse_category,other,512,16,kl_full_to_compact,0.12924270319266132,16,83,0.06312442437252704,0.2359623844339572
coarse_category,other,512,16,top1_changed,0.08871753246753247,16,83,0.03068181818181818,0.15791396103896105
coarse_category,special,512,16,delta_ce,0.1120857456036438,16,239,0.003055994588820458,0.2916962900399171
coarse_category,special,512,16,kl_full_to_compact,0.17120634573862054,16,239,0.09715725224542356,0.29605069434007497
coarse_category,special,512,16,top1_changed,0.16985197741885116,16,239,0.12703252040017537,0.21360991848084582
coarse_category,content,1024,0,delta_ce,0.1809105522206686,16,429,0.08152128857175216,0.3013660238062768
coarse_category,content,1024,0,kl_full_to_compact,0.15195095913266166,16,429,0.08558931225410439,0.24948788173315578
coarse_category,content,1024,0,top1_changed,0.19129771973156118,16,429,0.15545696926671276,0.2290411850939744
coarse_category,function,1024,0,delta_ce,-0.027418852950863173,16,273,-0.06684738192731757,0.012616351118168424
coarse_category,function,1024,0,kl_full_to_compact,0.0653492800789364,16,273,0.05203460645155679,0.08376877383139401
coarse_category,function,1024,0,top1_changed,0.1253271486967139,16,273,0.07201140873015874,0.1855680714401842
coarse_category,other,1024,0,delta_ce,-0.021849304624861475,16,83,-0.11947981289746835,0.06924805496050458
coarse_category,other,1024,0,kl_full_to_compact,0.0704866664723778,16,83,0.04006891400444829,0.11373198457473352
coarse_category,other,1024,0,top1_changed,0.07086038961038961,16,83,0.027110389610389612,0.12086343344155842
coarse_category,special,1024,0,delta_ce,0.08476702861955387,16,239,-0.017399063504204566,0.24942868633413628
coarse_category,special,1024,0,kl_full_to_compact,0.13929449333183852,16,239,0.06644591034820085,0.26112386078373745
coarse_category,special,1024,0,top1_changed,0.14259372181373958,16,239,0.08658120339293483,0.19658944524440372
coarse_category,content,1024,4,delta_ce,0.17482061903780766,16,429,0.07348063894120871,0.2990434818292955
coarse_category,content,1024,4,kl_full_to_compact,0.15251324190812315,16,429,0.08845830643062302,0.24883733178860573
coarse_category,content,1024,4,top1_changed,0.2023017379127582,16,429,0.16937842876458012,0.23821145664766818
coarse_category,function,1024,4,delta_ce,-0.027129771281647834,16,273,-0.06695739632871742,0.009438377783966532
coarse_category,function,1024,4,kl_full_to_compact,0.06530412506948102,16,273,0.05135361625944072,0.0845356997468936
coarse_category,function,1024,4,top1_changed,0.1317221425917078,16,273,0.07326756868961352,0.19594156654788444
coarse_category,other,1024,4,delta_ce,-0.017023629707562483,16,83,-0.10769425554634846,0.0708390898716671
coarse_category,other,1024,4,kl_full_to_compact,0.071476048711205,16,83,0.040334165816034336,0.11793632999039326
coarse_category,other,1024,4,top1_changed,0.07086038961038961,16,83,0.02710734577922078,0.12099025974025969
coarse_category,special,1024,4,delta_ce,0.08228850948680964,16,239,-0.017731373835494984,0.2461104692769196
coarse_category,special,1024,4,kl_full_to_compact,0.13789112157335393,16,239,0.06493487216568426,0.2523570891258132
coarse_category,special,1024,4,top1_changed,0.15278757208111923,16,239,0.09456570747911233,0.21721762650645918
coarse_category,content,1024,16,delta_ce,0.17933840092100423,16,429,0.07168098680044131,0.304772782820992
coarse_category,content,1024,16,kl_full_to_compact,0.15441526982885037,16,429,0.08825084495614001,0.2523323421288051
coarse_category,content,1024,16,top1_changed,0.20358778573706038,16,429,0.16300181351396323,0.24076883695476745
coarse_category,function,1024,16,delta_ce,-0.023945233440183025,16,273,-0.06697407530541198,0.015238121014935678
coarse_category,function,1024,16,kl_full_to_compact,0.06697464617873272,16,273,0.052629814778490575,0.08621354812439538
coarse_category,function,1024,16,top1_changed,0.1252737298932951,16,273,0.06822823660714285,0.18809391299370917
coarse_category,other,1024,16,delta_ce,-0.015139804280293188,16,83,-0.11043405989151628,0.08091642618259083
coarse_category,other,1024,16,kl_full_to_compact,0.07390806515204686,16,83,0.04155198068970779,0.11986203604756619
coarse_category,other,1024,16,top1_changed,0.08336038961038962,16,83,0.028125,0.1464285714285714
coarse_category,special,1024,16,delta_ce,0.0907624539741887,16,239,-0.006057037364112159,0.2632567626082182
coarse_category,special,1024,16,kl_full_to_compact,0.13775168682735223,16,239,0.06656378673024646,0.25166191707978974
coarse_category,special,1024,16,top1_changed,0.14668854939994647,16,239,0.08990903946441631,0.2072504916702986
coarse_category,content,2048,0,delta_ce,0.12542822144707416,16,429,0.03292376069237486,0.23677475673923798
coarse_category,content,2048,0,kl_full_to_compact,0.12592215274341606,16,429,0.06529310997808468,0.21843241579148742
coarse_category,content,2048,0,top1_changed,0.1861675600287912,16,429,0.14844211335709498,0.22328909921464515
coarse_category,function,2048,0,delta_ce,-0.030287976400176456,16,273,-0.06068658009681726,-0.0025286760680222325
coarse_category,function,2048,0,kl_full_to_compact,0.04640821465000117,16,273,0.03423725783054187,0.06169152444812633
coarse_category,function,2048,0,top1_changed,0.10878995146729702,16,273,0.06704548329959513,0.1623294068482766
coarse_category,other,2048,0,delta_ce,0.01085853780319775,16,83,-0.08889086379736597,0.10998856902435722
coarse_category,other,2048,0,kl_full_to_compact,0.06166929796350548,16,83,0.029809577505183267,0.11089148810528482
coarse_category,other,2048,0,top1_changed,0.05267857142857143,16,83,0.012410714285714292,0.10267857142857142
coarse_category,special,2048,0,delta_ce,0.08204804645266207,16,239,-0.019742007240484007,0.2636151361790228
coarse_category,special,2048,0,kl_full_to_compact,0.12148004144646955,16,239,0.0493514438316653,0.2381991433043321
coarse_category,special,2048,0,top1_changed,0.1325238794828678,16,239,0.08632088998412844,0.1833107729178501
coarse_category,content,2048,4,delta_ce,0.12120368098897527,16,429,0.025296734437843693,0.23961573547113896
coarse_category,content,2048,4,kl_full_to_compact,0.12544976971450647,16,429,0.06506234905006011,0.2184198471315113
coarse_category,content,2048,4,top1_changed,0.19881021873416072,16,429,0.1586138187169938,0.2367319268801096
coarse_category,function,2048,4,delta_ce,-0.020535287637167617,16,273,-0.049396670712527145,0.006002549977139556
coarse_category,function,2048,4,kl_full_to_compact,0.04607124264468366,16,273,0.033940596171098576,0.061334378602933635
coarse_category,function,2048,4,top1_changed,0.09709981868341422,16,273,0.05982993466237709,0.1470791551870374
coarse_category,other,2048,4,delta_ce,0.009045254867189614,16,83,-0.10044372591650262,0.11085053163450594
coarse_category,other,2048,4,kl_full_to_compact,0.06388346847646746,16,83,0.03348873003074833,0.11110893478601024
coarse_category,other,2048,4,top1_changed,0.05267857142857143,16,83,0.008928571428571428,0.10179687499999994
coarse_category,special,2048,4,delta_ce,0.07704262029025656,16,239,-0.025623998717460197,0.2559169513191644
coarse_category,special,2048,4,kl_full_to_compact,0.1207832552436135,16,239,0.04938983150188947,0.24054401020725102
coarse_category,special,2048,4,top1_changed,0.1328672860762744,16,239,0.08211974292294083,0.18582264970017726
coarse_category,content,2048,16,delta_ce,0.12295645363851809,16,429,0.026559899090972127,0.23154118152486908
coarse_category,content,2048,16,kl_full_to_compact,0.12752769571027722,16,429,0.06810822450596146,0.22379903177306354
coarse_category,content,2048,16,top1_changed,0.19744417403978018,16,429,0.16096489442188605,0.23423195067696348
coarse_category,function,2048,16,delta_ce,-0.01979290021449317,16,273,-0.05276436557566776,0.011973920725243212
coarse_category,function,2048,16,kl_full_to_compact,0.04628186201691447,16,273,0.03384423471819896,0.06210280145117656
coarse_category,function,2048,16,top1_changed,0.11059503421667323,16,273,0.06817822425655486,0.1590779581535534
coarse_category,other,2048,16,delta_ce,0.004832868980175924,16,83,-0.09965080785043194,0.09832242512329252
coarse_category,other,2048,16,kl_full_to_compact,0.06300025394027353,16,83,0.03121289838269261,0.11281544948370556
coarse_category,other,2048,16,top1_changed,0.05267857142857143,16,83,0.008928571428571428,0.10223214285714285
coarse_category,special,2048,16,delta_ce,0.07916141841944681,16,239,-0.025739628010152078,0.2563547225785745
coarse_category,special,2048,16,kl_full_to_compact,0.1198009468010389,16,239,0.048789235709990254,0.24182859407486482
coarse_category,special,2048,16,top1_changed,0.1354408154880391,16,239,0.08421794411727697,0.1892727101629072
coarse_category,content,4096,0,delta_ce,0.021273890938277695,16,429,-0.033802853358679594,0.089707165158599
coarse_category,content,4096,0,kl_full_to_compact,0.06484443091322425,16,429,0.03935482884854969,0.0960167276296062
coarse_category,content,4096,0,top1_changed,0.1588686102973077,16,429,0.12081275532812402,0.1963663643585918
coarse_category,function,4096,0,delta_ce,-0.0005898236931503927,16,273,-0.032004390959866236,0.03187292949657924
coarse_category,function,4096,0,kl_full_to_compact,0.03508953108169899,16,273,0.024287193474784616,0.04830611507563065
coarse_category,function,4096,0,top1_changed,0.06954792263895525,16,273,0.041818170978327227,0.1011729263716356
coarse_category,other,4096,0,delta_ce,-0.0019150488881569082,16,83,-0.07054152417332392,0.06983106934841969
coarse_category,other,4096,0,kl_full_to_compact,0.033862431242528274,16,83,0.01978178746310062,0.051478722728201705
coarse_category,other,4096,0,top1_changed,0.028125,16,83,0.0,0.06875
coarse_category,special,4096,0,delta_ce,0.010666397415470995,16,239,-0.03426361898080696,0.07874689671737384
coarse_category,special,4096,0,kl_full_to_compact,0.047032073434177875,16,239,0.025532514673276944,0.07530080386238112
coarse_category,special,4096,0,top1_changed,0.10345220565016457,16,239,0.06125307881773399,0.15119672466964235
coarse_category,content,4096,4,delta_ce,0.024496981176152222,16,429,-0.030699146971874418,0.09812706853575051
coarse_category,content,4096,4,kl_full_to_compact,0.06547430501058008,16,429,0.040394963300966875,0.09833080731047761
coarse_category,content,4096,4,top1_changed,0.1456421823120482,16,429,0.11407804909859058,0.18097959959323218
coarse_category,function,4096,4,delta_ce,0.0004970232898395925,16,273,-0.032153797826630894,0.033763741389462504
coarse_category,function,4096,4,kl_full_to_compact,0.03637961290122732,16,273,0.025002031547947036,0.05029765824123729
coarse_category,function,4096,4,top1_changed,0.07182431849551416,16,273,0.0341570560515873,0.11987805436939265
coarse_category,other,4096,4,delta_ce,-1.934122667308913e-05,16,83,-0.0671317610856318,0.06953275890655512
coarse_category,other,4096,4,kl_full_to_compact,0.03439781279852105,16,83,0.01834597192483442,0.053539380557087415
coarse_category,other,4096,4,top1_changed,0.04375,16,83,0.0,0.090625
coarse_category,special,4096,4,delta_ce,0.010480449859179645,16,239,-0.03513955869041184,0.08378923434815283
coarse_category,special,4096,4,kl_full_to_compact,0.04857903824440071,16,239,0.024662101150839822,0.08026608216190942
coarse_category,special,4096,4,top1_changed,0.10371262231683123,16,239,0.06467005830017683,0.1477505777813999
coarse_category,content,4096,16,delta_ce,0.023799485354927423,16,429,-0.0306675554970734,0.09279745347372174
coarse_category,content,4096,16,kl_full_to_compact,0.06475004936649073,16,429,0.03913254070098362,0.09604213059352783
coarse_category,content,4096,16,top1_changed,0.1471276024625499,16,429,0.10945692582891045,0.1853466924569838
coarse_category,function,4096,16,delta_ce,-0.0018922041858033603,16,273,-0.033483360653667395,0.028627246382735817
coarse_category,function,4096,16,kl_full_to_compact,0.03495619850396897,16,273,0.024158704691230683,0.049129044290911625
coarse_category,function,4096,16,top1_changed,0.06901850414078675,16,273,0.036940926393202206,0.10621236628709455
coarse_category,other,4096,16,delta_ce,-0.003393771817623497,16,83,-0.07287470150621364,0.06831660693635072
coarse_category,other,4096,16,kl_full_to_compact,0.033788593606355104,16,83,0.019076066651901827,0.05105809907303995
coarse_category,other,4096,16,top1_changed,0.04375,16,83,0.0,0.090625
coarse_category,special,4096,16,delta_ce,0.01069461960530052,16,239,-0.03162131505193298,0.0749441233077129
coarse_category,special,4096,16,kl_full_to_compact,0.046717213205550084,16,239,0.0247416145650347,0.07703295501927726
coarse_category,special,4096,16,top1_changed,0.09896949965883789,16,239,0.05601472860778926,0.14316416771035337
coarse_category,content,8192,0,delta_ce,-0.016491311992975318,16,429,-0.06897713102013833,0.035698414616899724
coarse_category,content,8192,0,kl_full_to_compact,0.039612279153535976,16,429,0.02520164804315793,0.05844998428371349
coarse_category,content,8192,0,top1_changed,0.12082431594200296,16,429,0.0820046314349783,0.16407797782545525
coarse_category,function,8192,0,delta_ce,-0.005034595717512251,16,273,-0.027483805426132855,0.015544911128689852
coarse_category,function,8192,0,kl_full_to_compact,0.025746266720611383,16,273,0.017093599420429872,0.03661853207929676
coarse_category,function,8192,0,top1_changed,0.06665853771832032,16,273,0.03877904647435897,0.09643819241220734
coarse_category,other,8192,0,delta_ce,0.027628833349282164,16,83,-0.02826715944712529,0.08662286087996458
coarse_category,other,8192,0,kl_full_to_compact,0.024074977460577122,16,83,0.012416156443822966,0.03778353670828441
coarse_category,other,8192,0,top1_changed,0.04375,16,83,0.0,0.09375
coarse_category,special,8192,0,delta_ce,0.00034570226540665654,16,239,-0.02869254460927169,0.03092424767951116
coarse_category,special,8192,0,kl_full_to_compact,0.02440597202219917,16,239,0.018155047200101398,0.03155258001526025
coarse_category,special,8192,0,top1_changed,0.09948743063759544,16,239,0.05562276083344479,0.1466885375046902
coarse_category,content,8192,4,delta_ce,-0.01725679216503787,16,429,-0.07168162751471367,0.03407901708826851
coarse_category,content,8192,4,kl_full_to_compact,0.039848099551879124,16,429,0.0247235173041235,0.058869892017492674
coarse_category,content,8192,4,top1_changed,0.11302879963765514,16,429,0.07220143078598962,0.15812627016850958
coarse_category,function,8192,4,delta_ce,0.002052531368855211,16,273,-0.0190575210467666,0.02133885361480133
coarse_category,function,8192,4,kl_full_to_compact,0.025846521284950682,16,273,0.017055112396471905,0.036119076737490936
coarse_category,function,8192,4,top1_changed,0.0659290890269151,16,273,0.04081748188405797,0.09221262508626638
coarse_category,other,8192,4,delta_ce,0.02566312543248548,16,83,-0.024046986980607647,0.07913902033940867
coarse_category,other,8192,4,kl_full_to_compact,0.02198827213919695,16,83,0.01194644039616484,0.03261927670141606
coarse_category,other,8192,4,top1_changed,0.028125,16,83,0.0,0.06882812499999957
coarse_category,special,8192,4,delta_ce,-0.0018576776396283627,16,239,-0.03270892955535861,0.03011754925920353
coarse_category,special,8192,4,kl_full_to_compact,0.02401705344418608,16,239,0.017875020504431606,0.03062181900088774
coarse_category,special,8192,4,top1_changed,0.09301165067043617,16,239,0.050802620617212406,0.1381091702195356
coarse_category,content,8192,16,delta_ce,-0.013892610209244944,16,429,-0.06695469005935573,0.0394717051536936
coarse_category,content,8192,16,kl_full_to_compact,0.03956402195668837,16,429,0.024665065783454242,0.057000593916902945
coarse_category,content,8192,16,top1_changed,0.12617460053528323,16,429,0.08582966514973857,0.16801722601155317
coarse_category,function,8192,16,delta_ce,-0.004990121791198444,16,273,-0.02573266465318535,0.01570915770270436
coarse_category,function,8192,16,kl_full_to_compact,0.025101312324796378,16,273,0.016839212990127233,0.03555092118986962
coarse_category,function,8192,16,top1_changed,0.06207729468599034,16,273,0.031334635416666666,0.1012511322463768
coarse_category,other,8192,16,delta_ce,0.03269336862521772,16,83,-0.01736193045951068,0.08612538145264721
coarse_category,other,8192,16,kl_full_to_compact,0.020466176426082124,16,83,0.011253868421559074,0.031776530358353594
coarse_category,other,8192,16,top1_changed,0.04375,16,83,0.0,0.090625
coarse_category,special,8192,16,delta_ce,-0.002293864192323354,16,239,-0.03129505925522421,0.027867498308986223
coarse_category,special,8192,16,kl_full_to_compact,0.024247046828762598,16,239,0.018090688551267362,0.031229080561417145
coarse_category,special,8192,16,top1_changed,0.09179743902423923,16,239,0.05345135482492069,0.13474494146686086
fine_category,adjective,128,0,delta_ce,0.18111943815982126,14,66,-0.05480742755335903,0.44770415955773696
fine_category,adjective,128,0,kl_full_to_compact,0.22637953306362188,14,66,0.17007531640631693,0.29809775966688185
fine_category,adjective,128,0,top1_changed,0.28656462585034015,14,66,0.18366496598639453,0.3928826530612243
fine_category,adposition,128,0,delta_ce,0.16873310323012808,16,94,0.01637337225332712,0.3100639929389303
fine_category,adposition,128,0,kl_full_to_compact,0.1958305498410692,16,94,0.14585804363351254,0.2503116857687101
fine_category,adposition,128,0,top1_changed,0.20510912698412698,16,94,0.0902467757936508,0.35119047619047616
fine_category,adverb,128,0,delta_ce,0.5542449771123233,11,31,0.25154867968324457,0.9171635678980785
fine_category,adverb,128,0,kl_full_to_compact,0.303162616811989,11,31,0.1944147025196104,0.43527490021152915
fine_category,adverb,128,0,top1_changed,0.37878787878787873,11,31,0.19090909090909092,0.5666666666666667
fine_category,auxiliary,128,0,delta_ce,-0.033410612527965275,14,52,-0.16474691118554013,0.11364610685570938
fine_category,auxiliary,128,0,kl_full_to_compact,0.18504180695582814,14,52,0.14479997178896006,0.2245167964857965
fine_category,auxiliary,128,0,top1_changed,0.21437074829931974,14,52,0.09761904761904762,0.3512223639455781
fine_category,common_noun,128,0,delta_ce,0.5491032029515921,16,168,0.3363437741426278,0.7738002148902318
fine_category,common_noun,128,0,kl_full_to_compact,0.49156184170480555,16,168,0.32151321300673175,0.7088423721385645
fine_category,common_noun,128,0,top1_changed,0.38155737719882454,16,168,0.30347887059030154,0.46669911936564884
fine_category,coordinating_conjunction,128,0,delta_ce,-0.01228098654084735,15,37,-0.2409847854077816,0.23406177598983044
fine_category,coordinating_conjunction,128,0,kl_full_to_compact,0.2186506926806437,15,37,0.1406113110803482,0.3146313916208842
fine_category,coordinating_conjunction,128,0,top1_changed,0.31111111111111106,15,37,0.13333333333333333,0.4888888888888889
fine_category,determiner,128,0,delta_ce,0.2105218721398463,16,65,0.0914725430254891,0.3346598598672009
fine_category,determiner,128,0,kl_full_to_compact,0.23905455548360588,16,65,0.1837861670014016,0.3112596603257338
fine_category,determiner,128,0,top1_changed,0.21063988095238095,16,65,0.11835565476190474,0.30364955357142853
fine_category,interjection,128,0,delta_ce,0.21909427642822266,2,2,-0.05986213684082031,0.4980506896972656
fine_category,interjection,128,0,kl_full_to_compact,0.15750501304864883,2,2,0.08122926950454712,0.23378075659275055
fine_category,interjection,128,0,top1_changed,0.5,2,2,0.0,1.0
fine_category,negation,128,0,delta_ce,-0.12931277910247446,10,14,-0.30742566078901296,0.04260293044382698
fine_category,negation,128,0,kl_full_to_compact,0.13855343973264098,10,14,0.07033039841335267,0.24470823106588793
fine_category,negation,128,0,top1_changed,0.3,10,14,0.0,0.6
fine_category,number,128,0,delta_ce,0.23835507378551282,6,19,0.04941958970545481,0.44589642518096495
fine_category,number,128,0,kl_full_to_compact,0.27285828004306595,6,19,0.06336536768487551,0.6574391684494912
fine_category,number,128,0,top1_changed,0.16666666666666666,6,19,0.0,0.3333333333333333
fine_category,other,128,0,delta_ce,0.1678896753890888,16,81,-0.03383259805886256,0.392547383284809
fine_category,other,128,0,kl_full_to_compact,0.28145522069411644,16,81,0.15064985421265495,0.475607254917471
fine_category,other,128,0,top1_changed,0.14717261904761905,16,81,0.053125,0.25684523809523807
fine_category,particle,128,0,delta_ce,0.201742941306697,9,12,-0.040077117540770105,0.47819349360134844
fine_category,particle,128,0,kl_full_to_compact,0.34269494087331825,9,12,0.0885083311651316,0.7887548034079372
fine_category,particle,128,0,top1_changed,0.2222222222222222,9,12,0.0,0.5555555555555556
fine_category,pronoun,128,0,delta_ce,0.17098670334402744,15,101,0.08267700385967827,0.2912165059685051
fine_category,pronoun,128,0,kl_full_to_compact,0.20835568504157123,15,101,0.16219805931841827,0.25731128002989356
fine_category,pronoun,128,0,top1_changed,0.24962807345160284,15,101,0.15745214752567696,0.34532275132275125
fine_category,proper_noun,128,0,delta_ce,2.3496593950425475,13,41,0.6684143402152517,4.354990825927622
fine_category,proper_noun,128,0,kl_full_to_compact,1.5489004270541191,13,41,0.6495944606140576,2.5772885845635285
fine_category,proper_noun,128,0,top1_changed,0.4507326007326007,13,41,0.26556776556776557,0.6461538461538461
fine_category,punctuation,128,0,delta_ce,0.3122944616439146,16,105,0.15938377953541005,0.4766028551937317
fine_category,punctuation,128,0,kl_full_to_compact,0.32648402855312086,16,105,0.23996220704232524,0.43928563850767594
fine_category,punctuation,128,0,top1_changed,0.23876488095238094,16,105,0.1730654761904762,0.3052864583333333
fine_category,question_word,128,0,delta_ce,0.10671996223655614,11,19,-0.12739866477521983,0.38802293566986895
fine_category,question_word,128,0,kl_full_to_compact,0.17834338300974306,11,19,0.11219847275907259,0.2518948760456898
fine_category,question_word,128,0,top1_changed,0.37121212121212116,11,19,0.13636363636363635,0.6363636363636364
fine_category,subordinating_conjunction,128,0,delta_ce,0.3493469645812487,8,13,0.06728861828062994,0.6506415473151719
fine_category,subordinating_conjunction,128,0,kl_full_to_compact,0.2776690537090568,8,13,0.1876838688835657,0.380983669295286
fine_category,subordinating_conjunction,128,0,top1_changed,0.375,8,13,0.125,0.75
fine_category,verb,128,0,delta_ce,0.5815349458556298,16,104,0.3056136575890714,0.9713652385141879
fine_category,verb,128,0,kl_full_to_compact,0.30485195180623453,16,104,0.1729629699251332,0.5185642667471813
fine_category,verb,128,0,top1_changed,0.35132575757575757,16,104,0.23814157196969696,0.47123106060606046
fine_category,adjective,128,4,delta_ce,0.1991394744892953,14,66,-0.05099183561951935,0.47872191902633715
fine_category,adjective,128,4,kl_full_to_compact,0.23115238969748422,14,66,0.17224800793410147,0.30188830700284813
fine_category,adjective,128,4,top1_changed,0.30697278911564624,14,66,0.20289115646258502,0.40561224489795916
fine_category,adposition,128,4,delta_ce,0.15162886782296878,16,94,-0.00476224568765837,0.30122268795232576
fine_category,adposition,128,4,kl_full_to_compact,0.1950705977561204,16,94,0.14756663390563257,0.25062652538295205
fine_category,adposition,128,4,top1_changed,0.1929563492063492,16,94,0.09596974206349206,0.30556175595238094
fine_category,adverb,128,4,delta_ce,0.5463944117679741,11,31,0.23534027420210116,0.8939874288202682
fine_category,adverb,128,4,kl_full_to_compact,0.3178605539734814,11,31,0.20766726071186975,0.44740011583251704
fine_category,adverb,128,4,top1_changed,0.3606060606060606,11,31,0.18174242424242426,0.5485606060606057
fine_category,auxiliary,128,4,delta_ce,-0.02111678723575306,14,52,-0.16119569889909657,0.13806450950856106
fine_category,auxiliary,128,4,kl_full_to_compact,0.1879448410844253,14,52,0.14529432409950196,0.23140039024303574
fine_category,auxiliary,128,4,top1_changed,0.3000850340136054,14,52,0.13924319727891157,0.483420493197279
fine_category,common_noun,128,4,delta_ce,0.5682867133469355,16,168,0.34384485285474947,0.8110992666403698
fine_category,common_noun,128,4,kl_full_to_compact,0.5028566417737427,16,168,0.32627263132626394,0.7364191199063758
fine_category,common_noun,128,4,top1_changed,0.40384712144580565,16,168,0.32367929082978425,0.4831464350707772
fine_category,coordinating_conjunction,128,4,delta_ce,-0.022847719821665023,15,37,-0.23263829480856657,0.2472295345531568
fine_category,coordinating_conjunction,128,4,kl_full_to_compact,0.22119493652135133,15,37,0.13757215266115963,0.31929709692796066
fine_category,coordinating_conjunction,128,4,top1_changed,0.24444444444444444,15,37,0.07777777777777777,0.4222222222222222
fine_category,determiner,128,4,delta_ce,0.1902559873337547,16,65,0.08315209407315012,0.31850890024775796
fine_category,determiner,128,4,kl_full_to_compact,0.23869392560334832,16,65,0.18417935528171558,0.3059180806991173
fine_category,determiner,128,4,top1_changed,0.18251488095238094,16,65,0.09284784226190476,0.27576636904761886
fine_category,interjection,128,4,delta_ce,0.19769930839538574,2,2,-0.09502935409545898,0.49042797088623047
fine_category,interjection,128,4,kl_full_to_compact,0.17108043283224106,2,2,0.0919342190027237,0.2502266466617584
fine_category,interjection,128,4,top1_changed,0.0,2,2,0.0,0.0
fine_category,negation,128,4,delta_ce,-0.16081607197411357,10,14,-0.3444756014354061,0.004213641214882933
fine_category,negation,128,4,kl_full_to_compact,0.14964723912999034,10,14,0.07848921737167984,0.2650884772720747
fine_category,negation,128,4,top1_changed,0.3,10,14,0.0,0.6
fine_category,number,128,4,delta_ce,0.2372533492407658,6,19,0.03950042956832072,0.4807058771451315
fine_category,number,128,4,kl_full_to_compact,0.27778199152865757,6,19,0.06542826932078849,0.6609556190669537
fine_category,number,128,4,top1_changed,0.19444444444444442,6,19,0.0,0.4166666666666667
fine_category,other,128,4,delta_ce,0.1477672460212835,16,81,-0.042010346308018476,0.3683608843805147
fine_category,other,128,4,kl_full_to_compact,0.27275531559273425,16,81,0.14733376154113406,0.46301947291041684
fine_category,other,128,4,top1_changed,0.1478670634920635,16,81,0.05624131944444444,0.251984126984127
fine_category,particle,128,4,delta_ce,0.22284917905926704,9,12,-0.04208225650298927,0.5097468296686801
fine_category,particle,128,4,kl_full_to_compact,0.3304411673711406,9,12,0.09375556397458745,0.7466571328747603
fine_category,particle,128,4,top1_changed,0.2222222222222222,9,12,0.0,0.5555555555555556
fine_category,pronoun,128,4,delta_ce,0.19131318469774158,15,101,0.08447255142907552,0.3109582265120972
fine_category,pronoun,128,4,kl_full_to_compact,0.21905567046300672,15,101,0.17044951159021088,0.2758012204505829
fine_category,pronoun,128,4,top1_changed,0.2051836290071584,15,101,0.12512289915966385,0.28889550264550257
fine_category,proper_noun,128,4,delta_ce,2.359601489397835,13,41,0.7133577980343917,4.293453691149327
fine_category,proper_noun,128,4,kl_full_to_compact,1.5513645145140638,13,41,0.6819090198669494,2.5806140826326995
fine_category,proper_noun,128,4,top1_changed,0.46172161172161175,13,41,0.26549908424908425,0.6527747252747251
fine_category,punctuation,128,4,delta_ce,0.2873226964314069,16,105,0.1269739026612314,0.46513736448346793
fine_category,punctuation,128,4,kl_full_to_compact,0.32656575126364634,16,105,0.23287037695995033,0.4396428070914731
fine_category,punctuation,128,4,top1_changed,0.23293650793650794,16,105,0.162789558531746,0.30508866567460313
fine_category,question_word,128,4,delta_ce,0.10772570284704366,11,19,-0.13283603326699725,0.3875069496729833
fine_category,question_word,128,4,kl_full_to_compact,0.20207997364923358,11,19,0.12618762563427233,0.28114175070923836
fine_category,question_word,128,4,top1_changed,0.3484848484848485,11,19,0.09090909090909091,0.6212121212121212
fine_category,subordinating_conjunction,128,4,delta_ce,0.3325172657690322,8,13,0.03358590007410385,0.6278424294975895
fine_category,subordinating_conjunction,128,4,kl_full_to_compact,0.2994105533483283,8,13,0.18980693269428836,0.42316842067521043
fine_category,subordinating_conjunction,128,4,top1_changed,0.41666666666666663,8,13,0.125,0.75
fine_category,verb,128,4,delta_ce,0.5943805353838163,16,104,0.30835331837883573,0.983306192675521
fine_category,verb,128,4,kl_full_to_compact,0.3124584459175507,16,104,0.18035641536102837,0.5184196764428757
fine_category,verb,128,4,top1_changed,0.3502367424242424,16,104,0.23729758522727273,0.4695407196969695
fine_category,adjective,128,16,delta_ce,0.22540450465155065,14,66,-0.019579736248697552,0.46790813366374867
fine_category,adjective,128,16,kl_full_to_compact,0.25516558353302904,14,66,0.19155414684413305,0.33194406501984514
fine_category,adjective,128,16,top1_changed,0.28401360544217685,14,66,0.17176020408163264,0.3998341836734694
fine_category,adposition,128,16,delta_ce,0.1796583374515259,16,94,0.043215044620159286,0.31915615327024643
fine_category,adposition,128,16,kl_full_to_compact,0.21008149193279219,16,94,0.1615423282469858,0.264390131020304
fine_category,adposition,128,16,top1_changed,0.20337301587301587,16,94,0.11531498015873017,0.3142361111111111
fine_category,adverb,128,16,delta_ce,0.5112431534897592,11,31,0.17430691393328632,0.8642663363117555
fine_category,adverb,128,16,kl_full_to_compact,0.3244862992990283,11,31,0.21090199324158626,0.457590456448035
fine_category,adverb,128,16,top1_changed,0.4151515151515151,11,31,0.22416666666666668,0.6151515151515151
fine_category,auxiliary,128,16,delta_ce,0.0001906220059917918,14,52,-0.17311740061331568,0.19963552717277827
fine_category,auxiliary,128,16,kl_full_to_compact,0.20867970266686683,14,52,0.16167826584789768,0.25399036086056714
fine_category,auxiliary,128,16,top1_changed,0.3000850340136054,14,52,0.14591836734693878,0.47756164965986403
fine_category,common_noun,128,16,delta_ce,0.5627676191919249,16,168,0.3630615030234766,0.7735453217806461
fine_category,common_noun,128,16,kl_full_to_compact,0.5228719566609532,16,168,0.3599934801000086,0.7262598293578822
fine_category,common_noun,128,16,top1_changed,0.4219748270735113,16,168,0.34266980483880155,0.5080921385814477
fine_category,coordinating_conjunction,128,16,delta_ce,0.12935924579699834,15,37,-0.12597874358296396,0.4026815413352515
fine_category,coordinating_conjunction,128,16,kl_full_to_compact,0.2883339035842154,15,37,0.15670840380454643,0.45820981072365397
fine_category,coordinating_conjunction,128,16,top1_changed,0.31111111111111106,15,37,0.13305555555555557,0.5002777777777763
fine_category,determiner,128,16,delta_ce,0.17745312376036532,16,65,0.044710119212644985,0.31894564197165887
fine_category,determiner,128,16,kl_full_to_compact,0.26533740917206855,16,65,0.21339161587340988,0.32949481709814876
fine_category,determiner,128,16,top1_changed,0.2363095238095238,16,65,0.14791666666666664,0.32933779761904747
fine_category,interjection,128,16,delta_ce,0.1730821132659912,2,2,-0.2959303855895996,0.642094612121582
fine_category,interjection,128,16,kl_full_to_compact,0.18201836198568344,2,2,0.09827212989330292,0.26576459407806396
fine_category,interjection,128,16,top1_changed,0.5,2,2,0.0,1.0
fine_category,negation,128,16,delta_ce,-0.060106982849538325,10,14,-0.2450522369146347,0.12481145536061346
fine_category,negation,128,16,kl_full_to_compact,0.16324046805966647,10,14,0.08777005900337827,0.2821148647658992
fine_category,negation,128,16,top1_changed,0.3,10,14,0.09750000000000014,0.6
fine_category,number,128,16,delta_ce,0.2419868140377932,6,19,0.0713824720432361,0.41308473907411075
fine_category,number,128,16,kl_full_to_compact,0.28388049291679635,6,19,0.0722350905636429,0.6654750330166683
fine_category,number,128,16,top1_changed,0.08333333333333333,6,19,0.0,0.25
fine_category,other,128,16,delta_ce,0.2139487722392669,16,81,-0.031259362904940684,0.5023814508219392
fine_category,other,128,16,kl_full_to_compact,0.34760514181897245,16,81,0.1603853861693642,0.6064611847679457
fine_category,other,128,16,top1_changed,0.16036706349206348,16,81,0.06457465277777777,0.2676661706349206
fine_category,particle,128,16,delta_ce,0.2113413338859876,9,12,-0.06551423430856732,0.5199958302287587
fine_category,particle,128,16,kl_full_to_compact,0.3735098046147161,9,12,0.09908401789661082,0.8523344706640473
fine_category,particle,128,16,top1_changed,0.2222222222222222,9,12,0.0,0.5555555555555556
fine_category,pronoun,128,16,delta_ce,0.23531604685079463,15,101,0.1349397394809799,0.3604847169623897
fine_category,pronoun,128,16,kl_full_to_compact,0.24291841402292194,15,101,0.1829090123259204,0.3132911022699391
fine_category,pronoun,128,16,top1_changed,0.2579676314970432,15,101,0.15978174603174602,0.3624649859943977
fine_category,proper_noun,128,16,delta_ce,2.626994527835227,13,41,1.0313657594154682,4.612322953030023
fine_category,proper_noun,128,16,kl_full_to_compact,1.6789236434384405,13,41,0.7511394951438018,2.815658122932661
fine_category,proper_noun,128,16,top1_changed,0.4424908424908425,13,41,0.23836538461538465,0.6538461538461539
fine_category,punctuation,128,16,delta_ce,0.3251206185794362,16,105,0.17770590737826072,0.48937497989719897
fine_category,punctuation,128,16,kl_full_to_compact,0.35597234824894086,16,105,0.25941325117902286,0.4775078459026564
fine_category,punctuation,128,16,top1_changed,0.24744543650793652,16,105,0.1881640625,0.3048617311507937
fine_category,question_word,128,16,delta_ce,0.133553667981742,11,19,-0.08304580590179697,0.3890459276538229
fine_category,question_word,128,16,kl_full_to_compact,0.22431805322059628,11,19,0.13405982477971437,0.32352164408304923
fine_category,question_word,128,16,top1_changed,0.37121212121212116,11,19,0.14375,0.6136363636363636
fine_category,subordinating_conjunction,128,16,delta_ce,0.36981911899056286,8,13,0.031276170499040745,0.7871995760826394
fine_category,subordinating_conjunction,128,16,kl_full_to_compact,0.3250378356509221,8,13,0.1767402798048958,0.5450860162110379
fine_category,subordinating_conjunction,128,16,top1_changed,0.47916666666666663,8,13,0.1875,0.7916666666666666
fine_category,verb,128,16,delta_ce,0.6525459868579551,16,104,0.3807443208449619,1.033023754541251
fine_category,verb,128,16,kl_full_to_compact,0.3341034536966192,16,104,0.20716156470811273,0.5303928517682917
fine_category,verb,128,16,top1_changed,0.3601325757575758,16,104,0.24857717803030305,0.4954782196969696
fine_category,adjective,512,0,delta_ce,0.15688124866007835,14,66,-0.019891572269014335,0.4098763015245693
fine_category,adjective,512,0,kl_full_to_compact,0.11322074212357805,14,66,0.06974681091746869,0.1800565198555445
fine_category,adjective,512,0,top1_changed,0.2076530612244898,14,66,0.10965561224489796,0.3198979591836734
fine_category,adposition,512,0,delta_ce,0.058811875735195376,16,94,-0.02821619929580273,0.14412534539181002
fine_category,adposition,512,0,kl_full_to_compact,0.09310194304855943,16,94,0.05940637538594844,0.14104027971992
fine_category,adposition,512,0,top1_changed,0.1857638888888889,16,94,0.09201388888888888,0.29513888888888884
fine_category,adverb,512,0,delta_ce,0.04550149914346437,11,31,-0.19431387227593047,0.24839939168618638
fine_category,adverb,512,0,kl_full_to_compact,0.14815844646738807,11,31,0.08300459091629653,0.23311087854037785
fine_category,adverb,512,0,top1_changed,0.24393939393939393,11,31,0.12272727272727274,0.3681818181818182
fine_category,auxiliary,512,0,delta_ce,-0.04930045079490563,14,52,-0.12700278383233032,0.0153212559569094
fine_category,auxiliary,512,0,kl_full_to_compact,0.05605498990527082,14,52,0.04282801189857612,0.06999381923293739
fine_category,auxiliary,512,0,top1_changed,0.12142857142857143,14,52,0.014285714285714287,0.2523809523809523
fine_category,common_noun,512,0,delta_ce,0.35647068382834024,16,168,0.14652726243271902,0.5905647948840672
fine_category,common_noun,512,0,kl_full_to_compact,0.33818891518081645,16,168,0.163136665447698,0.5891913368517807
fine_category,common_noun,512,0,top1_changed,0.2591215893025104,16,168,0.16877859462357817,0.3645014732617528
fine_category,coordinating_conjunction,512,0,delta_ce,-0.010544800427224898,15,37,-0.11733769069943162,0.11325508908265165
fine_category,coordinating_conjunction,512,0,kl_full_to_compact,0.10574479267622035,15,37,0.07427268875995652,0.14159143366799173
fine_category,coordinating_conjunction,512,0,top1_changed,0.1722222222222222,15,37,0.04444444444444444,0.3333333333333333
fine_category,determiner,512,0,delta_ce,0.03747150865826933,16,65,-0.07762102369052756,0.16198762225707805
fine_category,determiner,512,0,kl_full_to_compact,0.14518710366128723,16,65,0.10319133143567125,0.20849966174601353
fine_category,determiner,512,0,top1_changed,0.09933035714285712,16,65,0.03608630952380952,0.17114025297619043
fine_category,interjection,512,0,delta_ce,-0.035050153732299805,2,2,-0.36231136322021484,0.29221105575561523
fine_category,interjection,512,0,kl_full_to_compact,0.08789968118071556,2,2,0.04986739903688431,0.12593196332454681
fine_category,interjection,512,0,top1_changed,0.5,2,2,0.0,1.0
fine_category,negation,512,0,delta_ce,-0.08413608573609963,10,14,-0.30658593675354495,0.16561429417051718
fine_category,negation,512,0,kl_full_to_compact,0.06807209631078877,10,14,0.027208761724468785,0.13700901231844909
fine_category,negation,512,0,top1_changed,0.1,10,14,0.0,0.3
fine_category,number,512,0,delta_ce,0.30728079484122445,6,19,0.1816254474005998,0.40776208785828166
fine_category,number,512,0,kl_full_to_compact,0.19841822829819447,6,19,0.030765259702537958,0.4911574077653815
fine_category,number,512,0,top1_changed,0.19444444444444442,6,19,0.0,0.4166666666666667
fine_category,other,512,0,delta_ce,-0.002871279103702464,16,81,-0.10708237779419405,0.10703359774921903
fine_category,other,512,0,kl_full_to_compact,0.12212083114964836,16,81,0.0582189972211841,0.2200777543701552
fine_category,other,512,0,top1_changed,0.0986607142857143,16,81,0.039285714285714285,0.16654017857142847
fine_category,particle,512,0,delta_ce,-0.001572997205787235,9,12,-0.20656013120379713,0.171224169536597
fine_category,particle,512,0,kl_full_to_compact,0.33030800904250807,9,12,0.0341399232753449,0.9010023963301338
fine_category,particle,512,0,top1_changed,0.1111111111111111,9,12,0.0,0.3333333333333333
fine_category,pronoun,512,0,delta_ce,0.04035483274334352,15,101,-0.016526707262280775,0.10235281920427493
fine_category,pronoun,512,0,kl_full_to_compact,0.09186617312714321,15,101,0.0644472930707591,0.13061557141683314
fine_category,pronoun,512,0,top1_changed,0.21244631185807655,15,101,0.12837908496732026,0.2991129785247432
fine_category,proper_noun,512,0,delta_ce,0.9402747024553436,13,41,-0.15286709718875272,2.1663563301165536
fine_category,proper_noun,512,0,kl_full_to_compact,0.7336717636947478,13,41,0.18267283001061654,1.5632449319141715
fine_category,proper_noun,512,0,top1_changed,0.21923076923076923,13,41,0.09615384615384616,0.3538461538461538
fine_category,punctuation,512,0,delta_ce,0.07443742673855186,16,105,-0.055414123433168115,0.23290586695823404
fine_category,punctuation,512,0,kl_full_to_compact,0.19719760295272518,16,105,0.10391269508652463,0.33025682668893963
fine_category,punctuation,512,0,top1_changed,0.15535714285714283,16,105,0.08948164682539683,0.22525173611111107
fine_category,question_word,512,0,delta_ce,0.05723346927852342,11,19,-0.1156756029534859,0.22013333195989754
fine_category,question_word,512,0,kl_full_to_compact,0.11055135988686798,11,19,0.06258945545467379,0.16507567743520304
fine_category,question_word,512,0,top1_changed,0.14393939393939392,11,19,0.0,0.32575757575757575
fine_category,subordinating_conjunction,512,0,delta_ce,0.02636604942381382,8,13,-0.2376066381111741,0.29756608977913845
fine_category,subordinating_conjunction,512,0,kl_full_to_compact,0.14437694288790226,8,13,0.07002986818406498,0.2530628688444266
fine_category,subordinating_conjunction,512,0,top1_changed,0.3125,8,13,0.0625,0.625
fine_category,verb,512,0,delta_ce,0.16502250752868453,16,104,0.07964813980342096,0.25139451423293224
fine_category,verb,512,0,kl_full_to_compact,0.10467343905879893,16,104,0.06769658641452599,0.15881283423912562
fine_category,verb,512,0,top1_changed,0.23423295454545456,16,104,0.15808593750000002,0.30981415719696964
fine_category,adjective,512,4,delta_ce,0.150504749514686,14,66,-0.03002726934890704,0.3987505190031499
fine_category,adjective,512,4,kl_full_to_compact,0.11449094628423197,14,66,0.0708910861596567,0.1820959637758754
fine_category,adjective,512,4,top1_changed,0.20408163265306123,14,66,0.11934948979591836,0.29795918367346935
fine_category,adposition,512,4,delta_ce,0.05427881861834417,16,94,-0.04697479458979941,0.14584827937387312
fine_category,adposition,512,4,kl_full_to_compact,0.09503558291390772,16,94,0.06289817091991848,0.14241636077484443
fine_category,adposition,512,4,top1_changed,0.18687996031746032,16,94,0.08878968253968254,0.29626116071428565
fine_category,adverb,512,4,delta_ce,0.05395684721473971,11,31,-0.16616658172030865,0.24427508685637303
fine_category,adverb,512,4,kl_full_to_compact,0.15093966190787877,11,31,0.08605747055262328,0.2378369103880089
fine_category,adverb,512,4,top1_changed,0.19848484848484846,11,31,0.08174242424242423,0.3181818181818181
fine_category,auxiliary,512,4,delta_ce,-0.04025943703366582,14,52,-0.11279931991053808,0.0196490380312093
fine_category,auxiliary,512,4,kl_full_to_compact,0.05611296895001287,14,52,0.042916102276736444,0.06960908615445723
fine_category,auxiliary,512,4,top1_changed,0.0976190476190476,14,52,0.014285714285714287,0.21666666666666662
fine_category,common_noun,512,4,delta_ce,0.3587891124317708,16,168,0.1507273507627991,0.5880915765056163
fine_category,common_noun,512,4,kl_full_to_compact,0.3372355373560654,16,168,0.16893904950396635,0.5789888935072939
fine_category,common_noun,512,4,top1_changed,0.23876636886505306,16,168,0.16328389195782292,0.31705076059722426
fine_category,coordinating_conjunction,512,4,delta_ce,0.0028040503462155603,15,37,-0.10235123452626999,0.11664306461811062
fine_category,coordinating_conjunction,512,4,kl_full_to_compact,0.1065391511656344,15,37,0.07686938744995536,0.13872779267141597
fine_category,coordinating_conjunction,512,4,top1_changed,0.1722222222222222,15,37,0.04444444444444444,0.33333333333333326
fine_category,determiner,512,4,delta_ce,0.027059204526068196,16,65,-0.09281273459184115,0.15739205148969107
fine_category,determiner,512,4,kl_full_to_compact,0.14948065815260636,16,65,0.10557205647882906,0.21982776796666992
fine_category,determiner,512,4,top1_changed,0.10290178571428571,16,65,0.046502976190476185,0.1646577380952381
fine_category,interjection,512,4,delta_ce,-0.03552985191345215,2,2,-0.35753393173217773,0.28647422790527344
fine_category,interjection,512,4,kl_full_to_compact,0.083159688860178,2,2,0.04722651094198227,0.11909286677837372
fine_category,interjection,512,4,top1_changed,0.5,2,2,0.0,1.0
fine_category,negation,512,4,delta_ce,-0.09208141793496907,10,14,-0.31804689579526896,0.18375167215475807
fine_category,negation,512,4,kl_full_to_compact,0.07160134969744832,10,14,0.029181534388917497,0.1413224053906742
fine_category,negation,512,4,top1_changed,0.1,10,14,0.0,0.3
fine_category,number,512,4,delta_ce,0.32876520059556547,6,19,0.17939376135570154,0.4392330360909303
fine_category,number,512,4,kl_full_to_compact,0.1996462063294732,6,19,0.028878718335181474,0.4957639533612463
fine_category,number,512,4,top1_changed,0.1111111111111111,6,19,0.0,0.3333333333333333
fine_category,other,512,4,delta_ce,-0.00838918933060042,16,81,-0.10776584300746737,0.10164270913873787
fine_category,other,512,4,kl_full_to_compact,0.1245837634914782,16,81,0.060682956058852947,0.22308751122913936
fine_category,other,512,4,top1_changed,0.0830357142857143,16,81,0.025,0.15089285714285716
fine_category,particle,512,4,delta_ce,-0.0010870906213919322,9,12,-0.194037908108698,0.16338741379893487
fine_category,particle,512,4,kl_full_to_compact,0.33534914995026255,9,12,0.034387130796029744,0.9164334468246023
fine_category,particle,512,4,top1_changed,0.1111111111111111,9,12,0.0,0.3333333333333333
fine_category,pronoun,512,4,delta_ce,0.03410618535212539,15,101,-0.02543487237716732,0.09847744400799041
fine_category,pronoun,512,4,kl_full_to_compact,0.09249891024202504,15,101,0.06505285562602181,0.13065636383507107
fine_category,pronoun,512,4,top1_changed,0.20411297852474322,15,101,0.1199328898225957,0.28508158263305317
fine_category,proper_noun,512,4,delta_ce,0.9301378458682037,13,41,-0.0769457239385962,2.154911434503239
fine_category,proper_noun,512,4,kl_full_to_compact,0.7249840769534691,13,41,0.18010049938343659,1.5985933166580366
fine_category,proper_noun,512,4,top1_changed,0.1846153846153846,13,41,0.07048076923076922,0.3128205128205128
fine_category,punctuation,512,4,delta_ce,0.08866225657134598,16,105,-0.050102884431955375,0.25626474596013027
fine_category,punctuation,512,4,kl_full_to_compact,0.1971531467701656,16,105,0.10356335008311275,0.3197155666836433
fine_category,punctuation,512,4,top1_changed,0.14494047619047618,16,105,0.08243799603174602,0.2101240079365079
fine_category,question_word,512,4,delta_ce,0.0782925659282641,11,19,-0.09029009691862898,0.24668294011445874
fine_category,question_word,512,4,kl_full_to_compact,0.10966828672892669,11,19,0.06438057047886435,0.15865095720880412
fine_category,question_word,512,4,top1_changed,0.14393939393939392,11,19,0.0,0.34848484848484845
fine_category,subordinating_conjunction,512,4,delta_ce,0.04994887963403016,8,13,-0.20540468312974552,0.31554330934595765
fine_category,subordinating_conjunction,512,4,kl_full_to_compact,0.1420257826296923,8,13,0.06299064219153175,0.2481035699738034
fine_category,subordinating_conjunction,512,4,top1_changed,0.3125,8,13,0.0,0.625
fine_category,verb,512,4,delta_ce,0.1725811809121942,16,104,0.08987784094617525,0.25598618874371337
fine_category,verb,512,4,kl_full_to_compact,0.10436542525287629,16,104,0.06821779599760208,0.1558427397345579
fine_category,verb,512,4,top1_changed,0.21860795454545456,16,104,0.14009469696969698,0.3034564393939394
fine_category,adjective,512,16,delta_ce,0.16496298153643957,14,66,-0.013520107983087259,0.4042358089107734
fine_category,adjective,512,16,kl_full_to_compact,0.11350821064059805,14,66,0.06740589069510841,0.18012377806826477
fine_category,adjective,512,16,top1_changed,0.16173469387755102,14,66,0.08673469387755103,0.23778061224489783
fine_category,adposition,512,16,delta_ce,0.05983323781877465,16,94,-0.02455183730128607,0.1417874670398683
fine_category,adposition,512,16,kl_full_to_compact,0.09714062186846655,16,94,0.06309306521598046,0.14477109755725687
fine_category,adposition,512,16,top1_changed,0.18836805555555555,16,94,0.08854166666666666,0.3030164930555552
fine_category,adverb,512,16,delta_ce,0.07875393806448715,11,31,-0.12295063047246499,0.25121769047585635
fine_category,adverb,512,16,kl_full_to_compact,0.14876304590650374,11,31,0.08564055638837585,0.23421275430387165
fine_category,adverb,512,16,top1_changed,0.24393939393939393,11,31,0.12727272727272726,0.3696969696969697
fine_category,auxiliary,512,16,delta_ce,-0.05021222599332227,14,52,-0.1274045667053536,0.018483005700170432
fine_category,auxiliary,512,16,kl_full_to_compact,0.05774319763374547,14,52,0.043440585405424045,0.07179843249873712
fine_category,auxiliary,512,16,top1_changed,0.0976190476190476,14,52,0.014285714285714287,0.20476190476190473
fine_category,common_noun,512,16,delta_ce,0.3659362976618414,16,168,0.17189912074300653,0.5868929697823774
fine_category,common_noun,512,16,kl_full_to_compact,0.33472115297951116,16,168,0.1744490140673373,0.5762477581347962
fine_category,common_noun,512,16,top1_changed,0.2562491145550356,16,168,0.17639339256321163,0.3394172754329002
fine_category,coordinating_conjunction,512,16,delta_ce,-0.0014520459704928934,15,37,-0.1108373797022634,0.12169527001678944
fine_category,coordinating_conjunction,512,16,kl_full_to_compact,0.10773816706819667,15,37,0.07760821246981829,0.14184903854788797
fine_category,coordinating_conjunction,512,16,top1_changed,0.1722222222222222,15,37,0.04444444444444444,0.3333333333333333
fine_category,determiner,512,16,delta_ce,0.04391885796074002,16,65,-0.07881946759758561,0.17888811481312758
fine_category,determiner,512,16,kl_full_to_compact,0.15055655424671602,16,65,0.10370331583726165,0.2222928705927084
fine_category,determiner,512,16,top1_changed,0.09933035714285712,16,65,0.03459821428571429,0.17559523809523808
fine_category,interjection,512,16,delta_ce,0.01183772087097168,2,2,-0.22478389739990234,0.2484593391418457
fine_category,interjection,512,16,kl_full_to_compact,0.0811462327837944,2,2,0.048882901668548584,0.11340956389904022
fine_category,interjection,512,16,top1_changed,0.5,2,2,0.0,1.0
fine_category,negation,512,16,delta_ce,-0.1172337069758214,10,14,-0.3631264595719404,0.15773392688104626
fine_category,negation,512,16,kl_full_to_compact,0.07436058185412549,10,14,0.030591924798936816,0.14488356734131227
fine_category,negation,512,16,top1_changed,0.1,10,14,0.0,0.3
fine_category,number,512,16,delta_ce,0.2944467263422363,6,19,0.16130774161526154,0.40160675905644894
fine_category,number,512,16,kl_full_to_compact,0.1967769511508878,6,19,0.029473801756426436,0.49942927784286445
fine_category,number,512,16,top1_changed,0.1111111111111111,6,19,0.0,0.3333333333333333
fine_category,other,512,16,delta_ce,-0.0024912974409080357,16,81,-0.11391568626803486,0.1211612155804523
fine_category,other,512,16,kl_full_to_compact,0.1292117753607907,16,81,0.06302545902097714,0.2405773394454923
fine_category,other,512,16,top1_changed,0.0830357142857143,16,81,0.025,0.15357142857142858
fine_category,particle,512,16,delta_ce,-0.0020861453894111845,9,12,-0.20426644401417837,0.17107248938021555
fine_category,particle,512,16,kl_full_to_compact,0.3450084374700155,9,12,0.03617718150166588,0.9405765059041893
fine_category,particle,512,16,top1_changed,0.1111111111111111,9,12,0.0,0.3333333333333333
fine_category,pronoun,512,16,delta_ce,0.05231698119675772,15,101,-0.011789107516166804,0.11856810992191197
fine_category,pronoun,512,16,kl_full_to_compact,0.09566450798463011,15,101,0.06733762435479536,0.13296577937691903
fine_category,pronoun,512,16,top1_changed,0.23003890445066913,15,101,0.1457796451914099,0.3153541472144413
fine_category,proper_noun,512,16,delta_ce,0.9078339660495873,13,41,-0.14940935902735863,2.1427292091763426
fine_category,proper_noun,512,16,kl_full_to_compact,0.7202715215858689,13,41,0.17225011940959706,1.509375030704989
fine_category,proper_noun,512,16,top1_changed,0.16538461538461538,13,41,0.0641025641025641,0.2833653846153844
fine_category,punctuation,512,16,delta_ce,0.09815577425853543,16,105,-0.06464636754382232,0.30177141306309263
fine_category,punctuation,512,16,kl_full_to_compact,0.20536594663521215,16,105,0.1073599331996102,0.3484094049991302
fine_category,punctuation,512,16,top1_changed,0.1652529761904762,16,105,0.10089099702380952,0.23497829861111105
fine_category,question_word,512,16,delta_ce,0.06852485981741639,11,19,-0.09706540543402571,0.26292309506838635
fine_category,question_word,512,16,kl_full_to_compact,0.11217827655403224,11,19,0.06520497699913738,0.16118453050942413
fine_category,question_word,512,16,top1_changed,0.23484848484848486,11,19,0.0303030303030303,0.4772727272727273
fine_category,subordinating_conjunction,512,16,delta_ce,0.00879359629470855,8,13,-0.22898633561853785,0.26952616192866113
fine_category,subordinating_conjunction,512,16,kl_full_to_compact,0.14186660716465366,8,13,0.06604111713919944,0.24237969998891154
fine_category,subordinating_conjunction,512,16,top1_changed,0.3125,8,13,0.06093750000000009,0.625
fine_category,verb,512,16,delta_ce,0.19155660810778563,16,104,0.11332414832334213,0.27797648088017723
fine_category,verb,512,16,kl_full_to_compact,0.104926144006618,16,104,0.06810644192531722,0.15834771228132663
fine_category,verb,512,16,top1_changed,0.24360795454545453,16,104,0.1545904356060606,0.33945667613636354
fine_category,adjective,1024,0,delta_ce,0.12772355117608608,14,66,0.0014337349670949392,0.31567117820088136
fine_category,adjective,1024,0,kl_full_to_compact,0.08916918057439034,14,66,0.052500266773037534,0.14640043191347418
fine_category,adjective,1024,0,top1_changed,0.17193877551020406,14,66,0.09489795918367348,0.25510204081632654
fine_category,adposition,1024,0,delta_ce,-0.015316228163706204,16,94,-0.103842977112428,0.06577942700225309
fine_category,adposition,1024,0,kl_full_to_compact,0.058680111487322946,16,94,0.04439927992947508,0.07829675982692846
fine_category,adposition,1024,0,top1_changed,0.11805555555555555,16,94,0.0451171875,0.20225694444444445
fine_category,adverb,1024,0,delta_ce,0.024976940580756588,11,31,-0.23857471769379288,0.22399245766457163
fine_category,adverb,1024,0,kl_full_to_compact,0.1457688249971287,11,31,0.04776437033886561,0.30485469283420963
fine_category,adverb,1024,0,top1_changed,0.15303030303030302,11,31,0.053030303030303025,0.26367424242424226
fine_category,auxiliary,1024,0,delta_ce,-0.02937570250193987,14,52,-0.11038266671377987,0.035342664621947774
fine_category,auxiliary,1024,0,kl_full_to_compact,0.03985449677550227,14,52,0.02997561050108341,0.051364056844209624
fine_category,auxiliary,1024,0,top1_changed,0.10238095238095238,14,52,0.03571428571428571,0.1857142857142857
fine_category,common_noun,1024,0,delta_ce,0.2730777913440168,16,168,0.1300458730685766,0.416401244152278
fine_category,common_noun,1024,0,kl_full_to_compact,0.18394256777403367,16,168,0.10413324506568314,0.2875435705178988
fine_category,common_noun,1024,0,top1_changed,0.20007282556624661,16,168,0.12872760349117257,0.27081950852510045
fine_category,coordinating_conjunction,1024,0,delta_ce,-0.059111308472024074,15,37,-0.16242549307023488,0.03992561867874519
fine_category,coordinating_conjunction,1024,0,kl_full_to_compact,0.089596435168965,15,37,0.07056497850067293,0.10955191248122394
fine_category,coordinating_conjunction,1024,0,top1_changed,0.1722222222222222,15,37,0.03888888888888888,0.33333333333333326
fine_category,determiner,1024,0,delta_ce,-0.021303261357492637,16,65,-0.09572705098876863,0.039649170201072184
fine_category,determiner,1024,0,kl_full_to_compact,0.0792527730214975,16,65,0.06443264087158328,0.09796517374532066
fine_category,determiner,1024,0,top1_changed,0.09523809523809523,16,65,0.019345238095238096,0.2039062499999998
fine_category,interjection,1024,0,delta_ce,0.25092649459838867,2,2,0.23237991333007812,0.2694730758666992
fine_category,interjection,1024,0,kl_full_to_compact,0.05885295383632183,2,2,0.0276792012155056,0.09002670645713806
fine_category,interjection,1024,0,top1_changed,0.5,2,2,0.0,1.0
fine_category,negation,1024,0,delta_ce,-0.08549484447576106,10,14,-0.195005946730962,0.024640493143815487
fine_category,negation,1024,0,kl_full_to_compact,0.044986548734595996,10,14,0.018578773787157842,0.08342188573340531
fine_category,negation,1024,0,top1_changed,0.1,10,14,0.0,0.3
fine_category,number,1024,0,delta_ce,0.29866387228863056,6,19,0.13827886581905963,0.45531170447874403
fine_category,number,1024,0,kl_full_to_compact,0.17828589386804702,6,19,0.02168517919425439,0.4520679969385753
fine_category,number,1024,0,top1_changed,0.08333333333333333,6,19,0.0,0.25
fine_category,other,1024,0,delta_ce,-0.025940442231645672,16,81,-0.12489146757882345,0.0666136439604127
fine_category,other,1024,0,kl_full_to_compact,0.07015293856191002,16,81,0.038961259622632645,0.1137536037247568
fine_category,other,1024,0,top1_changed,0.06517857142857143,16,81,0.02142857142857143,0.1125
fine_category,particle,1024,0,delta_ce,0.03946249186992645,9,12,-0.07200122183809678,0.15199308360202438
fine_category,particle,1024,0,kl_full_to_compact,0.06944728513351744,9,12,0.025230556203880244,0.13654606231721117
fine_category,particle,1024,0,top1_changed,0.1111111111111111,9,12,0.0,0.3333333333333333
fine_category,pronoun,1024,0,delta_ce,0.015764165080569558,15,101,-0.03710353961861697,0.07202456166503565
fine_category,pronoun,1024,0,kl_full_to_compact,0.07059284642474914,15,101,0.04340602220930237,0.10945171802617744
fine_category,pronoun,1024,0,top1_changed,0.14299564270152504,15,101,0.0656489651416122,0.2344771241830065
fine_category,proper_noun,1024,0,delta_ce,0.5451109773904979,13,41,-0.12284959004787986,1.4575648030604662
fine_category,proper_noun,1024,0,kl_full_to_compact,0.5287703806334734,13,41,0.08251589968102054,1.3263207623861306
fine_category,proper_noun,1024,0,top1_changed,0.20384615384615384,13,41,0.08846153846153845,0.3243589743589744
fine_category,punctuation,1024,0,delta_ce,0.06530054495300329,16,105,-0.06625455815797775,0.24713838142122038
fine_category,punctuation,1024,0,kl_full_to_compact,0.17231912685145664,16,105,0.0710571583375592,0.316417442528704
fine_category,punctuation,1024,0,top1_changed,0.16168154761904763,16,105,0.09443266369047619,0.2344748263888889
fine_category,question_word,1024,0,delta_ce,0.0010254095999919096,11,19,-0.1143843233594177,0.16648673176373854
fine_category,question_word,1024,0,kl_full_to_compact,0.07316974770969174,11,19,0.03533610899731602,0.11897033131152218
fine_category,question_word,1024,0,top1_changed,0.23484848484848486,11,19,0.0303030303030303,0.4772727272727273
fine_category,subordinating_conjunction,1024,0,delta_ce,-0.028032844226496906,8,13,-0.1986261381282626,0.16612028598222714
fine_category,subordinating_conjunction,1024,0,kl_full_to_compact,0.05951045265343661,8,13,0.03853499001027861,0.08132227375899674
fine_category,subordinating_conjunction,1024,0,top1_changed,0.1875,8,13,0.0,0.4375
fine_category,verb,1024,0,delta_ce,0.14150515039329303,16,104,0.08935983049262843,0.19433547097417994
fine_category,verb,1024,0,kl_full_to_compact,0.0779537106076147,16,104,0.04901877469189013,0.12178871589755695
fine_category,verb,1024,0,top1_changed,0.20298295454545456,16,104,0.1232907196969697,0.2785511363636364
fine_category,adjective,1024,4,delta_ce,0.12033705773239094,14,66,-0.008764317655826198,0.3159456089815084
fine_category,adjective,1024,4,kl_full_to_compact,0.08846403525341488,14,66,0.05124787560930643,0.1458067191863632
fine_category,adjective,1024,4,top1_changed,0.19234693877551018,14,66,0.1096938775510204,0.2755357142857141
fine_category,adposition,1024,4,delta_ce,-0.011960711287821559,16,94,-0.08890198102609638,0.06132183288913513
fine_category,adposition,1024,4,kl_full_to_compact,0.059253978968886914,16,94,0.0444085066806446,0.07943843726104441
fine_category,adposition,1024,4,top1_changed,0.1501736111111111,16,94,0.06336805555555555,0.2508897569444443
fine_category,adverb,1024,4,delta_ce,0.012784777406010438,11,31,-0.2477001950889826,0.2217281926228579
fine_category,adverb,1024,4,kl_full_to_compact,0.14591721851831993,11,31,0.04742477350153257,0.31200264005156475
fine_category,adverb,1024,4,top1_changed,0.13484848484848483,11,31,0.04090909090909091,0.24090909090909093
fine_category,auxiliary,1024,4,delta_ce,-0.030661824628786777,14,52,-0.09836633783404013,0.032499880705687635
fine_category,auxiliary,1024,4,kl_full_to_compact,0.0369898841731396,14,52,0.028366472933068793,0.04577917276741659
fine_category,auxiliary,1024,4,top1_changed,0.07857142857142858,14,52,0.014285714285714287,0.15476190476190474
fine_category,common_noun,1024,4,delta_ce,0.2594885672733935,16,168,0.12111174465168142,0.4130311387662848
fine_category,common_noun,1024,4,kl_full_to_compact,0.18413655430311515,16,168,0.10277646370592605,0.2802641939434849
fine_category,common_noun,1024,4,top1_changed,0.21094505823124243,16,168,0.1337685566900205,0.3019432924531608
fine_category,coordinating_conjunction,1024,4,delta_ce,-0.06391642209556367,15,37,-0.15964387847317588,0.039686105354792466
fine_category,coordinating_conjunction,1024,4,kl_full_to_compact,0.08853179258294404,15,37,0.06734735724283383,0.11014423636810128
fine_category,coordinating_conjunction,1024,4,top1_changed,0.1722222222222222,15,37,0.044305555555555556,0.3444444444444444
fine_category,determiner,1024,4,delta_ce,-0.023796847098994822,16,65,-0.09687006233104814,0.047001255751321275
fine_category,determiner,1024,4,kl_full_to_compact,0.07908139983718726,16,65,0.06367886548375412,0.09775664869292605
fine_category,determiner,1024,4,top1_changed,0.09412202380952381,16,65,0.02864583333333333,0.17560453869047613
fine_category,interjection,1024,4,delta_ce,0.1989755630493164,2,2,0.1324453353881836,0.2655057907104492
fine_category,interjection,1024,4,kl_full_to_compact,0.058733757585287094,2,2,0.026431910693645477,0.09103560447692871
fine_category,interjection,1024,4,top1_changed,0.5,2,2,0.0,1.0
fine_category,negation,1024,4,delta_ce,-0.06430739555507899,10,14,-0.1955601457739249,0.07621216630097476
fine_category,negation,1024,4,kl_full_to_compact,0.045688215493282766,10,14,0.018084832508175167,0.08735005271675614
fine_category,negation,1024,4,top1_changed,0.1,10,14,0.0,0.3
fine_category,number,1024,4,delta_ce,0.25975373565128795,6,19,0.12334865725327594,0.38916962273004985
fine_category,number,1024,4,kl_full_to_compact,0.1756566998261001,6,19,0.022909701487959764,0.4453287182065348
fine_category,number,1024,4,top1_changed,0.16666666666666666,6,19,0.0,0.3333333333333333
fine_category,other,1024,4,delta_ce,-0.02001758958515619,16,81,-0.11152126992240988,0.06732769552448002
fine_category,other,1024,4,kl_full_to_compact,0.07118491926974543,16,81,0.04028620788522858,0.1157329988461435
fine_category,other,1024,4,top1_changed,0.06517857142857143,16,81,0.02142857142857143,0.11568080357142828
fine_category,particle,1024,4,delta_ce,0.04832410729593701,9,12,-0.0915308288608988,0.18628027167999062
fine_category,particle,1024,4,kl_full_to_compact,0.06625127243912882,9,12,0.022850795176863257,0.12926718983152466
fine_category,particle,1024,4,top1_changed,0.1111111111111111,9,12,0.0,0.3333333333333333
fine_category,pronoun,1024,4,delta_ce,0.020828219591212387,15,101,-0.03311602899776769,0.0775754287580629
fine_category,pronoun,1024,4,kl_full_to_compact,0.06956407296212452,15,101,0.041726571403710305,0.10523684878097175
fine_category,pronoun,1024,4,top1_changed,0.15799564270152502,15,101,0.0742843137254902,0.2502186819172113
fine_category,proper_noun,1024,4,delta_ce,0.5521601770204089,13,41,-0.14588130078933156,1.509491364642558
fine_category,proper_noun,1024,4,kl_full_to_compact,0.5314389663633947,13,41,0.08355641804112561,1.345608636754928
fine_category,proper_noun,1024,4,top1_changed,0.16538461538461538,13,41,0.0641025641025641,0.28076923076923077
fine_category,punctuation,1024,4,delta_ce,0.05575135077815504,16,105,-0.07720432684724478,0.2412627658181331
fine_category,punctuation,1024,4,kl_full_to_compact,0.1709421098036165,16,105,0.07330026738265356,0.3027641545500476
fine_category,punctuation,1024,4,top1_changed,0.16949404761904763,16,105,0.09841269841269842,0.24896205357142856
fine_category,question_word,1024,4,delta_ce,0.006017790084253205,11,19,-0.11125100707268398,0.16855240078399544
fine_category,question_word,1024,4,kl_full_to_compact,0.07615872866572869,11,19,0.03617066621637522,0.12363570504715994
fine_category,question_word,1024,4,top1_changed,0.23484848484848486,11,19,0.0303030303030303,0.46969696969696967
fine_category,subordinating_conjunction,1024,4,delta_ce,-0.04066523486593118,8,13,-0.20319838721479755,0.13824582183248516
fine_category,subordinating_conjunction,1024,4,kl_full_to_compact,0.05981122300242229,8,13,0.038820091535671966,0.08153573819618032
fine_category,subordinating_conjunction,1024,4,top1_changed,0.1875,8,13,0.0,0.4375
fine_category,verb,1024,4,delta_ce,0.1477203934134073,16,104,0.09332158138240629,0.20019182925639947
fine_category,verb,1024,4,kl_full_to_compact,0.07912987871623911,16,104,0.05176319413752274,0.12275097361958091
fine_category,verb,1024,4,top1_changed,0.21647727272727274,16,104,0.14596709280303033,0.2879415246212121
fine_category,adjective,1024,16,delta_ce,0.11880571060242973,14,66,-0.0007137314055471755,0.29927715955025025
fine_category,adjective,1024,16,kl_full_to_compact,0.08716378432672711,14,66,0.051634131631636805,0.14604696300376063
fine_category,adjective,1024,16,top1_changed,0.2066326530612245,14,66,0.10815051020408163,0.3010204081632653
fine_category,adposition,1024,16,delta_ce,-0.005734908915476181,16,94,-0.09261789946869657,0.0707325752988023
fine_category,adposition,1024,16,kl_full_to_compact,0.06086350125670357,16,94,0.044677943925626094,0.0813109853815203
fine_category,adposition,1024,16,top1_changed,0.1501736111111111,16,94,0.060763888888888895,0.25173611111111105
fine_category,adverb,1024,16,delta_ce,0.013457796854940663,11,31,-0.23320592205632812,0.2246536948743001
fine_category,adverb,1024,16,kl_full_to_compact,0.1468706363838547,11,31,0.04718868710558375,0.31145568966488507
fine_category,adverb,1024,16,top1_changed,0.15303030303030302,11,31,0.053030303030303025,0.26215909090909073
fine_category,auxiliary,1024,16,delta_ce,-0.020549577551253997,14,52,-0.09239585482939876,0.04130168756736175
fine_category,auxiliary,1024,16,kl_full_to_compact,0.03731464417251366,14,52,0.029145506106608675,0.04547597783155181
fine_category,auxiliary,1024,16,top1_changed,0.06428571428571428,14,52,0.014285714285714287,0.1238095238095238
fine_category,common_noun,1024,16,delta_ce,0.2687993148517964,16,168,0.12221696780546439,0.4221022954631601
fine_category,common_noun,1024,16,kl_full_to_compact,0.1916830292097677,16,168,0.10919777008530343,0.2976666472220027
fine_category,common_noun,1024,16,top1_changed,0.22020257702823492,16,168,0.13869158185564434,0.30162043274707745
fine_category,coordinating_conjunction,1024,16,delta_ce,-0.0611873226861159,15,37,-0.1544066956390937,0.04571102974936366
fine_category,coordinating_conjunction,1024,16,kl_full_to_compact,0.09117621201504436,15,37,0.06962641192638937,0.11310030617518346
fine_category,coordinating_conjunction,1024,16,top1_changed,0.1722222222222222,15,37,0.04444444444444444,0.3333333333333333
fine_category,determiner,1024,16,delta_ce,-0.014644267658392588,16,65,-0.08791981057374781,0.05140417080727351
fine_category,determiner,1024,16,kl_full_to_compact,0.08032553282627347,16,65,0.0648719426074725,0.09999992475360547
fine_category,determiner,1024,16,top1_changed,0.08630952380952381,16,65,0.019345238095238096,0.17410714285714285
fine_category,interjection,1024,16,delta_ce,0.20493364334106445,2,2,0.12935829162597656,0.28050899505615234
fine_category,interjection,1024,16,kl_full_to_compact,0.06329267285764217,2,2,0.029558684676885605,0.09702666103839874
fine_category,interjection,1024,16,top1_changed,0.5,2,2,0.0,1.0
fine_category,negation,1024,16,delta_ce,-0.05574402946513146,10,14,-0.17792883749702015,0.07409293894481372
fine_category,negation,1024,16,kl_full_to_compact,0.04605670610326342,10,14,0.01833058181029628,0.08899393641186179
fine_category,negation,1024,16,top1_changed,0.2,10,14,0.0,0.5
fine_category,number,1024,16,delta_ce,0.2793365716478244,6,19,0.14546626132294477,0.41439894136662286
fine_category,number,1024,16,kl_full_to_compact,0.17305823209179735,6,19,0.022646539132660515,0.4430026825155235
fine_category,number,1024,16,top1_changed,0.08333333333333333,6,19,0.0,0.25
fine_category,other,1024,16,delta_ce,-0.018224955581634228,16,81,-0.11417437405887756,0.07483432901332109
fine_category,other,1024,16,kl_full_to_compact,0.07355764138403989,16,81,0.0404491522519189,0.12059662536039129
fine_category,other,1024,16,top1_changed,0.07767857142857143,16,81,0.024553571428571428,0.14598214285714287
fine_category,particle,1024,16,delta_ce,0.05533864887224303,9,12,-0.06805968011418978,0.18783976646761086
fine_category,particle,1024,16,kl_full_to_compact,0.07280538448443015,9,12,0.02407344955071393,0.14630652199654529
fine_category,particle,1024,16,top1_changed,0.1111111111111111,9,12,0.0,0.3333333333333333
fine_category,pronoun,1024,16,delta_ce,0.026581848392995246,15,101,-0.0304003065805517,0.08303011892805348
fine_category,pronoun,1024,16,kl_full_to_compact,0.07056763259669468,15,101,0.042734177574690946,0.10393942739948955
fine_category,pronoun,1024,16,top1_changed,0.1474074074074074,15,101,0.06294444444444444,0.24167129629629627
fine_category,proper_noun,1024,16,delta_ce,0.5815116442912668,13,41,-0.07967375081189867,1.5024680342970147
fine_category,proper_noun,1024,16,kl_full_to_compact,0.5314485132028801,13,41,0.08404522680476624,1.3399496602561054
fine_category,proper_noun,1024,16,top1_changed,0.14615384615384613,13,41,0.044871794871794865,0.26794871794871794
fine_category,punctuation,1024,16,delta_ce,0.07027597332110865,16,105,-0.0589545506224293,0.2598896631690635
fine_category,punctuation,1024,16,kl_full_to_compact,0.1714448507958358,16,105,0.07073070691240163,0.3000403961047748
fine_category,punctuation,1024,16,top1_changed,0.15386904761904763,16,105,0.09199404761904761,0.2215922619047618
fine_category,question_word,1024,16,delta_ce,0.013591855319894174,11,19,-0.11990211888703263,0.18509103422561138
fine_category,question_word,1024,16,kl_full_to_compact,0.07658781281982859,11,19,0.03658998911586505,0.12322207016016663
fine_category,question_word,1024,16,top1_changed,0.23484848484848486,11,19,0.0303030303030303,0.4848484848484848
fine_category,subordinating_conjunction,1024,16,delta_ce,-0.007967423608837038,8,13,-0.18476569171180018,0.19334109554474696
fine_category,subordinating_conjunction,1024,16,kl_full_to_compact,0.061249180042068474,8,13,0.039256840386224214,0.08413853228266815
fine_category,subordinating_conjunction,1024,16,top1_changed,0.1875,8,13,0.0,0.4375
fine_category,verb,1024,16,delta_ce,0.13960894597170234,16,104,0.08738480334332203,0.19092816954709618
fine_category,verb,1024,16,kl_full_to_compact,0.07678120808682351,16,104,0.04888427174140028,0.12204800459232494
fine_category,verb,1024,16,top1_changed,0.20397727272727273,16,104,0.12810961174242425,0.27868252840909075
fine_category,adjective,2048,0,delta_ce,0.08173384857449131,14,66,-0.04874502900935249,0.2361147402639828
fine_category,adjective,2048,0,kl_full_to_compact,0.07969071405905755,14,66,0.043708001690681536,0.12893838160611998
fine_category,adjective,2048,0,top1_changed,0.1586734693877551,14,66,0.06377551020408163,0.27144132653061215
fine_category,adposition,2048,0,delta_ce,-0.04032781456389601,16,94,-0.10318529655529769,0.020059966689783403
fine_category,adposition,2048,0,kl_full_to_compact,0.039950398320394924,16,94,0.028982091640704335,0.05412941523690734
fine_category,adposition,2048,0,top1_changed,0.09809027777777778,16,94,0.03125,0.17447916666666666
fine_category,adverb,2048,0,delta_ce,-0.008066625914106035,11,31,-0.2694493173079338,0.17939720154615557
fine_category,adverb,2048,0,kl_full_to_compact,0.11114403165358287,11,31,0.03992860238283438,0.20685968760672205
fine_category,adverb,2048,0,top1_changed,0.13484848484848483,11,31,0.04090909090909091,0.23787878787878788
fine_category,auxiliary,2048,0,delta_ce,-0.0224533081852964,14,52,-0.07970229525629076,0.027565435027437524
fine_category,auxiliary,2048,0,kl_full_to_compact,0.026160351313186534,14,52,0.017312346838384375,0.03692503115436165
fine_category,auxiliary,2048,0,top1_changed,0.06190476190476191,14,52,0.0,0.13333333333333333
fine_category,common_noun,2048,0,delta_ce,0.1897579504909881,16,168,0.05659908813751826,0.3465201298901535
fine_category,common_noun,2048,0,kl_full_to_compact,0.1572145027523903,16,168,0.07483427814623722,0.27247754088420906
fine_category,common_noun,2048,0,top1_changed,0.20820654126575178,16,168,0.14584322749618803,0.2748919350934153
fine_category,coordinating_conjunction,2048,0,delta_ce,-0.04731061673826642,15,37,-0.1294965115769042,0.04222511610223186
fine_category,coordinating_conjunction,2048,0,kl_full_to_compact,0.06083447023864008,15,37,0.04393380062738693,0.07976480843408755
fine_category,coordinating_conjunction,2048,0,top1_changed,0.1722222222222222,15,37,0.03888888888888888,0.3444444444444444
fine_category,determiner,2048,0,delta_ce,-0.004634327927072135,16,65,-0.08238898427558265,0.0676955819907709
fine_category,determiner,2048,0,kl_full_to_compact,0.06043440827627256,16,65,0.043209492414933354,0.08097134374169226
fine_category,determiner,2048,0,top1_changed,0.12016369047619047,16,65,0.04537760416666666,0.20610119047619047
fine_category,interjection,2048,0,delta_ce,0.019659757614135742,2,2,-0.28652048110961914,0.3258399963378906
fine_category,interjection,2048,0,kl_full_to_compact,0.057405898347496986,2,2,0.016908306628465652,0.09790349006652832
fine_category,interjection,2048,0,top1_changed,0.0,2,2,0.0,0.0
fine_category,negation,2048,0,delta_ce,-0.10076457337709144,10,14,-0.18652202365919948,-0.020643868778715945
fine_category,negation,2048,0,kl_full_to_compact,0.026978670820244587,10,14,0.015379888076204225,0.04064363567660615
fine_category,negation,2048,0,top1_changed,0.1,10,14,0.0,0.3
fine_category,number,2048,0,delta_ce,0.16252261907559132,6,19,0.04155096350182753,0.31874282574022395
fine_category,number,2048,0,kl_full_to_compact,0.1255533681564379,6,19,0.015883557374561656,0.31385956447985425
fine_category,number,2048,0,top1_changed,0.16666666666666666,6,19,0.0,0.3333333333333333
fine_category,other,2048,0,delta_ce,0.008473919007591913,16,81,-0.09387741386017266,0.10246661580598695
fine_category,other,2048,0,kl_full_to_compact,0.06118528420044085,16,81,0.03042352105753448,0.10466541964586513
fine_category,other,2048,0,top1_changed,0.05267857142857143,16,81,0.008928571428571428,0.10178571428571428
fine_category,particle,2048,0,delta_ce,-0.01858336188726955,9,12,-0.11376765746002396,0.07993848539061016
fine_category,particle,2048,0,kl_full_to_compact,0.03288221716259917,9,12,0.01738865968072787,0.050059628513796875
fine_category,particle,2048,0,top1_changed,0.1111111111111111,9,12,0.0,0.3333333333333333
fine_category,pronoun,2048,0,delta_ce,0.048082630151892625,15,101,-0.004424165444845267,0.10320809302906994
fine_category,pronoun,2048,0,kl_full_to_compact,0.05537233687207119,15,101,0.03176239338102883,0.0900559310375064
fine_category,pronoun,2048,0,top1_changed,0.13196389666977903,15,101,0.052109788359788356,0.22244125427948955
fine_category,proper_noun,2048,0,delta_ce,0.46559365050937135,13,41,-0.20332210548063753,1.4513324711333897
fine_category,proper_noun,2048,0,kl_full_to_compact,0.5159343903193262,13,41,0.06530395527115056,1.305313576282769
fine_category,proper_noun,2048,0,top1_changed,0.22948717948717945,13,41,0.1,0.3692628205128203
fine_category,punctuation,2048,0,delta_ce,0.030546786617404516,16,105,-0.10989241724717777,0.23144266129712962
fine_category,punctuation,2048,0,kl_full_to_compact,0.14774538398697687,16,105,0.0510622129641504,0.2814565322454793
fine_category,punctuation,2048,0,top1_changed,0.14494047619047618,16,105,0.08704737103174603,0.20820312499999988
fine_category,question_word,2048,0,delta_ce,-0.033405351558361544,11,19,-0.14932141818413086,0.09798252010157069
fine_category,question_word,2048,0,kl_full_to_compact,0.06741614366006671,11,19,0.02919237757503817,0.11128974611514635
fine_category,question_word,2048,0,top1_changed,0.23484848484848486,11,19,0.0303030303030303,0.4848484848484848
fine_category,subordinating_conjunction,2048,0,delta_ce,-0.07204112523080161,8,13,-0.14458017350310304,0.005415254582961401
fine_category,subordinating_conjunction,2048,0,kl_full_to_compact,0.03200685718426636,8,13,0.020000559704688687,0.04598045108541552
fine_category,subordinating_conjunction,2048,0,top1_changed,0.125,8,13,0.0,0.375
fine_category,verb,2048,0,delta_ce,0.11943177295764881,16,104,0.06554964353893857,0.17934392142552052
fine_category,verb,2048,0,kl_full_to_compact,0.05702982395202163,16,104,0.03439939565550588,0.08936405378278432
fine_category,verb,2048,0,top1_changed,0.17081304112554113,16,104,0.10624949269480519,0.24691507711038954
fine_category,adjective,2048,4,delta_ce,0.08070209227228334,14,66,-0.045558943199302655,0.2322731569362052
fine_category,adjective,2048,4,kl_full_to_compact,0.07743900692105042,14,66,0.04215195561659043,0.12817447497707357
fine_category,adjective,2048,4,top1_changed,0.18316326530612242,14,66,0.07142857142857142,0.31126275510204054
fine_category,adposition,2048,4,delta_ce,-0.03166301163787564,16,94,-0.09613014215654449,0.028491558961651845
fine_category,adposition,2048,4,kl_full_to_compact,0.040822616315095206,16,94,0.029187539330485103,0.055359801182825887
fine_category,adposition,2048,4,top1_changed,0.10850694444444445,16,94,0.036328125,0.20225694444444445
fine_category,adverb,2048,4,delta_ce,-0.006706938320227577,11,31,-0.27626715870627033,0.18740386939243756
fine_category,adverb,2048,4,kl_full_to_compact,0.10891429903109162,11,31,0.03941688760010451,0.1989190159390317
fine_category,adverb,2048,4,top1_changed,0.19848484848484846,11,31,0.08181818181818182,0.3227272727272727
fine_category,auxiliary,2048,4,delta_ce,-0.018827305599210826,14,52,-0.07946893790233121,0.02977113264031568
fine_category,auxiliary,2048,4,kl_full_to_compact,0.026587220698636227,14,52,0.017284536333107246,0.037092444184984606
fine_category,auxiliary,2048,4,top1_changed,0.049999999999999996,14,52,0.0,0.1357142857142857
fine_category,common_noun,2048,4,delta_ce,0.18529475871004958,16,168,0.04682671139371277,0.33702356367173825
fine_category,common_noun,2048,4,kl_full_to_compact,0.15663754611341413,16,168,0.07362287495400088,0.2625532982485546
fine_category,common_noun,2048,4,top1_changed,0.2019565412657518,16,168,0.13488759047969576,0.2724390966763499
fine_category,coordinating_conjunction,2048,4,delta_ce,-0.04794108072916667,15,37,-0.12890602255860964,0.03564364125331232
fine_category,coordinating_conjunction,2048,4,kl_full_to_compact,0.05953899733722211,15,37,0.04400495824572217,0.07748376145040513
fine_category,coordinating_conjunction,2048,4,top1_changed,0.1722222222222222,15,37,0.03888888888888888,0.3333333333333333
fine_category,determiner,2048,4,delta_ce,7.271030030790021e-05,16,65,-0.06728756372195978,0.062047753259096096
fine_category,determiner,2048,4,kl_full_to_compact,0.05962466831995352,16,65,0.04312582964640266,0.080645747088094
fine_category,determiner,2048,4,top1_changed,0.07366071428571429,16,65,0.019345238095238096,0.13095238095238093
fine_category,interjection,2048,4,delta_ce,0.02588176727294922,2,2,-0.28820180892944336,0.3399653434753418
fine_category,interjection,2048,4,kl_full_to_compact,0.05847187899053097,2,2,0.0158674456179142,0.10107631236314774
fine_category,interjection,2048,4,top1_changed,0.0,2,2,0.0,0.0
fine_category,negation,2048,4,delta_ce,-0.10293835676275194,10,14,-0.17249813030823133,-0.04223887546337213
fine_category,negation,2048,4,kl_full_to_compact,0.02660386497009313,10,14,0.015275501757314488,0.03986264642553577
fine_category,negation,2048,4,top1_changed,0.1,10,14,0.0,0.3
fine_category,number,2048,4,delta_ce,0.1938791771284337,6,19,0.062301726076192505,0.36962332150950616
fine_category,number,2048,4,kl_full_to_compact,0.12882732495309027,6,19,0.014957925074122613,0.3238845286735644
fine_category,number,2048,4,top1_changed,0.16666666666666666,6,19,0.0,0.3333333333333333
fine_category,other,2048,4,delta_ce,0.006333278986973698,16,81,-0.09613131441904141,0.10904589647054568
fine_category,other,2048,4,kl_full_to_compact,0.06344978325613926,16,81,0.03254953979909993,0.10959447898482334
fine_category,other,2048,4,top1_changed,0.05267857142857143,16,81,0.008928571428571428,0.10224330357142851
fine_category,particle,2048,4,delta_ce,0.00237712346845203,9,12,-0.09235152784321043,0.11180529244658018
fine_category,particle,2048,4,kl_full_to_compact,0.030077306708941858,9,12,0.0171690467848546,0.04438030273368995
fine_category,particle,2048,4,top1_changed,0.1111111111111111,9,12,0.0,0.3333333333333333
fine_category,pronoun,2048,4,delta_ce,0.03797654552145206,15,101,-0.010446674204254946,0.09092735713790015
fine_category,pronoun,2048,4,kl_full_to_compact,0.05384270615864996,15,101,0.030521278687464518,0.0845415999063424
fine_category,pronoun,2048,4,top1_changed,0.13037659508247743,15,101,0.05944405539993775,0.21349206349206348
fine_category,proper_noun,2048,4,delta_ce,0.493405884532889,13,41,-0.17907786020926575,1.4463049762273668
fine_category,proper_noun,2048,4,kl_full_to_compact,0.5143928102616699,13,41,0.0640267418769106,1.298773781784679
fine_category,proper_noun,2048,4,top1_changed,0.22948717948717945,13,41,0.09990384615384616,0.35769230769230764
fine_category,punctuation,2048,4,delta_ce,0.02658565457266321,16,105,-0.11119404653619096,0.2323679047470862
fine_category,punctuation,2048,4,kl_full_to_compact,0.14654275815467818,16,105,0.052078809473398054,0.2795717160622412
fine_category,punctuation,2048,4,top1_changed,0.13601190476190475,16,105,0.07524553571428572,0.20521205357142855
fine_category,question_word,2048,4,delta_ce,-0.024130711451906598,11,19,-0.13980320106017066,0.11345885375154788
fine_category,question_word,2048,4,kl_full_to_compact,0.06696772560385535,11,19,0.028994700642149176,0.10974447399115
fine_category,question_word,2048,4,top1_changed,0.32575757575757575,11,19,0.09090909090909091,0.5909090909090909
fine_category,subordinating_conjunction,2048,4,delta_ce,-0.030647295410744846,8,13,-0.12583035181451124,0.07013043249608013
fine_category,subordinating_conjunction,2048,4,kl_full_to_compact,0.03264536017377395,8,13,0.02042467115497857,0.04674346594656526
fine_category,subordinating_conjunction,2048,4,top1_changed,0.125,8,13,0.0,0.375
fine_category,verb,2048,4,delta_ce,0.10125975123201421,16,104,0.04243746399771901,0.15891790099385675
fine_category,verb,2048,4,kl_full_to_compact,0.05658974027294999,16,104,0.03587924608821843,0.0876919603862123
fine_category,verb,2048,4,top1_changed,0.19112554112554114,16,104,0.1265422077922078,0.2625001691017316
fine_category,adjective,2048,16,delta_ce,0.0786758927184317,14,66,-0.03736204568980808,0.23242159045616165
fine_category,adjective,2048,16,kl_full_to_compact,0.07850042236765693,14,66,0.043428843157609705,0.13038010711988965
fine_category,adjective,2048,16,top1_changed,0.16887755102040816,14,66,0.07653061224489796,0.2770790816326528
fine_category,adposition,2048,16,delta_ce,-0.03200427046873041,16,94,-0.10907587322394866,0.030519942590789068
fine_category,adposition,2048,16,kl_full_to_compact,0.04098907288843835,16,94,0.029873968688203106,0.056399014337911814
fine_category,adposition,2048,16,top1_changed,0.09809027777777778,16,94,0.03125,0.1788411458333332
fine_category,adverb,2048,16,delta_ce,-0.01864528216520381,11,31,-0.2687810830081898,0.17292320588471294
fine_category,adverb,2048,16,kl_full_to_compact,0.11199533688142599,11,31,0.03955844348068323,0.20728173268609018
fine_category,adverb,2048,16,top1_changed,0.21666666666666667,11,31,0.10303030303030303,0.3393939393939394
fine_category,auxiliary,2048,16,delta_ce,-0.01636885088317248,14,52,-0.07619906835524098,0.02934483203428739
fine_category,auxiliary,2048,16,kl_full_to_compact,0.026191966228272617,14,52,0.017113752850700804,0.03763154295430919
fine_category,auxiliary,2048,16,top1_changed,0.03809523809523809,14,52,0.0,0.09999999999999999
fine_category,common_noun,2048,16,delta_ce,0.1943105527712459,16,168,0.05666376839869029,0.3512869726249395
fine_category,common_noun,2048,16,kl_full_to_compact,0.16095236944041075,16,168,0.07722066346761026,0.26547823670001935
fine_category,common_noun,2048,16,top1_changed,0.2142829301546407,16,168,0.16009546831092883,0.27716058178846004
fine_category,coordinating_conjunction,2048,16,delta_ce,-0.039102611607975436,15,37,-0.11686165939602586,0.039358528620666904
fine_category,coordinating_conjunction,2048,16,kl_full_to_compact,0.05836329074938677,15,37,0.042087282286892236,0.07576997172456078
fine_category,coordinating_conjunction,2048,16,top1_changed,0.1722222222222222,15,37,0.04444444444444444,0.33333333333333326
fine_category,determiner,2048,16,delta_ce,0.012852042385687427,16,65,-0.06114448731366014,0.08942622819837798
fine_category,determiner,2048,16,kl_full_to_compact,0.06063690715333602,16,65,0.04344212393987704,0.08397728069795578
fine_category,determiner,2048,16,top1_changed,0.12797619047619047,16,65,0.041666666666666664,0.21726190476190474
fine_category,interjection,2048,16,delta_ce,0.3339347839355469,2,2,0.2876625061035156,0.3802070617675781
fine_category,interjection,2048,16,kl_full_to_compact,0.059357632882893085,2,2,0.018036650493741035,0.10067861527204514
fine_category,interjection,2048,16,top1_changed,0.0,2,2,0.0,0.0
fine_category,negation,2048,16,delta_ce,-0.12857544304570184,10,14,-0.22762255862355232,-0.04377602628053868
fine_category,negation,2048,16,kl_full_to_compact,0.026712330458394717,10,14,0.01625802123100584,0.0387274741348665
fine_category,negation,2048,16,top1_changed,0.2,10,14,0.0,0.5
fine_category,number,2048,16,delta_ce,0.1738790417142607,6,19,0.043106745225102515,0.35035144620471526
fine_category,number,2048,16,kl_full_to_compact,0.131056448118842,6,19,0.01605222205293507,0.32967990907167805
fine_category,number,2048,16,top1_changed,0.16666666666666666,6,19,0.0,0.3333333333333333
fine_category,other,2048,16,delta_ce,-0.0015625135521957594,16,81,-0.09973801188013619,0.08912305425462133
fine_category,other,2048,16,kl_full_to_compact,0.06248562851248124,16,81,0.0309346503225024,0.11080954974059377
fine_category,other,2048,16,top1_changed,0.05267857142857143,16,81,0.0125,0.103125
fine_category,particle,2048,16,delta_ce,0.0012153685092926025,9,12,-0.07781509237570895,0.0988490961905982
fine_category,particle,2048,16,kl_full_to_compact,0.03147557843476534,9,12,0.017237215957397387,0.046813182354283826
fine_category,particle,2048,16,top1_changed,0.1111111111111111,9,12,0.0,0.3333333333333333
fine_category,pronoun,2048,16,delta_ce,0.039978693569452384,15,101,-0.013707759805086277,0.09226071766047296
fine_category,pronoun,2048,16,kl_full_to_compact,0.05475894204506459,15,101,0.030927796783358726,0.09130114287195372
fine_category,pronoun,2048,16,top1_changed,0.13037659508247743,15,101,0.06370448179271708,0.20975490196078422
fine_category,proper_noun,2048,16,delta_ce,0.4810873593556807,13,41,-0.1647803727543566,1.4241972428349114
fine_category,proper_noun,2048,16,kl_full_to_compact,0.5109007258801858,13,41,0.06564589680908735,1.3254122564627415
fine_category,proper_noun,2048,16,top1_changed,0.22948717948717945,13,41,0.1,0.3756410256410256
fine_category,punctuation,2048,16,delta_ce,0.04125574480040953,16,105,-0.09337500412932492,0.24345069240994524
fine_category,punctuation,2048,16,kl_full_to_compact,0.13988061566459015,16,105,0.052864295205099984,0.2702715713314786
fine_category,punctuation,2048,16,top1_changed,0.12819940476190475,16,105,0.06979166666666667,0.19826388888888888
fine_category,question_word,2048,16,delta_ce,-0.04481280206307543,11,19,-0.1584831669489204,0.08491317640538468
fine_category,question_word,2048,16,kl_full_to_compact,0.06490864576489636,11,19,0.0285835174963612,0.10739950504803071
fine_category,question_word,2048,16,top1_changed,0.32575757575757575,11,19,0.09090909090909091,0.5757575757575757
fine_category,subordinating_conjunction,2048,16,delta_ce,-0.06061019511738171,8,13,-0.14345625285350252,0.03326356448233125
fine_category,subordinating_conjunction,2048,16,kl_full_to_compact,0.031553004407517925,8,13,0.01770208671805449,0.04668407634502122
fine_category,subordinating_conjunction,2048,16,top1_changed,0.1875,8,13,0.0,0.4375
fine_category,verb,2048,16,delta_ce,0.10176057760967114,16,104,0.044123144443658405,0.16263648725498406
fine_category,verb,2048,16,kl_full_to_compact,0.057365614761835076,16,104,0.0357540869823836,0.09029201958109548
fine_category,verb,2048,16,top1_changed,0.17081304112554113,16,104,0.10453480113636364,0.24479234307359307
fine_category,adjective,4096,0,delta_ce,0.05021312071670157,14,66,-0.025141727167512704,0.1482020963279446
fine_category,adjective,4096,0,kl_full_to_compact,0.05052388650738623,14,66,0.029284988041755944,0.07751237032545683
fine_category,adjective,4096,0,top1_changed,0.13316326530612246,14,66,0.0586734693877551,0.20563775510204066
fine_category,adposition,4096,0,delta_ce,0.00376784793008186,16,94,-0.07378269585222377,0.07173087379570271
fine_category,adposition,4096,0,kl_full_to_compact,0.03232148156420346,16,94,0.02148479821527559,0.04881382396195344
fine_category,adposition,4096,0,top1_changed,0.07465277777777778,16,94,0.02766927083333334,0.13025173611111085
fine_category,adverb,4096,0,delta_ce,-0.05689692876873199,11,31,-0.2881097627769817,0.08547539688697062
fine_category,adverb,4096,0,kl_full_to_compact,0.08298484232169963,11,31,0.022329551870782532,0.1655368046164087
fine_category,adverb,4096,0,top1_changed,0.15303030303030302,11,31,0.048484848484848485,0.2636363636363636
fine_category,auxiliary,4096,0,delta_ce,-0.04697308448035599,14,52,-0.12733943594606964,0.01623398128124014
fine_category,auxiliary,4096,0,kl_full_to_compact,0.022475387057690203,14,52,0.014430840712218453,0.032286876039707195
fine_category,auxiliary,4096,0,top1_changed,0.02619047619047619,14,52,0.0,0.0642857142857143
fine_category,common_noun,4096,0,delta_ce,0.0694751351583851,16,168,-0.023022623236958674,0.19242414389272428
fine_category,common_noun,4096,0,kl_full_to_compact,0.10383451179392633,16,168,0.04473328577853652,0.1972554829497453
fine_category,common_noun,4096,0,top1_changed,0.19087966127439815,16,168,0.12624688496810207,0.26348839962121207
fine_category,coordinating_conjunction,4096,0,delta_ce,-0.037768866287337416,15,37,-0.1065993801669942,0.03255636113385351
fine_category,coordinating_conjunction,4096,0,kl_full_to_compact,0.036314516369667316,15,37,0.026514790036857857,0.046173471532593886
fine_category,coordinating_conjunction,4096,0,top1_changed,0.04444444444444444,15,37,0.0,0.1111111111111111
fine_category,determiner,4096,0,delta_ce,-0.026495117742923048,16,65,-0.10738607751970579,0.056571612480163014
fine_category,determiner,4096,0,kl_full_to_compact,0.04044015752040736,16,65,0.02482680783155956,0.061660947169570816
fine_category,determiner,4096,0,top1_changed,0.07886904761904762,16,65,0.020833333333333332,0.14434523809523808
fine_category,interjection,4096,0,delta_ce,0.5222659111022949,2,2,0.2046070098876953,0.8399248123168945
fine_category,interjection,4096,0,kl_full_to_compact,0.03127928450703621,2,2,0.008734550327062607,0.05382401868700981
fine_category,interjection,4096,0,top1_changed,0.0,2,2,0.0,0.0
fine_category,negation,4096,0,delta_ce,-0.054765687620965765,10,14,-0.1316076775507827,0.01583786413320917
fine_category,negation,4096,0,kl_full_to_compact,0.01676767751123407,10,14,0.01239628728790194,0.02156537059441689
fine_category,negation,4096,0,top1_changed,0.1,10,14,0.0,0.3
fine_category,number,4096,0,delta_ce,0.17049093836249085,6,19,0.04665194604604039,0.34914948461634276
fine_category,number,4096,0,kl_full_to_compact,0.05299548239011326,6,19,0.01447041957319723,0.10439847404874551
fine_category,number,4096,0,top1_changed,0.16666666666666666,6,19,0.0,0.3333333333333333
fine_category,other,4096,0,delta_ce,-0.009306835408160477,16,81,-0.07473284431824552,0.060859788429600783
fine_category,other,4096,0,kl_full_to_compact,0.03368268023506199,16,81,0.019776444692276098,0.051504922781612957
fine_category,other,4096,0,top1_changed,0.028125,16,81,0.0,0.071875
fine_category,particle,4096,0,delta_ce,0.023980049623383418,9,12,-0.0750745748480161,0.12750771914919198
fine_category,particle,4096,0,kl_full_to_compact,0.024315835752834875,9,12,0.015452939491175736,0.03444122075193768
fine_category,particle,4096,0,top1_changed,0.0,9,12,0.0,0.0
fine_category,pronoun,4096,0,delta_ce,0.010910133253603271,15,101,-0.03965453198971096,0.061593259621204585
fine_category,pronoun,4096,0,kl_full_to_compact,0.02501320922358587,15,101,0.01969743227401272,0.030883563720493508
fine_category,pronoun,4096,0,top1_changed,0.09900093370681606,15,101,0.038863912231559286,0.17503267973856207
fine_category,proper_noun,4096,0,delta_ce,-0.10325303114674544,13,41,-0.3030439899177649,0.08530371215391465
fine_category,proper_noun,4096,0,kl_full_to_compact,0.12651399322447493,13,41,0.0393378606501282,0.2456921015097288
fine_category,proper_noun,4096,0,top1_changed,0.15256410256410258,13,41,0.04987179487179488,0.2692307692307692
fine_category,punctuation,4096,0,delta_ce,-0.021301184982358893,16,105,-0.09696511636258082,0.06543732379303634
fine_category,punctuation,4096,0,kl_full_to_compact,0.0724910158366078,16,105,0.02614424439275787,0.14745437286463214
fine_category,punctuation,4096,0,top1_changed,0.10525793650793651,16,105,0.04363095238095238,0.1795783730158729
fine_category,question_word,4096,0,delta_ce,-0.07218282093350409,11,19,-0.16237520251536006,0.02710988731388082
fine_category,question_word,4096,0,kl_full_to_compact,0.033772978787910135,11,19,0.014938964749308071,0.059004126016974835
fine_category,question_word,4096,0,top1_changed,0.23484848484848486,11,19,0.0303030303030303,0.4848484848484848
fine_category,subordinating_conjunction,4096,0,delta_ce,-0.02747408568393439,8,13,-0.12651434410654475,0.06244060265016736
fine_category,subordinating_conjunction,4096,0,kl_full_to_compact,0.027255823418575652,8,13,0.013915133353778704,0.041489475552225485
fine_category,subordinating_conjunction,4096,0,top1_changed,0.125,8,13,0.0,0.375
fine_category,verb,4096,0,delta_ce,0.07205695998765009,16,104,-0.004054121714478056,0.17480178498561502
fine_category,verb,4096,0,kl_full_to_compact,0.04057872115425619,16,104,0.025245806331787322,0.06560690624248786
fine_category,verb,4096,0,top1_changed,0.13700622294372294,16,104,0.07341670048701297,0.20692775974025968
fine_category,adjective,4096,4,delta_ce,0.03731754575895627,14,66,-0.04041763593031522,0.1383418099650915
fine_category,adjective,4096,4,kl_full_to_compact,0.051552372937136035,14,66,0.03092375200436152,0.07959622443274512
fine_category,adjective,4096,4,top1_changed,0.08418367346938774,14,66,0.030612244897959183,0.14030612244897958
fine_category,adposition,4096,4,delta_ce,0.006377964770491689,16,94,-0.06734565733574145,0.06354132860472046
fine_category,adposition,4096,4,kl_full_to_compact,0.03350079808889943,16,94,0.021953075980503722,0.04957574102503057
fine_category,adposition,4096,4,top1_changed,0.08246527777777778,16,94,0.03125,0.1423611111111111
fine_category,adverb,4096,4,delta_ce,-0.06372494650008087,11,31,-0.2862840973518112,0.07284447077698793
fine_category,adverb,4096,4,kl_full_to_compact,0.08419122063329047,11,31,0.02299946549845944,0.16742802928360592
fine_category,adverb,4096,4,top1_changed,0.10757575757575757,11,31,0.022727272727272728,0.19848484848484851
fine_category,auxiliary,4096,4,delta_ce,-0.031918185230876715,14,52,-0.11117146324211111,0.03165571900505926
fine_category,auxiliary,4096,4,kl_full_to_compact,0.025428907046324993,14,52,0.014729932021765138,0.03988054107554835
fine_category,auxiliary,4096,4,top1_changed,0.049999999999999996,14,52,0.0,0.1357142857142857
fine_category,common_noun,4096,4,delta_ce,0.07896558576833672,16,168,-0.02080999703616906,0.2091960607985332
fine_category,common_noun,4096,4,kl_full_to_compact,0.10701721264978349,16,168,0.04511968720431697,0.2141500796182686
fine_category,common_noun,4096,4,top1_changed,0.18393521682995367,16,168,0.12082943212671829,0.2562131328558138
fine_category,coordinating_conjunction,4096,4,delta_ce,-0.0335881092482143,15,37,-0.12108534829070171,0.046851244601938374
fine_category,coordinating_conjunction,4096,4,kl_full_to_compact,0.03678688422725019,15,37,0.02712564154838522,0.04673776955887053
fine_category,coordinating_conjunction,4096,4,top1_changed,0.0611111111111111,15,37,0.0,0.12777777777777777
fine_category,determiner,4096,4,delta_ce,-0.03121549497757639,16,65,-0.11602786359887216,0.05619304620616485
fine_category,determiner,4096,4,kl_full_to_compact,0.04373338043972451,16,65,0.027292164459552928,0.06601379183874952
fine_category,determiner,4096,4,top1_changed,0.04389880952380952,16,65,0.008928571428571428,0.08558407738095228
fine_category,interjection,4096,4,delta_ce,0.4615745544433594,2,2,0.12527132034301758,0.7978777885437012
fine_category,interjection,4096,4,kl_full_to_compact,0.02970059961080551,2,2,0.008775722235441208,0.050625476986169815
fine_category,interjection,4096,4,top1_changed,0.0,2,2,0.0,0.0
fine_category,negation,4096,4,delta_ce,-0.08666516869561747,10,14,-0.18412084884534125,-0.004544244774151599
fine_category,negation,4096,4,kl_full_to_compact,0.017185915006848518,10,14,0.012885797911440023,0.021835869776550675
fine_category,negation,4096,4,top1_changed,0.1,10,14,0.0,0.3
fine_category,number,4096,4,delta_ce,0.1829113680867724,6,19,0.042361625933933986,0.4060038288718917
fine_category,number,4096,4,kl_full_to_compact,0.0519590538239072,6,19,0.015132357259298602,0.09754439152034895
fine_category,number,4096,4,top1_changed,0.13888888888888887,6,19,0.0,0.3055555555555555
fine_category,other,4096,4,delta_ce,-0.006028650175262773,16,81,-0.06970211994387639,0.06658889418111205
fine_category,other,4096,4,kl_full_to_compact,0.034214688556775154,16,81,0.018614490187320976,0.0540164010563926
fine_category,other,4096,4,top1_changed,0.04375,16,81,0.0,0.090625
fine_category,particle,4096,4,delta_ce,0.01615381758246157,9,12,-0.06511111229451166,0.10381872686040065
fine_category,particle,4096,4,kl_full_to_compact,0.0259420579402811,9,12,0.016174183211599788,0.03585265338446738
fine_category,particle,4096,4,top1_changed,0.0,9,12,0.0,0.0
fine_category,pronoun,4096,4,delta_ce,0.012092707649312757,15,101,-0.03394227187855849,0.057266654068202506
fine_category,pronoun,4096,4,kl_full_to_compact,0.02402801802320568,15,101,0.018844950497005283,0.029605699362404203
fine_category,pronoun,4096,4,top1_changed,0.09741363211951448,15,101,0.03571428571428571,0.17223809523809513
fine_category,proper_noun,4096,4,delta_ce,-0.10578662086035776,13,41,-0.30283383440075123,0.07439825258516891
fine_category,proper_noun,4096,4,kl_full_to_compact,0.12565701694950873,13,41,0.038642508385774606,0.24263761669949763
fine_category,proper_noun,4096,4,top1_changed,0.18919413919413916,13,41,0.08663003663003663,0.2969001831501831
fine_category,punctuation,4096,4,delta_ce,-0.025224110245333234,16,105,-0.10878764945104658,0.06617566398245026
fine_category,punctuation,4096,4,kl_full_to_compact,0.07439139395676662,16,105,0.027010147983989253,0.1495920384714713
fine_category,punctuation,4096,4,top1_changed,0.10525793650793651,16,105,0.040773809523809525,0.18175347222222218
fine_category,question_word,4096,4,delta_ce,-0.06632841731929644,11,19,-0.15608174593071455,0.040680740079948256
fine_category,question_word,4096,4,kl_full_to_compact,0.03352148979408384,11,19,0.01350154592523309,0.05869498363542581
fine_category,question_word,4096,4,top1_changed,0.23484848484848486,11,19,0.0303030303030303,0.4848484848484848
fine_category,subordinating_conjunction,4096,4,delta_ce,-0.028009816771373153,8,13,-0.11209136220859364,0.05463656600913962
fine_category,subordinating_conjunction,4096,4,kl_full_to_compact,0.02554209740871253,8,13,0.013154471231488666,0.03909971740213221
fine_category,subordinating_conjunction,4096,4,top1_changed,0.125,8,13,0.0,0.375
fine_category,verb,4096,4,delta_ce,0.0801660800849442,16,104,0.00163478683500547,0.1822495666093825
fine_category,verb,4096,4,kl_full_to_compact,0.04146216399291337,16,104,0.02549654898582875,0.06715486743496016
fine_category,verb,4096,4,top1_changed,0.12237554112554112,16,104,0.0578125,0.19582132711038955
fine_category,adjective,4096,16,delta_ce,0.03607983143804563,14,66,-0.03359731181180892,0.11801718979670926
fine_category,adjective,4096,16,kl_full_to_compact,0.05052094181011767,14,66,0.02954663728736847,0.07860987003306724
fine_category,adjective,4096,16,top1_changed,0.09846938775510204,14,66,0.04591836734693877,0.15612244897959182
fine_category,adposition,4096,16,delta_ce,0.005194826722009851,16,94,-0.06831324538581998,0.06812785482219287
fine_category,adposition,4096,16,kl_full_to_compact,0.03260794496290819,16,94,0.02124096233867348,0.04870250977032278
fine_category,adposition,4096,16,top1_changed,0.09809027777777778,16,94,0.030381944444444444,0.17970920138888877
fine_category,adverb,4096,16,delta_ce,-0.05431915513410895,11,31,-0.28166423566084464,0.08520467919875624
fine_category,adverb,4096,16,kl_full_to_compact,0.08367645087273559,11,31,0.022988812345039064,0.16412423030536788
fine_category,adverb,4096,16,top1_changed,0.15303030303030302,11,31,0.05909090909090909,0.26212121212121214
fine_category,auxiliary,4096,16,delta_ce,-0.03156492434834846,14,52,-0.09878879977276131,0.02153639759464493
fine_category,auxiliary,4096,16,kl_full_to_compact,0.020567341143606692,14,52,0.014168539927029218,0.028228985889724993
fine_category,auxiliary,4096,16,top1_changed,0.02619047619047619,14,52,0.0,0.0642857142857143
fine_category,common_noun,4096,16,delta_ce,0.06829026772870651,16,168,-0.025915217747281304,0.19716115835918863
fine_category,common_noun,4096,16,kl_full_to_compact,0.10494183732853192,16,168,0.04656781269642302,0.203879233252165
fine_category,common_noun,4096,16,top1_changed,0.19087966127439815,16,168,0.12735038946798816,0.26008190160533906
fine_category,coordinating_conjunction,4096,16,delta_ce,-0.040438778201738995,15,37,-0.11307901573263937,0.032118100714352324
fine_category,coordinating_conjunction,4096,16,kl_full_to_compact,0.035512169684645614,15,37,0.02642888290131749,0.04440350282927587
fine_category,coordinating_conjunction,4096,16,top1_changed,0.04444444444444444,15,37,0.0,0.1111111111111111
fine_category,determiner,4096,16,delta_ce,-0.02925320891663432,16,65,-0.11733320108958564,0.053042804443033255
fine_category,determiner,4096,16,kl_full_to_compact,0.04098386035946619,16,65,0.025324593698498488,0.06367588827382341
fine_category,determiner,4096,16,top1_changed,0.04761904761904761,16,65,0.008928571428571428,0.09375
fine_category,interjection,4096,16,delta_ce,0.5177080631256104,2,2,0.25530242919921875,0.780113697052002
fine_category,interjection,4096,16,kl_full_to_compact,0.03182246722280979,2,2,0.011334095150232315,0.05231083929538727
fine_category,interjection,4096,16,top1_changed,0.0,2,2,0.0,0.0
fine_category,negation,4096,16,delta_ce,-0.07280467310920358,10,14,-0.15035108138108624,0.005343265957199007
fine_category,negation,4096,16,kl_full_to_compact,0.01779483055433957,10,14,0.012472999429373886,0.023839977352654373
fine_category,negation,4096,16,top1_changed,0.2,10,14,0.0,0.5
fine_category,number,4096,16,delta_ce,0.18101781649109197,6,19,0.048693332309145874,0.36836753851255455
fine_category,number,4096,16,kl_full_to_compact,0.05220043701519141,6,19,0.013280082208383545,0.09777247053582415
fine_category,number,4096,16,top1_changed,0.13888888888888887,6,19,0.0,0.3055555555555555
fine_category,other,4096,16,delta_ce,-0.010866930887066938,16,81,-0.0846427188675049,0.06600047730379827
fine_category,other,4096,16,kl_full_to_compact,0.03358781680089311,16,81,0.019177213619848667,0.05110346388758044
fine_category,other,4096,16,top1_changed,0.04375,16,81,0.0,0.09375
fine_category,particle,4096,16,delta_ce,0.005004722211096022,9,12,-0.07076269599298636,0.07923924620780676
fine_category,particle,4096,16,kl_full_to_compact,0.024889272973976202,9,12,0.01618794437316764,0.03515023063260337
fine_category,particle,4096,16,top1_changed,0.0,9,12,0.0,0.0
fine_category,pronoun,4096,16,delta_ce,0.013296985030814846,15,101,-0.03770090842306142,0.06272432690523379
fine_category,pronoun,4096,16,kl_full_to_compact,0.02405832979738045,15,101,0.01901227891376146,0.029763247253955776
fine_category,pronoun,4096,16,top1_changed,0.09507936507936508,15,101,0.03333333333333333,0.17194047619047598
fine_category,proper_noun,4096,16,delta_ce,-0.10074875783596329,13,41,-0.29668634287746487,0.0891657556143219
fine_category,proper_noun,4096,16,kl_full_to_compact,0.12434129820233203,13,41,0.03465233608553967,0.24310893162768812
fine_category,proper_noun,4096,16,top1_changed,0.09487179487179488,13,41,0.019230769230769232,0.18076923076923077
fine_category,punctuation,4096,16,delta_ce,-0.024594951361013088,16,105,-0.0996455895809592,0.05538326862837864
fine_category,punctuation,4096,16,kl_full_to_compact,0.07251609332542144,16,105,0.025443095480141415,0.14746948732514625
fine_category,punctuation,4096,16,top1_changed,0.07601686507936507,16,105,0.0294921875,0.12947668650793642
fine_category,question_word,4096,16,delta_ce,-0.0391303807652245,11,19,-0.1274228215921374,0.0664616294584419
fine_category,question_word,4096,16,kl_full_to_compact,0.03437796201130065,11,19,0.015021585433780935,0.05877924186019245
fine_category,question_word,4096,16,top1_changed,0.23484848484848486,11,19,0.0303030303030303,0.462310606060605
fine_category,subordinating_conjunction,4096,16,delta_ce,-0.005655800923705101,8,13,-0.0986347499769181,0.087062768638134
fine_category,subordinating_conjunction,4096,16,kl_full_to_compact,0.027078646426768195,8,13,0.014483938146925841,0.03948775334053304
fine_category,subordinating_conjunction,4096,16,top1_changed,0.125,8,13,0.0,0.375
fine_category,verb,4096,16,delta_ce,0.07934130460937831,16,104,0.0036774864811344437,0.18518075688746644
fine_category,verb,4096,16,kl_full_to_compact,0.040168660401961744,16,104,0.024662431077550926,0.06504817468624587
fine_category,verb,4096,16,top1_changed,0.13231872294372293,16,104,0.0666112012987013,0.1991152597402597
fine_category,adjective,8192,0,delta_ce,0.07233856199198359,14,66,-0.04856911922199573,0.2507052802681394
fine_category,adjective,8192,0,kl_full_to_compact,0.03791800013217294,14,66,0.018907025326264246,0.06159006485269002
fine_category,adjective,8192,0,top1_changed,0.12653061224489795,14,66,0.055102040816326525,0.2107142857142857
fine_category,adposition,8192,0,delta_ce,0.009450078438176456,16,94,-0.0433561860608422,0.05536357840903373
fine_category,adposition,8192,0,kl_full_to_compact,0.02070150528141694,16,94,0.013789432099748042,0.028333339336085835
fine_category,adposition,8192,0,top1_changed,0.0798611111111111,16,94,0.028645833333333332,0.13804253472222208
fine_category,adverb,8192,0,delta_ce,-0.1213837672095079,11,31,-0.2956450751019822,0.003910470333966306
fine_category,adverb,8192,0,kl_full_to_compact,0.04709746701793682,11,31,0.01699951098312092,0.0881916272154624
fine_category,adverb,8192,0,top1_changed,0.13484848484848486,11,31,0.0303030303030303,0.24545454545454543
fine_category,auxiliary,8192,0,delta_ce,-0.019370845332741738,14,52,-0.05798969634276416,0.007716709688039762
fine_category,auxiliary,8192,0,kl_full_to_compact,0.016195636375278207,14,52,0.010400331813533599,0.02405042428388276
fine_category,auxiliary,8192,0,top1_changed,0.023809523809523808,14,52,0.0,0.07142857142857142
fine_category,common_noun,8192,0,delta_ce,-0.014912808606415761,16,168,-0.0639077327644355,0.03351650164295461
fine_category,common_noun,8192,0,kl_full_to_compact,0.03622568760034184,16,168,0.026502611978719146,0.04706584168988182
fine_category,common_noun,8192,0,top1_changed,0.10709538999012683,16,168,0.06224972943722943,0.1589984074770259
fine_category,coordinating_conjunction,8192,0,delta_ce,0.02184869464900759,15,37,-0.037693590310712656,0.09532675546076559
fine_category,coordinating_conjunction,8192,0,kl_full_to_compact,0.02624864888720266,15,37,0.017259332163820442,0.03658768645390712
fine_category,coordinating_conjunction,8192,0,top1_changed,0.04444444444444444,15,37,0.0,0.1111111111111111
fine_category,determiner,8192,0,delta_ce,-0.06016604613202314,16,65,-0.11845147112162695,-0.013573579928737936
fine_category,determiner,8192,0,kl_full_to_compact,0.03712183782945864,16,65,0.019596193576194524,0.0621603639346289
fine_category,determiner,8192,0,top1_changed,0.05952380952380952,16,65,0.017857142857142856,0.11160714285714285
fine_category,interjection,8192,0,delta_ce,-0.02208423614501953,2,2,-0.13687562942504883,0.09270715713500977
fine_category,interjection,8192,0,kl_full_to_compact,0.015017431695014238,2,2,0.008255907334387302,0.021778956055641174
fine_category,interjection,8192,0,top1_changed,0.0,2,2,0.0,0.0
fine_category,negation,8192,0,delta_ce,-0.05696793334791437,10,14,-0.13584179630182916,0.012711433532531317
fine_category,negation,8192,0,kl_full_to_compact,0.012751590840343852,10,14,0.008182012141624,0.017714182514573622
fine_category,negation,8192,0,top1_changed,0.1,10,14,0.0,0.3
fine_category,number,8192,0,delta_ce,-0.04502823176707251,6,19,-0.19625446477020586,0.07608203159179538
fine_category,number,8192,0,kl_full_to_compact,0.04639697300636827,6,19,0.01145086688787463,0.09326736876876869
fine_category,number,8192,0,top1_changed,0.05555555555555555,6,19,0.0,0.16666666666666666
fine_category,other,8192,0,delta_ce,0.027659626439281198,16,81,-0.027971137750324806,0.08713132082425791
fine_category,other,8192,0,kl_full_to_compact,0.02394956697784489,16,81,0.011922895590781964,0.037233953153342735
fine_category,other,8192,0,top1_changed,0.04375,16,81,0.0,0.09375
fine_category,particle,8192,0,delta_ce,-0.01858869877954324,9,12,-0.08363811165715257,0.033039539017611065
fine_category,particle,8192,0,kl_full_to_compact,0.019254423251065116,9,12,0.0089532874582801,0.030174529836060372
fine_category,particle,8192,0,top1_changed,0.05555555555555555,9,12,0.0,0.16666666666666666
fine_category,pronoun,8192,0,delta_ce,-0.0037101693709554553,15,101,-0.04396653729757433,0.035456739442913686
fine_category,pronoun,8192,0,kl_full_to_compact,0.018041521042574758,15,101,0.013843169533050087,0.02313224216146286
fine_category,pronoun,8192,0,top1_changed,0.1208263305322129,15,101,0.05450385154061625,0.19860690943043885
fine_category,proper_noun,8192,0,delta_ce,-0.09061036917283763,13,41,-0.28368368856668036,0.10508888683114564
fine_category,proper_noun,8192,0,kl_full_to_compact,0.0851448299328848,13,41,0.025103919113427277,0.19480556091169196
fine_category,proper_noun,8192,0,top1_changed,0.11410256410256411,13,41,0.02564102564102564,0.22179487179487178
fine_category,punctuation,8192,0,delta_ce,0.002342977811950111,16,105,-0.0395305298396413,0.038266650805243344
fine_category,punctuation,8192,0,kl_full_to_compact,0.028639452869806736,16,105,0.02064513093120175,0.03842481420356546
fine_category,punctuation,8192,0,top1_changed,0.08296130952380952,16,105,0.0234375,0.14769345238095238
fine_category,question_word,8192,0,delta_ce,-0.04427346031915283,11,19,-0.11508136606637642,0.026091624743121544
fine_category,question_word,8192,0,kl_full_to_compact,0.021554272837062002,11,19,0.01070642922925551,0.03535761000821363
fine_category,question_word,8192,0,top1_changed,0.21212121212121213,11,19,0.0,0.45454545454545453
fine_category,subordinating_conjunction,8192,0,delta_ce,-0.06436507299076766,8,13,-0.1634361584438011,0.004480681868153607
fine_category,subordinating_conjunction,8192,0,kl_full_to_compact,0.011979711585202796,8,13,0.00734178881078454,0.016156390879192864
fine_category,subordinating_conjunction,8192,0,top1_changed,0.0,8,13,0.0,0.0
fine_category,verb,8192,0,delta_ce,0.014940517878993814,16,104,-0.024166511648829908,0.053424068154929186
fine_category,verb,8192,0,kl_full_to_compact,0.026201229958953118,16,104,0.018060891327623955,0.035583477692458454
fine_category,verb,8192,0,top1_changed,0.10414637445887447,16,104,0.05298244724025974,0.1635511363636363
fine_category,adjective,8192,4,delta_ce,0.0773116284911679,14,66,-0.04504682487602262,0.2591902187566324
fine_category,adjective,8192,4,kl_full_to_compact,0.038925516978346744,14,66,0.020157935096109077,0.06560075620786318
fine_category,adjective,8192,4,top1_changed,0.13061224489795917,14,66,0.04642857142857143,0.22295918367346937
fine_category,adposition,8192,4,delta_ce,0.01943501852697429,16,94,-0.03602006719235378,0.06802182339448587
fine_category,adposition,8192,4,kl_full_to_compact,0.020815306460678598,16,94,0.014422293351347254,0.02850206345185806
fine_category,adposition,8192,4,top1_changed,0.08878968253968253,16,94,0.034722222222222224,0.14807167658730153
fine_category,adverb,8192,4,delta_ce,-0.10829051536945343,11,31,-0.3120904876301453,0.034474713964895744
fine_category,adverb,8192,4,kl_full_to_compact,0.051043988870955986,11,31,0.016590766889983732,0.09833533313030121
fine_category,adverb,8192,4,top1_changed,0.06666666666666667,11,31,0.0,0.16969696969696968
fine_category,auxiliary,8192,4,delta_ce,-0.016589877109493122,14,52,-0.06351974770195502,0.02055189895237712
fine_category,auxiliary,8192,4,kl_full_to_compact,0.017856338444889718,14,52,0.01124266795147718,0.026771631810836312
fine_category,auxiliary,8192,4,top1_changed,0.011904761904761904,14,52,0.0,0.03571428571428571
fine_category,common_noun,8192,4,delta_ce,-0.008499077924672785,16,168,-0.05286229309221263,0.03610023328190827
fine_category,common_noun,8192,4,kl_full_to_compact,0.0354303402055751,16,168,0.02429742308197231,0.046434357121288475
fine_category,common_noun,8192,4,top1_changed,0.10709538999012683,16,168,0.06219853907970684,0.16300459066700834
fine_category,coordinating_conjunction,8192,4,delta_ce,0.03225938230752945,15,37,-0.027378642285863553,0.09579833053052422
fine_category,coordinating_conjunction,8192,4,kl_full_to_compact,0.02636039750779875,15,37,0.017613427177323802,0.03682557173422537
fine_category,coordinating_conjunction,8192,4,top1_changed,0.04444444444444444,15,37,0.0,0.1111111111111111
fine_category,determiner,8192,4,delta_ce,-0.05318989471221963,16,65,-0.11201212904183194,-0.0060557918949052944
fine_category,determiner,8192,4,kl_full_to_compact,0.036110588195775305,16,65,0.02017837178492863,0.06055677853687527
fine_category,determiner,8192,4,top1_changed,0.05171130952380952,16,65,0.016741071428571428,0.09375930059523804
fine_category,interjection,8192,4,delta_ce,-0.03607487678527832,2,2,-0.13072538375854492,0.05857563018798828
fine_category,interjection,8192,4,kl_full_to_compact,0.012617281638085842,2,2,0.006943006068468094,0.01829155720770359
fine_category,interjection,8192,4,top1_changed,0.0,2,2,0.0,0.0
fine_category,negation,8192,4,delta_ce,-0.07330269913654774,10,14,-0.15022281534969809,-0.005951022370718456
fine_category,negation,8192,4,kl_full_to_compact,0.01247362325375434,10,14,0.008414406251249602,0.017025599052431062
fine_category,negation,8192,4,top1_changed,0.1,10,14,0.0,0.3
fine_category,number,8192,4,delta_ce,-0.0473290949071169,6,19,-0.19941606434683004,0.059454025261463046
fine_category,number,8192,4,kl_full_to_compact,0.04755372779457806,6,19,0.011143622978155084,0.09364175369976996
fine_category,number,8192,4,top1_changed,0.05555555555555555,6,19,0.0,0.16666666666666666
fine_category,other,8192,4,delta_ce,0.026075828357733415,16,81,-0.023170654884955053,0.0821502537401392
fine_category,other,8192,4,kl_full_to_compact,0.021885838141204095,16,81,0.012229932684071135,0.03234407442228043
fine_category,other,8192,4,top1_changed,0.028125,16,81,0.0,0.071875
fine_category,particle,8192,4,delta_ce,-0.0049455321083466215,9,12,-0.05905961748729977,0.03484825042283367
fine_category,particle,8192,4,kl_full_to_compact,0.019825709582720365,9,12,0.008925375075907344,0.03298518921656065
fine_category,particle,8192,4,top1_changed,0.05555555555555555,9,12,0.0,0.16666666666666666
fine_category,pronoun,8192,4,delta_ce,-0.0013025253028323364,15,101,-0.04267367738101517,0.04247879819438309
fine_category,pronoun,8192,4,kl_full_to_compact,0.018191308500944504,15,101,0.014194375419289447,0.02277068008865788
fine_category,pronoun,8192,4,top1_changed,0.11522408963585434,15,101,0.05182306255835667,0.19685340802987839
fine_category,proper_noun,8192,4,delta_ce,-0.10174659916656877,13,41,-0.2956113209667758,0.08931900989401743
fine_category,proper_noun,8192,4,kl_full_to_compact,0.08593184758380328,13,41,0.02516658629835477,0.19081348575927198
fine_category,proper_noun,8192,4,top1_changed,0.09487179487179488,13,41,0.019230769230769232,0.17567307692307677
fine_category,punctuation,8192,4,delta_ce,-0.004421066962892102,16,105,-0.04835460332610334,0.03351592201504639
fine_category,punctuation,8192,4,kl_full_to_compact,0.028148536398767313,16,105,0.019880837715117672,0.03698909955908962
fine_category,punctuation,8192,4,top1_changed,0.06733630952380952,16,105,0.015625,0.1354445684523808
fine_category,question_word,8192,4,delta_ce,-0.0340510356931411,11,19,-0.09547579630532048,0.030072639891560254
fine_category,question_word,8192,4,kl_full_to_compact,0.022314310938148108,11,19,0.011980760695719668,0.03573637013473533
fine_category,question_word,8192,4,top1_changed,0.21212121212121213,11,19,0.0,0.45454545454545453
fine_category,subordinating_conjunction,8192,4,delta_ce,-0.055371084638560816,8,13,-0.16251502931118011,0.027422010743369658
fine_category,subordinating_conjunction,8192,4,kl_full_to_compact,0.01131296011347634,8,13,0.007115514424125043,0.015679530294194895
fine_category,subordinating_conjunction,8192,4,top1_changed,0.0,8,13,0.0,0.0
fine_category,verb,8192,4,delta_ce,0.006565667137287269,16,104,-0.035807721031674615,0.046257413598510114
fine_category,verb,8192,4,kl_full_to_compact,0.025673431636467195,16,104,0.017768231702377218,0.035385766915373255
fine_category,verb,8192,4,top1_changed,0.10414637445887447,16,104,0.04841720779220779,0.16392282196969699
fine_category,adjective,8192,16,delta_ce,0.07738892028395712,14,66,-0.04172702913500405,0.2651496619585639
fine_category,adjective,8192,16,kl_full_to_compact,0.037946379093912026,14,66,0.01941480280020298,0.0626476035824394
fine_category,adjective,8192,16,top1_changed,0.14081632653061224,14,66,0.06377551020408163,0.23420918367346924
fine_category,adposition,8192,16,delta_ce,0.01777352439512076,16,94,-0.03881435838985095,0.06900269771670486
fine_category,adposition,8192,16,kl_full_to_compact,0.01948445560913197,16,94,0.014033759385075782,0.025745888062007893
fine_category,adposition,8192,16,top1_changed,0.0720486111111111,16,94,0.020833333333333332,0.13194444444444442
fine_category,adverb,8192,16,delta_ce,-0.10387496734571565,11,31,-0.2990292640135015,0.03608504503965366
fine_category,adverb,8192,16,kl_full_to_compact,0.04923038698025542,11,31,0.01671171904610343,0.09533029021211292
fine_category,adverb,8192,16,top1_changed,0.10757575757575757,11,31,0.022727272727272728,0.20155303030303012
fine_category,auxiliary,8192,16,delta_ce,-0.026627048669496972,14,52,-0.07286897262697725,0.0059633868130646054
fine_category,auxiliary,8192,16,kl_full_to_compact,0.01659716148680586,14,52,0.010043497980268079,0.024788728073201906
fine_category,auxiliary,8192,16,top1_changed,0.023809523809523808,14,52,0.0,0.07142857142857142
fine_category,common_noun,8192,16,delta_ce,-0.010000608567961557,16,168,-0.05692657069409228,0.039355099879128434
fine_category,common_noun,8192,16,kl_full_to_compact,0.03573192244776177,16,168,0.025218076265807094,0.04769488089134985
fine_category,common_noun,8192,16,top1_changed,0.12301800903774589,16,168,0.07705744890161009,0.1735458823431685
fine_category,coordinating_conjunction,8192,16,delta_ce,0.009617752333482103,15,37,-0.05612980448537403,0.07731271299223101
fine_category,coordinating_conjunction,8192,16,kl_full_to_compact,0.02743348759314459,15,37,0.018488130497377516,0.038246611249827145
fine_category,coordinating_conjunction,8192,16,top1_changed,0.0611111111111111,15,37,0.0,0.13333333333333333
fine_category,determiner,8192,16,delta_ce,-0.06785143325992282,16,65,-0.13258743110972102,-0.016370350353951974
fine_category,determiner,8192,16,kl_full_to_compact,0.036300518162274135,16,65,0.020260183499205078,0.058600891655830004
fine_category,determiner,8192,16,top1_changed,0.04761904761904761,16,65,0.010416666666666666,0.09229910714285694
fine_category,interjection,8192,16,delta_ce,-0.04211115837097168,2,2,-0.2001190185546875,0.11589670181274414
fine_category,interjection,8192,16,kl_full_to_compact,0.014081249944865704,2,2,0.0073423366993665695,0.020820163190364838
fine_category,interjection,8192,16,top1_changed,0.0,2,2,0.0,0.0
fine_category,negation,8192,16,delta_ce,-0.06106859990395606,10,14,-0.13127496619359588,0.004184266941156178
fine_category,negation,8192,16,kl_full_to_compact,0.013958614025250426,10,14,0.008710226755201802,0.019880814030975656
fine_category,negation,8192,16,top1_changed,0.1,10,14,0.0,0.3
fine_category,number,8192,16,delta_ce,-0.06424177419604449,6,19,-0.24054349335161535,0.06402662414540018
fine_category,number,8192,16,kl_full_to_compact,0.046882065513611654,6,19,0.012839411497194912,0.09181237952240433
fine_category,number,8192,16,top1_changed,0.05555555555555555,6,19,0.0,0.16666666666666666
fine_category,other,8192,16,delta_ce,0.03285164359828438,16,81,-0.015563940034220044,0.08877102747612599
fine_category,other,8192,16,kl_full_to_compact,0.020359926988148876,16,81,0.011095276710276051,0.031055280232586843
fine_category,other,8192,16,top1_changed,0.04375,16,81,0.0,0.090625
fine_category,particle,8192,16,delta_ce,-0.016169064160850313,9,12,-0.07619353248220351,0.037611212829748775
fine_category,particle,8192,16,kl_full_to_compact,0.018120554405161075,9,12,0.008814066560525033,0.030886315432791075
fine_category,particle,8192,16,top1_changed,0.05555555555555555,9,12,0.0,0.16666666666666666
fine_category,pronoun,8192,16,delta_ce,-0.0010627857013873643,15,101,-0.042939625471518195,0.0385842155295482
fine_category,pronoun,8192,16,kl_full_to_compact,0.018149391436342695,15,101,0.013816020483972345,0.023473755191495697
fine_category,pronoun,8192,16,top1_changed,0.11522408963585434,15,101,0.04444444444444444,0.1952296918767507
fine_category,proper_noun,8192,16,delta_ce,-0.08750870911250551,13,41,-0.2707595695360902,0.12261936468443214
fine_category,proper_noun,8192,16,kl_full_to_compact,0.08515251781179255,13,41,0.024665065788911093,0.1910255928101389
fine_category,proper_noun,8192,16,top1_changed,0.13333333333333333,13,41,0.044871794871794865,0.23076923076923078
fine_category,punctuation,8192,16,delta_ce,-0.003876949000469823,16,105,-0.04308567935520148,0.031826549454902604
fine_category,punctuation,8192,16,kl_full_to_compact,0.028081479430237245,16,105,0.020162987775752227,0.0371654009318042
fine_category,punctuation,8192,16,top1_changed,0.07142857142857142,16,105,0.019345238095238096,0.12875744047619025
fine_category,question_word,8192,16,delta_ce,-0.022094760435830915,11,19,-0.0761294976241929,0.03257487830547188
fine_category,question_word,8192,16,kl_full_to_compact,0.02155029865609708,11,19,0.011211074119571342,0.035222448659646216
fine_category,question_word,8192,16,top1_changed,0.21212121212121213,11,19,0.029545454545454587,0.45454545454545453
fine_category,subordinating_conjunction,8192,16,delta_ce,-0.05899946053978056,8,13,-0.14829251893388573,0.02441356156487009
fine_category,subordinating_conjunction,8192,16,kl_full_to_compact,0.011481869606844459,8,13,0.006923466366182159,0.016126702458132056
fine_category,subordinating_conjunction,8192,16,top1_changed,0.0,8,13,0.0,0.0
fine_category,verb,8192,16,delta_ce,0.011944946957947015,16,104,-0.02905724933535704,0.0520255954300757
fine_category,verb,8192,16,kl_full_to_compact,0.02526412315413781,16,104,0.01740413159858056,0.034870663414550855
fine_category,verb,8192,16,top1_changed,0.0755478896103896,16,104,0.02353896103896104,0.13460328733766233
pos,ADJ,128,0,delta_ce,0.18111943815982126,14,66,-0.05890807114149322,0.44439151777122593
pos,ADJ,128,0,kl_full_to_compact,0.22637953306362188,14,66,0.1703892659278083,0.2955578383965353
pos,ADJ,128,0,top1_changed,0.28656462585034015,14,66,0.1819642857142857,0.3952380952380952
pos,ADP,128,0,delta_ce,0.16873310323012808,16,94,0.011906708118355399,0.3176750398797132
pos,ADP,128,0,kl_full_to_compact,0.1958305498410692,16,94,0.14636309046298548,0.2555424750858983
pos,ADP,128,0,top1_changed,0.20510912698412698,16,94,0.08580729166666667,0.35590897817460315
pos,ADV,128,0,delta_ce,0.5542449771123233,11,31,0.24479867488145823,0.9163440826684978
pos,ADV,128,0,kl_full_to_compact,0.303162616811989,11,31,0.19127812874437292,0.43365514727986665
pos,ADV,128,0,top1_changed,0.37878787878787873,11,31,0.18787878787878787,0.5818181818181819
pos,AUX,128,0,delta_ce,-0.033410612527965275,14,52,-0.16923985148856074,0.10880807279501431
pos,AUX,128,0,kl_full_to_compact,0.18504180695582814,14,52,0.14354913282635792,0.22312270562929498
pos,AUX,128,0,top1_changed,0.21437074829931974,14,52,0.08993835034013604,0.34943664965986376
pos,CCONJ,128,0,delta_ce,-0.02085908436112933,15,38,-0.2545825738087296,0.2192537374918659
pos,CCONJ,128,0,kl_full_to_compact,0.23328297930873104,15,38,0.15110699264487873,0.330252188399641
pos,CCONJ,128,0,top1_changed,0.3444444444444444,15,38,0.15555555555555553,0.5333333333333333
pos,DET,128,0,delta_ce,0.17200529072655452,16,68,0.04756591060403957,0.30235671699163497
pos,DET,128,0,kl_full_to_compact,0.23175437288591638,16,68,0.1799860539928583,0.3001302844050223
pos,DET,128,0,top1_changed,0.19285714285714284,16,68,0.11108630952380952,0.2767150297619047
pos,INTJ,128,0,delta_ce,0.21909427642822266,2,2,-0.05986213684082031,0.4980506896972656
pos,INTJ,128,0,kl_full_to_compact,0.15750501304864883,2,2,0.08122926950454712,0.23378075659275055
pos,INTJ,128,0,top1_changed,0.5,2,2,0.0,1.0
pos,NOUN,128,0,delta_ce,0.5491032029515921,16,168,0.32848386985504086,0.781857171750146
pos,NOUN,128,0,kl_full_to_compact,0.49156184170480555,16,168,0.31772181057066873,0.7097387704216372
pos,NOUN,128,0,top1_changed,0.38155737719882454,16,168,0.3002373756999579,0.4743977767024642
pos,NUM,128,0,delta_ce,0.23835507378551282,6,19,0.048035794077441095,0.44644801165235953
pos,NUM,128,0,kl_full_to_compact,0.27285828004306595,6,19,0.06460773006159191,0.6568616951505343
pos,NUM,128,0,top1_changed,0.16666666666666666,6,19,0.0,0.3333333333333333
pos,PART,128,0,delta_ce,0.0837105565224633,11,24,-0.10690846615329837,0.3144255663923015
pos,PART,128,0,kl_full_to_compact,0.2883890981701287,11,24,0.08604443468830801,0.665045713557664
pos,PART,128,0,top1_changed,0.19696969696969696,11,24,0.0303030303030303,0.3939393939393939
pos,PRON,128,0,delta_ce,0.18188451566098382,15,113,0.08907915791542398,0.2911149782560105
pos,PRON,128,0,kl_full_to_compact,0.20085386830765325,15,113,0.1580703223020356,0.24749880812210603
pos,PRON,128,0,top1_changed,0.224777183600713,15,113,0.15167297979797983,0.2985180233709645
pos,PROPN,128,0,delta_ce,2.129092206110937,14,44,0.5721818461069214,3.946365839239449
pos,PROPN,128,0,kl_full_to_compact,1.4076590745186361,14,44,0.5591693016121835,2.4260599677035177
pos,PROPN,128,0,top1_changed,0.4113945578231292,14,44,0.21933673469387754,0.6066454081632654
pos,PUNCT,128,0,delta_ce,0.3224369933555228,16,101,0.16773087253566787,0.5094163800343048
pos,PUNCT,128,0,kl_full_to_compact,0.3261098772688355,16,101,0.23865421484577898,0.43939673346792063
pos,PUNCT,128,0,top1_changed,0.2450892857142857,16,101,0.17224144345238096,0.31117187499999993
pos,SCONJ,128,0,delta_ce,0.11664525145721254,11,19,-0.4035397684074599,0.517660667594155
pos,SCONJ,128,0,kl_full_to_compact,0.29848459737629374,11,19,0.18825962347592315,0.4204463965908596
pos,SCONJ,128,0,top1_changed,0.5378787878787878,11,19,0.28787878787878785,0.7878787878787878
pos,SPACE,128,0,delta_ce,0.17648856188876985,16,79,-0.02586618444602133,0.3860329233425373
pos,SPACE,128,0,kl_full_to_compact,0.2912383933833249,16,79,0.14561042380094932,0.5054505008505733
pos,SPACE,128,0,top1_changed,0.14270833333333333,16,79,0.053125000000000006,0.24585937499999988
pos,VERB,128,0,delta_ce,0.5815349458556298,16,104,0.30476583889872544,0.9683647348749966
pos,VERB,128,0,kl_full_to_compact,0.30485195180623453,16,104,0.17655998676607462,0.5354891835050676
pos,VERB,128,0,top1_changed,0.35132575757575757,16,104,0.23475142045454545,0.47419744318181817
pos,X,128,0,delta_ce,0.06635743379592896,2,2,-1.0669784545898438,1.1996933221817017
pos,X,128,0,kl_full_to_compact,0.33851082623004913,2,2,0.12861129641532898,0.5484103560447693
pos,X,128,0,top1_changed,0.5,2,2,0.0,1.0
pos,ADJ,128,4,delta_ce,0.1991394744892953,14,66,-0.05566512803224367,0.46367009352417465
pos,ADJ,128,4,kl_full_to_compact,0.23115238969748422,14,66,0.1699428783864451,0.3039289714247154
pos,ADJ,128,4,top1_changed,0.30697278911564624,14,66,0.19896683673469384,0.3993197278911564
pos,ADP,128,4,delta_ce,0.15162886782296878,16,94,0.005239809125268324,0.29462656817532185
pos,ADP,128,4,kl_full_to_compact,0.1950705977561204,16,94,0.14931778451330333,0.24972228472655036
pos,ADP,128,4,top1_changed,0.1929563492063492,16,94,0.09892113095238095,0.3030939980158729
pos,ADV,128,4,delta_ce,0.5463944117679741,11,31,0.24185863654721865,0.9037612550084787
pos,ADV,128,4,kl_full_to_compact,0.3178605539734814,11,31,0.20679509098747403,0.45439307768551357
pos,ADV,128,4,top1_changed,0.3606060606060606,11,31,0.1787878787878788,0.5424242424242425
pos,AUX,128,4,delta_ce,-0.02111678723575306,14,52,-0.16239634924815322,0.13094320127385703
pos,AUX,128,4,kl_full_to_compact,0.1879448410844253,14,52,0.14273934676533653,0.23018352962137814
pos,AUX,128,4,top1_changed,0.3000850340136054,14,52,0.14828443877551023,0.48346088435374135
pos,CCONJ,128,4,delta_ce,-0.036730917129251694,15,38,-0.24875614060709872,0.22281908510045836
pos,CCONJ,128,4,kl_full_to_compact,0.23697179822872083,15,38,0.15257667699259603,0.33675156989497024
pos,CCONJ,128,4,top1_changed,0.27777777777777773,15,38,0.12222222222222222,0.4444444444444445
pos,DET,128,4,delta_ce,0.15151501590652125,16,68,0.03662775407977668,0.2795185189557794
pos,DET,128,4,kl_full_to_compact,0.2328948650040686,16,68,0.18199515013287532,0.3026044849866801
pos,DET,128,4,top1_changed,0.16785714285714284,16,68,0.08504092261904761,0.25223214285714285
pos,INTJ,128,4,delta_ce,0.19769930839538574,2,2,-0.09502935409545898,0.49042797088623047
pos,INTJ,128,4,kl_full_to_compact,0.17108043283224106,2,2,0.0919342190027237,0.2502266466617584
pos,INTJ,128,4,top1_changed,0.0,2,2,0.0,0.0
pos,NOUN,128,4,delta_ce,0.5682867133469355,16,168,0.34306454415077725,0.7966512225673635
pos,NOUN,128,4,kl_full_to_compact,0.5028566417737427,16,168,0.3310565906885821,0.7299872488667318
pos,NOUN,128,4,top1_changed,0.40384712144580565,16,168,0.3274721961152882,0.4835741757328928
pos,NUM,128,4,delta_ce,0.2372533492407658,6,19,0.02905029058456421,0.45555318504811193
pos,NUM,128,4,kl_full_to_compact,0.27778199152865757,6,19,0.06746653167065234,0.659733202960342
pos,NUM,128,4,top1_changed,0.19444444444444442,6,19,0.0,0.4166666666666667
pos,PART,128,4,delta_ce,0.0964824387182792,11,24,-0.10193976014485638,0.3424137984789116
pos,PART,128,4,kl_full_to_compact,0.2785503382032568,11,24,0.08814984213024604,0.626010666783391
pos,PART,128,4,top1_changed,0.19696969696969696,11,24,0.0303030303030303,0.4090909090909091
pos,PRON,128,4,delta_ce,0.19932929630424087,15,113,0.09933693190692387,0.3109119067341112
pos,PRON,128,4,kl_full_to_compact,0.21164628355845935,15,113,0.16486235506049904,0.26187348930536436
pos,PRON,128,4,top1_changed,0.18311051693404634,15,113,0.11447539116656763,0.24739341948900775
pos,PROPN,128,4,delta_ce,2.14444042699737,14,44,0.6273815497092259,3.753888854492886
pos,PROPN,128,4,kl_full_to_compact,1.4081463921776352,14,44,0.5871865166970696,2.407445354853116
pos,PROPN,128,4,top1_changed,0.42159863945578235,14,44,0.2428061224489796,0.6202380952380951
pos,PUNCT,128,4,delta_ce,0.29173736081325585,16,101,0.12609645424425484,0.47573748882375794
pos,PUNCT,128,4,kl_full_to_compact,0.32639736359918653,16,101,0.23740034463193815,0.4412090248092066
pos,PUNCT,128,4,top1_changed,0.23665674603174605,16,101,0.15927393353174601,0.3081634424603174
pos,SCONJ,128,4,delta_ce,0.1178809113969857,11,19,-0.3969555388987911,0.48628578763666785
pos,SCONJ,128,4,kl_full_to_compact,0.322802867521673,11,19,0.20053147691704168,0.460240347926138
pos,SCONJ,128,4,top1_changed,0.5303030303030303,11,19,0.25757575757575757,0.8030303030303029
pos,SPACE,128,4,delta_ce,0.15762920397091876,16,79,-0.032570463355055694,0.3735827119868249
pos,SPACE,128,4,kl_full_to_compact,0.28287986999785064,16,79,0.1457795375550389,0.49008953626796303
pos,SPACE,128,4,top1_changed,0.14427083333333335,16,79,0.053098958333333335,0.24585937499999985
pos,VERB,128,4,delta_ce,0.5943805353838163,16,104,0.310707873153786,0.9722154688224965
pos,VERB,128,4,kl_full_to_compact,0.3124584459175507,16,104,0.17681994229641151,0.5537434934287562
pos,VERB,128,4,top1_changed,0.3502367424242424,16,104,0.23408972537878786,0.4771058238636362
pos,X,128,4,delta_ce,-0.005729973316192627,2,2,-1.046875,1.0354150533676147
pos,X,128,4,kl_full_to_compact,0.316413089632988,2,2,0.1356123983860016,0.49721378087997437
pos,X,128,4,top1_changed,0.5,2,2,0.0,1.0
pos,ADJ,128,16,delta_ce,0.22540450465155065,14,66,-0.009138911951290315,0.4771833962966879
pos,ADJ,128,16,kl_full_to_compact,0.25516558353302904,14,66,0.18869107399423948,0.33348596147925796
pos,ADJ,128,16,top1_changed,0.28401360544217685,14,66,0.17431122448979594,0.39727891156462586
pos,ADP,128,16,delta_ce,0.1796583374515259,16,94,0.040705820193432454,0.3126486145134894
pos,ADP,128,16,kl_full_to_compact,0.21008149193279219,16,94,0.16213578618918537,0.26726304808391776
pos,ADP,128,16,top1_changed,0.20337301587301587,16,94,0.11282242063492062,0.3058035714285714
pos,ADV,128,16,delta_ce,0.5112431534897592,11,31,0.20865189442580398,0.8817613408569542
pos,ADV,128,16,kl_full_to_compact,0.3244862992990283,11,31,0.21469613517366465,0.4621719388559347
pos,ADV,128,16,top1_changed,0.4151515151515151,11,31,0.2090909090909091,0.6151515151515151
pos,AUX,128,16,delta_ce,0.0001906220059917918,14,52,-0.18226297162869173,0.19583899538327298
pos,AUX,128,16,kl_full_to_compact,0.20867970266686683,14,52,0.16166476801548987,0.2559029306885056
pos,AUX,128,16,top1_changed,0.3000850340136054,14,52,0.14123937074829931,0.4673745748299319
pos,CCONJ,128,16,delta_ce,0.12208317170540492,15,38,-0.12903585232794285,0.40633518551786724
pos,CCONJ,128,16,kl_full_to_compact,0.3054632890555594,15,38,0.17258090385649766,0.48447792399208967
pos,CCONJ,128,16,top1_changed,0.3444444444444444,15,38,0.16666666666666666,0.5333333333333333
pos,DET,128,16,delta_ce,0.14242325222917965,16,68,0.008403328867584822,0.28568763106828554
pos,DET,128,16,kl_full_to_compact,0.25962910437804004,16,68,0.2097003018981611,0.32165306243730196
pos,DET,128,16,top1_changed,0.21941964285714283,16,68,0.13696986607142855,0.30260788690476187
pos,INTJ,128,16,delta_ce,0.1730821132659912,2,2,-0.2959303855895996,0.642094612121582
pos,INTJ,128,16,kl_full_to_compact,0.18201836198568344,2,2,0.09827212989330292,0.26576459407806396
pos,INTJ,128,16,top1_changed,0.5,2,2,0.0,1.0
pos,NOUN,128,16,delta_ce,0.5627676191919249,16,168,0.36457201082887813,0.7769459950299099
pos,NOUN,128,16,kl_full_to_compact,0.5228719566609532,16,168,0.3724086115240564,0.7359697950590673
pos,NOUN,128,16,top1_changed,0.4219748270735113,16,168,0.34240345477804357,0.5044874526515152
pos,NUM,128,16,delta_ce,0.2419868140377932,6,19,0.07908336394932121,0.41259115603235036
pos,NUM,128,16,kl_full_to_compact,0.28388049291679635,6,19,0.06870004794327542,0.6617017654236405
pos,NUM,128,16,top1_changed,0.08333333333333333,6,19,0.0,0.25
pos,PART,128,16,delta_ce,0.14065676286365048,11,24,-0.09602751699473824,0.407754895257001
pos,PART,128,16,kl_full_to_compact,0.31304157214295686,11,24,0.09588771812956443,0.7087632827871392
pos,PART,128,16,top1_changed,0.19696969696969696,11,24,0.0303030303030303,0.4090909090909091
pos,PRON,128,16,delta_ce,0.23928097284340497,15,113,0.1500064258333722,0.345319527673932
pos,PRON,128,16,kl_full_to_compact,0.234839656223118,15,113,0.17550997582624728,0.2988562879877689
pos,PRON,128,16,top1_changed,0.2269310754604872,15,113,0.1441835016835017,0.30588742820360465
pos,PROPN,128,16,delta_ce,2.3739200716190036,14,44,0.8983798852617825,4.094865489848328
pos,PROPN,128,16,kl_full_to_compact,1.525539935434112,14,44,0.669619054597926,2.5001389903649938
pos,PROPN,128,16,top1_changed,0.4037414965986395,14,44,0.23111819727891156,0.6059821428571427
pos,PUNCT,128,16,delta_ce,0.3340739678007565,16,101,0.18388949206688382,0.5056658081116435
pos,PUNCT,128,16,kl_full_to_compact,0.35641632304011317,16,101,0.2576170628419121,0.46779492027153263
pos,PUNCT,128,16,top1_changed,0.2589781746031746,16,101,0.19765625,0.3216827876984127
pos,SCONJ,128,16,delta_ce,0.16868580632250418,11,19,-0.3575683859430931,0.616802971443923
pos,SCONJ,128,16,kl_full_to_compact,0.3571971791627055,11,19,0.19152394800700923,0.562045142200606
pos,SCONJ,128,16,top1_changed,0.5909090909090909,11,19,0.34848484848484845,0.8333333333333333
pos,SPACE,128,16,delta_ce,0.22242885144739072,16,79,-0.018525533987509935,0.5289192051845353
pos,SPACE,128,16,kl_full_to_compact,0.3611732508055866,16,79,0.1638173956047831,0.6617837324536231
pos,SPACE,128,16,top1_changed,0.15677083333333333,16,79,0.06507812499999999,0.25835937499999984
pos,VERB,128,16,delta_ce,0.6525459868579551,16,104,0.37413085913234495,1.0423621047952232
pos,VERB,128,16,kl_full_to_compact,0.3341034536966192,16,104,0.2070215385983358,0.5310225053529577
pos,VERB,128,16,top1_changed,0.3601325757575758,16,104,0.24611032196969698,0.4821070075757576
pos,X,128,16,delta_ce,0.39732128381729126,2,2,-0.7385635375976562,1.5332061052322388
pos,X,128,16,kl_full_to_compact,0.39191924035549164,2,2,0.13114377856254578,0.6526947021484375
pos,X,128,16,top1_changed,0.5,2,2,0.0,1.0
pos,ADJ,512,0,delta_ce,0.15688124866007835,14,66,-0.023070434001286284,0.4036128783896549
pos,ADJ,512,0,kl_full_to_compact,0.11322074212357805,14,66,0.0704475580382409,0.1796226664607672
pos,ADJ,512,0,top1_changed,0.2076530612244898,14,66,0.11275510204081633,0.3265433673469387
pos,ADP,512,0,delta_ce,0.058811875735195376,16,94,-0.025687927911364854,0.14362627535275102
pos,ADP,512,0,kl_full_to_compact,0.09310194304855943,16,94,0.05901173570800362,0.1422234445333227
pos,ADP,512,0,top1_changed,0.1857638888888889,16,94,0.08854166666666666,0.29171006944444416
pos,ADV,512,0,delta_ce,0.04550149914346437,11,31,-0.19277854388153315,0.24475216710918837
pos,ADV,512,0,kl_full_to_compact,0.14815844646738807,11,31,0.08428487756062333,0.23961644321257825
pos,ADV,512,0,top1_changed,0.24393939393939393,11,31,0.12571969696969698,0.36666666666666664
pos,AUX,512,0,delta_ce,-0.04930045079490563,14,52,-0.12617709142482225,0.01792211783824954
pos,AUX,512,0,kl_full_to_compact,0.05605498990527082,14,52,0.04252825472791178,0.0709127215961082
pos,AUX,512,0,top1_changed,0.12142857142857143,14,52,0.014285714285714287,0.2523809523809524
pos,CCONJ,512,0,delta_ce,0.021821634305848017,15,38,-0.09686149849659866,0.1411256196267075
pos,CCONJ,512,0,kl_full_to_compact,0.11613387890780967,15,38,0.08427960785804316,0.15215380585597205
pos,CCONJ,512,0,top1_changed,0.1722222222222222,15,38,0.03888888888888888,0.3499999999999999
pos,DET,512,0,delta_ce,0.03941880683414638,16,68,-0.07013233386484595,0.16057171765326825
pos,DET,512,0,kl_full_to_compact,0.14161420729582286,16,68,0.10085121369984422,0.20476444751352701
pos,DET,512,0,top1_changed,0.09285714285714286,16,68,0.030357142857142857,0.16071986607142852
pos,INTJ,512,0,delta_ce,-0.035050153732299805,2,2,-0.36231136322021484,0.29221105575561523
pos,INTJ,512,0,kl_full_to_compact,0.08789968118071556,2,2,0.04986739903688431,0.12593196332454681
pos,INTJ,512,0,top1_changed,0.5,2,2,0.0,1.0
pos,NOUN,512,0,delta_ce,0.35647068382834024,16,168,0.14610197764157526,0.590591883270515
pos,NOUN,512,0,kl_full_to_compact,0.33818891518081645,16,168,0.16617751462848002,0.5580731478585486
pos,NOUN,512,0,top1_changed,0.2591215893025104,16,168,0.17289481260698367,0.361471054530265
pos,NUM,512,0,delta_ce,0.30728079484122445,6,19,0.1645073087255393,0.4053168435477548
pos,NUM,512,0,kl_full_to_compact,0.19841822829819447,6,19,0.03091546739653697,0.5005708360630605
pos,NUM,512,0,top1_changed,0.19444444444444442,6,19,0.0,0.4166666666666667
pos,PART,512,0,delta_ce,-0.11356139659147822,11,24,-0.28104123667947895,0.040250870566180076
pos,PART,512,0,kl_full_to_compact,0.2776111290126926,11,24,0.03543356098583899,0.7436897406531285
pos,PART,512,0,top1_changed,0.13636363636363635,11,24,0.0,0.36363636363636365
pos,PRON,512,0,delta_ce,0.05000736323178763,15,113,-0.00035939448850093227,0.10756967124037789
pos,PRON,512,0,kl_full_to_compact,0.08931555118860518,15,113,0.060911668531029875,0.12714983498873203
pos,PRON,512,0,top1_changed,0.18856704297880766,15,113,0.11451314616755795,0.26003552683699743
pos,PROPN,512,0,delta_ce,0.7855834229570516,14,44,-0.11044120674547393,1.8429734020978095
pos,PROPN,512,0,kl_full_to_compact,0.6636506753687376,14,44,0.18274062461678064,1.4716808383186504
pos,PROPN,512,0,top1_changed,0.2,14,44,0.08330357142857142,0.3191071428571426
pos,PUNCT,512,0,delta_ce,0.08320273691788314,16,101,-0.04430266133720233,0.23537728289009177
pos,PUNCT,512,0,kl_full_to_compact,0.19774355926180892,16,101,0.10425047370986872,0.3255284945203148
pos,PUNCT,512,0,top1_changed,0.16279761904761902,16,101,0.09483878968253968,0.23462797619047615
pos,SCONJ,512,0,delta_ce,-0.07576138864864003,11,19,-0.4378572699698534,0.2292088203357926
pos,SCONJ,512,0,kl_full_to_compact,0.18617316082500937,11,19,0.10517843934014144,0.28304565865758124
pos,SCONJ,512,0,top1_changed,0.4242424242424242,11,19,0.1515151515151515,0.696969696969697
pos,SPACE,512,0,delta_ce,0.006829358704029186,16,79,-0.10028310407574281,0.1273954863991456
pos,SPACE,512,0,kl_full_to_compact,0.12655832505643805,16,79,0.05889788542180081,0.23516975476706173
pos,SPACE,512,0,top1_changed,0.103125,16,79,0.037343750000000016,0.18125
pos,VERB,512,0,delta_ce,0.16502250752868453,16,104,0.07248155945780074,0.2579007797755028
pos,VERB,512,0,kl_full_to_compact,0.10467343905879893,16,104,0.06755249229195613,0.1638668837988531
pos,VERB,512,0,top1_changed,0.23423295454545456,16,104,0.15595525568181817,0.3082410037878788
pos,X,512,0,delta_ce,-0.32741379737854004,2,2,-0.3660602569580078,-0.28876733779907227
pos,X,512,0,kl_full_to_compact,0.19881796464323997,2,2,0.04070722311735153,0.3569287061691284
pos,X,512,0,top1_changed,0.0,2,2,0.0,0.0
pos,ADJ,512,4,delta_ce,0.150504749514686,14,66,-0.028475050711871158,0.41677430652670566
pos,ADJ,512,4,kl_full_to_compact,0.11449094628423197,14,66,0.07105618095843594,0.179564893012684
pos,ADJ,512,4,top1_changed,0.20408163265306123,14,66,0.11989795918367345,0.2954081632653061
pos,ADP,512,4,delta_ce,0.05427881861834417,16,94,-0.03621749351808972,0.1446499333261213
pos,ADP,512,4,kl_full_to_compact,0.09503558291390772,16,94,0.061868917208223496,0.14352771578027645
pos,ADP,512,4,top1_changed,0.18687996031746032,16,94,0.08814794146825396,0.2999751984126984
pos,ADV,512,4,delta_ce,0.05395684721473971,11,31,-0.16172400564406852,0.24815413364980476
pos,ADV,512,4,kl_full_to_compact,0.15093966190787877,11,31,0.08601372928189283,0.24427310955033385
pos,ADV,512,4,top1_changed,0.19848484848484846,11,31,0.08636363636363636,0.3181818181818182
pos,AUX,512,4,delta_ce,-0.04025943703366582,14,52,-0.11231484260555787,0.02399534215849702
pos,AUX,512,4,kl_full_to_compact,0.05611296895001287,14,52,0.042835845896890254,0.06981894265207364
pos,AUX,512,4,top1_changed,0.0976190476190476,14,52,0.011904761904761904,0.21666666666666662
pos,CCONJ,512,4,delta_ce,0.036700909833113346,15,38,-0.08455419703076283,0.1594616050521531
pos,CCONJ,512,4,kl_full_to_compact,0.11712336077665289,15,38,0.08604045987594873,0.15149740200748457
pos,CCONJ,512,4,top1_changed,0.1722222222222222,15,38,0.03888888888888888,0.33333333333333326
pos,DET,512,4,delta_ce,0.029972317597518363,16,68,-0.08115415651506434,0.16079183501113822
pos,DET,512,4,kl_full_to_compact,0.14601833560404237,16,68,0.1014946173215451,0.2156651447133793
pos,DET,512,4,top1_changed,0.09754464285714286,16,68,0.0390625,0.1556566220238095
pos,INTJ,512,4,delta_ce,-0.03552985191345215,2,2,-0.35753393173217773,0.28647422790527344
pos,INTJ,512,4,kl_full_to_compact,0.083159688860178,2,2,0.04722651094198227,0.11909286677837372
pos,INTJ,512,4,top1_changed,0.5,2,2,0.0,1.0
pos,NOUN,512,4,delta_ce,0.3587891124317708,16,168,0.15014328771056698,0.5866160516642704
pos,NOUN,512,4,kl_full_to_compact,0.3372355373560654,16,168,0.16568452560832395,0.581940296433651
pos,NOUN,512,4,top1_changed,0.23876636886505306,16,168,0.1646208250813514,0.3199540428960658
pos,NUM,512,4,delta_ce,0.32876520059556547,6,19,0.17940715930017181,0.4412413040796916
pos,NUM,512,4,kl_full_to_compact,0.1996462063294732,6,19,0.02954104535488618,0.49933568187989286
pos,NUM,512,4,top1_changed,0.1111111111111111,6,19,0.0,0.3333333333333333
pos,PART,512,4,delta_ce,-0.11562057642096822,11,24,-0.2618282911791042,0.046281435166231594
pos,PART,512,4,kl_full_to_compact,0.2838939650887341,11,24,0.03662182196664313,0.7578344794702857
pos,PART,512,4,top1_changed,0.13636363636363635,11,24,0.0,0.36363636363636365
pos,PRON,512,4,delta_ce,0.04601169602283155,15,113,-0.003333517981674334,0.10620561954929128
pos,PRON,512,4,kl_full_to_compact,0.08998101085573944,15,113,0.06275256794668631,0.12814246177438188
pos,PRON,512,4,top1_changed,0.18250643691820162,15,113,0.11060581303228362,0.26010385719944545
pos,PROPN,512,4,delta_ce,0.7806623871785074,14,44,-0.1090765601799975,1.813922370927623
pos,PROPN,512,4,kl_full_to_compact,0.6565288025397985,14,44,0.16703723004157103,1.459405544236998
pos,PROPN,512,4,top1_changed,0.16785714285714287,14,44,0.06068452380952382,0.2988095238095238
pos,PUNCT,512,4,delta_ce,0.09727719809919123,16,101,-0.036453868621287654,0.272567408300404
pos,PUNCT,512,4,kl_full_to_compact,0.19732354870103005,16,101,0.10308423670877967,0.3210633161060867
pos,PUNCT,512,4,top1_changed,0.15238095238095237,16,101,0.08789682539682539,0.22274801587301574
pos,SCONJ,512,4,delta_ce,-0.050809394370651614,11,19,-0.3728597635156334,0.23994876597655201
pos,SCONJ,512,4,kl_full_to_compact,0.18302928469369587,11,19,0.09976357440781695,0.27278758736369596
pos,SCONJ,512,4,top1_changed,0.4242424242424242,11,19,0.1515151515151515,0.7272727272727273
pos,SPACE,512,4,delta_ce,0.0003416569173774961,16,79,-0.10838704307182752,0.10995118464741527
pos,SPACE,512,4,kl_full_to_compact,0.12909486031174233,16,79,0.06015679985739448,0.23756325417068055
pos,SPACE,512,4,top1_changed,0.0875,16,79,0.025,0.16875
pos,VERB,512,4,delta_ce,0.1725811809121942,16,104,0.0913863161190232,0.257313291476988
pos,VERB,512,4,kl_full_to_compact,0.10436542525287629,16,104,0.06763145935465116,0.1565106125976294
pos,VERB,512,4,top1_changed,0.21860795454545456,16,104,0.139765625,0.3014796401515151
pos,X,512,4,delta_ce,-0.25614655017852783,2,2,-0.2765076160430908,-0.23578548431396484
pos,X,512,4,kl_full_to_compact,0.1903749816119671,2,2,0.03776850551366806,0.3429814577102661
pos,X,512,4,top1_changed,0.0,2,2,0.0,0.0
pos,ADJ,512,16,delta_ce,0.16496298153643957,14,66,-0.021139424884601556,0.4085510059276937
pos,ADJ,512,16,kl_full_to_compact,0.11350821064059805,14,66,0.06937715456766468,0.18246465600554077
pos,ADJ,512,16,top1_changed,0.16173469387755102,14,66,0.08673469387755102,0.23724489795918366
pos,ADP,512,16,delta_ce,0.05983323781877465,16,94,-0.02127137584812256,0.13898715953711846
pos,ADP,512,16,kl_full_to_compact,0.09714062186846655,16,94,0.06333343582437571,0.14543484021701938
pos,ADP,512,16,top1_changed,0.18836805555555555,16,94,0.08246527777777778,0.30729166666666663
pos,ADV,512,16,delta_ce,0.07875393806448715,11,31,-0.12756052865530365,0.26058407957782037
pos,ADV,512,16,kl_full_to_compact,0.14876304590650374,11,31,0.0844932287129764,0.23400356567181668
pos,ADV,512,16,top1_changed,0.24393939393939393,11,31,0.11662878787878787,0.37121212121212116
pos,AUX,512,16,delta_ce,-0.05021222599332227,14,52,-0.11948915231047945,0.015786896636297756
pos,AUX,512,16,kl_full_to_compact,0.05774319763374547,14,52,0.04345652487198664,0.07159322205228892
pos,AUX,512,16,top1_changed,0.0976190476190476,14,52,0.01422619047619048,0.21196428571428538
pos,CCONJ,512,16,delta_ce,0.03515229490068224,15,38,-0.08174359751244387,0.1591628707945346
pos,CCONJ,512,16,kl_full_to_compact,0.11826949680431022,15,38,0.0853311966871843,0.15681006513225534
pos,CCONJ,512,16,top1_changed,0.1722222222222222,15,38,0.04444444444444444,0.33902777777777704
pos,DET,512,16,delta_ce,0.04864120147457081,16,68,-0.06373586263962179,0.1855011765928828
pos,DET,512,16,kl_full_to_compact,0.1465981693848291,16,68,0.09906721053142974,0.22197150495916765
pos,DET,512,16,top1_changed,0.09285714285714286,16,68,0.03125,0.1610863095238095
pos,INTJ,512,16,delta_ce,0.01183772087097168,2,2,-0.22478389739990234,0.2484593391418457
pos,INTJ,512,16,kl_full_to_compact,0.0811462327837944,2,2,0.048882901668548584,0.11340956389904022
pos,INTJ,512,16,top1_changed,0.5,2,2,0.0,1.0
pos,NOUN,512,16,delta_ce,0.3659362976618414,16,168,0.15852452088234611,0.5899075860418499
pos,NOUN,512,16,kl_full_to_compact,0.33472115297951116,16,168,0.16916742068167345,0.5822225358182966
pos,NOUN,512,16,top1_changed,0.2562491145550356,16,168,0.17677334772318326,0.33995659288628033
pos,NUM,512,16,delta_ce,0.2944467263422363,6,19,0.16769547360696982,0.40160675905644894
pos,NUM,512,16,kl_full_to_compact,0.1967769511508878,6,19,0.031521960922044755,0.49942927784286445
pos,NUM,512,16,top1_changed,0.1111111111111111,6,19,0.0,0.3333333333333333
pos,PART,512,16,delta_ce,-0.12346261098247134,11,24,-0.2800015181439195,0.04992190381667254
pos,PART,512,16,kl_full_to_compact,0.2918801705338851,11,24,0.03805709902800365,0.7773898015320866
pos,PART,512,16,top1_changed,0.13636363636363635,11,24,0.0,0.3181818181818182
pos,PRON,512,16,delta_ce,0.061476176709319354,15,113,0.013943488352181491,0.11659987357687371
pos,PRON,512,16,kl_full_to_compact,0.09288201555135765,15,113,0.06547703463215578,0.1304836445117976
pos,PRON,512,16,top1_changed,0.21676569617746086,15,113,0.14176928599722718,0.29766005644682114
pos,PROPN,512,16,delta_ce,0.7611000306996181,14,44,-0.16976344392753323,1.8231005650874028
pos,PROPN,512,16,kl_full_to_compact,0.6523880013741861,14,44,0.17093157438104173,1.3764338214891219
pos,PROPN,512,16,top1_changed,0.15,14,44,0.05354166666666667,0.2595535714285713
pos,PUNCT,512,16,delta_ce,0.10421309498109162,16,101,-0.054279058931916514,0.29931499198982714
pos,PUNCT,512,16,kl_full_to_compact,0.2066603642177864,16,101,0.10850642719118493,0.33721315389619294
pos,PUNCT,512,16,top1_changed,0.17529761904761904,16,101,0.10614335317460317,0.24762152777777777
pos,SCONJ,512,16,delta_ce,-0.08300648734086388,11,19,-0.4266545200099547,0.19143842473400335
pos,SCONJ,512,16,kl_full_to_compact,0.18421284791618356,11,19,0.10263641478289201,0.27609888210920897
pos,SCONJ,512,16,top1_changed,0.4242424242424242,11,19,0.1515151515151515,0.696969696969697
pos,SPACE,512,16,delta_ce,0.007109911345893734,16,79,-0.11614681023105884,0.14405125678495523
pos,SPACE,512,16,kl_full_to_compact,0.13465222155415785,16,79,0.06171649055278218,0.25088119519519814
pos,SPACE,512,16,top1_changed,0.0875,16,79,0.028125,0.16249999999999998
pos,VERB,512,16,delta_ce,0.19155660810778563,16,104,0.11347411532291021,0.2735342645453163
pos,VERB,512,16,kl_full_to_compact,0.104926144006618,16,104,0.06964097843078869,0.15730749221541465
pos,VERB,512,16,top1_changed,0.24360795454545453,16,104,0.14781841856060607,0.347834990530303
pos,X,512,16,delta_ce,-0.27932238578796387,2,2,-0.40337562561035156,-0.15526914596557617
pos,X,512,16,kl_full_to_compact,0.184485774487257,2,2,0.04062851518392563,0.3283430337905884
pos,X,512,16,top1_changed,0.0,2,2,0.0,0.0
pos,ADJ,1024,0,delta_ce,0.12772355117608608,14,66,0.006136824658954654,0.3052882139702315
pos,ADJ,1024,0,kl_full_to_compact,0.08916918057439034,14,66,0.05166104876609245,0.14501190690733573
pos,ADJ,1024,0,top1_changed,0.17193877551020406,14,66,0.09234693877551019,0.25969387755102036
pos,ADP,1024,0,delta_ce,-0.015316228163706204,16,94,-0.10055021922693162,0.06736287828591458
pos,ADP,1024,0,kl_full_to_compact,0.058680111487322946,16,94,0.044239644219133296,0.07609873973892403
pos,ADP,1024,0,top1_changed,0.11805555555555555,16,94,0.04513888888888889,0.2092013888888889
pos,ADV,1024,0,delta_ce,0.024976940580756588,11,31,-0.23941151667724955,0.23477607843048062
pos,ADV,1024,0,kl_full_to_compact,0.1457688249971287,11,31,0.047921671695743996,0.3115129179791652
pos,ADV,1024,0,top1_changed,0.15303030303030302,11,31,0.053030303030303025,0.2621212121212121
pos,AUX,1024,0,delta_ce,-0.02937570250193987,14,52,-0.10824887700001931,0.036254522314494705
pos,AUX,1024,0,kl_full_to_compact,0.03985449677550227,14,52,0.029617429492643923,0.05142622364616832
pos,AUX,1024,0,top1_changed,0.10238095238095238,14,52,0.028571428571428574,0.18333333333333332
pos,CCONJ,1024,0,delta_ce,-0.038254061755206854,15,38,-0.13130329940881993,0.060551510645697415
pos,CCONJ,1024,0,kl_full_to_compact,0.09496778335629237,15,38,0.07650492446626435,0.11391469628136192
pos,CCONJ,1024,0,top1_changed,0.1722222222222222,15,38,0.04444444444444444,0.3277777777777777
pos,DET,1024,0,delta_ce,-0.029362195861038,16,68,-0.10150920221909127,0.029441049821408702
pos,DET,1024,0,kl_full_to_compact,0.07757343795965425,16,68,0.06238163752510446,0.09673578083922617
pos,DET,1024,0,top1_changed,0.0896577380952381,16,68,0.019345238095238096,0.17819940476190474
pos,INTJ,1024,0,delta_ce,0.25092649459838867,2,2,0.23237991333007812,0.2694730758666992
pos,INTJ,1024,0,kl_full_to_compact,0.05885295383632183,2,2,0.0276792012155056,0.09002670645713806
pos,INTJ,1024,0,top1_changed,0.5,2,2,0.0,1.0
pos,NOUN,1024,0,delta_ce,0.2730777913440168,16,168,0.13018026024420248,0.4256439225131306
pos,NOUN,1024,0,kl_full_to_compact,0.18394256777403367,16,168,0.1012719167542565,0.28374138597900317
pos,NOUN,1024,0,top1_changed,0.20007282556624661,16,168,0.13196806231962482,0.27168201932387787
pos,NUM,1024,0,delta_ce,0.29866387228863056,6,19,0.1364564042787404,0.44861790382613737
pos,NUM,1024,0,kl_full_to_compact,0.17828589386804702,6,19,0.02178003350628488,0.44930833943234255
pos,NUM,1024,0,top1_changed,0.08333333333333333,6,19,0.0,0.25
pos,PART,1024,0,delta_ce,-0.020099640648924947,11,24,-0.10933174618491621,0.08611228514378036
pos,PART,1024,0,kl_full_to_compact,0.060471415763833754,11,24,0.024003098135087362,0.11654104162833055
pos,PART,1024,0,top1_changed,0.13636363636363635,11,24,0.0,0.3181818181818182
pos,PRON,1024,0,delta_ce,0.02618733442121335,15,113,-0.023875540085766356,0.07918444170089516
pos,PRON,1024,0,kl_full_to_compact,0.06863017548585398,15,113,0.04149608243569055,0.10431064211777055
pos,PRON,1024,0,top1_changed,0.13228857199445435,15,113,0.06735244602891662,0.20856258665082186
pos,PROPN,1024,0,delta_ce,0.4906748575087934,14,44,-0.11510590658803786,1.3182340881192065
pos,PROPN,1024,0,kl_full_to_compact,0.4934152431201509,14,44,0.07632677612913391,1.2250236191747306
pos,PROPN,1024,0,top1_changed,0.18571428571428572,14,44,0.07616071428571428,0.3035714285714285
pos,PUNCT,1024,0,delta_ce,0.06387522409943538,16,101,-0.07672214827347834,0.2544384291864804
pos,PUNCT,1024,0,kl_full_to_compact,0.17346811397982825,16,101,0.0738825425817309,0.3078225047798384
pos,PUNCT,1024,0,top1_changed,0.17023809523809524,16,101,0.1021750992063492,0.24237599206349195
pos,SCONJ,1024,0,delta_ce,-0.03798089929941026,11,19,-0.23621470403194317,0.13008608668548688
pos,SCONJ,1024,0,kl_full_to_compact,0.10749467910323857,11,19,0.05259854463140734,0.17525922602578767
pos,SCONJ,1024,0,top1_changed,0.3333333333333333,11,19,0.09090909090909091,0.606060606060606
pos,SPACE,1024,0,delta_ce,-0.021398208538751833,16,79,-0.11749282798555516,0.07159702505520417
pos,SPACE,1024,0,kl_full_to_compact,0.07141978708014941,16,79,0.037940690166641006,0.11642796322109462
pos,SPACE,1024,0,top1_changed,0.06666666666666667,16,79,0.02291666666666667,0.11770833333333333
pos,VERB,1024,0,delta_ce,0.14150515039329303,16,104,0.09128189912311545,0.19163339087660713
pos,VERB,1024,0,kl_full_to_compact,0.0779537106076147,16,104,0.048935131892798994,0.1218951707783251
pos,VERB,1024,0,top1_changed,0.20298295454545456,16,104,0.12838541666666667,0.27760416666666665
pos,X,1024,0,delta_ce,-0.1461961269378662,2,2,-0.2812232971191406,-0.011168956756591797
pos,X,1024,0,kl_full_to_compact,0.11786894500255585,2,2,0.01884627342224121,0.21689161658287048
pos,X,1024,0,top1_changed,0.0,2,2,0.0,0.0
pos,ADJ,1024,4,delta_ce,0.12033705773239094,14,66,-0.006441575842026501,0.3088624077277586
pos,ADJ,1024,4,kl_full_to_compact,0.08846403525341488,14,66,0.05160167393101244,0.15043263977510712
pos,ADJ,1024,4,top1_changed,0.19234693877551018,14,66,0.11275510204081633,0.271938775510204
pos,ADP,1024,4,delta_ce,-0.011960711287821559,16,94,-0.08708564394646824,0.06042759343021532
pos,ADP,1024,4,kl_full_to_compact,0.059253978968886914,16,94,0.04382575750007185,0.07904581397811485
pos,ADP,1024,4,top1_changed,0.1501736111111111,16,94,0.0625,0.2508897569444443
pos,ADV,1024,4,delta_ce,0.012784777406010438,11,31,-0.254003544151783,0.2215602420777378
pos,ADV,1024,4,kl_full_to_compact,0.14591721851831993,11,31,0.04768003923188106,0.30637644720925866
pos,ADV,1024,4,top1_changed,0.13484848484848483,11,31,0.045454545454545456,0.2333333333333333
pos,AUX,1024,4,delta_ce,-0.030661824628786777,14,52,-0.10068349543284169,0.03036525853244317
pos,AUX,1024,4,kl_full_to_compact,0.0369898841731396,14,52,0.02849947604689301,0.045481645537541894
pos,AUX,1024,4,top1_changed,0.07857142857142858,14,52,0.011904761904761904,0.15476190476190474
pos,CCONJ,1024,4,delta_ce,-0.03934616363710827,15,38,-0.1305769765170084,0.057184165087011074
pos,CCONJ,1024,4,kl_full_to_compact,0.0946512322096775,15,38,0.0766794083369637,0.11585550664290267
pos,CCONJ,1024,4,top1_changed,0.1722222222222222,15,38,0.03888888888888888,0.3333333333333333
pos,DET,1024,4,delta_ce,-0.031629164370575114,16,68,-0.11286020376752796,0.0393110238242938
pos,DET,1024,4,kl_full_to_compact,0.07723651718295602,16,68,0.06172289445160589,0.09603447047548322
pos,DET,1024,4,top1_changed,0.0896577380952381,16,68,0.027157738095238092,0.16668526785714274
pos,INTJ,1024,4,delta_ce,0.1989755630493164,2,2,0.1324453353881836,0.2655057907104492
pos,INTJ,1024,4,kl_full_to_compact,0.058733757585287094,2,2,0.026431910693645477,0.09103560447692871
pos,INTJ,1024,4,top1_changed,0.5,2,2,0.0,1.0
pos,NOUN,1024,4,delta_ce,0.2594885672733935,16,168,0.12009455535239323,0.41132031886303144
pos,NOUN,1024,4,kl_full_to_compact,0.18413655430311515,16,168,0.10485432624399682,0.28594426048983623
pos,NOUN,1024,4,top1_changed,0.21094505823124243,16,168,0.13410402097902097,0.2928934997294371
pos,NUM,1024,4,delta_ce,0.25975373565128795,6,19,0.12179145024080451,0.38916962273004985
pos,NUM,1024,4,kl_full_to_compact,0.1756566998261001,6,19,0.022323989810603153,0.4438030180026544
pos,NUM,1024,4,top1_changed,0.16666666666666666,6,19,0.0,0.3333333333333333
pos,PART,1024,4,delta_ce,-0.007957188243215734,11,24,-0.1255360835993832,0.11689438845284954
pos,PART,1024,4,kl_full_to_compact,0.05916777662756485,11,24,0.025934508956261468,0.11317590453034039
pos,PART,1024,4,top1_changed,0.13636363636363635,11,24,0.0,0.3181818181818182
pos,PRON,1024,4,delta_ce,0.03184784086052034,15,113,-0.01829786299309993,0.08470346171234573
pos,PRON,1024,4,kl_full_to_compact,0.06774719107766762,15,113,0.04106147037058556,0.10346246144015818
pos,PRON,1024,4,top1_changed,0.14440978411566646,15,113,0.07428649237472768,0.22397207367795594
pos,PROPN,1024,4,delta_ce,0.493648501444524,14,44,-0.1088616377355564,1.4209137190701535
pos,PROPN,1024,4,kl_full_to_compact,0.4953587722126513,14,44,0.07768086013955103,1.2379392760751509
pos,PROPN,1024,4,top1_changed,0.15,14,44,0.049999999999999996,0.264315476190476
pos,PUNCT,1024,4,delta_ce,0.054015086188224995,16,101,-0.08511083799799153,0.23989441455266108
pos,PUNCT,1024,4,kl_full_to_compact,0.17213576455826463,16,101,0.07114988383163498,0.31151958178459144
pos,PUNCT,1024,4,top1_changed,0.17916666666666664,16,101,0.09940228174603175,0.26499255952380946
pos,SCONJ,1024,4,delta_ce,-0.05635931802857102,11,19,-0.25133974410833393,0.12051859540145156
pos,SCONJ,1024,4,kl_full_to_compact,0.11018304315494429,11,19,0.05405595546269041,0.18159434486773193
pos,SCONJ,1024,4,top1_changed,0.3333333333333333,11,19,0.09090909090909091,0.606060606060606
pos,SPACE,1024,4,delta_ce,-0.015202069883919953,16,79,-0.10883820511981185,0.07590274993134319
pos,SPACE,1024,4,kl_full_to_compact,0.07265754501478719,16,79,0.03930111830841345,0.12251259242215383
pos,SPACE,1024,4,top1_changed,0.06666666666666667,16,79,0.02291666666666667,0.11875
pos,VERB,1024,4,delta_ce,0.1477203934134073,16,104,0.09412056742416847,0.1993841380563411
pos,VERB,1024,4,kl_full_to_compact,0.07912987871623911,16,104,0.05085644797526155,0.12227645973594096
pos,VERB,1024,4,top1_changed,0.21647727272727274,16,104,0.1452154356060606,0.2924266098484849
pos,X,1024,4,delta_ce,-0.17673254013061523,2,2,-0.2982654571533203,-0.055199623107910156
pos,X,1024,4,kl_full_to_compact,0.11971030663698912,2,2,0.02159956656396389,0.21782104671001434
pos,X,1024,4,top1_changed,0.0,2,2,0.0,0.0
pos,ADJ,1024,16,delta_ce,0.11880571060242973,14,66,-0.004938573056951145,0.3017745091366595
pos,ADJ,1024,16,kl_full_to_compact,0.08716378432672711,14,66,0.05153225572491149,0.14332834127558028
pos,ADJ,1024,16,top1_changed,0.2066326530612245,14,66,0.1127423469387755,0.30002551020408147
pos,ADP,1024,16,delta_ce,-0.005734908915476181,16,94,-0.09368689255655502,0.07194307348817441
pos,ADP,1024,16,kl_full_to_compact,0.06086350125670357,16,94,0.044478374512070894,0.08301545072442876
pos,ADP,1024,16,top1_changed,0.1501736111111111,16,94,0.0625,0.25525173611111085
pos,ADV,1024,16,delta_ce,0.013457796854940663,11,31,-0.2455279877901194,0.2140351947497004
pos,ADV,1024,16,kl_full_to_compact,0.1468706363838547,11,31,0.048016140541506255,0.3028113382424635
pos,ADV,1024,16,top1_changed,0.15303030303030302,11,31,0.05454545454545456,0.2606439393939392
pos,AUX,1024,16,delta_ce,-0.020549577551253997,14,52,-0.09049475553515207,0.038901670997626564
pos,AUX,1024,16,kl_full_to_compact,0.03731464417251366,14,52,0.028933965595993236,0.04557471346758705
pos,AUX,1024,16,top1_changed,0.06428571428571428,14,52,0.011904761904761904,0.12142857142857141
pos,CCONJ,1024,16,delta_ce,-0.03918362036347389,15,38,-0.13244736904899276,0.05773645080005126
pos,CCONJ,1024,16,kl_full_to_compact,0.09721352227756547,15,38,0.07609524580805252,0.11932549357000324
pos,CCONJ,1024,16,top1_changed,0.1722222222222222,15,38,0.03888888888888888,0.3333333333333333
pos,DET,1024,16,delta_ce,-0.023261401908738273,16,68,-0.09578596531524368,0.041378373857476634
pos,DET,1024,16,kl_full_to_compact,0.07853601543756666,16,68,0.06245369195091673,0.09823704146035502
pos,DET,1024,16,top1_changed,0.0818452380952381,16,68,0.020833333333333332,0.15476190476190477
pos,INTJ,1024,16,delta_ce,0.20493364334106445,2,2,0.12935829162597656,0.28050899505615234
pos,INTJ,1024,16,kl_full_to_compact,0.06329267285764217,2,2,0.029558684676885605,0.09702666103839874
pos,INTJ,1024,16,top1_changed,0.5,2,2,0.0,1.0
pos,NOUN,1024,16,delta_ce,0.2687993148517964,16,168,0.122123384630132,0.4106728522148807
pos,NOUN,1024,16,kl_full_to_compact,0.1916830292097677,16,168,0.11178293675303816,0.2888725572060735
pos,NOUN,1024,16,top1_changed,0.22020257702823492,16,168,0.13993188760252903,0.30941734663362935
pos,NUM,1024,16,delta_ce,0.2793365716478244,6,19,0.13854925542642985,0.4108229239432448
pos,NUM,1024,16,kl_full_to_compact,0.17305823209179735,6,19,0.022681218034914408,0.43937811938230853
pos,NUM,1024,16,top1_changed,0.08333333333333333,6,19,0.0,0.25
pos,PART,1024,16,delta_ce,0.012054269913245331,11,24,-0.09319796082860028,0.13425693483176554
pos,PART,1024,16,kl_full_to_compact,0.06420706912846953,11,24,0.025333926586229637,0.1271650285965579
pos,PART,1024,16,top1_changed,0.16666666666666666,11,24,0.0,0.36363636363636365
pos,PRON,1024,16,delta_ce,0.0357545589536866,15,113,-0.015368971223609303,0.09249822013137211
pos,PRON,1024,16,kl_full_to_compact,0.06877441981252301,15,113,0.04220317755773482,0.10448256137922249
pos,PRON,1024,16,top1_changed,0.1344276094276094,15,113,0.06438552188552188,0.21448232323232325
pos,PROPN,1024,16,delta_ce,0.5210836844945241,14,44,-0.07480635595205298,1.4249594257598586
pos,PROPN,1024,16,kl_full_to_compact,0.495545408879482,14,44,0.07530696761158409,1.2278763466219211
pos,PROPN,1024,16,top1_changed,0.1357142857142857,14,44,0.03571428571428571,0.24404761904761904
pos,PUNCT,1024,16,delta_ce,0.06803197246580754,16,101,-0.06697659945946986,0.24987953720704376
pos,PUNCT,1024,16,kl_full_to_compact,0.17269312171695111,16,101,0.07267367561563982,0.31016509911606716
pos,PUNCT,1024,16,top1_changed,0.1613095238095238,16,101,0.09690972222222222,0.2341319444444444
pos,SCONJ,1024,16,delta_ce,-0.014441692101007158,11,19,-0.2223285372735876,0.1650829206361914
pos,SCONJ,1024,16,kl_full_to_compact,0.11031572330587855,11,19,0.05618687517884555,0.18128943758907332
pos,SCONJ,1024,16,top1_changed,0.3333333333333333,11,19,0.09090909090909091,0.6060606060606061
pos,SPACE,1024,16,delta_ce,-0.012296456736324526,16,79,-0.10717904024025227,0.08486741599206404
pos,SPACE,1024,16,kl_full_to_compact,0.07516465491646708,16,79,0.03988395206689198,0.1263093446922695
pos,SPACE,1024,16,top1_changed,0.07916666666666666,16,79,0.026041666666666664,0.14791666666666667
pos,VERB,1024,16,delta_ce,0.13960894597170234,16,104,0.08413976010513703,0.187759027191069
pos,VERB,1024,16,kl_full_to_compact,0.07678120808682351,16,104,0.0501613702322191,0.12387364402985826
pos,VERB,1024,16,top1_changed,0.20397727272727273,16,104,0.13104758522727272,0.2826361268939393
pos,X,1024,16,delta_ce,-0.20218515396118164,2,2,-0.37688636779785156,-0.02748394012451172
pos,X,1024,16,kl_full_to_compact,0.11654629092663527,2,2,0.01958218775689602,0.2135103940963745
pos,X,1024,16,top1_changed,0.0,2,2,0.0,0.0
pos,ADJ,2048,0,delta_ce,0.08173384857449131,14,66,-0.04080053794516494,0.23567779949380524
pos,ADJ,2048,0,kl_full_to_compact,0.07969071405905755,14,66,0.04329054218999457,0.13030737368747836
pos,ADJ,2048,0,top1_changed,0.1586734693877551,14,66,0.0586734693877551,0.28317602040816314
pos,ADP,2048,0,delta_ce,-0.04032781456389601,16,94,-0.10438620961439933,0.01627589284920885
pos,ADP,2048,0,kl_full_to_compact,0.039950398320394924,16,94,0.029356305569884306,0.053581297987058116
pos,ADP,2048,0,top1_changed,0.09809027777777778,16,94,0.029513888888888888,0.17447916666666666
pos,ADV,2048,0,delta_ce,-0.008066625914106035,11,31,-0.25644554297708305,0.1786235130086953
pos,ADV,2048,0,kl_full_to_compact,0.11114403165358287,11,31,0.03962984791825875,0.20625263547908423
pos,ADV,2048,0,top1_changed,0.13484848484848483,11,31,0.045454545454545456,0.24393939393939396
pos,AUX,2048,0,delta_ce,-0.0224533081852964,14,52,-0.08309006576537198,0.0278033580511276
pos,AUX,2048,0,kl_full_to_compact,0.026160351313186534,14,52,0.017011278793135565,0.03653965616692569
pos,AUX,2048,0,top1_changed,0.06190476190476191,14,52,0.0,0.12857142857142856
pos,CCONJ,2048,0,delta_ce,-0.0440868240263727,15,38,-0.12151677024861177,0.039844400141801906
pos,CCONJ,2048,0,kl_full_to_compact,0.06226297390595493,15,38,0.045784486335986814,0.08110526541163882
pos,CCONJ,2048,0,top1_changed,0.1722222222222222,15,38,0.03888888888888888,0.3333333333333333
pos,DET,2048,0,delta_ce,-0.013789042056582516,16,68,-0.08779167284235535,0.05206521784526382
pos,DET,2048,0,kl_full_to_compact,0.05951011306259759,16,68,0.042038348482163285,0.08275815243871226
pos,DET,2048,0,top1_changed,0.11257440476190475,16,68,0.0443452380952381,0.19539062499999996
pos,INTJ,2048,0,delta_ce,0.019659757614135742,2,2,-0.28652048110961914,0.3258399963378906
pos,INTJ,2048,0,kl_full_to_compact,0.057405898347496986,2,2,0.016908306628465652,0.09790349006652832
pos,INTJ,2048,0,top1_changed,0.0,2,2,0.0,0.0
pos,NOUN,2048,0,delta_ce,0.1897579504909881,16,168,0.05413040938292279,0.3442983346649498
pos,NOUN,2048,0,kl_full_to_compact,0.1572145027523903,16,168,0.07525304790485361,0.26232188876040224
pos,NOUN,2048,0,top1_changed,0.20820654126575178,16,168,0.14596547914804495,0.2759326912122964
pos,NUM,2048,0,delta_ce,0.16252261907559132,6,19,0.04155096350182753,0.31874282574022395
pos,NUM,2048,0,kl_full_to_compact,0.1255533681564379,6,19,0.015883557374561656,0.3133882481607644
pos,NUM,2048,0,top1_changed,0.16666666666666666,6,19,0.0,0.33541666666665526
pos,PART,2048,0,delta_ce,-0.06486997677464829,11,24,-0.13807043385698994,0.02525686934159949
pos,PART,2048,0,kl_full_to_compact,0.030949570819255753,11,24,0.01965085052939795,0.043560003746375
pos,PART,2048,0,top1_changed,0.13636363636363635,11,24,0.0,0.36363636363636365
pos,PRON,2048,0,delta_ce,0.047916767100007064,15,113,-0.005794231773774305,0.1028401618098165
pos,PRON,2048,0,kl_full_to_compact,0.0540045971905094,15,113,0.030254033417140905,0.08983705391141827
pos,PRON,2048,0,top1_changed,0.11974648445236681,15,113,0.05571969696969697,0.19127500495147548
pos,PROPN,2048,0,delta_ce,0.4345561825623578,14,44,-0.19233305874135706,1.349092912105882
pos,PROPN,2048,0,kl_full_to_compact,0.48080792682913376,14,44,0.06327455910931998,1.220867284383175
pos,PROPN,2048,0,top1_changed,0.2095238095238095,14,44,0.09285714285714286,0.33690476190476193
pos,PUNCT,2048,0,delta_ce,0.02631032445517901,16,101,-0.12188141693300356,0.24033578887905194
pos,PUNCT,2048,0,kl_full_to_compact,0.14854901943329005,16,101,0.05172134650289659,0.2819109138439359
pos,PUNCT,2048,0,top1_changed,0.15238095238095237,16,101,0.08788194444444444,0.22422123015873008
pos,SCONJ,2048,0,delta_ce,-0.0801465447258317,11,19,-0.2934594277567653,0.1099806887520984
pos,SCONJ,2048,0,kl_full_to_compact,0.0914449679954542,11,19,0.03444944133833897,0.16877330408306335
pos,SCONJ,2048,0,top1_changed,0.2424242424242424,11,19,0.0303030303030303,0.4848484848484848
pos,SPACE,2048,0,delta_ce,0.01816558132525946,16,79,-0.08729627065429213,0.12438734152477762
pos,SPACE,2048,0,kl_full_to_compact,0.06308854027244024,16,79,0.029970261458946556,0.11509579449379553
pos,SPACE,2048,0,top1_changed,0.05416666666666667,16,79,0.0125,0.10104166666666667
pos,VERB,2048,0,delta_ce,0.11943177295764881,16,104,0.06274847690622747,0.1769489875581128
pos,VERB,2048,0,kl_full_to_compact,0.05702982395202163,16,104,0.035419878709767566,0.08961905448195334
pos,VERB,2048,0,top1_changed,0.17081304112554113,16,104,0.10352205086580087,0.24338862959956703
pos,X,2048,0,delta_ce,-0.33567339181900024,2,2,-0.45234405994415283,-0.21900272369384766
pos,X,2048,0,kl_full_to_compact,0.09519056417047977,2,2,0.010046768933534622,0.18033435940742493
pos,X,2048,0,top1_changed,0.0,2,2,0.0,0.0
pos,ADJ,2048,4,delta_ce,0.08070209227228334,14,66,-0.04684089272387752,0.24419708451530167
pos,ADJ,2048,4,kl_full_to_compact,0.07743900692105042,14,66,0.04232794432279717,0.12827770719627588
pos,ADJ,2048,4,top1_changed,0.18316326530612242,14,66,0.08163265306122447,0.3107653061224486
pos,ADP,2048,4,delta_ce,-0.03166301163787564,16,94,-0.10356367796997157,0.029446540381080123
pos,ADP,2048,4,kl_full_to_compact,0.040822616315095206,16,94,0.02932881474948815,0.05583880064435959
pos,ADP,2048,4,top1_changed,0.10850694444444445,16,94,0.03125,0.2013888888888889
pos,ADV,2048,4,delta_ce,-0.006706938320227577,11,31,-0.2736436561483424,0.1862675136546551
pos,ADV,2048,4,kl_full_to_compact,0.10891429903109162,11,31,0.039880602313311427,0.20948408462766413
pos,ADV,2048,4,top1_changed,0.19848484848484846,11,31,0.08636363636363636,0.3181818181818182
pos,AUX,2048,4,delta_ce,-0.018827305599210826,14,52,-0.07813771441360289,0.030508472696611916
pos,AUX,2048,4,kl_full_to_compact,0.026587220698636227,14,52,0.016886667130929955,0.03770256031214118
pos,AUX,2048,4,top1_changed,0.049999999999999996,14,52,0.0,0.1357142857142857
pos,CCONJ,2048,4,delta_ce,-0.0481372594833374,15,38,-0.1303360729250643,0.031957165118720696
pos,CCONJ,2048,4,kl_full_to_compact,0.06116442394753298,15,38,0.045885052832438517,0.07717058554524556
pos,CCONJ,2048,4,top1_changed,0.1722222222222222,15,38,0.04444444444444444,0.3277777777777778
pos,DET,2048,4,delta_ce,-0.007387852899375416,16,68,-0.07344180666641997,0.050482387068969674
pos,DET,2048,4,kl_full_to_compact,0.058778448249913275,16,68,0.041634684330871266,0.08072977661631911
pos,DET,2048,4,top1_changed,0.06830357142857144,16,68,0.020833333333333332,0.12412946428571417
pos,INTJ,2048,4,delta_ce,0.02588176727294922,2,2,-0.28820180892944336,0.3399653434753418
pos,INTJ,2048,4,kl_full_to_compact,0.05847187899053097,2,2,0.0158674456179142,0.10107631236314774
pos,INTJ,2048,4,top1_changed,0.0,2,2,0.0,0.0
pos,NOUN,2048,4,delta_ce,0.18529475871004958,16,168,0.04996237875920003,0.343943596956305
pos,NOUN,2048,4,kl_full_to_compact,0.15663754611341413,16,168,0.07637863347638925,0.26579685971994604
pos,NOUN,2048,4,top1_changed,0.2019565412657518,16,168,0.13303179824561406,0.27420532592407587
pos,NUM,2048,4,delta_ce,0.1938791771284337,6,19,0.05993848138370797,0.3694027570050416
pos,NUM,2048,4,kl_full_to_compact,0.12882732495309027,6,19,0.014954067329408644,0.32231859393371753
pos,NUM,2048,4,top1_changed,0.16666666666666666,6,19,0.0,0.3333333333333333
pos,PART,2048,4,delta_ce,-0.0438769752893484,11,24,-0.12045139273656813,0.06358251987166244
pos,PART,2048,4,kl_full_to_compact,0.029055746787608683,11,24,0.019517391493586316,0.03917615523185249
pos,PART,2048,4,top1_changed,0.13636363636363635,11,24,0.0,0.36363636363636365
pos,PRON,2048,4,delta_ce,0.040527001847800774,15,113,-0.007857926224815048,0.08991638569209401
pos,PRON,2048,4,kl_full_to_compact,0.05275857475787456,15,113,0.030209489493261577,0.08634146904467246
pos,PRON,2048,4,top1_changed,0.11696870667458903,15,113,0.05699593979005744,0.18156899881164584
pos,PROPN,2048,4,delta_ce,0.46322874643698925,14,44,-0.1485387436433473,1.4316774444915477
pos,PROPN,2048,4,kl_full_to_compact,0.47983772791387036,14,44,0.059289586424694216,1.2068941878398514
pos,PROPN,2048,4,top1_changed,0.2095238095238095,14,44,0.08571428571428572,0.3488095238095238
pos,PUNCT,2048,4,delta_ce,0.02054827624168766,16,101,-0.12403087828435615,0.22635765804066305
pos,PUNCT,2048,4,kl_full_to_compact,0.14728078019185295,16,101,0.05425355877685231,0.27792679301505047
pos,PUNCT,2048,4,top1_changed,0.14345238095238094,16,101,0.08095238095238096,0.21389880952380946
pos,SCONJ,2048,4,delta_ce,-0.0473836711466764,11,19,-0.27590256067994756,0.13523371033017711
pos,SCONJ,2048,4,kl_full_to_compact,0.09132180416914211,11,19,0.03334789670127176,0.1687021143254682
pos,SCONJ,2048,4,top1_changed,0.3333333333333333,11,19,0.09090909090909091,0.606060606060606
pos,SPACE,2048,4,delta_ce,0.01613029767289238,16,79,-0.09939883080438826,0.13051950814165433
pos,SPACE,2048,4,kl_full_to_compact,0.06557853429834874,16,79,0.0323691022241862,0.11709591907269458
pos,SPACE,2048,4,top1_changed,0.05416666666666667,16,79,0.0125,0.10315104166666651
pos,VERB,2048,4,delta_ce,0.10125975123201421,16,104,0.04425843276154066,0.16286347183422975
pos,VERB,2048,4,kl_full_to_compact,0.05658974027294999,16,104,0.03598770963575825,0.0877647075356015
pos,VERB,2048,4,top1_changed,0.19112554112554114,16,104,0.12334161931818183,0.2615604707792208
pos,X,2048,4,delta_ce,-0.3247542381286621,2,2,-0.36519336700439453,-0.2843151092529297
pos,X,2048,4,kl_full_to_compact,0.08637400111183524,2,2,0.008159223012626171,0.1645887792110443
pos,X,2048,4,top1_changed,0.0,2,2,0.0,0.0
pos,ADJ,2048,16,delta_ce,0.0786758927184317,14,66,-0.03950028780819822,0.24274207257316885
pos,ADJ,2048,16,kl_full_to_compact,0.07850042236765693,14,66,0.04241891101071438,0.12953578929874598
pos,ADJ,2048,16,top1_changed,0.16887755102040816,14,66,0.07448979591836735,0.2857142857142857
pos,ADP,2048,16,delta_ce,-0.03200427046873041,16,94,-0.10119528468149795,0.030463777314694764
pos,ADP,2048,16,kl_full_to_compact,0.04098907288843835,16,94,0.029729869885181868,0.05631375025104303
pos,ADP,2048,16,top1_changed,0.09809027777777778,16,94,0.03125,0.17797309027777766
pos,ADV,2048,16,delta_ce,-0.01864528216520381,11,31,-0.28174959028610663,0.16066443795565805
pos,ADV,2048,16,kl_full_to_compact,0.11199533688142599,11,31,0.03889289916778745,0.20835516963386244
pos,ADV,2048,16,top1_changed,0.21666666666666667,11,31,0.0893939393939394,0.34094696969696947
pos,AUX,2048,16,delta_ce,-0.01636885088317248,14,52,-0.07349453891937932,0.026983317214564803
pos,AUX,2048,16,kl_full_to_compact,0.026191966228272617,14,52,0.016544667530092524,0.03710385492995308
pos,AUX,2048,16,top1_changed,0.03809523809523809,14,52,0.0,0.09523809523809523
pos,CCONJ,2048,16,delta_ce,-0.04108234412140317,15,38,-0.11661793808970188,0.04379147094984848
pos,CCONJ,2048,16,kl_full_to_compact,0.05940785351881964,15,38,0.04371753241245946,0.07663461527606054
pos,CCONJ,2048,16,top1_changed,0.1722222222222222,15,38,0.03888888888888888,0.3277777777777777
pos,DET,2048,16,delta_ce,0.0020601956572915813,16,68,-0.0682107937320446,0.06740692871511869
pos,DET,2048,16,kl_full_to_compact,0.059709054110966726,16,68,0.04288230675689712,0.08101901349420931
pos,DET,2048,16,top1_changed,0.11837797619047619,16,68,0.04427083333333333,0.1965066964285714
pos,INTJ,2048,16,delta_ce,0.3339347839355469,2,2,0.2876625061035156,0.3802070617675781
pos,INTJ,2048,16,kl_full_to_compact,0.059357632882893085,2,2,0.018036650493741035,0.10067861527204514
pos,INTJ,2048,16,top1_changed,0.0,2,2,0.0,0.0
pos,NOUN,2048,16,delta_ce,0.1943105527712459,16,168,0.05519596823497851,0.3593965044369758
pos,NOUN,2048,16,kl_full_to_compact,0.16095236944041075,16,168,0.07852486010064705,0.27167655904918825
pos,NOUN,2048,16,top1_changed,0.2142829301546407,16,168,0.16166794987724264,0.27412329378406675
pos,NUM,2048,16,delta_ce,0.1738790417142607,6,19,0.04482561113991727,0.3476453592458307
pos,NUM,2048,16,kl_full_to_compact,0.131056448118842,6,19,0.014613163582382387,0.32860021960360525
pos,NUM,2048,16,top1_changed,0.16666666666666666,6,19,0.0,0.3333333333333333
pos,PART,2048,16,delta_ce,-0.06574959664915998,11,24,-0.14275297014938781,0.03147019761416942
pos,PART,2048,16,kl_full_to_compact,0.030903939730981645,11,24,0.020727137577451878,0.042205830478104125
pos,PART,2048,16,top1_changed,0.16666666666666666,11,24,0.0,0.36363636363636365
pos,PRON,2048,16,delta_ce,0.03940253198402246,15,113,-0.011820432372134438,0.09519963634044758
pos,PRON,2048,16,kl_full_to_compact,0.05350994935742638,15,113,0.030095259598126662,0.08648684537669993
pos,PRON,2048,16,top1_changed,0.11696870667458903,15,113,0.06040305010893247,0.18002884234501876
pos,PROPN,2048,16,delta_ce,0.4510157776459557,14,44,-0.14561725325201072,1.3646362421494085
pos,PROPN,2048,16,kl_full_to_compact,0.4765540598343653,14,44,0.06292993845026086,1.2725927383112727
pos,PROPN,2048,16,top1_changed,0.2095238095238095,14,44,0.08571428571428572,0.3476190476190476
pos,PUNCT,2048,16,delta_ce,0.037279711307824724,16,101,-0.10072352691525815,0.23617726616669504
pos,PUNCT,2048,16,kl_full_to_compact,0.1406099122834839,16,101,0.05377054193165451,0.2731572705457303
pos,PUNCT,2048,16,top1_changed,0.13452380952380952,16,101,0.07191468253968253,0.20497023809523804
pos,SCONJ,2048,16,delta_ce,-0.07524360815119563,11,19,-0.2845496570317526,0.0888040747133674
pos,SCONJ,2048,16,kl_full_to_compact,0.0869011192363828,11,19,0.029857622008245068,0.16338849505727088
pos,SCONJ,2048,16,top1_changed,0.36363636363636365,11,19,0.1212121212121212,0.6363636363636364
pos,SPACE,2048,16,delta_ce,0.008591420824086527,16,79,-0.09831308571593733,0.11467924117429598
pos,SPACE,2048,16,kl_full_to_compact,0.06454088750465038,16,79,0.030670653315324613,0.11659359430319921
pos,SPACE,2048,16,top1_changed,0.05416666666666667,16,79,0.0125,0.10835937499999986
pos,VERB,2048,16,delta_ce,0.10176057760967114,16,104,0.0423309423446754,0.16162044673226528
pos,VERB,2048,16,kl_full_to_compact,0.057365614761835076,16,104,0.036629645346607044,0.09008907882537733
pos,VERB,2048,16,top1_changed,0.17081304112554113,16,104,0.10374475784632034,0.2431836783008658
pos,X,2048,16,delta_ce,-0.37148362398147583,2,2,-0.4471393823623657,-0.29582786560058594
pos,X,2048,16,kl_full_to_compact,0.09789270535111427,2,2,0.009616218507289886,0.18616919219493866
pos,X,2048,16,top1_changed,0.0,2,2,0.0,0.0
pos,ADJ,4096,0,delta_ce,0.05021312071670157,14,66,-0.026199761487014566,0.14989309449978683
pos,ADJ,4096,0,kl_full_to_compact,0.05052388650738623,14,66,0.029540235206478326,0.07822189180621324
pos,ADJ,4096,0,top1_changed,0.13316326530612246,14,66,0.05612244897959184,0.2076530612244898
pos,ADP,4096,0,delta_ce,0.00376784793008186,16,94,-0.07296308525060963,0.07298443495006016
pos,ADP,4096,0,kl_full_to_compact,0.03232148156420346,16,94,0.02126314930987229,0.04895623320418315
pos,ADP,4096,0,top1_changed,0.07465277777777778,16,94,0.0234375,0.13020833333333331
pos,ADV,4096,0,delta_ce,-0.05689692876873199,11,31,-0.2862823301960915,0.08781887498459334
pos,ADV,4096,0,kl_full_to_compact,0.08298484232169963,11,31,0.02293701220295837,0.16250167469899388
pos,ADV,4096,0,top1_changed,0.15303030303030302,11,31,0.048484848484848485,0.26666666666666666
pos,AUX,4096,0,delta_ce,-0.04697308448035599,14,52,-0.12268976633633381,0.020079595552310727
pos,AUX,4096,0,kl_full_to_compact,0.022475387057690203,14,52,0.014419630864437323,0.03238973424460289
pos,AUX,4096,0,top1_changed,0.02619047619047619,14,52,0.0,0.0642857142857143
pos,CCONJ,4096,0,delta_ce,-0.03954551385508644,15,38,-0.11141294248402117,0.029694900148444697
pos,CCONJ,4096,0,kl_full_to_compact,0.03675528744028674,15,38,0.027223382407876973,0.04628966688081466
pos,CCONJ,4096,0,top1_changed,0.04444444444444444,15,38,0.0,0.1111111111111111
pos,DET,4096,0,delta_ce,-0.035643331116686265,16,68,-0.11286882396399353,0.03151575821296616
pos,DET,4096,0,kl_full_to_compact,0.03968662223532668,16,68,0.024275682176522376,0.06189961436550737
pos,DET,4096,0,top1_changed,0.07663690476190475,16,68,0.020833333333333332,0.13913690476190474
pos,INTJ,4096,0,delta_ce,0.5222659111022949,2,2,0.2046070098876953,0.8399248123168945
pos,INTJ,4096,0,kl_full_to_compact,0.03127928450703621,2,2,0.008734550327062607,0.05382401868700981
pos,INTJ,4096,0,top1_changed,0.0,2,2,0.0,0.0
pos,NOUN,4096,0,delta_ce,0.0694751351583851,16,168,-0.028973782739529264,0.20489600815460315
pos,NOUN,4096,0,kl_full_to_compact,0.10383451179392633,16,168,0.0446262022228935,0.1974602123431734
pos,NOUN,4096,0,top1_changed,0.19087966127439815,16,168,0.13059416118421052,0.25652258605794787
pos,NUM,4096,0,delta_ce,0.17049093836249085,6,19,0.04702703515795292,0.3535477469364802
pos,NUM,4096,0,kl_full_to_compact,0.05299548239011326,6,19,0.013777720350592264,0.10307171510225999
pos,NUM,4096,0,top1_changed,0.16666666666666666,6,19,0.0,0.3333333333333333
pos,PART,4096,0,delta_ce,-0.004577747790255782,11,24,-0.08297368996949499,0.09210580203992619
pos,PART,4096,0,kl_full_to_compact,0.021239815171010732,11,24,0.015582535623671543,0.02894460448931732
pos,PART,4096,0,top1_changed,0.045454545454545456,11,24,0.0,0.13636363636363635
pos,PRON,4096,0,delta_ce,0.009832306401722926,15,113,-0.037176804250829,0.06049972610825929
pos,PRON,4096,0,kl_full_to_compact,0.02461236448144099,15,113,0.019157263812835768,0.030289477853722237
pos,PRON,4096,0,top1_changed,0.08456129926718162,15,113,0.040029337492572786,0.13826710734798972
pos,PROPN,4096,0,delta_ce,-0.09124749534440481,14,44,-0.28733345483578887,0.08867659891541167
pos,PROPN,4096,0,kl_full_to_compact,0.11860564129734844,14,44,0.03634049143647607,0.2254951976258019
pos,PROPN,4096,0,top1_changed,0.14166666666666666,14,44,0.047619047619047616,0.25
pos,PUNCT,4096,0,delta_ce,-0.025827473332820875,16,101,-0.10468554932054266,0.06627068874810542
pos,PUNCT,4096,0,kl_full_to_compact,0.07254117159852559,16,101,0.02682757797296723,0.14332701840425358
pos,PUNCT,4096,0,top1_changed,0.10525793650793651,16,101,0.040773809523809525,0.181547619047619
pos,SCONJ,4096,0,delta_ce,-0.07846364641392772,11,19,-0.26976847851606595,0.0948115241121162
pos,SCONJ,4096,0,kl_full_to_compact,0.05555855390389986,11,19,0.02095313137908692,0.10645826496501368
pos,SCONJ,4096,0,top1_changed,0.2424242424242424,11,19,0.0303030303030303,0.4848484848484848
pos,SPACE,4096,0,delta_ce,0.0009152781414741192,16,79,-0.07177314357271522,0.07008953709073466
pos,SPACE,4096,0,kl_full_to_compact,0.03234933720114744,16,79,0.020014564547311882,0.048027826035050604
pos,SPACE,4096,0,top1_changed,0.028125,16,79,0.0,0.071875
pos,VERB,4096,0,delta_ce,0.07205695998765009,16,104,-0.0025499745960342584,0.16727240503979518
pos,VERB,4096,0,kl_full_to_compact,0.04057872115425619,16,104,0.02543310363252215,0.0655671765899828
pos,VERB,4096,0,top1_changed,0.13700622294372294,16,104,0.07249543425324674,0.20731872294372294
pos,X,4096,0,delta_ce,-0.5097166299819946,2,2,-0.7645008563995361,-0.2549324035644531
pos,X,4096,0,kl_full_to_compact,0.13181486236862838,2,2,0.00518508767709136,0.2584446370601654
pos,X,4096,0,top1_changed,0.0,2,2,0.0,0.0
pos,ADJ,4096,4,delta_ce,0.03731754575895627,14,66,-0.03726229341766205,0.1341347668794115
pos,ADJ,4096,4,kl_full_to_compact,0.051552372937136035,14,66,0.03082188380969864,0.07925967272778789
pos,ADJ,4096,4,top1_changed,0.08418367346938774,14,66,0.035586734693877554,0.14030612244897958
pos,ADP,4096,4,delta_ce,0.006377964770491689,16,94,-0.06196782763435258,0.06637963647216019
pos,ADP,4096,4,kl_full_to_compact,0.03350079808889943,16,94,0.022105668057294206,0.04881261208766162
pos,ADP,4096,4,top1_changed,0.08246527777777778,16,94,0.029513888888888888,0.14496527777777776
pos,ADV,4096,4,delta_ce,-0.06372494650008087,11,31,-0.28090112687511887,0.07352625227304416
pos,ADV,4096,4,kl_full_to_compact,0.08419122063329047,11,31,0.023458696785277098,0.16352791355270183
pos,ADV,4096,4,top1_changed,0.10757575757575757,11,31,0.022727272727272728,0.20303030303030303
pos,AUX,4096,4,delta_ce,-0.031918185230876715,14,52,-0.11152620492946533,0.030104533339673167
pos,AUX,4096,4,kl_full_to_compact,0.025428907046324993,14,52,0.015241040078252726,0.03920292979497129
pos,AUX,4096,4,top1_changed,0.049999999999999996,14,52,0.0,0.12142857142857143
pos,CCONJ,4096,4,delta_ce,-0.03852029028866026,15,38,-0.1216420036678513,0.04353642258379188
pos,CCONJ,4096,4,kl_full_to_compact,0.03724792435403086,15,38,0.027620686403372223,0.047145327416947116
pos,CCONJ,4096,4,top1_changed,0.0611111111111111,15,38,0.0,0.12777777777777777
pos,DET,4096,4,delta_ce,-0.040391248606500174,16,68,-0.11774368030218674,0.03361137181631331
pos,DET,4096,4,kl_full_to_compact,0.04310260554685512,16,68,0.026558836238080058,0.06562928809870279
pos,DET,4096,4,top1_changed,0.03965773809523809,16,68,0.008928571428571428,0.07575520833333328
pos,INTJ,4096,4,delta_ce,0.4615745544433594,2,2,0.12527132034301758,0.7978777885437012
pos,INTJ,4096,4,kl_full_to_compact,0.02970059961080551,2,2,0.008775722235441208,0.050625476986169815
pos,INTJ,4096,4,top1_changed,0.0,2,2,0.0,0.0
pos,NOUN,4096,4,delta_ce,0.07896558576833672,16,168,-0.01919461184953683,0.206245951057238
pos,NOUN,4096,4,kl_full_to_compact,0.10701721264978349,16,168,0.045619733288405975,0.205515940760035
pos,NOUN,4096,4,top1_changed,0.18393521682995367,16,168,0.12100699191159718,0.2558836692821067
pos,NUM,4096,4,delta_ce,0.1829113680867724,6,19,0.03856420104323964,0.4000848749030006
pos,NUM,4096,4,kl_full_to_compact,0.0519590538239072,6,19,0.015679386212026556,0.09893271762606066
pos,NUM,4096,4,top1_changed,0.13888888888888887,6,19,0.0,0.3055555555555555
pos,PART,4096,4,delta_ce,-0.017125358418420413,11,24,-0.08327477391491728,0.06156653040836584
pos,PART,4096,4,kl_full_to_compact,0.02214312262826063,11,24,0.01621922000814899,0.02941121349302579
pos,PART,4096,4,top1_changed,0.045454545454545456,11,24,0.0,0.13636363636363635
pos,PRON,4096,4,delta_ce,0.010173170263015745,15,113,-0.03525562726476258,0.05387360238432703
pos,PRON,4096,4,kl_full_to_compact,0.02383016318051112,15,113,0.01842874112563962,0.029423993648823532
pos,PRON,4096,4,top1_changed,0.08178352148940383,15,113,0.03611111111111111,0.13055765993265994
pos,PROPN,4096,4,delta_ce,-0.0934947214678835,14,44,-0.2864155824400492,0.08205160987663608
pos,PROPN,4096,4,kl_full_to_compact,0.11780664856965553,14,44,0.036283591480532784,0.2368327985194765
pos,PROPN,4096,4,top1_changed,0.17568027210884352,14,44,0.07448979591836735,0.2768835034013605
pos,PUNCT,4096,4,delta_ce,-0.03060642338684938,16,101,-0.11788189370409882,0.06639110651133544
pos,PUNCT,4096,4,kl_full_to_compact,0.0744832095269683,16,101,0.02737282520872892,0.1512164309198202
pos,PUNCT,4096,4,top1_changed,0.10525793650793651,16,101,0.03869047619047619,0.17759424603174592
pos,SCONJ,4096,4,delta_ce,-0.08090689806549838,11,19,-0.294260192357681,0.0982011767090156
pos,SCONJ,4096,4,kl_full_to_compact,0.05563312217198087,11,19,0.01946174046306899,0.11110207022248877
pos,SCONJ,4096,4,top1_changed,0.2424242424242424,11,19,0.0606060606060606,0.4848484848484848
pos,SPACE,4096,4,delta_ce,0.0049558950146092705,16,79,-0.06514867735245237,0.08386743256532402
pos,SPACE,4096,4,kl_full_to_compact,0.03286118113136164,16,79,0.018100566466783617,0.04991043324407531
pos,SPACE,4096,4,top1_changed,0.04375,16,79,0.0,0.090625
pos,VERB,4096,4,delta_ce,0.0801660800849442,16,104,-0.00021249022287024322,0.18589791652601473
pos,VERB,4096,4,kl_full_to_compact,0.04146216399291337,16,104,0.02553697603849204,0.06772477933202355
pos,VERB,4096,4,top1_changed,0.12237554112554112,16,104,0.05864042207792208,0.19390997023809514
pos,X,4096,4,delta_ce,-0.5458419919013977,2,2,-0.7694021463394165,-0.3222818374633789
pos,X,4096,4,kl_full_to_compact,0.13262882083654404,2,2,0.004980728030204773,0.2602769136428833
pos,X,4096,4,top1_changed,0.0,2,2,0.0,0.0
pos,ADJ,4096,16,delta_ce,0.03607983143804563,14,66,-0.0313664060869093,0.12526995238261396
pos,ADJ,4096,16,kl_full_to_compact,0.05052094181011767,14,66,0.030588588307036108,0.07820093592801775
pos,ADJ,4096,16,top1_changed,0.09846938775510204,14,66,0.04591836734693877,0.1546045918367346
pos,ADP,4096,16,delta_ce,0.005194826722009851,16,94,-0.06387415138212574,0.06796779815724052
pos,ADP,4096,16,kl_full_to_compact,0.03260794496290819,16,94,0.02095234370001091,0.04896623117665846
pos,ADP,4096,16,top1_changed,0.09809027777777778,16,94,0.030381944444444444,0.17881944444444442
pos,ADV,4096,16,delta_ce,-0.05431915513410895,11,31,-0.2779872559421479,0.08775286083544906
pos,ADV,4096,16,kl_full_to_compact,0.08367645087273559,11,31,0.022738631759678937,0.1645664088827767
pos,ADV,4096,16,top1_changed,0.15303030303030302,11,31,0.048484848484848485,0.2681818181818182
pos,AUX,4096,16,delta_ce,-0.03156492434834846,14,52,-0.09616399296614829,0.019987871016210995
pos,AUX,4096,16,kl_full_to_compact,0.020567341143606692,14,52,0.013941662927500395,0.028002329054205407
pos,AUX,4096,16,top1_changed,0.02619047619047619,14,52,0.0,0.06428571428571428
pos,CCONJ,4096,16,delta_ce,-0.04362395505110423,15,38,-0.1178391722920868,0.023474431960946958
pos,CCONJ,4096,16,kl_full_to_compact,0.03624244824491648,15,38,0.02717890238602801,0.045325615280857566
pos,CCONJ,4096,16,top1_changed,0.04444444444444444,15,38,0.0,0.1111111111111111
pos,DET,4096,16,delta_ce,-0.03819704568900523,16,68,-0.12255111564981884,0.03300631660779583
pos,DET,4096,16,kl_full_to_compact,0.040353743882865056,16,68,0.024439196689338482,0.0627406895288013
pos,DET,4096,16,top1_changed,0.04538690476190476,16,68,0.010416666666666666,0.08556547619047619
pos,INTJ,4096,16,delta_ce,0.5177080631256104,2,2,0.25530242919921875,0.780113697052002
pos,INTJ,4096,16,kl_full_to_compact,0.03182246722280979,2,2,0.011334095150232315,0.05231083929538727
pos,INTJ,4096,16,top1_changed,0.0,2,2,0.0,0.0
pos,NOUN,4096,16,delta_ce,0.06829026772870651,16,168,-0.027856197745661854,0.19870976622170222
pos,NOUN,4096,16,kl_full_to_compact,0.10494183732853192,16,168,0.046076840873054845,0.19992812072024727
pos,NOUN,4096,16,top1_changed,0.19087966127439815,16,168,0.12735951502810056,0.26113856195887425
pos,NUM,4096,16,delta_ce,0.18101781649109197,6,19,0.04922972892212177,0.37195531296957696
pos,NUM,4096,16,kl_full_to_compact,0.05220043701519141,6,19,0.014645440231786072,0.09968756123861458
pos,NUM,4096,16,top1_changed,0.13888888888888887,6,19,0.0,0.3333333333333333
pos,PART,4096,16,delta_ce,-0.021657696027647364,11,24,-0.08282728398388084,0.046318533062709076
pos,PART,4096,16,kl_full_to_compact,0.021769894030523682,11,24,0.01565189976604112,0.02970708929856878
pos,PART,4096,16,top1_changed,0.07575757575757575,11,24,0.0,0.1818181818181818
pos,PRON,4096,16,delta_ce,0.013737300516032495,15,113,-0.035966201209964306,0.06145667004721593
pos,PRON,4096,16,kl_full_to_compact,0.023908044274084057,15,113,0.01877568414846309,0.029952763424948323
pos,PRON,4096,16,top1_changed,0.08156565656565656,15,113,0.03606691919191919,0.13434343434343435
pos,PROPN,4096,16,delta_ce,-0.08906168035023844,14,44,-0.27027724517577056,0.10097167480415183
pos,PROPN,4096,16,kl_full_to_compact,0.11653838837748952,14,44,0.033852760361938,0.23376315549610818
pos,PROPN,4096,16,top1_changed,0.0880952380952381,14,44,0.017857142857142856,0.16785714285714287
pos,PUNCT,4096,16,delta_ce,-0.030686003595612764,16,101,-0.1106924428317016,0.05457510203651101
pos,PUNCT,4096,16,kl_full_to_compact,0.07262043036808746,16,101,0.02530488091437003,0.1486927014923754
pos,PUNCT,4096,16,top1_changed,0.0771329365079365,16,101,0.02976190476190476,0.12872643849206344
pos,SCONJ,4096,16,delta_ce,-0.04584039973490166,11,19,-0.24583439745686272,0.1331276785130753
pos,SCONJ,4096,16,kl_full_to_compact,0.056553373478395355,11,19,0.02077443646730072,0.10762656606856387
pos,SCONJ,4096,16,top1_changed,0.2424242424242424,11,19,0.0606060606060606,0.48484848484848475
pos,SPACE,4096,16,delta_ce,-1.0906997977143396e-05,16,79,-0.07571112998140354,0.07649949450323972
pos,SPACE,4096,16,kl_full_to_compact,0.03225636555795764,16,79,0.018906051547277588,0.04735025619479415
pos,SPACE,4096,16,top1_changed,0.04375,16,79,0.0,0.090625
pos,VERB,4096,16,delta_ce,0.07934130460937831,16,104,0.003571456436055983,0.18582450275262122
pos,VERB,4096,16,kl_full_to_compact,0.040168660401961744,16,104,0.025160001510790703,0.06695188228632808
pos,VERB,4096,16,top1_changed,0.13231872294372293,16,104,0.06515574269480519,0.20408803436147177
pos,X,4096,16,delta_ce,-0.539614737033844,2,2,-0.743261456489563,-0.335968017578125
pos,X,4096,16,kl_full_to_compact,0.12750312918797135,2,2,0.005325858481228352,0.24968039989471436
pos,X,4096,16,top1_changed,0.0,2,2,0.0,0.0
pos,ADJ,8192,0,delta_ce,0.07233856199198359,14,66,-0.0417535114962747,0.25158326839870954
pos,ADJ,8192,0,kl_full_to_compact,0.03791800013217294,14,66,0.01947653142020258,0.06348113032466138
pos,ADJ,8192,0,top1_changed,0.12653061224489795,14,66,0.055102040816326525,0.2071683673469386
pos,ADP,8192,0,delta_ce,0.009450078438176456,16,94,-0.041195571794118355,0.0562679666962822
pos,ADP,8192,0,kl_full_to_compact,0.02070150528141694,16,94,0.013773630040992116,0.028118542808367453
pos,ADP,8192,0,top1_changed,0.0798611111111111,16,94,0.0234375,0.13802083333333331
pos,ADV,8192,0,delta_ce,-0.1213837672095079,11,31,-0.3036393069952398,0.0026743327758528843
pos,ADV,8192,0,kl_full_to_compact,0.04709746701793682,11,31,0.01780211632853355,0.08900852641749556
pos,ADV,8192,0,top1_changed,0.13484848484848486,11,31,0.0303030303030303,0.2484848484848485
pos,AUX,8192,0,delta_ce,-0.019370845332741738,14,52,-0.06151532592651035,0.007701199493770059
pos,AUX,8192,0,kl_full_to_compact,0.016195636375278207,14,52,0.010318095304248508,0.024260228850889062
pos,AUX,8192,0,top1_changed,0.023809523809523808,14,52,0.0,0.07142857142857142
pos,CCONJ,8192,0,delta_ce,0.016321389045980246,15,38,-0.048442240063514976,0.0850732429739501
pos,CCONJ,8192,0,kl_full_to_compact,0.026931969961474855,15,38,0.018275078687430422,0.037017739059204656
pos,CCONJ,8192,0,top1_changed,0.04444444444444444,15,38,0.0,0.1111111111111111
pos,DET,8192,0,delta_ce,-0.05801421530943896,16,68,-0.1201406338315324,-0.009824327197025702
pos,DET,8192,0,kl_full_to_compact,0.036648815527518135,16,68,0.0186585372244415,0.0605039332251839
pos,DET,8192,0,top1_changed,0.058407738095238096,16,68,0.01821986607142857,0.11049107142857142
pos,INTJ,8192,0,delta_ce,-0.02208423614501953,2,2,-0.13687562942504883,0.09270715713500977
pos,INTJ,8192,0,kl_full_to_compact,0.015017431695014238,2,2,0.008255907334387302,0.021778956055641174
pos,INTJ,8192,0,top1_changed,0.0,2,2,0.0,0.0
pos,NOUN,8192,0,delta_ce,-0.014912808606415761,16,168,-0.06430879150152241,0.03129544698768814
pos,NOUN,8192,0,kl_full_to_compact,0.03622568760034184,16,168,0.02583722136053837,0.04703914131456367
pos,NOUN,8192,0,top1_changed,0.10709538999012683,16,168,0.06292996340282524,0.1574293065760993
pos,NUM,8192,0,delta_ce,-0.04502823176707251,6,19,-0.19608112504877984,0.0748667015771692
pos,NUM,8192,0,kl_full_to_compact,0.04639697300636827,6,19,0.011449162452004204,0.08983147996413106
pos,NUM,8192,0,top1_changed,0.05555555555555555,6,19,0.0,0.16666666666666666
pos,PART,8192,0,delta_ce,-0.027697520564790024,11,24,-0.07734212585527336,0.018357685805848675
pos,PART,8192,0,kl_full_to_compact,0.01611976685588051,11,24,0.010054668834120754,0.023652897061626637
pos,PART,8192,0,top1_changed,0.1212121212121212,11,24,0.0,0.24280303030302827
pos,PRON,8192,0,delta_ce,-0.00023789353364612648,15,113,-0.041509883099593185,0.03952841449854061
pos,PRON,8192,0,kl_full_to_compact,0.01758802890419211,15,113,0.013202197107998172,0.022705818968668818
pos,PRON,8192,0,top1_changed,0.10720439691027926,15,113,0.04710858585858586,0.17224933155080208
pos,PROPN,8192,0,delta_ce,-0.09236823288433975,14,44,-0.28504254363748965,0.09195129933631892
pos,PROPN,8192,0,kl_full_to_compact,0.08021244980557633,14,44,0.023890805891825056,0.1791769785643968
pos,PROPN,8192,0,top1_changed,0.10595238095238095,14,44,0.023809523809523808,0.20357142857142854
pos,PUNCT,8192,0,delta_ce,0.0012524904485511044,16,101,-0.050183362045832576,0.04444884930890689
pos,PUNCT,8192,0,kl_full_to_compact,0.028672674588675104,16,101,0.019798096798617517,0.03758358788884789
pos,PUNCT,8192,0,top1_changed,0.06845238095238095,16,101,0.008928571428571428,0.13392857142857142
pos,SCONJ,8192,0,delta_ce,-0.09901377324466452,11,19,-0.22758620513998196,0.006102802857022825
pos,SCONJ,8192,0,kl_full_to_compact,0.02827503651673341,11,19,0.010434956972092164,0.05759464074536949
pos,SCONJ,8192,0,top1_changed,0.1212121212121212,11,19,0.0,0.30303030303030304
pos,SPACE,8192,0,delta_ce,0.0326629444138689,16,79,-0.02180096657985511,0.08976473831523736
pos,SPACE,8192,0,kl_full_to_compact,0.02334209496084204,16,79,0.011712067559182759,0.03678165279138691
pos,SPACE,8192,0,top1_changed,0.04375,16,79,0.0,0.090625
pos,VERB,8192,0,delta_ce,0.014940517878993814,16,104,-0.024564601309171704,0.0539719300402756
pos,VERB,8192,0,kl_full_to_compact,0.026201229958953118,16,104,0.018033977278329387,0.03563526266585298
pos,VERB,8192,0,top1_changed,0.10414637445887447,16,104,0.048910477543290046,0.1616152597402597
pos,X,8192,0,delta_ce,-0.28116679191589355,2,2,-0.3623509407043457,-0.1999826431274414
pos,X,8192,0,kl_full_to_compact,0.06395428534597158,2,2,0.004285326227545738,0.12362324446439743
pos,X,8192,0,top1_changed,0.0,2,2,0.0,0.0
pos,ADJ,8192,4,delta_ce,0.0773116284911679,14,66,-0.047506193704386385,0.26180469192784045
pos,ADJ,8192,4,kl_full_to_compact,0.038925516978346744,14,66,0.01918459600129999,0.06531620200617089
pos,ADJ,8192,4,top1_changed,0.13061224489795917,14,66,0.048966836734693875,0.22705357142857133
pos,ADP,8192,4,delta_ce,0.01943501852697429,16,94,-0.030654511570632856,0.06750393335998
pos,ADP,8192,4,kl_full_to_compact,0.020815306460678598,16,94,0.01430740402178022,0.028005740303061934
pos,ADP,8192,4,top1_changed,0.08878968253968253,16,94,0.03643663194444444,0.1501922123015872
pos,ADV,8192,4,delta_ce,-0.10829051536945343,11,31,-0.29713060509879136,0.032063126184723525
pos,ADV,8192,4,kl_full_to_compact,0.051043988870955986,11,31,0.016544093150038283,0.09783936086347121
pos,ADV,8192,4,top1_changed,0.06666666666666667,11,31,0.0,0.1636363636363636
pos,AUX,8192,4,delta_ce,-0.016589877109493122,14,52,-0.061247139017344736,0.018452459411777953
pos,AUX,8192,4,kl_full_to_compact,0.017856338444889718,14,52,0.01111355520045281,0.026731664738887065
pos,AUX,8192,4,top1_changed,0.011904761904761904,14,52,0.0,0.03571428571428571
pos,CCONJ,8192,4,delta_ce,0.024928718308607736,15,38,-0.039977752860221594,0.09236035638385347
pos,CCONJ,8192,4,kl_full_to_compact,0.026793985225311998,15,38,0.018535150398965923,0.03657681474251957
pos,CCONJ,8192,4,top1_changed,0.04444444444444444,15,38,0.0,0.1111111111111111
pos,DET,8192,4,delta_ce,-0.053228659182786936,16,68,-0.11643970199472581,-0.00702996532044684
pos,DET,8192,4,kl_full_to_compact,0.03547896868757172,16,68,0.019317798242485706,0.05867410181168713
pos,DET,8192,4,top1_changed,0.04747023809523809,16,68,0.015625,0.0830394345238095
pos,INTJ,8192,4,delta_ce,-0.03607487678527832,2,2,-0.13072538375854492,0.05857563018798828
pos,INTJ,8192,4,kl_full_to_compact,0.012617281638085842,2,2,0.006943006068468094,0.01829155720770359
pos,INTJ,8192,4,top1_changed,0.0,2,2,0.0,0.0
pos,NOUN,8192,4,delta_ce,-0.008499077924672785,16,168,-0.051950982246317105,0.03685122894149421
pos,NOUN,8192,4,kl_full_to_compact,0.0354303402055751,16,168,0.02461392868227729,0.04676020530367595
pos,NOUN,8192,4,top1_changed,0.10709538999012683,16,168,0.05946196872389307,0.15873201291581224
pos,NUM,8192,4,delta_ce,-0.0473290949071169,6,19,-0.19633260112549883,0.06260590521961899
pos,NUM,8192,4,kl_full_to_compact,0.04755372779457806,6,19,0.011497999276313446,0.093543427073342
pos,NUM,8192,4,top1_changed,0.05555555555555555,6,19,0.0,0.16666666666666666
pos,PART,8192,4,delta_ce,-0.038558746631624126,11,24,-0.08633719464256005,0.004844567973420665
pos,PART,8192,4,kl_full_to_compact,0.016308227434726152,11,24,0.010032103968269162,0.024598838379924094
pos,PART,8192,4,top1_changed,0.09090909090909091,11,24,0.0,0.22727272727272727
pos,PRON,8192,4,delta_ce,0.0016115408513170597,15,113,-0.03922818740033294,0.04214110436616365
pos,PRON,8192,4,kl_full_to_compact,0.01782319565894762,15,113,0.01383811575727867,0.02281948002058521
pos,PRON,8192,4,top1_changed,0.10279263220439691,15,113,0.04673202614379084,0.16617684194890076
pos,PROPN,8192,4,delta_ce,-0.10374278097704914,14,44,-0.2815643772953404,0.08011569597223354
pos,PROPN,8192,4,kl_full_to_compact,0.08109966722686728,14,44,0.02466174443869845,0.18051875525124117
pos,PROPN,8192,4,top1_changed,0.0880952380952381,14,44,0.017857142857142856,0.16666666666666666
pos,PUNCT,8192,4,delta_ce,-0.005823998096942283,16,101,-0.06003812656257651,0.039712754965931636
pos,PUNCT,8192,4,kl_full_to_compact,0.028200609965995042,16,101,0.01988238611191119,0.03684653955679283
pos,PUNCT,8192,4,top1_changed,0.06845238095238095,16,101,0.017857142857142856,0.1369047619047619
pos,SCONJ,8192,4,delta_ce,-0.08360012784374483,11,19,-0.21415556381512998,0.02991265325637701
pos,SCONJ,8192,4,kl_full_to_compact,0.028132143409245393,11,19,0.010007278277771547,0.05763740276822567
pos,SCONJ,8192,4,top1_changed,0.1212121212121212,11,19,0.0,0.3333333333333333
pos,SPACE,8192,4,delta_ce,0.031302014870198035,16,79,-0.016357831115007382,0.08365231806145554
pos,SPACE,8192,4,kl_full_to_compact,0.021234308920763566,16,79,0.01191505605418667,0.03120963818693015
pos,SPACE,8192,4,top1_changed,0.028125,16,79,0.0,0.071875
pos,VERB,8192,4,delta_ce,0.006565667137287269,16,104,-0.03650723003217338,0.04824328481909419
pos,VERB,8192,4,kl_full_to_compact,0.025673431636467195,16,104,0.01793038110450211,0.03470446466541162
pos,VERB,8192,4,top1_changed,0.10414637445887447,16,104,0.05255445075757576,0.16094426406926407
pos,X,8192,4,delta_ce,-0.3239787220954895,2,2,-0.4433828592300415,-0.2045745849609375
pos,X,8192,4,kl_full_to_compact,0.06692575546912849,2,2,0.005773944314569235,0.12807756662368774
pos,X,8192,4,top1_changed,0.0,2,2,0.0,0.0
pos,ADJ,8192,16,delta_ce,0.07738892028395712,14,66,-0.04001035740153767,0.2655489056782417
pos,ADJ,8192,16,kl_full_to_compact,0.037946379093912026,14,66,0.019668188102180892,0.06315347113636284
pos,ADJ,8192,16,top1_changed,0.14081632653061224,14,66,0.0586734693877551,0.2336734693877551
pos,ADP,8192,16,delta_ce,0.01777352439512076,16,94,-0.03946854034766698,0.0710053556924459
pos,ADP,8192,16,kl_full_to_compact,0.01948445560913197,16,94,0.013877252029149599,0.02567818264947774
pos,ADP,8192,16,top1_changed,0.0720486111111111,16,94,0.015625,0.13715277777777776
pos,ADV,8192,16,delta_ce,-0.10387496734571565,11,31,-0.2997804302103892,0.039349890107458006
pos,ADV,8192,16,kl_full_to_compact,0.04923038698025542,11,31,0.016856889692988427,0.0931564323680372
pos,ADV,8192,16,top1_changed,0.10757575757575757,11,31,0.022727272727272728,0.20151515151515148
pos,AUX,8192,16,delta_ce,-0.026627048669496972,14,52,-0.0710187902846722,0.00631296942339969
pos,AUX,8192,16,kl_full_to_compact,0.01659716148680586,14,52,0.009978180959490903,0.024271559094136346
pos,AUX,8192,16,top1_changed,0.023809523809523808,14,52,0.0,0.07142857142857142
pos,CCONJ,8192,16,delta_ce,0.0046316330631573956,15,38,-0.06149701160689195,0.07509109915544589
pos,CCONJ,8192,16,kl_full_to_compact,0.028148462878177974,15,38,0.018525650492714096,0.038398248390520966
pos,CCONJ,8192,16,top1_changed,0.0611111111111111,15,38,0.0,0.12777777777777777
pos,DET,8192,16,delta_ce,-0.06689500687200398,16,68,-0.12974296884871797,-0.014564514002053225
pos,DET,8192,16,kl_full_to_compact,0.035834890461202515,16,68,0.01960479163455429,0.057658982975257705
pos,DET,8192,16,top1_changed,0.04538690476190476,16,68,0.008928571428571428,0.09077380952380952
pos,INTJ,8192,16,delta_ce,-0.04211115837097168,2,2,-0.2001190185546875,0.11589670181274414
pos,INTJ,8192,16,kl_full_to_compact,0.014081249944865704,2,2,0.0073423366993665695,0.020820163190364838
pos,INTJ,8192,16,top1_changed,0.0,2,2,0.0,0.0
pos,NOUN,8192,16,delta_ce,-0.010000608567961557,16,168,-0.05997571412078783,0.03853947673691731
pos,NOUN,8192,16,kl_full_to_compact,0.03573192244776177,16,168,0.02568394261270702,0.04742526411295837
pos,NOUN,8192,16,top1_changed,0.12301800903774589,16,168,0.0769487253882813,0.17546553410040253
pos,NUM,8192,16,delta_ce,-0.06424177419604449,6,19,-0.24356787012479295,0.06170750427780957
pos,NUM,8192,16,kl_full_to_compact,0.046882065513611654,6,19,0.011842263506105155,0.09073696054595833
pos,NUM,8192,16,top1_changed,0.05555555555555555,6,19,0.0,0.16666666666666666
pos,PART,8192,16,delta_ce,-0.029163953153924508,11,24,-0.07725035683110808,0.021111042086373648
pos,PART,8192,16,kl_full_to_compact,0.01538459628892738,11,24,0.01012167711318894,0.022212813134396887
pos,PART,8192,16,top1_changed,0.1212121212121212,11,24,0.0,0.24280303030302822
pos,PRON,8192,16,delta_ce,0.0021066186152757143,15,113,-0.04074301858272621,0.04552939029395906
pos,PRON,8192,16,kl_full_to_compact,0.01788512466494799,15,113,0.013484535199945637,0.02307934103998927
pos,PRON,8192,16,top1_changed,0.10279263220439691,15,113,0.04546939988116459,0.16345476827094468
pos,PROPN,8192,16,delta_ce,-0.09361527751722187,14,44,-0.2706668055604514,0.09127085104399674
pos,PROPN,8192,16,kl_full_to_compact,0.0803784676977489,14,44,0.02385379460984406,0.17499545926518797
pos,PROPN,8192,16,top1_changed,0.12023809523809524,14,44,0.03571428571428571,0.21666666666666665
pos,PUNCT,8192,16,delta_ce,-0.004533526210838721,16,101,-0.05571242407707143,0.03762276723241757
pos,PUNCT,8192,16,kl_full_to_compact,0.027961440263757215,16,101,0.019853077773568945,0.036668636488798895
pos,PUNCT,8192,16,top1_changed,0.05803571428571429,16,101,0.010416666666666666,0.12053571428571427
pos,SCONJ,8192,16,delta_ce,-0.07842108971354636,11,19,-0.20079314530488443,0.028349789346314255
pos,SCONJ,8192,16,kl_full_to_compact,0.02719803832499593,11,19,0.010060347737850283,0.056533283237050355
pos,SCONJ,8192,16,top1_changed,0.1212121212121212,11,19,0.0,0.30303030303030304
pos,SPACE,8192,16,delta_ce,0.039053158762150514,16,79,-0.012602623129096172,0.09312594764701014
pos,SPACE,8192,16,kl_full_to_compact,0.019572120150536422,16,79,0.010971306279837308,0.029616883375336252
pos,SPACE,8192,16,top1_changed,0.04375,16,79,0.0,0.090625
pos,VERB,8192,16,delta_ce,0.011944946957947015,16,104,-0.028893331390361047,0.050599196523910366
pos,VERB,8192,16,kl_full_to_compact,0.02526412315413781,16,104,0.017687086426962415,0.03428526081524316
pos,VERB,8192,16,top1_changed,0.0755478896103896,16,104,0.0214255275974026,0.13849431818181818
pos,X,8192,16,delta_ce,-0.3375452756881714,2,2,-0.4739062786102295,-0.20118427276611328
pos,X,8192,16,kl_full_to_compact,0.07061942806467414,2,2,0.004599529318511486,0.1366393268108368
pos,X,8192,16,top1_changed,0.0,2,2,0.0,0.0
is_first_subtoken,False,128,0,delta_ce,0.35027762878304647,16,97,0.09642655676900015,0.640778855528781
is_first_subtoken,False,128,0,kl_full_to_compact,0.34400323225659746,16,97,0.16197823806091222,0.5653076230064293
is_first_subtoken,False,128,0,top1_changed,0.14956605894105893,16,97,0.06778846153846155,0.23028135926573406
is_first_subtoken,True,128,0,delta_ce,0.343857444484012,16,927,0.23750427537010943,0.47237913678021665
is_first_subtoken,True,128,0,kl_full_to_compact,0.32355686094141034,16,927,0.24569720465362488,0.43006442721855775
is_first_subtoken,True,128,0,top1_changed,0.2901310588925389,16,927,0.24142099098173755,0.3367052246653061
is_first_subtoken,False,128,4,delta_ce,0.37116352898808236,16,97,0.09150141809797299,0.674260399432244
is_first_subtoken,False,128,4,kl_full_to_compact,0.36268638380080465,16,97,0.16807226969054234,0.6047885375369584
is_first_subtoken,False,128,4,top1_changed,0.18289939227439228,16,97,0.10014508928571429,0.2682359307359307
is_first_subtoken,True,128,4,delta_ce,0.3461342449214647,16,927,0.23950199833354308,0.4721815877199766
is_first_subtoken,True,128,4,kl_full_to_compact,0.32772597553959015,16,927,0.2493073591437547,0.42888273855584647
is_first_subtoken,True,128,4,top1_changed,0.2891099163780368,16,927,0.24305874821711138,0.3349985632933953
is_first_subtoken,False,128,16,delta_ce,0.38045173364186424,16,97,0.13730444966734073,0.6687307471333044
is_first_subtoken,False,128,16,kl_full_to_compact,0.3719278755349439,16,97,0.18367407048154513,0.5956457747398898
is_first_subtoken,False,128,16,top1_changed,0.16206605894105894,16,97,0.08891499125874126,0.23991032405094903
is_first_subtoken,True,128,16,delta_ce,0.3877054469157971,16,927,0.2874219243990474,0.5128598444293617
is_first_subtoken,True,128,16,kl_full_to_compact,0.3606332282445328,16,927,0.2798277452002161,0.46729391015326904
is_first_subtoken,True,128,16,top1_changed,0.30687265432861616,16,927,0.2577997417884751,0.35925184232563184
is_first_subtoken,False,512,0,delta_ce,0.17608181666807596,16,97,0.021105485766924323,0.37322763395348013
is_first_subtoken,False,512,0,kl_full_to_compact,0.15235527998290768,16,97,0.036362826160250585,0.3150826278613739
is_first_subtoken,False,512,0,top1_changed,0.09165521978021979,16,97,0.03317307692307692,0.15223557692307693
is_first_subtoken,True,512,0,delta_ce,0.1341354340214631,16,927,0.030676531771323314,0.2651320802830616
is_first_subtoken,True,512,0,kl_full_to_compact,0.17449421816322172,16,927,0.11116880161828299,0.2749962113110591
is_first_subtoken,True,512,0,top1_changed,0.19985230292776893,16,927,0.16346479901694974,0.24174097748090975
is_first_subtoken,False,512,4,delta_ce,0.17782127198754946,16,97,0.023218402993421948,0.3765939271630003
is_first_subtoken,False,512,4,kl_full_to_compact,0.15103087260607684,16,97,0.03736537948681175,0.3041885271280127
is_first_subtoken,False,512,4,top1_changed,0.08684752747252747,16,97,0.03173076923076923,0.14554172390109885
is_first_subtoken,True,512,4,delta_ce,0.1371899658335691,16,927,0.03288792510450648,0.26829181598126883
is_first_subtoken,True,512,4,kl_full_to_compact,0.1750785509610403,16,927,0.1138488850730679,0.2662386703679699
is_first_subtoken,True,512,4,top1_changed,0.18891126577884632,16,927,0.14634436211179438,0.23535260746091444
is_first_subtoken,False,512,16,delta_ce,0.17836530131383385,16,97,0.033342972423352706,0.367136510745712
is_first_subtoken,False,512,16,kl_full_to_compact,0.14801423180595477,16,97,0.03614411876851898,0.29946269413130544
is_first_subtoken,False,512,16,top1_changed,0.08059752747252746,16,97,0.03125,0.1388452953296703
is_first_subtoken,True,512,16,delta_ce,0.14576812444282428,16,927,0.04255735009054868,0.27354205370319506
is_first_subtoken,True,512,16,kl_full_to_compact,0.17728909887242028,16,927,0.11441916713086164,0.2775184091439437
is_first_subtoken,True,512,16,top1_changed,0.19292227520130956,16,927,0.15236402309640407,0.23832722832322512
is_first_subtoken,False,1024,0,delta_ce,0.12120016196936681,16,97,0.023190376819886102,0.24239772026617887
is_first_subtoken,False,1024,0,kl_full_to_compact,0.09333011851685,16,97,0.03218963241196033,0.19225822072332427
is_first_subtoken,False,1024,0,top1_changed,0.05872252747252747,16,97,0.015865384615384615,0.10872767857142857
is_first_subtoken,True,1024,0,delta_ce,0.08576228645785489,16,927,0.020808676747606124,0.17330200302444518
is_first_subtoken,True,1024,0,kl_full_to_compact,0.11960907215617755,16,927,0.0737574439566496,0.19262516436500568
is_first_subtoken,True,1024,0,top1_changed,0.1634714978765004,16,927,0.12177696511931206,0.20476698726716877
is_first_subtoken,False,1024,4,delta_ce,0.11996363082738014,16,97,0.020272726908181844,0.24291512349931646
is_first_subtoken,False,1024,4,kl_full_to_compact,0.09394556170625044,16,97,0.0328803187105879,0.2008422940117807
is_first_subtoken,False,1024,4,top1_changed,0.04979395604395605,16,97,0.015178571428571428,0.0897716346153846
is_first_subtoken,True,1024,4,delta_ce,0.08359933252881133,16,927,0.01814486321786473,0.1755398867519802
is_first_subtoken,True,1024,4,kl_full_to_compact,0.11970679014851943,16,927,0.0733135533903172,0.19620820076681766
is_first_subtoken,True,1024,4,top1_changed,0.17236652302062389,16,927,0.13384017120647973,0.2118270958350716
is_first_subtoken,False,1024,16,delta_ce,0.12346024362771071,16,97,0.022774491772826165,0.24837243181596985
is_first_subtoken,False,1024,16,kl_full_to_compact,0.09562898598273406,16,97,0.031087674476767274,0.20006414506499554
is_first_subtoken,False,1024,16,top1_changed,0.05604395604395604,16,97,0.015865384615384615,0.10367788461538442
is_first_subtoken,True,1024,16,delta_ce,0.08771757191972684,16,927,0.023241725739612012,0.1689109779754891
is_first_subtoken,True,1024,16,kl_full_to_compact,0.12111799100299855,16,927,0.07460492840550804,0.19330968566786746
is_first_subtoken,True,1024,16,top1_changed,0.1681808653723713,16,927,0.12419279382951189,0.21486599663987646
is_first_subtoken,False,2048,0,delta_ce,0.08552790347577477,16,97,0.011212937188865398,0.17656679411718923
is_first_subtoken,False,2048,0,kl_full_to_compact,0.07157098812831804,16,97,0.01865268752734476,0.1633786104102938
is_first_subtoken,False,2048,0,top1_changed,0.04354395604395604,16,97,0.0125,0.07815934065934066
is_first_subtoken,True,2048,0,delta_ce,0.06509752226090892,16,927,0.005301424475288242,0.15214104902166337
is_first_subtoken,True,2048,0,kl_full_to_compact,0.09940799527416454,16,927,0.055675392099930436,0.16781046098598937
is_first_subtoken,True,2048,0,top1_changed,0.1516190234711439,16,927,0.11685111054348654,0.18887366041821338
is_first_subtoken,False,2048,4,delta_ce,0.09011498732430215,16,97,0.016483173979352856,0.18053272514896274
is_first_subtoken,False,2048,4,kl_full_to_compact,0.07194907979252901,16,97,0.01891767769917566,0.16332199220735855
is_first_subtoken,False,2048,4,top1_changed,0.04354395604395604,16,97,0.0125,0.08125
is_first_subtoken,True,2048,4,delta_ce,0.06400817989126273,16,927,0.001968198224095087,0.15336988540425656
is_first_subtoken,True,2048,4,kl_full_to_compact,0.09919394955025988,16,927,0.05365239127720555,0.16562295944786565
is_first_subtoken,True,2048,4,top1_changed,0.1533375159683249,16,927,0.11822772515537111,0.1908336736628997
is_first_subtoken,False,2048,16,delta_ce,0.08987620679830187,16,97,0.01187168766426194,0.18180115087179946
is_first_subtoken,False,2048,16,kl_full_to_compact,0.07274948231205307,16,97,0.018947861686293446,0.16278285733092707
is_first_subtoken,False,2048,16,top1_changed,0.04354395604395604,16,97,0.0125,0.07527987637362636
is_first_subtoken,True,2048,16,delta_ce,0.06525527809430094,16,927,0.004693280167948515,0.16257880035528693
is_first_subtoken,True,2048,16,kl_full_to_compact,0.09944123887009147,16,927,0.05591569747957955,0.16666235129851345
is_first_subtoken,True,2048,16,top1_changed,0.1569628481638214,16,927,0.12353241163936397,0.19326641925525942
is_first_subtoken,False,4096,0,delta_ce,0.03737573861440058,16,97,-0.01011991584259325,0.09483466782819722
is_first_subtoken,False,4096,0,kl_full_to_compact,0.02132888336972693,16,97,0.012368365205734293,0.030727435896649606
is_first_subtoken,False,4096,0,top1_changed,0.03729395604395604,16,97,0.0125,0.06614010989010989
is_first_subtoken,True,4096,0,delta_ce,0.013260843008379437,16,927,-0.024269194891526395,0.07012226112182905
is_first_subtoken,True,4096,0,kl_full_to_compact,0.05308447695623378,16,927,0.03370460727519471,0.08083894385248484
is_first_subtoken,True,4096,0,top1_changed,0.11715736994044645,16,927,0.09079426960129318,0.1457682193011694
is_first_subtoken,False,4096,4,delta_ce,0.03640706800288532,16,97,-0.010885923654277395,0.09624070727215402
is_first_subtoken,False,4096,4,kl_full_to_compact,0.020932653942305184,16,97,0.011811800552876062,0.031056115980747017
is_first_subtoken,False,4096,4,top1_changed,0.03729395604395604,16,97,0.0125,0.06634615384615385
is_first_subtoken,True,4096,4,delta_ce,0.016402807948168008,16,927,-0.023175123539195198,0.07355654396004536
is_first_subtoken,True,4096,4,kl_full_to_compact,0.053963421887418886,16,927,0.03415754632194445,0.08102575866586319
is_first_subtoken,True,4096,4,top1_changed,0.11289034563950832,16,927,0.08706234918563369,0.14240358650300647
is_first_subtoken,False,4096,16,delta_ce,0.038310503199317475,16,97,-0.0065679486919793416,0.09924344710640223
is_first_subtoken,False,4096,16,kl_full_to_compact,0.021006293617751793,16,97,0.012173021940346206,0.030585536563263994
is_first_subtoken,False,4096,16,top1_changed,0.031043956043956045,16,97,0.00625,0.05940934065934066
is_first_subtoken,True,4096,16,delta_ce,0.014104335613755244,16,927,-0.022794466235256064,0.07251639138444897
is_first_subtoken,True,4096,16,kl_full_to_compact,0.052907958022424276,16,927,0.03290071091749233,0.07977603731807956
is_first_subtoken,True,4096,16,top1_changed,0.11110625302183946,16,927,0.08705953358043793,0.1382890088164992
is_first_subtoken,False,8192,0,delta_ce,0.03260956092164087,16,97,-0.005882184813827115,0.08274748915906244
is_first_subtoken,False,8192,0,kl_full_to_compact,0.015087429157246958,16,97,0.0087057765576021,0.021711924878928916
is_first_subtoken,False,8192,0,top1_changed,0.03248626373626373,16,97,0.011057692307692308,0.06071428571428571
is_first_subtoken,True,8192,0,delta_ce,-0.004720656089573257,16,927,-0.03228616120083584,0.026297933796558075
is_first_subtoken,True,8192,0,kl_full_to_compact,0.033179655252479165,16,927,0.02144080530228334,0.04768359235333291
is_first_subtoken,True,8192,0,top1_changed,0.10126730929338632,16,927,0.075152585560714,0.1300785131566919
is_first_subtoken,False,8192,4,delta_ce,0.028664722654305357,16,97,-0.008645589641229471,0.07759672012804934
is_first_subtoken,False,8192,4,kl_full_to_compact,0.015115457185526274,16,97,0.008712519711637733,0.02277028378819733
is_first_subtoken,False,8192,4,top1_changed,0.026236263736263737,16,97,0.00625,0.05089285714285714
is_first_subtoken,True,8192,4,delta_ce,-0.0034969163725713853,16,927,-0.027516871649144552,0.02725819036167807
is_first_subtoken,True,8192,4,kl_full_to_compact,0.03311238110186972,16,927,0.021260934724748767,0.04858545243327151
is_first_subtoken,True,8192,4,top1_changed,0.09701153746554436,16,927,0.07224779887300084,0.12381406650229881
is_first_subtoken,False,8192,16,delta_ce,0.03263434473839167,16,97,-0.0036036825863530455,0.08249864938613337
is_first_subtoken,False,8192,16,kl_full_to_compact,0.015435807336258087,16,97,0.009105600620540995,0.022425929483398773
is_first_subtoken,False,8192,16,top1_changed,0.02767857142857143,16,97,0.00625,0.05267857142857143
is_first_subtoken,True,8192,16,delta_ce,-0.002516569951298772,16,927,-0.028518012229630022,0.030407605154620668
is_first_subtoken,True,8192,16,kl_full_to_compact,0.032656665447034244,16,927,0.020820988610546327,0.04781722650968576
is_first_subtoken,True,8192,16,top1_changed,0.10428681144093996,16,927,0.0782771672516585,0.13042869136822174
