label_scheme,label,cache_budget,sink_size,metric,contrast,mean_difference,documents,ci_low,ci_high
coarse_category,content,128,0,delta_ce,category_minus_document_mean,0.23188125046281183,16,0.11125623989108317,0.3744432084267744
coarse_category,function,128,0,delta_ce,category_minus_document_mean,-0.23361884807427089,16,-0.3277339057402177,-0.14696437815741734
coarse_category,other,128,0,delta_ce,category_minus_document_mean,-0.170867724446602,16,-0.34416935139880706,0.010541648190014267
coarse_category,special,128,0,delta_ce,category_minus_document_mean,-0.10017220836781224,16,-0.18969710052456906,-0.015421321831527526
coarse_category,content,128,4,delta_ce,category_minus_document_mean,0.24328837952942953,16,0.12390800112144719,0.38469190774412626
coarse_category,function,128,4,delta_ce,category_minus_document_mean,-0.24203128061253457,16,-0.32955368352404346,-0.15411903785466055
coarse_category,other,128,4,delta_ce,category_minus_document_mean,-0.19434668004934988,16,-0.3653096909304627,-0.010918117072254721
coarse_category,special,128,4,delta_ce,category_minus_document_mean,-0.10886441325288934,16,-0.19689295304454435,-0.02531933851010908
coarse_category,content,128,16,delta_ce,category_minus_document_mean,0.24419012593972048,16,0.12769441703395112,0.3837042421322553
coarse_category,function,128,16,delta_ce,category_minus_document_mean,-0.2537092273806582,16,-0.33221911967227297,-0.17448891232626543
coarse_category,other,128,16,delta_ce,category_minus_document_mean,-0.1661872772467505,16,-0.3721281785823404,0.05594300199408784
coarse_category,special,128,16,delta_ce,category_minus_document_mean,-0.10496838937646154,16,-0.1946716495082353,-0.02089457496104588
coarse_category,content,512,0,delta_ce,category_minus_document_mean,0.12790037386585998,16,0.04137235242153507,0.23375441008079875
coarse_category,function,512,0,delta_ce,category_minus_document_mean,-0.11897469222482569,16,-0.21654189403959856,-0.03430512944075038
coarse_category,other,512,0,delta_ce,category_minus_document_mean,-0.1392626930448276,16,-0.23593380973202394,-0.02521135693246927
coarse_category,special,512,0,delta_ce,category_minus_document_mean,-0.0510004325107484,16,-0.13899510621719569,0.020986199170670447
coarse_category,content,512,4,delta_ce,category_minus_document_mean,0.12755947433027753,16,0.044987619876202506,0.23168551762971065
coarse_category,function,512,4,delta_ce,category_minus_document_mean,-0.11880113966435497,16,-0.20663208339233888,-0.039448497106428414
coarse_category,other,512,4,delta_ce,category_minus_document_mean,-0.14800534089969636,16,-0.2481346500837921,-0.03336102576733827
coarse_category,special,512,4,delta_ce,category_minus_document_mean,-0.04479947610223187,16,-0.13054224025565156,0.02962615085087415
coarse_category,content,512,16,delta_ce,category_minus_document_mean,0.12868724952546623,16,0.05015059379729505,0.2370500404689056
coarse_category,function,512,16,delta_ce,category_minus_document_mean,-0.12632994440742462,16,-0.21729875055567058,-0.045509287732841665
coarse_category,other,512,16,delta_ce,category_minus_document_mean,-0.14920282659399892,16,-0.2537806500639882,-0.02750238754208182
coarse_category,special,512,16,delta_ce,category_minus_document_mean,-0.036302842930985874,16,-0.12236412554666792,0.044545218482621184
coarse_category,content,2048,0,delta_ce,category_minus_document_mean,0.059058576949724564,16,0.018059574141349233,0.09920197292911574
coarse_category,function,2048,0,delta_ce,category_minus_document_mean,-0.09665762089752608,16,-0.18505496712161887,-0.024545921368446345
coarse_category,other,2048,0,delta_ce,category_minus_document_mean,-0.055511106694151865,16,-0.1576769154712497,0.057277106940185146
coarse_category,special,2048,0,delta_ce,category_minus_document_mean,0.015678401955312466,16,-0.05169923749332708,0.1162508617330469
coarse_category,content,2048,4,delta_ce,category_minus_document_mean,0.0556205644242439,16,0.013862616651459183,0.09607037154013837
coarse_category,function,2048,4,delta_ce,category_minus_document_mean,-0.086118404201899,16,-0.17657868359916695,-0.014687038487738705
coarse_category,other,2048,4,delta_ce,category_minus_document_mean,-0.056537861697541755,16,-0.16452481436949204,0.05622011546496744
coarse_category,special,2048,4,delta_ce,category_minus_document_mean,0.011459503725525198,16,-0.055263922589544684,0.11467141410369015
coarse_category,content,2048,16,delta_ce,category_minus_document_mean,0.05622021677425243,16,0.01734020283166431,0.09743911022798638
coarse_category,function,2048,16,delta_ce,category_minus_document_mean,-0.08652913707875882,16,-0.18936760206058706,-0.01385021604132283
coarse_category,other,2048,16,delta_ce,category_minus_document_mean,-0.06190336788408974,16,-0.15796518049400968,0.037823717555662995
coarse_category,special,2048,16,delta_ce,category_minus_document_mean,0.01242518155518113,16,-0.055330876851637636,0.11682743598373882
coarse_category,content,8192,0,delta_ce,category_minus_document_mean,-0.013527580154913788,16,-0.044384856055056,0.01308965007015801
coarse_category,function,8192,0,delta_ce,category_minus_document_mean,-0.002070863879450717,16,-0.025484360666294403,0.021811651140306778
coarse_category,other,8192,0,delta_ce,category_minus_document_mean,0.0305925651873437,16,-0.035406227722024786,0.09817405592936347
coarse_category,special,8192,0,delta_ce,category_minus_document_mean,0.0033094341034681928,16,-0.01867112327368238,0.026214933826936297
coarse_category,content,8192,4,delta_ce,category_minus_document_mean,-0.015090852349134794,16,-0.045217768583484495,0.012514621792018432
coarse_category,function,8192,4,delta_ce,category_minus_document_mean,0.004218471184758284,16,-0.02023107316302736,0.0303400769918681
coarse_category,other,8192,4,delta_ce,category_minus_document_mean,0.02782906524838855,16,-0.037212356830989925,0.09516650886756606
coarse_category,special,8192,4,delta_ce,category_minus_document_mean,0.0003082621762747085,16,-0.02396210538455233,0.023240291634108692
coarse_category,content,8192,16,delta_ce,category_minus_document_mean,-0.012381612142467599,16,-0.04463111244486522,0.014737412484054028
coarse_category,function,8192,16,delta_ce,category_minus_document_mean,-0.003479123724421096,16,-0.02997913830900871,0.023003061081713544
coarse_category,other,8192,16,delta_ce,category_minus_document_mean,0.03420436669199506,16,-0.027746825287892317,0.09856306218351665
coarse_category,special,8192,16,delta_ce,category_minus_document_mean,-0.0007828661255460064,16,-0.023088473044225715,0.021277878039786525
coarse_category,content,128,0,kl_full_to_compact,category_minus_document_mean,0.10416532237863389,16,0.05094525552021132,0.1718183402819151
coarse_category,function,128,0,kl_full_to_compact,category_minus_document_mean,-0.11217128163232024,16,-0.18119700486159565,-0.05966981661340865
coarse_category,other,128,0,kl_full_to_compact,category_minus_document_mean,-0.04425707758874485,16,-0.14281989763148595,0.07063707962631714
coarse_category,special,128,0,kl_full_to_compact,category_minus_document_mean,-0.04599045431281537,16,-0.08941769832227311,-0.0070146814306840865
coarse_category,content,128,4,kl_full_to_compact,category_minus_document_mean,0.10716784473512024,16,0.05035071461116179,0.1729041832037851
coarse_category,function,128,4,kl_full_to_compact,category_minus_document_mean,-0.11482579312738356,16,-0.18568277011522816,-0.06292721394407114
coarse_category,other,128,4,kl_full_to_compact,category_minus_document_mean,-0.05713546175022352,16,-0.14766457917908113,0.05042574292959262
coarse_category,special,128,4,kl_full_to_compact,category_minus_document_mean,-0.04401746152179994,16,-0.09192856132372873,-0.0021054169528459416
coarse_category,content,128,16,kl_full_to_compact,category_minus_document_mean,0.10628616546718386,16,0.04546742350751221,0.17954416941476234
coarse_category,function,128,16,kl_full_to_compact,category_minus_document_mean,-0.12213646896201323,16,-0.19447951716191886,-0.06212734585181689
coarse_category,other,128,16,kl_full_to_compact,category_minus_document_mean,-0.013814970145237866,16,-0.15457359470693988,0.16313392441040367
coarse_category,special,128,16,kl_full_to_compact,category_minus_document_mean,-0.047705069956132044,16,-0.09752637640848756,-0.0065164733272607515
coarse_category,content,512,0,kl_full_to_compact,category_minus_document_mean,0.05882611467734919,16,0.02282273516265413,0.10219999749649435
coarse_category,function,512,0,kl_full_to_compact,category_minus_document_mean,-0.06682008304855586,16,-0.12443454419725368,-0.024381288224611268
coarse_category,other,512,0,kl_full_to_compact,category_minus_document_mean,-0.05166313404422565,16,-0.09200552429953412,-0.0105792135550207
coarse_category,special,512,0,kl_full_to_compact,category_minus_document_mean,-0.011697007328783173,16,-0.04360574100414227,0.01801865713380744
coarse_category,content,512,4,kl_full_to_compact,category_minus_document_mean,0.057705597635101524,16,0.020589441107397126,0.10252733036416141
coarse_category,function,512,4,kl_full_to_compact,category_minus_document_mean,-0.06531243013996586,16,-0.1260359489866577,-0.02273993964587101
coarse_category,other,512,4,kl_full_to_compact,category_minus_document_mean,-0.04963477280269204,16,-0.09417900505122499,-0.005636153960524053
coarse_category,special,512,4,kl_full_to_compact,category_minus_document_mean,-0.011858483844721216,16,-0.04269403463568945,0.017902879403030657
coarse_category,content,512,16,kl_full_to_compact,category_minus_document_mean,0.055110976099116436,16,0.02017388157304303,0.09983916830962732
coarse_category,function,512,16,kl_full_to_compact,category_minus_document_mean,-0.06511908202381558,16,-0.12860544773794064,-0.02331985901494373
coarse_category,other,512,16,kl_full_to_compact,category_minus_document_mean,-0.046799080108582664,16,-0.0911895413701602,-0.006102174485431246
coarse_category,special,512,16,kl_full_to_compact,category_minus_document_mean,-0.004835437562623452,16,-0.041226840121956945,0.03199193441544841
coarse_category,content,2048,0,kl_full_to_compact,category_minus_document_mean,0.026881722691977576,16,0.009672985089091077,0.04654443778466178
coarse_category,function,2048,0,kl_full_to_compact,category_minus_document_mean,-0.052632215401437296,16,-0.11668892035707992,-0.014016033629814574
coarse_category,other,2048,0,kl_full_to_compact,category_minus_document_mean,-0.037371132087932996,16,-0.06986922106366832,-0.010647125621111517
coarse_category,special,2048,0,kl_full_to_compact,category_minus_document_mean,0.02243961139503106,16,-0.010517667650255655,0.074311663793281
coarse_category,content,2048,4,kl_full_to_compact,category_minus_document_mean,0.026658395367664654,16,0.009933466905589761,0.046424730939996155
coarse_category,function,2048,4,kl_full_to_compact,category_minus_document_mean,-0.052720131702158154,16,-0.11534044161884623,-0.015381701775057538
coarse_category,other,2048,4,kl_full_to_compact,category_minus_document_mean,-0.03490790587037436,16,-0.06700735902839575,-0.0064221734339124726
coarse_category,special,2048,4,kl_full_to_compact,category_minus_document_mean,0.021991880896771666,16,-0.010461385328164458,0.07487426448180833
coarse_category,content,2048,16,kl_full_to_compact,category_minus_document_mean,0.02831061075552168,16,0.011891821384999834,0.04753019268957595
coarse_category,function,2048,16,kl_full_to_compact,category_minus_document_mean,-0.0529352229378411,16,-0.11376304471703869,-0.014397226819599793
coarse_category,other,2048,16,kl_full_to_compact,category_minus_document_mean,-0.03621683101448204,16,-0.06676953994493477,-0.01050671857302786
coarse_category,special,2048,16,kl_full_to_compact,category_minus_document_mean,0.02058386184628334,16,-0.010517600001427214,0.07313959612149763
coarse_category,content,8192,0,kl_full_to_compact,category_minus_document_mean,0.007860428810532099,16,0.0032083499976087414,0.01396770670200564
coarse_category,function,8192,0,kl_full_to_compact,category_minus_document_mean,-0.006005583622392489,16,-0.011870431625069395,-0.0007125930337626571
coarse_category,other,8192,0,kl_full_to_compact,category_minus_document_mean,-0.0076768728824267475,16,-0.014038673114327,8.604242241745373e-05
coarse_category,special,8192,0,kl_full_to_compact,category_minus_document_mean,-0.0073458783208047,16,-0.017077143589462516,0.0008072619640847614
coarse_category,content,8192,4,kl_full_to_compact,category_minus_document_mean,0.008161303337690662,16,0.002930850499794417,0.014753232254038608
coarse_category,function,8192,4,kl_full_to_compact,category_minus_document_mean,-0.005840274929237779,16,-0.011666752556604713,-0.0003472847334216932
coarse_category,other,8192,4,kl_full_to_compact,category_minus_document_mean,-0.009698524074991513,16,-0.01603838564458545,-0.003163258889208652
coarse_category,special,8192,4,kl_full_to_compact,category_minus_document_mean,-0.007669742770002384,16,-0.01773884654631577,0.0001505812150041158
coarse_category,content,8192,16,kl_full_to_compact,category_minus_document_mean,0.008271606055581832,16,0.003299939856640841,0.013957127606510107
coarse_category,function,8192,16,kl_full_to_compact,category_minus_document_mean,-0.006191103576310163,16,-0.01210751273273409,-0.000749565764011702
coarse_category,other,8192,16,kl_full_to_compact,category_minus_document_mean,-0.010826239475024419,16,-0.016041646531076044,-0.005092747449367927
coarse_category,special,8192,16,kl_full_to_compact,category_minus_document_mean,-0.0070453690723439434,16,-0.016708389033490048,0.00017314627448237525
coarse_category,content,128,0,top1_changed,category_minus_document_mean,0.06718047248820466,16,0.038431467579399366,0.09912544564928923
coarse_category,function,128,0,top1_changed,category_minus_document_mean,-0.052426437601459056,16,-0.09629585234926608,-0.012046879221093983
coarse_category,other,128,0,top1_changed,category_minus_document_mean,-0.12814698322510823,16,-0.20521484375,-0.04441315357819267
coarse_category,special,128,0,top1_changed,category_minus_document_mean,-0.029788804575664365,16,-0.07101645273503436,0.012819282040775513
coarse_category,content,128,4,top1_changed,category_minus_document_mean,0.08407410038034294,16,0.054725802011068074,0.1149691431336018
coarse_category,function,128,4,top1_changed,category_minus_document_mean,-0.05792031552543567,16,-0.09187972027173302,-0.024853083583619394
coarse_category,other,128,4,top1_changed,category_minus_document_mean,-0.13451930014430014,16,-0.20627265258612915,-0.05299545398178214
coarse_category,special,128,4,top1_changed,category_minus_document_mean,-0.04798153147703097,16,-0.08711510989543088,-0.00583019266466433
coarse_category,content,128,16,top1_changed,category_minus_document_mean,0.06955748870850029,16,0.03981801888649978,0.09941498328741227
coarse_category,function,128,16,top1_changed,category_minus_document_mean,-0.05019133424856037,16,-0.08327936101270805,-0.016929962585991387
coarse_category,other,128,16,top1_changed,category_minus_document_mean,-0.1321222830988456,16,-0.21168621200847765,-0.03864955357142858
coarse_category,special,128,16,top1_changed,category_minus_document_mean,-0.03406452382943573,16,-0.07698898907007744,0.010559849616634842
coarse_category,content,512,0,top1_changed,category_minus_document_mean,0.04711284713024422,16,0.01801747034248746,0.07376947361775588
coarse_category,function,512,0,top1_changed,category_minus_document_mean,-0.036184463737381364,16,-0.07038156821591238,0.0036006215016490097
coarse_category,other,512,0,top1_changed,category_minus_document_mean,-0.08706371753246754,16,-0.14450404575892858,-0.026729466822240262
coarse_category,special,512,0,top1_changed,category_minus_document_mean,-0.028501466522828086,16,-0.07461056125278084,0.019246561975430187
coarse_category,content,512,4,top1_changed,category_minus_document_mean,0.03838061361616335,16,0.015449643723763498,0.06325116642128646
coarse_category,function,512,4,top1_changed,category_minus_document_mean,-0.0236457786528403,16,-0.052846969625084346,0.00690932535207688
coarse_category,other,512,4,top1_changed,category_minus_document_mean,-0.09194653003246754,16,-0.1400301846590909,-0.03639629413555199
coarse_category,special,512,4,top1_changed,category_minus_document_mean,-0.02624344191875569,16,-0.07132638631920572,0.018096993077590526
coarse_category,content,512,16,top1_changed,category_minus_document_mean,0.038373864758449346,16,0.013461188924807643,0.06066691383325042
coarse_category,function,512,16,top1_changed,category_minus_document_mean,-0.030599360524185326,16,-0.06300079532013125,0.0038751638259222634
coarse_category,other,512,16,top1_changed,category_minus_document_mean,-0.09585278003246754,16,-0.1419841974431818,-0.04937829748376624
coarse_category,special,512,16,top1_changed,category_minus_document_mean,-0.014718335081148852,16,-0.06552556217922123,0.0318984266726783
coarse_category,content,2048,0,top1_changed,category_minus_document_mean,0.04261287252879118,16,0.016654580899418788,0.06619926965533628
coarse_category,function,2048,0,top1_changed,category_minus_document_mean,-0.034764736032703,16,-0.06971501018170427,0.002302652206917792
coarse_category,other,2048,0,top1_changed,category_minus_document_mean,-0.09087611607142858,16,-0.14454868861607142,-0.027785295758928595
coarse_category,special,2048,0,top1_changed,category_minus_document_mean,-0.01103080801713218,16,-0.04842574184152175,0.028830080673575145
coarse_category,content,2048,4,top1_changed,category_minus_document_mean,0.053302406234160715,16,0.02867336021142634,0.07582559653497802
coarse_category,function,2048,4,top1_changed,category_minus_document_mean,-0.048407993816585775,16,-0.08552575969377091,-0.010678359770860584
coarse_category,other,2048,4,top1_changed,category_minus_document_mean,-0.09282924107142858,16,-0.14570870535714284,-0.03305245535714292
coarse_category,special,2048,4,top1_changed,category_minus_document_mean,-0.012640526423725588,16,-0.05413037415078688,0.03045269563775717
coarse_category,content,2048,16,top1_changed,category_minus_document_mean,0.049006674039780186,16,0.024439709469403808,0.07125206677352863
coarse_category,function,2048,16,top1_changed,category_minus_document_mean,-0.03784246578332677,16,-0.07182880296444236,0.00042449271673292805
coarse_category,other,2048,16,top1_changed,category_minus_document_mean,-0.09575892857142858,16,-0.1484375,-0.03681431361607152
coarse_category,special,2048,16,top1_changed,category_minus_document_mean,-0.012996684511960881,16,-0.059576000123330725,0.03436922064797277
coarse_category,content,8192,0,top1_changed,category_minus_document_mean,0.02512119094200296,16,-0.0009032875753074399,0.05181462026613179
coarse_category,function,8192,0,top1_changed,category_minus_document_mean,-0.029044587281679673,16,-0.05772786458333334,0.0007478904653242038
coarse_category,other,8192,0,top1_changed,category_minus_document_mean,-0.051953125,16,-0.1015625,0.007426757812499971
coarse_category,special,8192,0,top1_changed,category_minus_document_mean,0.00378430563759544,16,-0.03764675749865872,0.04901731748630321
coarse_category,content,8192,4,top1_changed,category_minus_document_mean,0.022208487137655136,16,-0.003392855186046226,0.04778151381775651
coarse_category,function,8192,4,top1_changed,category_minus_document_mean,-0.02489122347308489,16,-0.05003836495535714,0.0032417966054175025
coarse_category,other,8192,4,top1_changed,category_minus_document_mean,-0.0626953125,16,-0.1005859375,-0.016210937499999998
coarse_category,special,8192,4,top1_changed,category_minus_document_mean,0.002191338170436166,16,-0.040489305998841846,0.04754140520805453
coarse_category,content,8192,16,top1_changed,category_minus_document_mean,0.028518350535283243,16,0.0013826006974149404,0.05722834736060788
coarse_category,function,8192,16,top1_changed,category_minus_document_mean,-0.03557895531400966,16,-0.06630045572916668,-0.0008300309480676538
coarse_category,other,8192,16,top1_changed,category_minus_document_mean,-0.05390625,16,-0.1017578125,0.004702148437499917
coarse_category,special,8192,16,top1_changed,category_minus_document_mean,-0.005858810975760773,16,-0.04662584628305898,0.03644738268905318
fine_category,adjective,128,0,delta_ce,category_minus_document_mean,-0.15726709000729935,14,-0.34802540277442784,0.033730973444225494
fine_category,adposition,128,0,delta_ce,category_minus_document_mean,-0.17290288065526832,16,-0.3200970188559725,-0.0371855257623439
fine_category,adverb,128,0,delta_ce,category_minus_document_mean,0.13703759930433465,11,-0.17023153476559771,0.4487075001108595
fine_category,auxiliary,128,0,delta_ce,category_minus_document_mean,-0.33240755686227913,14,-0.5001804297675743,-0.13079319814329313
fine_category,common_noun,128,0,delta_ce,category_minus_document_mean,0.2074672190661957,16,-0.002375848096234693,0.4225469552219207
fine_category,coordinating_conjunction,128,0,delta_ce,category_minus_document_mean,-0.3586102404496058,15,-0.5779724849271073,-0.1390751525052762
fine_category,determiner,128,0,delta_ce,category_minus_document_mean,-0.1311141117455501,16,-0.2515913362864078,-0.010470502655311862
fine_category,interjection,128,0,delta_ce,category_minus_document_mean,-0.24168971841027087,2,-0.3179770445713075,-0.16540239224923425
fine_category,negation,128,0,delta_ce,category_minus_document_mean,-0.47471937816617354,10,-0.6850265203821414,-0.2974752178482345
fine_category,number,128,0,delta_ce,category_minus_document_mean,-0.1420571327088712,6,-0.4262931488809651,0.15055225387029877
fine_category,other,128,0,delta_ce,category_minus_document_mean,-0.1737463084963076,16,-0.35273187602623934,0.009702001561362422
fine_category,particle,128,0,delta_ce,category_minus_document_mean,-0.14972784354409263,9,-0.4822961050914374,0.2052598487965699
fine_category,pronoun,128,0,delta_ce,category_minus_document_mean,-0.12441539113978227,15,-0.23701834327051383,0.0008349493072019776
fine_category,proper_noun,128,0,delta_ce,category_minus_document_mean,1.978850792316891,13,0.40934818918451404,3.908114518997706
fine_category,punctuation,128,0,delta_ce,category_minus_document_mean,-0.02934152224148178,16,-0.16174866249946762,0.10955061144416622
fine_category,question_word,128,0,delta_ce,category_minus_document_mean,-0.1716771664190343,11,-0.41030027511214323,0.09400928731797435
fine_category,subordinating_conjunction,128,0,delta_ce,category_minus_document_mean,-0.05039645742548751,8,-0.36457898095241414,0.31547633941401426
fine_category,verb,128,0,delta_ce,category_minus_document_mean,0.23989896197023342,16,-0.035558507882761,0.5915477778050314
fine_category,adjective,128,4,delta_ce,category_minus_document_mean,-0.14020562971345807,14,-0.349358957964083,0.07075889354449277
fine_category,adposition,128,4,delta_ce,category_minus_document_mean,-0.19363907651206602,16,-0.3308313319793858,-0.05542185568706408
fine_category,adverb,128,4,delta_ce,category_minus_document_mean,0.12544171618321728,11,-0.1758769360596706,0.4217688119444398
fine_category,auxiliary,128,4,delta_ce,category_minus_document_mean,-0.3242928869959121,14,-0.5036736309061872,-0.1193161864759284
fine_category,common_noun,128,4,delta_ce,category_minus_document_mean,0.22301876901190068,16,0.0011458177799087929,0.43193446181848044
fine_category,coordinating_conjunction,128,4,delta_ce,category_minus_document_mean,-0.37271753386790407,15,-0.5766873165158423,-0.17531238715698091
fine_category,determiner,128,4,delta_ce,category_minus_document_mean,-0.15501195700128012,16,-0.2693393556825895,-0.03665671835667609
fine_category,interjection,128,4,delta_ce,category_minus_document_mean,-0.2677110483728029,2,-0.3429466975176183,-0.1924753992279875
fine_category,negation,128,4,delta_ce,category_minus_document_mean,-0.5128001054755259,10,-0.7622589061887698,-0.327825829000833
fine_category,number,128,4,delta_ce,category_minus_document_mean,-0.15030347399940888,6,-0.41884379501938784,0.15154317810859128
fine_category,other,128,4,delta_ce,category_minus_document_mean,-0.19750069831375133,16,-0.37340831512573,-0.020955993001206437
fine_category,particle,128,4,delta_ce,category_minus_document_mean,-0.14146843286056943,9,-0.48841831539642855,0.20636805360671426
fine_category,pronoun,128,4,delta_ce,category_minus_document_mean,-0.1070582923322117,15,-0.22436638022596334,0.02337767586340487
fine_category,proper_noun,128,4,delta_ce,category_minus_document_mean,1.981875089987649,13,0.4459007802711335,3.775558931773087
fine_category,punctuation,128,4,delta_ce,category_minus_document_mean,-0.05794524790362793,16,-0.20353203313246856,0.086698946842997
fine_category,question_word,128,4,delta_ce,category_minus_document_mean,-0.17259641383396118,11,-0.43465470818171825,0.11004140678441479
fine_category,subordinating_conjunction,128,4,delta_ce,category_minus_document_mean,-0.07246740193662995,8,-0.3916758373215013,0.2792912615367757
fine_category,verb,128,4,delta_ce,category_minus_document_mean,0.24911259104878153,16,-0.01545143335015473,0.6190543643483782
fine_category,adjective,128,16,delta_ce,category_minus_document_mean,-0.1529590196748117,14,-0.3446600361237646,0.017361330988687574
fine_category,adposition,128,16,delta_ce,category_minus_document_mean,-0.20482766795989196,16,-0.3290836922753025,-0.07081217354067561
fine_category,adverb,128,16,delta_ce,category_minus_document_mean,0.05451110920144086,11,-0.2674300023211915,0.35376933171500646
fine_category,auxiliary,128,16,delta_ce,category_minus_document_mean,-0.3413381734307241,14,-0.5359740314954905,-0.12338536117129088
fine_category,common_noun,128,16,delta_ce,category_minus_document_mean,0.17828161378050705,16,-0.041420252931878294,0.391665881359658
fine_category,coordinating_conjunction,128,16,delta_ce,category_minus_document_mean,-0.2639267680846388,15,-0.5059210746805255,-0.017017769898797688
fine_category,determiner,128,16,delta_ce,category_minus_document_mean,-0.20703288165105255,16,-0.3326086123415403,-0.06957778453426207
fine_category,interjection,128,16,delta_ce,category_minus_document_mean,-0.32333193944032246,2,-0.5781081923596503,-0.06855568652099464
fine_category,negation,128,16,delta_ce,category_minus_document_mean,-0.4373102252216995,10,-0.6475917782287707,-0.2543781363465225
fine_category,number,128,16,delta_ce,category_minus_document_mean,-0.18996163081523668,6,-0.4416012572430191,0.06635579684593218
fine_category,other,128,16,delta_ce,category_minus_document_mean,-0.17053723317215097,16,-0.3820572775975768,0.062190669430608934
fine_category,particle,128,16,delta_ce,category_minus_document_mean,-0.18164698379829738,9,-0.5408662797914884,0.192169804978155
fine_category,pronoun,128,16,delta_ce,category_minus_document_mean,-0.10231296067304596,15,-0.22949875082717322,0.04003006078172812
fine_category,proper_noun,128,16,delta_ce,category_minus_document_mean,2.2064672886047383,13,0.6767368555477731,4.113874871930156
fine_category,punctuation,128,16,delta_ce,category_minus_document_mean,-0.059365386831981726,16,-0.19145680962087416,0.07850492571518372
fine_category,question_word,128,16,delta_ce,category_minus_document_mean,-0.19123984014345982,11,-0.41890546836859877,0.051387376345532955
fine_category,subordinating_conjunction,128,16,delta_ce,category_minus_document_mean,-0.0617272078222868,8,-0.41247803416256373,0.3855080456525001
fine_category,verb,128,16,delta_ce,category_minus_document_mean,0.2680599814465373,16,-0.019659169112180883,0.6310807084766501
fine_category,adjective,512,0,delta_ce,category_minus_document_mean,0.042763781552453646,14,-0.08811149051357994,0.18071054736260952
fine_category,adposition,512,0,delta_ce,category_minus_document_mean,-0.07938127606063676,16,-0.2000831595521691,0.026918223068971223
fine_category,adverb,512,0,delta_ce,category_minus_document_mean,-0.14110573052463005,11,-0.3209888841499957,0.048616362155184493
fine_category,auxiliary,512,0,delta_ce,category_minus_document_mean,-0.12850283019782455,14,-0.23647975820539763,-0.026216639798502365
fine_category,common_noun,512,0,delta_ce,category_minus_document_mean,0.21827753203250813,16,0.038310013248481586,0.4374230856860756
fine_category,coordinating_conjunction,512,0,delta_ce,category_minus_document_mean,-0.156850256390448,15,-0.311240930524184,-0.00816820076075628
fine_category,determiner,512,0,delta_ce,category_minus_document_mean,-0.10072164313756281,16,-0.18998560910218013,-0.013051645400177584
fine_category,interjection,512,0,delta_ce,category_minus_document_mean,-0.3497305716955452,2,-0.4232937677297741,-0.2761673756613163
fine_category,negation,512,0,delta_ce,category_minus_document_mean,-0.1779346453519338,10,-0.32633529449543064,-0.04197070915398857
fine_category,number,512,0,delta_ce,category_minus_document_mean,0.17029135463744247,6,-0.0858178274998459,0.35083631096530454
fine_category,other,512,0,delta_ce,category_minus_document_mean,-0.1410644308995346,16,-0.24487057570439746,-0.025126543353565636
fine_category,particle,512,0,delta_ce,category_minus_document_mean,-0.10875649788476949,9,-0.43498087901087323,0.13872458509708324
fine_category,pronoun,512,0,delta_ce,category_minus_document_mean,-0.049094045245909136,15,-0.16656773417253834,0.05861330851958917
fine_category,proper_noun,512,0,delta_ce,category_minus_document_mean,0.7774477983342734,13,-0.13929666055316853,1.9180523136934258
fine_category,punctuation,512,0,delta_ce,category_minus_document_mean,-0.06375572505728028,16,-0.1629814130951512,0.03204183396745468
fine_category,question_word,512,0,delta_ce,category_minus_document_mean,-0.006717907377509557,11,-0.19396436407927997,0.1843158782712635
fine_category,subordinating_conjunction,512,0,delta_ce,category_minus_document_mean,-0.08220537499192915,8,-0.30575946656798864,0.16022081104267125
fine_category,verb,512,0,delta_ce,category_minus_document_mean,0.026829355732852382,16,-0.0678883114573111,0.11974510936825675
fine_category,adjective,512,4,delta_ce,category_minus_document_mean,0.033437520595418,14,-0.09188685386814067,0.18142254855811196
fine_category,adposition,512,4,delta_ce,category_minus_document_mean,-0.08670066401899013,16,-0.1960215966101632,0.008995690596281147
fine_category,adverb,512,4,delta_ce,category_minus_document_mean,-0.13495221750321654,11,-0.3380270003649647,0.05234881610698046
fine_category,auxiliary,512,4,delta_ce,category_minus_document_mean,-0.12180207340528651,14,-0.23332319657625386,-0.01734207958774871
fine_category,common_noun,512,4,delta_ce,category_minus_document_mean,0.2178096297944365,16,0.040880698272862545,0.43155866552547506
fine_category,coordinating_conjunction,512,4,delta_ce,category_minus_document_mean,-0.14744360258449282,15,-0.2843513594720952,-0.0029366236073358597
fine_category,determiner,512,4,delta_ce,category_minus_document_mean,-0.11392027811126608,16,-0.20848707480778914,-0.020820540951617582
fine_category,interjection,512,4,delta_ce,category_minus_document_mean,-0.3553969177137333,2,-0.42445133603177965,-0.2863424993956869
fine_category,negation,512,4,delta_ce,category_minus_document_mean,-0.1862558186057413,10,-0.34938117428069065,-0.029644877719529207
fine_category,number,512,4,delta_ce,category_minus_document_mean,0.1847309950882694,6,-0.06557412150867398,0.36612639471606295
fine_category,other,512,4,delta_ce,category_minus_document_mean,-0.1493686719679347,16,-0.25731413604632564,-0.03719845363259845
fine_category,particle,512,4,delta_ce,category_minus_document_mean,-0.10993617831420327,9,-0.40062362461326556,0.12864073974795925
fine_category,pronoun,512,4,delta_ce,category_minus_document_mean,-0.05816251568887429,15,-0.17524463805291793,0.05191104326958151
fine_category,proper_noun,512,4,delta_ce,category_minus_document_mean,0.7621930207904399,13,-0.13672140172970165,1.8511155513181736
fine_category,punctuation,512,4,delta_ce,category_minus_document_mean,-0.052317226065988306,16,-0.15759712062601902,0.05509459137922482
fine_category,question_word,512,4,delta_ce,category_minus_document_mean,0.01003896964220985,11,-0.17003535710372158,0.20484300411325868
fine_category,subordinating_conjunction,512,4,delta_ce,category_minus_document_mean,-0.06191956000969867,8,-0.28250551685196823,0.178721390178758
fine_category,verb,512,4,delta_ce,category_minus_document_mean,0.031601698274859924,16,-0.08169922864811066,0.12991336496061934
fine_category,adjective,512,16,delta_ce,category_minus_document_mean,0.039155305195844106,14,-0.09368645638609081,0.17068198723328004
fine_category,adposition,512,16,delta_ce,category_minus_document_mean,-0.088555350715855,16,-0.20048115873839412,0.01623785385476915
fine_category,adverb,512,16,delta_ce,category_minus_document_mean,-0.1191672094022992,11,-0.31774345129415,0.07895365221861719
fine_category,auxiliary,512,16,delta_ce,category_minus_document_mean,-0.13773670993668527,14,-0.24069306100150642,-0.0317273807938962
fine_category,common_noun,512,16,delta_ce,category_minus_document_mean,0.21754770912721172,16,0.04374201513742872,0.4197193298470979
fine_category,coordinating_conjunction,512,16,delta_ce,category_minus_document_mean,-0.15896956417963237,15,-0.3125150531323374,-0.001005530656599064
fine_category,determiner,512,16,delta_ce,category_minus_document_mean,-0.10446973057388964,16,-0.20093547608962314,-0.017090949226418576
fine_category,interjection,512,16,delta_ce,category_minus_document_mean,-0.3008478932224534,2,-0.3129696258511103,-0.2887261605937965
fine_category,negation,512,16,delta_ce,category_minus_document_mean,-0.21561692782574937,10,-0.39812859963367375,-0.051680180576042865
fine_category,number,512,16,delta_ce,category_minus_document_mean,0.14029378666565814,6,-0.10518939706181907,0.31447356001581284
fine_category,other,512,16,delta_ce,category_minus_document_mean,-0.1508798859755377,16,-0.25526679566325217,-0.037217527974247065
fine_category,particle,512,16,delta_ce,category_minus_document_mean,-0.1136340106897175,9,-0.40516945048634373,0.12574319811252502
fine_category,pronoun,512,16,delta_ce,category_minus_document_mean,-0.045978296431706624,15,-0.1644274040501439,0.06772855326321614
fine_category,proper_noun,512,16,delta_ce,category_minus_document_mean,0.7330084072550428,13,-0.18529780058148182,1.8299827653822165
fine_category,punctuation,512,16,delta_ce,category_minus_document_mean,-0.05023281427609425,16,-0.16638194179616705,0.06274623158470446
fine_category,question_word,512,16,delta_ce,category_minus_document_mean,-0.006641147760243857,11,-0.20191923397516223,0.20716411945038532
fine_category,subordinating_conjunction,512,16,delta_ce,category_minus_document_mean,-0.10526912593348925,8,-0.30356453334399447,0.10842998050309778
fine_category,verb,512,16,delta_ce,category_minus_document_mean,0.04316801957315597,16,-0.06135106494686143,0.14257851660312182
fine_category,adjective,2048,0,delta_ce,category_minus_document_mean,0.006627303311908154,14,-0.08590221673415874,0.08917698688093113
fine_category,adposition,2048,0,delta_ce,category_minus_document_mean,-0.10669745906124561,16,-0.22580195039090825,-0.013425864334377684
fine_category,adverb,2048,0,delta_ce,category_minus_document_mean,-0.09265995128576267,11,-0.34210961375717097,0.10363793793642911
fine_category,auxiliary,2048,0,delta_ce,category_minus_document_mean,-0.04006020120965884,14,-0.10714051332397935,0.017931073385201775
fine_category,common_noun,2048,0,delta_ce,category_minus_document_mean,0.12338830599363848,16,-0.009690065577152001,0.2824163040044678
fine_category,coordinating_conjunction,2048,0,delta_ce,category_minus_document_mean,-0.11860699341224921,15,-0.21443646056366195,-0.018140693176370595
fine_category,determiner,2048,0,delta_ce,category_minus_document_mean,-0.07100397242442175,16,-0.1618849749933631,0.014754018105955401
fine_category,interjection,2048,0,delta_ce,category_minus_document_mean,0.01106042523360884,2,-0.3334164237130608,0.3555372741802785
fine_category,negation,2048,0,delta_ce,category_minus_document_mean,-0.10637995884700331,10,-0.19004066411471285,-0.02492843041662364
fine_category,number,2048,0,delta_ce,category_minus_document_mean,0.06533758658500548,6,-0.2541152177879608,0.3263165421790101
fine_category,other,2048,0,delta_ce,category_minus_document_mean,-0.0578957254897577,16,-0.16042408234000402,0.047499807650653474
fine_category,particle,2048,0,delta_ce,category_minus_document_mean,-0.02857277979861313,9,-0.12918296337895027,0.06692121869193793
fine_category,pronoun,2048,0,delta_ce,category_minus_document_mean,0.019402720996049998,15,-0.05531498356265122,0.08337336143788529
fine_category,proper_noun,2048,0,delta_ce,category_minus_document_mean,0.3878910417227033,13,-0.22873748661407972,1.3663537995799306
fine_category,punctuation,2048,0,delta_ce,category_minus_document_mean,-0.0358228578799451,16,-0.14436585056782997,0.08521680299362543
fine_category,question_word,2048,0,delta_ce,category_minus_document_mean,-0.06758227435802217,11,-0.17282962160523604,0.06185301178423695
fine_category,subordinating_conjunction,2048,0,delta_ce,category_minus_document_mean,-0.08245533040676398,8,-0.15654025144522604,0.006298429512265555
fine_category,verb,2048,0,delta_ce,category_minus_document_mean,0.0530621284602992,16,-0.021970436846298423,0.11596570094952624
fine_category,adjective,2048,4,delta_ce,category_minus_document_mean,0.00674310131839164,14,-0.08123025025467981,0.09460254326129823
fine_category,adposition,2048,4,delta_ce,category_minus_document_mean,-0.09724612820260703,16,-0.2119942187421188,-0.0030117788849387556
fine_category,adverb,2048,4,delta_ce,category_minus_document_mean,-0.08741342276077692,11,-0.3379670425302237,0.11694520617257273
fine_category,auxiliary,2048,4,delta_ce,category_minus_document_mean,-0.03462048623615229,14,-0.0990855636384187,0.02922792977871334
fine_category,common_noun,2048,4,delta_ce,category_minus_document_mean,0.1197116421453182,16,-0.013582933573527288,0.2651328340040603
fine_category,coordinating_conjunction,2048,4,delta_ce,category_minus_document_mean,-0.11937856894264011,15,-0.21481022588067142,-0.02245811637626575
fine_category,determiner,2048,4,delta_ce,category_minus_document_mean,-0.06551040626442348,16,-0.1441900993358758,0.007665345210319123
fine_category,interjection,2048,4,delta_ce,category_minus_document_mean,0.01721150852881692,2,-0.3358183654399909,0.3702413824976247
fine_category,negation,2048,4,delta_ce,category_minus_document_mean,-0.10737713867860066,10,-0.17226912070800468,-0.0417544944427687
fine_category,number,2048,4,delta_ce,category_minus_document_mean,0.09856603508869109,6,-0.2241620821687336,0.38639532865263765
fine_category,other,2048,4,delta_ce,category_minus_document_mean,-0.059249837577757675,16,-0.16811579595858867,0.0546099088832426
fine_category,particle,2048,4,delta_ce,category_minus_document_mean,-0.0038056164236953314,9,-0.09929158609202457,0.11132476589030783
fine_category,pronoun,2048,4,delta_ce,category_minus_document_mean,0.010625507665866087,15,-0.0561220230821589,0.07609382450418992
fine_category,proper_noun,2048,4,delta_ce,category_minus_document_mean,0.41800051962951507,13,-0.20301595124182906,1.2466408507714368
fine_category,punctuation,2048,4,delta_ce,category_minus_document_mean,-0.03899746199206817,16,-0.14313067802466423,0.08234951657216177
fine_category,question_word,2048,4,delta_ce,category_minus_document_mean,-0.058014065667359296,11,-0.16608329235128128,0.07014389725886336
fine_category,subordinating_conjunction,2048,4,delta_ce,category_minus_document_mean,-0.03638365941360178,8,-0.13349556032514442,0.07673649482370293
fine_category,verb,2048,4,delta_ce,category_minus_document_mean,0.03567663466728284,16,-0.03162245574368549,0.0975252448339403
fine_category,adjective,2048,16,delta_ce,category_minus_document_mean,0.003100773443724913,14,-0.07571618737792392,0.08193556559146274
fine_category,adposition,2048,16,delta_ce,category_minus_document_mean,-0.09874050733299608,16,-0.22556671918041307,0.0018244368625403241
fine_category,adverb,2048,16,delta_ce,category_minus_document_mean,-0.10132103086588785,11,-0.35491628671860737,0.09242618337477206
fine_category,auxiliary,2048,16,delta_ce,category_minus_document_mean,-0.0342623634156091,14,-0.09652363137985373,0.01790008036375554
fine_category,common_noun,2048,16,delta_ce,category_minus_document_mean,0.12757431590698023,16,-0.01120323075490756,0.2795441940843098
fine_category,coordinating_conjunction,2048,16,delta_ce,category_minus_document_mean,-0.11115158098146165,15,-0.20412559864771299,-0.013631511818445477
fine_category,determiner,2048,16,delta_ce,category_minus_document_mean,-0.05388419447857823,16,-0.14072959286448922,0.03091786833995576
fine_category,interjection,2048,16,delta_ce,category_minus_document_mean,0.32388139267141014,2,0.23876700753862679,0.4089957778041935
fine_category,negation,2048,16,delta_ce,category_minus_document_mean,-0.13701224168183898,10,-0.22178125168471438,-0.05108321083389242
fine_category,number,2048,16,delta_ce,category_minus_document_mean,0.07923181245039991,6,-0.23060437780542187,0.3437496330601018
fine_category,other,2048,16,delta_ce,category_minus_document_mean,-0.06829875041646143,16,-0.1690548955567958,0.04103912357808672
fine_category,particle,2048,16,delta_ce,category_minus_document_mean,-0.00903357846683169,9,-0.09631046964848337,0.08126412938689181
fine_category,pronoun,2048,16,delta_ce,category_minus_document_mean,0.010746832928708948,15,-0.053254299197124426,0.0769231351857512
fine_category,proper_noun,2048,16,delta_ce,category_minus_document_mean,0.4048457813923757,13,-0.19554451033725234,1.2630155050370815
fine_category,punctuation,2048,16,delta_ce,category_minus_document_mean,-0.025480492063856136,16,-0.12819209595798145,0.09122526757816371
fine_category,question_word,2048,16,delta_ce,category_minus_document_mean,-0.08090403860145409,11,-0.1845594383089917,0.0424097552533242
fine_category,subordinating_conjunction,2048,16,delta_ce,category_minus_document_mean,-0.07015333816821585,8,-0.15923748033358626,0.032233331995892525
fine_category,verb,2048,16,delta_ce,category_minus_document_mean,0.035024340745405474,16,-0.03973610072270686,0.10064237714647213
fine_category,adjective,8192,0,delta_ce,category_minus_document_mean,0.0763437459547972,14,-0.026929882632226187,0.2278131938329941
fine_category,adposition,8192,0,delta_ce,category_minus_document_mean,0.012413810276237988,16,-0.042426814080269035,0.06264440014059994
fine_category,adverb,8192,0,delta_ce,category_minus_document_mean,-0.11530396914827282,11,-0.28781018835091965,0.011692626070595255
fine_category,auxiliary,8192,0,delta_ce,category_minus_document_mean,-0.0005055697431454781,14,-0.039580439690742916,0.031105724461918585
fine_category,common_noun,8192,0,delta_ce,category_minus_document_mean,-0.011949076768354223,16,-0.049995362420551234,0.025344770021280306
fine_category,coordinating_conjunction,8192,0,delta_ce,category_minus_document_mean,0.02040352457519501,15,-0.03890867245155157,0.09459912263459203
fine_category,determiner,8192,0,delta_ce,category_minus_document_mean,-0.05720231429396161,16,-0.11467306913164017,-0.007986651647281007
fine_category,interjection,8192,0,delta_ce,category_minus_document_mean,-0.026114982506442175,2,-0.16161208579978847,0.10938212078690412
fine_category,negation,8192,0,delta_ce,category_minus_document_mean,-0.03536485437276156,10,-0.11129433802523124,0.036756983499526656
fine_category,number,8192,0,delta_ce,category_minus_document_mean,-0.035664220505448284,6,-0.16847175144122653,0.0826181662780237
fine_category,other,8192,0,delta_ce,category_minus_document_mean,0.030623358277342735,16,-0.03424268230206284,0.09823933708975066
fine_category,particle,8192,0,delta_ce,category_minus_document_mean,-0.0027217474316343112,9,-0.07527955420234665,0.056711900189438474
fine_category,pronoun,8192,0,delta_ce,category_minus_document_mean,0.009819835522083493,15,-0.032303356513022914,0.05312972897224107
fine_category,proper_noun,8192,0,delta_ce,category_minus_document_mean,-0.09049337515877563,13,-0.2814679647739329,0.09653281822836014
fine_category,punctuation,8192,0,delta_ce,category_minus_document_mean,0.005306709650011645,16,-0.03079651721412372,0.03913027851582902
fine_category,question_word,8192,0,delta_ce,category_minus_document_mean,-0.028212978614831307,11,-0.08223181313126965,0.02902408767392511
fine_category,subordinating_conjunction,8192,0,delta_ce,category_minus_document_mean,-0.051181933602670426,8,-0.1480428376079317,0.020259928393890708
fine_category,verb,8192,0,delta_ce,category_minus_document_mean,0.01790424971705535,16,-0.029649110496797918,0.06076993000278877
fine_category,adjective,8192,4,delta_ce,category_minus_document_mean,0.08131974017338887,14,-0.024559474569986826,0.23557837246927216
fine_category,adposition,8192,4,delta_ce,category_minus_document_mean,0.021600958342877362,16,-0.03269760195139565,0.07278291560746175
fine_category,adverb,8192,4,delta_ce,category_minus_document_mean,-0.10251230216998933,11,-0.2812401655861322,0.023310336987532605
fine_category,auxiliary,8192,4,delta_ce,category_minus_document_mean,0.0005279770048672747,14,-0.047752079492898614,0.04061558240535339
fine_category,common_noun,8192,4,delta_ce,category_minus_document_mean,-0.006333138108769711,16,-0.04537057648952297,0.032313846749239324
fine_category,coordinating_conjunction,8192,4,delta_ce,category_minus_document_mean,0.029536360093235695,15,-0.0243617901992113,0.0961809446606928
fine_category,determiner,8192,4,delta_ce,category_minus_document_mean,-0.05102395489631656,16,-0.11054069676655255,-0.002814428411978122
fine_category,interjection,8192,4,delta_ce,category_minus_document_mean,-0.04771415101367893,2,-0.15709457391130854,0.061666271883950685
fine_category,negation,8192,4,delta_ce,category_minus_document_mean,-0.055025104419985385,10,-0.13946598552587458,0.02719283547065481
fine_category,number,8192,4,delta_ce,category_minus_document_mean,-0.04040637776636358,6,-0.17174249934669206,0.0695715591615343
fine_category,other,8192,4,delta_ce,category_minus_document_mean,0.028241768173636488,16,-0.03595891551313784,0.09420247578646597
fine_category,particle,8192,4,delta_ce,category_minus_document_mean,0.008407857819229826,9,-0.06155734830180582,0.06669041356866778
fine_category,pronoun,8192,4,delta_ce,category_minus_document_mean,0.011037741851840466,15,-0.030565454548721217,0.05523553567896107
fine_category,proper_noun,8192,4,delta_ce,category_minus_document_mean,-0.10201802450918428,13,-0.2845119951732499,0.07408247776783476
fine_category,punctuation,8192,4,delta_ce,category_minus_document_mean,-0.0022551271469890295,16,-0.04098650539251614,0.029739623500869602
fine_category,question_word,8192,4,delta_ce,category_minus_document_mean,-0.019455293579440106,11,-0.06764917470795655,0.030584698696217515
fine_category,subordinating_conjunction,8192,4,delta_ce,category_minus_document_mean,-0.043296372068534573,8,-0.14843810801961024,0.04424463833508222
fine_category,verb,8192,4,delta_ce,category_minus_document_mean,0.008731606953190342,16,-0.03941882329774106,0.05277482437638731
fine_category,adjective,8192,16,delta_ce,category_minus_document_mean,0.07948866161033892,14,-0.025168647354243803,0.24756088944432358
fine_category,adposition,8192,16,delta_ce,category_minus_document_mean,0.01928452246189811,16,-0.04351423695335431,0.07397277507866792
fine_category,adverb,8192,16,delta_ce,category_minus_document_mean,-0.0996855308545519,11,-0.2794279676196389,0.02613819136972279
fine_category,auxiliary,8192,16,delta_ce,category_minus_document_mean,-0.009034329045469315,14,-0.05443670907978075,0.031376765489308664
fine_category,common_noun,8192,16,delta_ce,category_minus_document_mean,-0.008489610501184209,16,-0.04915550965654265,0.03296104036104029
fine_category,coordinating_conjunction,8192,16,delta_ce,category_minus_document_mean,0.006355398828388081,15,-0.05878163764475731,0.0783026289425249
fine_category,determiner,8192,16,delta_ce,category_minus_document_mean,-0.06634043519314549,16,-0.1282259071469523,-0.012659233653428885
fine_category,interjection,8192,16,delta_ce,category_minus_document_mean,-0.04524157111609384,2,-0.22199381667087437,0.1315106744386867
fine_category,negation,8192,16,delta_ce,category_minus_document_mean,-0.04229501184477158,10,-0.1153772370534267,0.03043860801998164
fine_category,number,8192,16,delta_ce,category_minus_document_mean,-0.05926363786425352,6,-0.22167276951484938,0.06998848330042619
fine_category,other,8192,16,delta_ce,category_minus_document_mean,0.03436264166506172,16,-0.024132974836885354,0.10288422107305809
fine_category,particle,8192,16,delta_ce,category_minus_document_mean,-0.0015044762101044601,9,-0.07651600449715754,0.06430739696891374
fine_category,pronoun,8192,16,delta_ce,category_minus_document_mean,0.011336807985017478,15,-0.03155424719250057,0.05655418148384498
fine_category,proper_noun,8192,16,delta_ce,category_minus_document_mean,-0.0878641187009478,13,-0.26239761633615716,0.10088015480282485
fine_category,punctuation,8192,16,delta_ce,category_minus_document_mean,-0.0023659509336924744,16,-0.03527811786787605,0.029508125969003225
fine_category,question_word,8192,16,delta_ce,category_minus_document_mean,-0.008864887504538878,11,-0.05444760635613572,0.03573124129996524
fine_category,subordinating_conjunction,8192,16,delta_ce,category_minus_document_mean,-0.047254256175904175,8,-0.15292410594513156,0.03961023606265712
fine_category,verb,8192,16,delta_ce,category_minus_document_mean,0.01345594502472436,16,-0.035356534673264425,0.057187600166338
fine_category,adjective,128,0,kl_full_to_compact,category_minus_document_mean,-0.09993909982515546,14,-0.17168927694801128,-0.03448397579378231
fine_category,adposition,128,0,kl_full_to_compact,category_minus_document_mean,-0.1286660758228709,16,-0.20282618874043298,-0.06470871390202966
fine_category,adverb,128,0,kl_full_to_compact,category_minus_document_mean,-0.07759696788024567,11,-0.18326258369463877,0.030902816601715132
fine_category,auxiliary,128,0,kl_full_to_compact,category_minus_document_mean,-0.10317585335923342,14,-0.1499869070660598,-0.059818220533353575
fine_category,common_noun,128,0,kl_full_to_compact,category_minus_document_mean,0.1670652160408655,16,0.015353747100476127,0.37320004633266496
fine_category,coordinating_conjunction,128,0,kl_full_to_compact,category_minus_document_mean,-0.11022185202446559,15,-0.21210618065343725,-0.013983671743881149
fine_category,determiner,128,0,kl_full_to_compact,category_minus_document_mean,-0.08544207018033421,16,-0.15249181827121053,-0.022187635035409187
fine_category,interjection,128,0,kl_full_to_compact,category_minus_document_mean,-0.1889690468574372,2,-0.3827400278123605,0.0048019340974860825
fine_category,negation,128,0,kl_full_to_compact,category_minus_document_mean,-0.15266159331781637,10,-0.23543006247554218,-0.06691923876355999
fine_category,number,128,0,kl_full_to_compact,category_minus_document_mean,-0.12385009615879629,6,-0.2657274434273808,0.03316619381416782
fine_category,other,128,0,kl_full_to_compact,category_minus_document_mean,-0.043041404969823685,16,-0.1412496963752694,0.06400899235220742
fine_category,particle,128,0,kl_full_to_compact,category_minus_document_mean,0.046867747641777494,9,-0.2233660767838785,0.4794651856377792
fine_category,pronoun,128,0,kl_full_to_compact,category_minus_document_mean,-0.07159869430534709,15,-0.1279334608156956,-0.018314292396211226
fine_category,proper_noun,128,0,kl_full_to_compact,category_minus_document_mean,1.1976210380458905,13,0.3991622253679662,2.1453859475240065
fine_category,punctuation,128,0,kl_full_to_compact,category_minus_document_mean,0.001987402889180718,16,-0.07013065477313399,0.07807063466776558
fine_category,question_word,128,0,kl_full_to_compact,category_minus_document_mean,-0.09176152172016594,11,-0.14156053974167634,-0.03255088625897104
fine_category,subordinating_conjunction,128,0,kl_full_to_compact,category_minus_document_mean,-0.04538021175615843,8,-0.16460246418561247,0.1033154052353408
fine_category,verb,128,0,kl_full_to_compact,category_minus_document_mean,-0.019644673857705564,16,-0.16084944233126053,0.18386509282011765
fine_category,adjective,128,4,kl_full_to_compact,category_minus_document_mean,-0.10021715025298203,14,-0.18094097386599325,-0.027588794253760866
fine_category,adposition,128,4,kl_full_to_compact,category_minus_document_mean,-0.13422679102443974,16,-0.2026200997919778,-0.07392257296329494
fine_category,adverb,128,4,kl_full_to_compact,category_minus_document_mean,-0.06885156910995481,11,-0.16814757928943228,0.049145255255188224
fine_category,auxiliary,128,4,kl_full_to_compact,category_minus_document_mean,-0.10531174257378854,14,-0.1555415481903019,-0.0591079817323352
fine_category,common_noun,128,4,kl_full_to_compact,category_minus_document_mean,0.17355925299318253,16,0.011066917397203438,0.39179325183859565
fine_category,coordinating_conjunction,128,4,kl_full_to_compact,category_minus_document_mean,-0.11235403922473779,15,-0.2074415915123172,-0.02120140159657881
fine_category,determiner,128,4,kl_full_to_compact,category_minus_document_mean,-0.09060346317721182,16,-0.15870822478998975,-0.031145472395218605
fine_category,interjection,128,4,kl_full_to_compact,category_minus_document_mean,-0.1733710240318942,2,-0.3675071048537575,0.020765056789969094
fine_category,negation,128,4,kl_full_to_compact,category_minus_document_mean,-0.14575915106274806,10,-0.22467740069267733,-0.06039266944134289
fine_category,number,128,4,kl_full_to_compact,category_minus_document_mean,-0.12711368471238227,6,-0.27715836314188586,0.03261682374318298
fine_category,other,128,4,kl_full_to_compact,category_minus_document_mean,-0.056542073187825906,16,-0.1550732377073827,0.04968991503969666
fine_category,particle,128,4,kl_full_to_compact,category_minus_document_mean,0.026192060129536305,9,-0.23048607012962824,0.41680367843317867
fine_category,pronoun,128,4,kl_full_to_compact,category_minus_document_mean,-0.06594635762490403,15,-0.12939063101097933,-0.008829655609657348
fine_category,proper_noun,128,4,kl_full_to_compact,category_minus_document_mean,1.1927867426209398,13,0.3651336086853724,2.1445045542154184
fine_category,punctuation,128,4,kl_full_to_compact,category_minus_document_mean,-0.0027316375169137846,16,-0.07929552341990756,0.07950436374448719
fine_category,question_word,128,4,kl_full_to_compact,category_minus_document_mean,-0.07284694943853703,11,-0.13068429214382396,-0.005680168285277907
fine_category,subordinating_conjunction,128,4,kl_full_to_compact,category_minus_document_mean,-0.03244500603254134,8,-0.17206860650247602,0.13374443417888524
fine_category,verb,128,4,kl_full_to_compact,category_minus_document_mean,-0.0168389428630095,16,-0.15877095390818907,0.19648487224674072
fine_category,adjective,128,16,kl_full_to_compact,category_minus_document_mean,-0.10939759294122202,14,-0.2028658952407074,-0.03290156795170616
fine_category,adposition,128,16,kl_full_to_compact,category_minus_document_mean,-0.1509627912071581,16,-0.2220398143390647,-0.08874446530278586
fine_category,adverb,128,16,kl_full_to_compact,category_minus_document_mean,-0.09294273436509243,11,-0.19151080612940788,0.01645585150067478
fine_category,auxiliary,128,16,kl_full_to_compact,category_minus_document_mean,-0.11347817942188503,14,-0.1634722549135663,-0.062154342084008635
fine_category,common_noun,128,16,kl_full_to_compact,category_minus_document_mean,0.1618276735210029,16,0.004918738291916681,0.36463971951743035
fine_category,coordinating_conjunction,128,16,kl_full_to_compact,category_minus_document_mean,-0.07948616661994064,15,-0.22828415173057537,0.10545347666365842
fine_category,determiner,128,16,kl_full_to_compact,category_minus_document_mean,-0.09570687396788176,16,-0.17227607339325693,-0.025204641169320245
fine_category,interjection,128,16,kl_full_to_compact,category_minus_document_mean,-0.19361017082519538,2,-0.3861268146938528,-0.0010935269565379713
fine_category,negation,128,16,kl_full_to_compact,category_minus_document_mean,-0.15465153454811115,10,-0.23502105723782732,-0.059771724712626366
fine_category,number,128,16,kl_full_to_compact,category_minus_document_mean,-0.15916620153070654,6,-0.30637442466100356,-0.010733640576927567
fine_category,other,128,16,kl_full_to_compact,category_minus_document_mean,-0.013439141320977843,16,-0.15199071254949123,0.1629863761953777
fine_category,particle,128,16,kl_full_to_compact,category_minus_document_mean,0.05056409018679789,9,-0.23909992253116172,0.5080172756046623
fine_category,pronoun,128,16,kl_full_to_compact,category_minus_document_mean,-0.0712858638110268,15,-0.13259048520706437,-0.007451142567456324
fine_category,proper_noun,128,16,kl_full_to_compact,category_minus_document_mean,1.288768316638103,13,0.48190953594952207,2.2303658341030586
fine_category,punctuation,128,16,kl_full_to_compact,category_minus_document_mean,-0.00507193489100944,16,-0.0837725076070682,0.08442326638035448
fine_category,question_word,128,16,kl_full_to_compact,category_minus_document_mean,-0.08602787584295309,11,-0.15729462764871283,-0.004921007057418398
fine_category,subordinating_conjunction,128,16,kl_full_to_compact,category_minus_document_mean,-0.022870603116340746,8,-0.19558322145670673,0.21995667972168448
fine_category,verb,128,16,kl_full_to_compact,category_minus_document_mean,-0.026940829443331073,16,-0.17098260095876525,0.1926859710348792
fine_category,adjective,512,0,kl_full_to_compact,category_minus_document_mean,-0.058696829406193037,14,-0.11354386101808009,-0.01763597672391849
fine_category,adposition,512,0,kl_full_to_compact,category_minus_document_mean,-0.08089665336726495,16,-0.1399558036982306,-0.029533021081202825
fine_category,adverb,512,0,kl_full_to_compact,category_minus_document_mean,-0.06288356719328923,11,-0.19800504950332878,0.06946400399537722
fine_category,auxiliary,512,0,kl_full_to_compact,category_minus_document_mean,-0.07595895399653373,14,-0.11099149540448014,-0.04589787125568955
fine_category,common_noun,512,0,kl_full_to_compact,category_minus_document_mean,0.16419031876499207,16,0.006566192122148269,0.38948247657917745
fine_category,coordinating_conjunction,512,0,kl_full_to_compact,category_minus_document_mean,-0.0726194682810842,15,-0.16441084462719002,-0.0022984295125442113
fine_category,determiner,512,0,kl_full_to_compact,category_minus_document_mean,-0.028811492754537163,16,-0.07537981152211128,0.009227506330907919
fine_category,interjection,512,0,kl_full_to_compact,category_minus_document_mean,-0.11929772538292127,2,-0.23260755191904536,-0.005987898846797179
fine_category,negation,512,0,kl_full_to_compact,category_minus_document_mean,-0.057640386125643775,10,-0.10645530642278885,-0.014121170365904885
fine_category,number,512,0,kl_full_to_compact,category_minus_document_mean,-0.025399385355925428,6,-0.06703212793222141,0.03648117487411029
fine_category,other,512,0,kl_full_to_compact,category_minus_document_mean,-0.051877765266176004,16,-0.09468871292361888,-0.011366904478802786
fine_category,particle,512,0,kl_full_to_compact,category_minus_document_mean,0.19711909471792272,9,-0.10138573078395596,0.7329621399082984
fine_category,pronoun,512,0,kl_full_to_compact,category_minus_document_mean,-0.03963759915094255,15,-0.07411680470356591,-0.006501349546395454
fine_category,proper_noun,512,0,kl_full_to_compact,category_minus_document_mean,0.5362757725034447,13,0.05930217252841831,1.256160933193886
fine_category,punctuation,512,0,kl_full_to_compact,category_minus_document_mean,0.02319900653690078,16,-0.03546379497741128,0.099660035146621
fine_category,question_word,512,0,kl_full_to_compact,category_minus_document_mean,-0.011011824584972092,11,-0.04884112271197448,0.027853768093570062
fine_category,subordinating_conjunction,512,0,kl_full_to_compact,category_minus_document_mean,-0.000203246871556928,8,-0.07858410443301497,0.0807026632924483
fine_category,verb,512,0,kl_full_to_compact,category_minus_document_mean,-0.06932515735702545,16,-0.11471479672226388,-0.03268066305687781
fine_category,adjective,512,4,kl_full_to_compact,category_minus_document_mean,-0.057646065572391984,14,-0.1083596879131472,-0.017123793494547308
fine_category,adposition,512,4,kl_full_to_compact,category_minus_document_mean,-0.07920797793800534,16,-0.13469559890338487,-0.029339481362635422
fine_category,adverb,512,4,kl_full_to_compact,category_minus_document_mean,-0.05966593930653207,11,-0.1878066144446329,0.07421349568455483
fine_category,auxiliary,512,4,kl_full_to_compact,category_minus_document_mean,-0.07631681075059636,14,-0.11228840722157174,-0.044718517277842866
fine_category,common_noun,512,4,kl_full_to_compact,category_minus_document_mean,0.16299197650415226,16,0.004160601238762619,0.41095288417099707
fine_category,coordinating_conjunction,512,4,kl_full_to_compact,category_minus_document_mean,-0.07200232374740002,15,-0.16813387198301144,-0.004581711310896277
fine_category,determiner,512,4,kl_full_to_compact,category_minus_document_mean,-0.024762902699306723,16,-0.06440382539426927,0.011717866393293102
fine_category,interjection,512,4,kl_full_to_compact,category_minus_document_mean,-0.12519808822730738,2,-0.23617946521198974,-0.014216711242625024
fine_category,negation,512,4,kl_full_to_compact,category_minus_document_mean,-0.05565368588710271,10,-0.1031298611280718,-0.013331604700636036
fine_category,number,512,4,kl_full_to_compact,category_minus_document_mean,-0.024517426101267076,6,-0.07134285497781956,0.04156563806711623
fine_category,other,512,4,kl_full_to_compact,category_minus_document_mean,-0.049659797360434854,16,-0.0949919578342734,-0.008941950722081688
fine_category,particle,512,4,kl_full_to_compact,category_minus_document_mean,0.201227622195006,9,-0.1013080206445573,0.7563791110857039
fine_category,pronoun,512,4,kl_full_to_compact,category_minus_document_mean,-0.0394112701081606,15,-0.07595113766001309,-0.005906052840307561
fine_category,proper_noun,512,4,kl_full_to_compact,category_minus_document_mean,0.528008239033757,13,0.055021601365052644,1.2306155756775103
fine_category,punctuation,512,4,kl_full_to_compact,category_minus_document_mean,0.02290958591825253,16,-0.03833407295714802,0.10760895180194052
fine_category,question_word,512,4,kl_full_to_compact,category_minus_document_mean,-0.012408527067081692,11,-0.0491754450046027,0.027538304828116342
fine_category,subordinating_conjunction,512,4,kl_full_to_compact,category_minus_document_mean,-0.0033013092031476815,8,-0.08032020772752221,0.08045664331497245
fine_category,verb,512,4,kl_full_to_compact,category_minus_document_mean,-0.06987813559903677,16,-0.1157372967218866,-0.031819082040288424
fine_category,adjective,512,16,kl_full_to_compact,category_minus_document_mean,-0.06043691397153189,14,-0.11370532529224775,-0.01820309731364712
fine_category,adposition,512,16,kl_full_to_compact,category_minus_document_mean,-0.07890116143277742,16,-0.13768703627460635,-0.02995107144244099
fine_category,adverb,512,16,kl_full_to_compact,category_minus_document_mean,-0.06347976661525633,11,-0.19049982230930199,0.07484331319052519
fine_category,auxiliary,512,16,kl_full_to_compact,category_minus_document_mean,-0.07571080525956465,14,-0.11131615098918039,-0.043634010573863055
fine_category,common_noun,512,16,kl_full_to_compact,category_minus_document_mean,0.15867936967826718,16,0.0037293246285253524,0.38174970041697553
fine_category,coordinating_conjunction,512,16,kl_full_to_compact,category_minus_document_mean,-0.07302577470496645,15,-0.1672783881588433,-0.0007470390612184088
fine_category,determiner,512,16,kl_full_to_compact,category_minus_document_mean,-0.025485229054527957,16,-0.06414944334241321,0.011676447172600154
fine_category,interjection,512,16,kl_full_to_compact,category_minus_document_mean,-0.12782287693391936,2,-0.23400484359194706,-0.021640910275891656
fine_category,negation,512,16,kl_full_to_compact,category_minus_document_mean,-0.05318190381449313,10,-0.09841796806067236,-0.009835075377944823
fine_category,number,512,16,kl_full_to_compact,category_minus_document_mean,-0.030376279802602657,6,-0.0725995210002932,0.02746424915632893
fine_category,other,512,16,kl_full_to_compact,category_minus_document_mean,-0.04683000794045327,16,-0.09051575420059955,-0.005742526487431651
fine_category,particle,512,16,kl_full_to_compact,category_minus_document_mean,0.21081390087850752,9,-0.10293148009605552,0.7832529484728152
fine_category,pronoun,512,16,kl_full_to_compact,category_minus_document_mean,-0.036925292084633105,15,-0.07127241076022503,-0.0038490417084200263
fine_category,proper_noun,512,16,kl_full_to_compact,category_minus_document_mean,0.5214336270396137,13,0.04592107450778657,1.2260056043245329
fine_category,punctuation,512,16,kl_full_to_compact,category_minus_document_mean,0.029324163333968173,16,-0.03320301611168815,0.1141533565134107
fine_category,question_word,512,16,kl_full_to_compact,category_minus_document_mean,-0.010660483605444382,11,-0.047559903762210226,0.03003525825901266
fine_category,subordinating_conjunction,512,16,kl_full_to_compact,category_minus_document_mean,-0.0030920731623827608,8,-0.078880226362872,0.08012968246895014
fine_category,verb,512,16,kl_full_to_compact,category_minus_document_mean,-0.07111563929462598,16,-0.11921176104288904,-0.03348345033235244
fine_category,adjective,2048,0,kl_full_to_compact,category_minus_document_mean,-0.027341398660032896,14,-0.06958210209306921,0.010369523615404523
fine_category,adposition,2048,0,kl_full_to_compact,category_minus_document_mean,-0.05909003173104355,16,-0.11729807681979272,-0.017818501079098242
fine_category,adverb,2048,0,kl_full_to_compact,category_minus_document_mean,-0.012581446109388912,11,-0.09634015745854173,0.09057091488581696
fine_category,auxiliary,2048,0,kl_full_to_compact,category_minus_document_mean,-0.03942171686066672,14,-0.06506866838468012,-0.01622074115437594
fine_category,common_noun,2048,0,kl_full_to_compact,category_minus_document_mean,0.058174072700951825,16,-0.03558625967735495,0.16914512294895934
fine_category,coordinating_conjunction,2048,0,kl_full_to_compact,category_minus_document_mean,-0.03852677179870372,15,-0.10196133407252977,0.0016572223648803972
fine_category,determiner,2048,0,kl_full_to_compact,category_minus_document_mean,-0.038606021775165915,16,-0.10154847855327821,0.0031951783834748464
fine_category,interjection,2048,0,kl_full_to_compact,category_minus_document_mean,-0.006291869095718994,2,-0.025927545467652635,0.013343807276214648
fine_category,negation,2048,0,kl_full_to_compact,category_minus_document_mean,-0.023028455292751458,10,-0.04002315306323311,-0.00844171629751742
fine_category,number,2048,0,kl_full_to_compact,category_minus_document_mean,-0.02681810285559373,6,-0.048236113996116124,-0.005393156197489666
fine_category,other,2048,0,kl_full_to_compact,category_minus_document_mean,-0.03785514585099763,16,-0.07004173353272963,-0.011587071791845876
fine_category,particle,2048,0,kl_full_to_compact,category_minus_document_mean,-0.01986711051917685,9,-0.04436947798924251,0.003995434892891727
fine_category,pronoun,2048,0,kl_full_to_compact,category_minus_document_mean,-0.011770877385033284,15,-0.02796614818378328,0.0052837221531250745
fine_category,proper_noun,2048,0,kl_full_to_compact,category_minus_document_mean,0.40146781470211723,13,-0.010011364983715772,1.1256319382456754
fine_category,punctuation,2048,0,kl_full_to_compact,category_minus_document_mean,0.0487049539355384,16,-0.010461943199907885,0.1289186327598026
fine_category,question_word,2048,0,kl_full_to_compact,category_minus_document_mean,-0.0008067953936901957,11,-0.027899438127506407,0.028212500828686995
fine_category,subordinating_conjunction,2048,0,kl_full_to_compact,category_minus_document_mean,-0.024300494626485168,8,-0.04611833083754095,-0.003646759295562372
fine_category,verb,2048,0,kl_full_to_compact,category_minus_document_mean,-0.04201060609941685,16,-0.08284102579004118,-0.01080587520598332
fine_category,adjective,2048,4,kl_full_to_compact,category_minus_document_mean,-0.029247524434139856,14,-0.06896791041507756,0.006888099777556655
fine_category,adposition,2048,4,kl_full_to_compact,category_minus_document_mean,-0.057968758031746614,16,-0.12445436354415283,-0.017381380752633208
fine_category,adverb,2048,4,kl_full_to_compact,category_minus_document_mean,-0.014664377948818268,11,-0.09775539054953071,0.08283028966720174
fine_category,auxiliary,2048,4,kl_full_to_compact,category_minus_document_mean,-0.03859443092167279,14,-0.06455623815362646,-0.015808604736809048
fine_category,common_noun,2048,4,kl_full_to_compact,category_minus_document_mean,0.05784617176657231,16,-0.030097155916459055,0.16114669719715838
fine_category,coordinating_conjunction,2048,4,kl_full_to_compact,category_minus_document_mean,-0.03967373084686111,15,-0.10325232429495257,0.0017739344940738294
fine_category,determiner,2048,4,kl_full_to_compact,category_minus_document_mean,-0.0391667060268883,16,-0.10134841342794482,0.0017491080221086793
fine_category,interjection,2048,4,kl_full_to_compact,category_minus_document_mean,-0.005538498567489114,2,-0.0281162152248271,0.017039218089848873
fine_category,negation,2048,4,kl_full_to_compact,category_minus_document_mean,-0.02309120478454929,10,-0.03893415529835963,-0.007629251506456574
fine_category,number,2048,4,kl_full_to_compact,category_minus_document_mean,-0.022906859626552506,6,-0.04358160985325222,-0.0006057502508080385
fine_category,other,2048,4,kl_full_to_compact,category_minus_document_mean,-0.03534159109070256,16,-0.06978869024552431,-0.009176188560243242
fine_category,particle,2048,4,kl_full_to_compact,category_minus_document_mean,-0.02237401831969363,9,-0.04622378120779887,-0.0007296885935499796
fine_category,pronoun,2048,4,kl_full_to_compact,category_minus_document_mean,-0.013004572994926777,15,-0.02829660317743619,0.0029235558772972704
fine_category,proper_noun,2048,4,kl_full_to_compact,category_minus_document_mean,0.4001520609441496,13,-0.003527246605444174,1.1098554094668966
fine_category,punctuation,2048,4,kl_full_to_compact,category_minus_document_mean,0.047751383807836376,16,-0.009702900972219116,0.11864583689703442
fine_category,question_word,2048,4,kl_full_to_compact,category_minus_document_mean,-0.0009544418199287515,11,-0.027858908477670044,0.028139952389095644
fine_category,subordinating_conjunction,2048,4,kl_full_to_compact,category_minus_document_mean,-0.023371204466123174,8,-0.04419540770973711,-0.0028278623860629255
fine_category,verb,2048,4,kl_full_to_compact,category_minus_document_mean,-0.04220163407389183,16,-0.08976022710335566,-0.00882208663497441
fine_category,adjective,2048,16,kl_full_to_compact,category_minus_document_mean,-0.028479770944980158,14,-0.06803471324018147,0.007151506624463057
fine_category,adposition,2048,16,kl_full_to_compact,category_minus_document_mean,-0.05822801206631721,16,-0.12059446147861215,-0.0180482570659977
fine_category,adverb,2048,16,kl_full_to_compact,category_minus_document_mean,-0.012928501027090528,11,-0.09991592527230063,0.09406454112106052
fine_category,auxiliary,2048,16,kl_full_to_compact,category_minus_document_mean,-0.03900849738256731,14,-0.06521695089077556,-0.01620934681121707
fine_category,common_noun,2048,16,kl_full_to_compact,category_minus_document_mean,0.06173528448565519,16,-0.028867185734392568,0.16826035874083717
fine_category,coordinating_conjunction,2048,16,kl_full_to_compact,category_minus_document_mean,-0.0411624788526966,15,-0.10291034022274059,0.00018221425562586416
fine_category,determiner,2048,16,kl_full_to_compact,category_minus_document_mean,-0.03858017780141954,16,-0.10167225297160846,0.003657086024945141
fine_category,interjection,2048,16,kl_full_to_compact,category_minus_document_mean,-0.0017824682183231744,2,-0.02925273884136459,0.02568780240471824
fine_category,negation,2048,16,kl_full_to_compact,category_minus_document_mean,-0.023031748927525086,10,-0.037669465679374244,-0.010876258638057695
fine_category,number,2048,16,kl_full_to_compact,category_minus_document_mean,-0.022119093924713857,6,-0.04695826014072585,0.0033069492585874327
fine_category,other,2048,16,kl_full_to_compact,category_minus_document_mean,-0.036731456442274324,16,-0.07070087919513686,-0.009472498604239429
fine_category,particle,2048,16,kl_full_to_compact,category_minus_document_mean,-0.02083117686960476,9,-0.04480385551014353,0.00046715232354806993
fine_category,pronoun,2048,16,kl_full_to_compact,category_minus_document_mean,-0.012220210249955529,15,-0.02658448286352364,0.00457896785303035
fine_category,proper_noun,2048,16,kl_full_to_compact,category_minus_document_mean,0.3962419587684819,13,-0.007415830101122276,1.1055618953010071
fine_category,punctuation,2048,16,kl_full_to_compact,category_minus_document_mean,0.04066353070983457,16,-0.013736382523433843,0.10657551312732684
fine_category,question_word,2048,16,kl_full_to_compact,category_minus_document_mean,-0.002816263210456438,11,-0.029353474968884283,0.024660711703287878
fine_category,subordinating_conjunction,2048,16,kl_full_to_compact,category_minus_document_mean,-0.023846880535865957,8,-0.046368874387664974,-0.0030062739817537354
fine_category,verb,2048,16,kl_full_to_compact,category_minus_document_mean,-0.04185147019292048,16,-0.0859346959895466,-0.008108487161776094
fine_category,adjective,8192,0,kl_full_to_compact,category_minus_document_mean,0.0047750777342678,14,-0.012409702915856951,0.02170376612646353
fine_category,adposition,8192,0,kl_full_to_compact,category_minus_document_mean,-0.011050345061586935,16,-0.02092626421779706,-0.002526078749166415
fine_category,adverb,8192,0,kl_full_to_compact,category_minus_document_mean,0.010434527602103054,11,-0.017823095113068323,0.047953583868218866
fine_category,auxiliary,8192,0,kl_full_to_compact,category_minus_document_mean,-0.012019009746961623,14,-0.02479933459244049,-0.0014735367339196038
fine_category,common_noun,8192,0,kl_full_to_compact,category_minus_document_mean,0.004473837257337965,16,-0.0016699310441648477,0.01071386289470131
fine_category,coordinating_conjunction,8192,0,kl_full_to_compact,category_minus_document_mean,-0.006174260295460639,15,-0.01364981904139038,0.001454897167046445
fine_category,determiner,8192,0,kl_full_to_compact,category_minus_document_mean,0.005369987486454764,16,-0.008137726411165898,0.021621279321686667
fine_category,interjection,8192,0,kl_full_to_compact,category_minus_document_mean,-0.0021373804594020385,2,-0.003975484715681432,-0.0002992762031226448
fine_category,negation,8192,0,kl_full_to_compact,category_minus_document_mean,-0.009365233640103554,10,-0.017124221429705457,-0.0015234725367187024
fine_category,number,8192,0,kl_full_to_compact,category_minus_document_mean,-0.0018747691113539938,6,-0.027862167180112845,0.028090837332911175
fine_category,other,8192,0,kl_full_to_compact,category_minus_document_mean,-0.00780228336515898,16,-0.014194012483405403,-0.0005402770006744555
fine_category,particle,8192,0,kl_full_to_compact,category_minus_document_mean,-0.004705259968177857,9,-0.014931618308811265,0.005014951779737902
fine_category,pronoun,8192,0,kl_full_to_compact,category_minus_document_mean,-0.009953079739818543,15,-0.017648061330206764,-0.004403604446654421
fine_category,proper_noun,8192,0,kl_full_to_compact,category_minus_document_mean,0.049906464166485684,13,-0.00020002671077575028,0.14254865199700686
fine_category,punctuation,8192,0,kl_full_to_compact,category_minus_document_mean,-0.0031123974731971384,16,-0.016567360183647437,0.00851615403499918
fine_category,question_word,8192,0,kl_full_to_compact,category_minus_document_mean,-0.008351646435717484,11,-0.022971966600829834,0.005746962763901329
fine_category,subordinating_conjunction,8192,0,kl_full_to_compact,category_minus_document_mean,-0.00953987843687602,8,-0.015327155255472421,-0.0041830934449230495
fine_category,verb,8192,0,kl_full_to_compact,category_minus_document_mean,-0.0055506203840507565,16,-0.01642973080497376,0.002187604990251028
fine_category,adjective,8192,4,kl_full_to_compact,category_minus_document_mean,0.005695513511449215,14,-0.012005940049611736,0.024907731489569842
fine_category,adposition,8192,4,kl_full_to_compact,category_minus_document_mean,-0.010871489753509864,16,-0.019730835086365903,-0.0028530721679568874
fine_category,adverb,8192,4,kl_full_to_compact,category_minus_document_mean,0.014571365395512759,11,-0.016598948611840685,0.05470816477126211
fine_category,auxiliary,8192,4,kl_full_to_compact,category_minus_document_mean,-0.01003645881570975,14,-0.022960687687012614,0.0004642063018911866
fine_category,common_noun,8192,4,kl_full_to_compact,category_minus_document_mean,0.0037435439913866397,16,-0.0020560341240537213,0.00937025162352982
fine_category,coordinating_conjunction,8192,4,kl_full_to_compact,category_minus_document_mean,-0.005938050740897123,15,-0.013759028709035654,0.0015045417484631132
fine_category,determiner,8192,4,kl_full_to_compact,category_minus_document_mean,0.004423791981586841,16,-0.009210775018267918,0.018396261400131664
fine_category,interjection,8192,4,kl_full_to_compact,category_minus_document_mean,-0.0037985236960622615,2,-0.004142545034142131,-0.003454502357982392
fine_category,negation,8192,4,kl_full_to_compact,category_minus_document_mean,-0.009491354335926872,10,-0.017192998650210674,-0.0019820237886447618
fine_category,number,8192,4,kl_full_to_compact,category_minus_document_mean,-0.0010899107280039299,6,-0.024457944544641442,0.02645765551605687
fine_category,other,8192,4,kl_full_to_compact,category_minus_document_mean,-0.009800958072984367,16,-0.016230509521182778,-0.0034884674646442917
fine_category,particle,8192,4,kl_full_to_compact,category_minus_document_mean,-0.003993896484960007,9,-0.014431666520930028,0.007032189390405289
fine_category,pronoun,8192,4,kl_full_to_compact,category_minus_document_mean,-0.00951090845297915,15,-0.017502022498188646,-0.003808449871769559
fine_category,proper_noun,8192,4,kl_full_to_compact,category_minus_document_mean,0.05069131006462012,13,0.00010030705237360272,0.1437127275287906
fine_category,punctuation,8192,4,kl_full_to_compact,category_minus_document_mean,-0.0035382598154211466,16,-0.015796363672044293,0.008028251691401684
fine_category,question_word,8192,4,kl_full_to_compact,category_minus_document_mean,-0.007370990409713607,11,-0.021529667817897433,0.006724655716571909
fine_category,subordinating_conjunction,8192,4,kl_full_to_compact,category_minus_document_mean,-0.010107439886960872,8,-0.015446137633805371,-0.004556666774597512
fine_category,verb,8192,4,kl_full_to_compact,category_minus_document_mean,-0.006013364577721267,16,-0.017292414134794078,0.0017558263321410818
fine_category,adjective,8192,16,kl_full_to_compact,category_minus_document_mean,0.0052607434680340135,14,-0.012751412223525625,0.022486679006066518
fine_category,adposition,8192,16,kl_full_to_compact,category_minus_document_mean,-0.011807960291974572,16,-0.021507950461212993,-0.003516261734323564
fine_category,adverb,8192,16,kl_full_to_compact,category_minus_document_mean,0.013150253286548048,11,-0.01708370739354284,0.05126653673042936
fine_category,auxiliary,8192,16,kl_full_to_compact,category_minus_document_mean,-0.01093295039717507,14,-0.023762934280880665,-0.00037161001981276533
fine_category,common_noun,8192,16,kl_full_to_compact,category_minus_document_mean,0.004439506546655231,16,-0.0009438203392925413,0.009915981794984445
fine_category,coordinating_conjunction,8192,16,kl_full_to_compact,category_minus_document_mean,-0.00442035015434483,15,-0.012019273042171935,0.0024928031089281907
fine_category,determiner,8192,16,kl_full_to_compact,category_minus_document_mean,0.005008102261167594,16,-0.00817106944394554,0.01992232642722866
fine_category,interjection,8192,16,kl_full_to_compact,category_minus_document_mean,-0.002948299327528048,2,-0.004907798597344026,-0.0009888000577120692
fine_category,negation,8192,16,kl_full_to_compact,category_minus_document_mean,-0.007665666074547772,10,-0.015371066944534563,0.0010323683185600996
fine_category,number,8192,16,kl_full_to_compact,category_minus_document_mean,-0.0009242705142980071,6,-0.022691976570593374,0.026904740638188294
fine_category,other,8192,16,kl_full_to_compact,category_minus_document_mean,-0.01093248891295767,16,-0.016239739431055333,-0.0052092808593780906
fine_category,particle,8192,16,kl_full_to_compact,category_minus_document_mean,-0.005265025837421117,9,-0.014215725942270118,0.0040278602728686195
fine_category,pronoun,8192,16,kl_full_to_compact,category_minus_document_mean,-0.009191358177880438,15,-0.0174144721112452,-0.0036005084355117895
fine_category,proper_noun,8192,16,kl_full_to_compact,category_minus_document_mean,0.05042006269048373,13,0.0005471681207871906,0.14183488335795516
fine_category,punctuation,8192,16,kl_full_to_compact,category_minus_document_mean,-0.003210936470869297,16,-0.015330728433199124,0.008512886400540947
fine_category,question_word,8192,16,kl_full_to_compact,category_minus_document_mean,-0.007485810202857684,11,-0.022974278742641553,0.006230323234527429
fine_category,subordinating_conjunction,8192,16,kl_full_to_compact,category_minus_document_mean,-0.009567951942454005,8,-0.01468979252487548,-0.003886467737946633
fine_category,verb,8192,16,kl_full_to_compact,category_minus_document_mean,-0.006028292746968733,16,-0.017135245320463604,0.001613296363936553
fine_category,adjective,128,0,top1_changed,category_minus_document_mean,-0.002497874149659875,14,-0.11166693239795919,0.11196986607142854
fine_category,adposition,128,0,top1_changed,category_minus_document_mean,-0.07418774801587302,16,-0.18327559213789685,0.05548347594246028
fine_category,adverb,128,0,top1_changed,category_minus_document_mean,0.08049242424242424,11,-0.076328125,0.2493749999999998
fine_category,auxiliary,128,0,top1_changed,category_minus_document_mean,-0.063531037414966,14,-0.16716624149659862,0.05072066326530596
fine_category,common_noun,128,0,top1_changed,category_minus_document_mean,0.10226050219882457,16,0.03380321236124074,0.17958811225438484
fine_category,coordinating_conjunction,128,0,top1_changed,category_minus_document_mean,0.02569444444444444,15,-0.13581597222222225,0.1965624999999998
fine_category,determiner,128,0,top1_changed,category_minus_document_mean,-0.06865699404761906,16,-0.1706396484375,0.03574172247023804
fine_category,interjection,128,0,top1_changed,category_minus_document_mean,0.2109375,2,-0.25,0.671875
fine_category,negation,128,0,top1_changed,category_minus_document_mean,0.015625,10,-0.2609375,0.2953906249999996
fine_category,number,128,0,top1_changed,category_minus_document_mean,-0.09635416666666667,6,-0.2421875,0.08072916666666667
fine_category,other,128,0,top1_changed,category_minus_document_mean,-0.13212425595238095,16,-0.20712425595238096,-0.047286086309523856
fine_category,particle,128,0,top1_changed,category_minus_document_mean,-0.057291666666666664,9,-0.2847222222222222,0.23450520833333263
fine_category,pronoun,128,0,top1_changed,category_minus_document_mean,-0.020163593215063814,15,-0.1107213955026455,0.07213213410364139
fine_category,proper_noun,128,0,top1_changed,category_minus_document_mean,0.16587683150183147,13,0.01782537774725275,0.32702323717948706
fine_category,punctuation,128,0,top1_changed,category_minus_document_mean,-0.04053199404761905,16,-0.12348493303571428,0.04037504650297613
fine_category,question_word,128,0,top1_changed,category_minus_document_mean,0.08854166666666666,11,-0.13162878787878787,0.3225023674242421
fine_category,subordinating_conjunction,128,0,top1_changed,category_minus_document_mean,0.09375,8,-0.205078125,0.49028320312499973
fine_category,verb,128,0,top1_changed,category_minus_document_mean,0.07202888257575758,16,-0.033511186079545466,0.18270271070075741
fine_category,adjective,128,4,top1_changed,category_minus_document_mean,0.01567814625850339,14,-0.09077726403061226,0.11196003401360537
fine_category,adposition,128,4,top1_changed,category_minus_document_mean,-0.0882936507936508,16,-0.17387540302579363,0.019998992435515853
fine_category,adverb,128,4,top1_changed,category_minus_document_mean,0.05662878787878788,11,-0.09204545454545454,0.2151231060606057
fine_category,auxiliary,128,4,top1_changed,category_minus_document_mean,0.025531462585034005,14,-0.10387728528911563,0.16908428996598623
fine_category,common_noun,128,4,top1_changed,category_minus_document_mean,0.12259712144580565,16,0.05424967299581814,0.1992962542186432
fine_category,coordinating_conjunction,128,4,top1_changed,category_minus_document_mean,-0.0420138888888889,15,-0.18716145833333336,0.12605902777777767
fine_category,determiner,128,4,top1_changed,category_minus_document_mean,-0.09873511904761906,16,-0.20082403273809527,0.009483351934523727
fine_category,interjection,128,4,top1_changed,category_minus_document_mean,-0.265625,2,-0.28125,-0.25
fine_category,negation,128,4,top1_changed,category_minus_document_mean,0.0234375,10,-0.22371093749999998,0.3203125
fine_category,number,128,4,top1_changed,category_minus_document_mean,-0.0842013888888889,6,-0.2604166666666667,0.10336371527777742
fine_category,other,128,4,top1_changed,category_minus_document_mean,-0.1333829365079365,16,-0.20843052455357144,-0.050873480902777865
fine_category,particle,128,4,top1_changed,category_minus_document_mean,-0.050347222222222224,9,-0.27434895833333334,0.24144965277777708
fine_category,pronoun,128,4,top1_changed,category_minus_document_mean,-0.0635663709928416,15,-0.1442384940087146,0.0204489622237783
fine_category,proper_noun,128,4,top1_changed,category_minus_document_mean,0.17326007326007326,13,0.0018200549450549442,0.3448122710622709
fine_category,punctuation,128,4,top1_changed,category_minus_document_mean,-0.04831349206349207,16,-0.13502131386408728,0.03543046254960316
fine_category,question_word,128,4,top1_changed,category_minus_document_mean,0.06865530303030302,11,-0.1529474431818182,0.3068300189393939
fine_category,subordinating_conjunction,128,4,top1_changed,category_minus_document_mean,0.13736979166666666,8,-0.168017578125,0.490234375
fine_category,verb,128,4,top1_changed,category_minus_document_mean,0.06898674242424242,16,-0.03954841382575758,0.18407522490530287
fine_category,adjective,128,16,top1_changed,category_minus_document_mean,-0.02178996598639457,14,-0.13587558460884355,0.11271338222789087
fine_category,adposition,128,16,top1_changed,category_minus_document_mean,-0.09252542162698413,16,-0.17076435391865083,0.005208333333333322
fine_category,adverb,128,16,top1_changed,category_minus_document_mean,0.10549242424242423,11,-0.07530539772727272,0.28409327651515154
fine_category,auxiliary,128,16,top1_changed,category_minus_document_mean,0.004326105442176863,14,-0.13452035501700682,0.14414275085034
fine_category,common_noun,128,16,top1_changed,category_minus_document_mean,0.12607638957351128,16,0.056849804526613736,0.19879760912629932
fine_category,coordinating_conjunction,128,16,top1_changed,category_minus_document_mean,0.010069444444444435,15,-0.14794270833333337,0.19202256944444437
fine_category,determiner,128,16,top1_changed,category_minus_document_mean,-0.0595889136904762,16,-0.1670235770089286,0.03231701078869044
fine_category,interjection,128,16,top1_changed,category_minus_document_mean,0.15625,2,-0.28125,0.59375
fine_category,negation,128,16,top1_changed,category_minus_document_mean,-0.0015625,10,-0.2563671875,0.2828125
fine_category,number,128,16,top1_changed,category_minus_document_mean,-0.1953125,6,-0.28125,-0.07552083333333333
fine_category,other,128,16,top1_changed,category_minus_document_mean,-0.13553137400793652,16,-0.21657993861607144,-0.04473400297619055
fine_category,particle,128,16,top1_changed,category_minus_document_mean,-0.0763888888888889,9,-0.3020833333333333,0.18927951388888864
fine_category,pronoun,128,16,top1_changed,category_minus_document_mean,-0.02953236850295675,15,-0.11985867958294429,0.059126765289449094
fine_category,proper_noun,128,16,top1_changed,category_minus_document_mean,0.13600045787545786,13,-0.044249656593406586,0.31971611721611715
fine_category,punctuation,128,16,top1_changed,category_minus_document_mean,-0.0484530009920635,16,-0.11442987351190478,0.017402421254960304
fine_category,question_word,128,16,top1_changed,category_minus_document_mean,0.07007575757575757,11,-0.14584517045454545,0.3153645833333332
fine_category,subordinating_conjunction,128,16,top1_changed,category_minus_document_mean,0.17838541666666666,8,-0.138037109375,0.49028320312499973
fine_category,verb,128,16,top1_changed,category_minus_document_mean,0.06423413825757576,16,-0.04068966027462122,0.17778364701704538
fine_category,adjective,512,0,top1_changed,category_minus_document_mean,0.011224489795918363,14,-0.09480389030612245,0.13477678571428542
fine_category,adposition,512,0,top1_changed,category_minus_document_mean,-0.005642361111111115,16,-0.09961208767361113,0.10156792534722218
fine_category,adverb,512,0,top1_changed,category_minus_document_mean,0.04081439393939394,11,-0.10238636363636365,0.17066761363636349
fine_category,auxiliary,512,0,top1_changed,category_minus_document_mean,-0.056026785714285716,14,-0.14345238095238094,0.06126674107142839
fine_category,common_noun,512,0,top1_changed,category_minus_document_mean,0.06771533930251036,16,-0.016086687036008584,0.1698520198962222
fine_category,coordinating_conjunction,512,0,top1_changed,category_minus_document_mean,-0.024652777777777798,15,-0.1388888888888889,0.12226562499999975
fine_category,determiner,512,0,top1_changed,category_minus_document_mean,-0.09207589285714288,16,-0.1665771484375,-0.013975306919642983
fine_category,interjection,512,0,top1_changed,category_minus_document_mean,0.2890625,2,-0.1875,0.765625
fine_category,negation,512,0,top1_changed,category_minus_document_mean,-0.078125,10,-0.1921875,0.12347656249999979
fine_category,number,512,0,top1_changed,category_minus_document_mean,0.027777777777777773,6,-0.13020833333333334,0.19444444444444442
fine_category,other,512,0,top1_changed,category_minus_document_mean,-0.09274553571428572,16,-0.15078543526785715,-0.03004045758928577
fine_category,particle,512,0,top1_changed,category_minus_document_mean,-0.06076388888888889,9,-0.19444444444444445,0.16323784722222198
fine_category,pronoun,512,0,top1_changed,category_minus_document_mean,0.03327964519140989,15,-0.0343859418767507,0.106547108426704
fine_category,proper_noun,512,0,top1_changed,category_minus_document_mean,0.02572115384615384,13,-0.07655048076923078,0.1414383012820512
fine_category,punctuation,512,0,top1_changed,category_minus_document_mean,-0.03604910714285715,16,-0.09995279947916667,0.028825877356150758
fine_category,question_word,512,0,top1_changed,category_minus_document_mean,-0.03787878787878788,11,-0.1590909090909091,0.14821259469696962
fine_category,subordinating_conjunction,512,0,top1_changed,category_minus_document_mean,0.1328125,8,-0.1328125,0.43955078124999947
fine_category,verb,512,0,top1_changed,category_minus_document_mean,0.04282670454545455,16,-0.035006510416666664,0.11381110913825752
fine_category,adjective,512,4,top1_changed,category_minus_document_mean,0.01992984693877551,14,-0.06313775510204081,0.10453204719387751
fine_category,adposition,512,4,top1_changed,category_minus_document_mean,0.006215897817460313,16,-0.0887358165922619,0.11524871341765865
fine_category,adverb,512,4,top1_changed,category_minus_document_mean,0.0038825757575757587,11,-0.13040482954545454,0.141389678030303
fine_category,auxiliary,512,4,top1_changed,category_minus_document_mean,-0.06532738095238097,14,-0.13750372023809526,0.025982142857142766
fine_category,common_noun,512,4,top1_changed,category_minus_document_mean,0.05810230636505307,16,-0.008654808590304064,0.14106567403493803
fine_category,coordinating_conjunction,512,4,top1_changed,category_minus_document_mean,-0.014236111111111132,15,-0.1260590277777778,0.1420312499999999
fine_category,determiner,512,4,top1_changed,category_minus_document_mean,-0.07776227678571429,16,-0.15161109561011904,-0.005819614955357164
fine_category,interjection,512,4,top1_changed,category_minus_document_mean,0.2890625,2,-0.1875,0.765625
fine_category,negation,512,4,top1_changed,category_minus_document_mean,-0.0609375,10,-0.1765625,0.134375
fine_category,number,512,4,top1_changed,category_minus_document_mean,-0.03993055555555556,6,-0.11458333333333333,0.08333333333333331
fine_category,other,512,4,top1_changed,category_minus_document_mean,-0.09762834821428572,16,-0.15098074776785717,-0.04195521763392862
fine_category,particle,512,4,top1_changed,category_minus_document_mean,-0.04513888888888889,9,-0.17881944444444445,0.1840277777777778
fine_category,pronoun,512,4,top1_changed,category_minus_document_mean,0.03848797852474322,15,-0.028968764589169003,0.11337876400560216
fine_category,proper_noun,512,4,top1_changed,category_minus_document_mean,0.0019230769230769206,13,-0.08975360576923076,0.11362179487179487
fine_category,punctuation,512,4,top1_changed,category_minus_document_mean,-0.03572358630952381,16,-0.0927147662450397,0.025226779513888832
fine_category,question_word,512,4,top1_changed,category_minus_document_mean,-0.02225378787878788,11,-0.14868607954545454,0.17001657196969674
fine_category,subordinating_conjunction,512,4,top1_changed,category_minus_document_mean,0.1484375,8,-0.115234375,0.447265625
fine_category,verb,512,4,top1_changed,category_minus_document_mean,0.03794389204545455,16,-0.03633611505681818,0.11822665127840908
fine_category,adjective,512,16,top1_changed,category_minus_document_mean,-0.027997448979591836,14,-0.09263711734693877,0.04067920918367336
fine_category,adposition,512,16,top1_changed,category_minus_document_mean,0.0037977430555555525,16,-0.0945095486111111,0.12208387586805548
fine_category,adverb,512,16,top1_changed,category_minus_document_mean,0.042234848484848486,11,-0.10542613636363637,0.17815577651515135
fine_category,auxiliary,512,16,top1_changed,category_minus_document_mean,-0.06979166666666668,14,-0.14107886904761904,0.027237723214285674
fine_category,common_noun,512,16,top1_changed,category_minus_document_mean,0.0716788020550356,16,-0.002985261180933468,0.15371281430671846
fine_category,coordinating_conjunction,512,16,top1_changed,category_minus_document_mean,-0.01736111111111113,15,-0.13370659722222222,0.13129340277777754
fine_category,determiner,512,16,top1_changed,category_minus_document_mean,-0.08523995535714288,16,-0.1633207775297619,-0.0037132626488095726
fine_category,interjection,512,16,top1_changed,category_minus_document_mean,0.296875,2,-0.1875,0.78125
fine_category,negation,512,16,top1_changed,category_minus_document_mean,-0.0671875,10,-0.18125,0.1297265624999998
fine_category,number,512,16,top1_changed,category_minus_document_mean,-0.05555555555555556,6,-0.140625,0.07552083333333331
fine_category,other,512,16,top1_changed,category_minus_document_mean,-0.10153459821428572,16,-0.1486328125,-0.04913783482142871
fine_category,particle,512,16,top1_changed,category_minus_document_mean,-0.04861111111111111,9,-0.18229166666666666,0.17539062499999974
fine_category,pronoun,512,16,top1_changed,category_minus_document_mean,0.06024723778400249,15,-0.01832458955804545,0.1474629629629629
fine_category,proper_noun,512,16,top1_changed,category_minus_document_mean,-0.02091346153846154,13,-0.10096153846153846,0.05965544871794849
fine_category,punctuation,512,16,top1_changed,category_minus_document_mean,-0.019317336309523814,16,-0.08468540736607144,0.05404428633432528
fine_category,question_word,512,16,top1_changed,category_minus_document_mean,0.06297348484848485,11,-0.1345407196969697,0.32011126893939373
fine_category,subordinating_conjunction,512,16,top1_changed,category_minus_document_mean,0.142578125,8,-0.123046875,0.43759765624999947
fine_category,verb,512,16,top1_changed,category_minus_document_mean,0.059037642045454544,16,-0.032779060132575755,0.15310443300189389
fine_category,adjective,2048,0,top1_changed,category_minus_document_mean,0.01135204081632653,14,-0.07239317602040816,0.11448102678571424
fine_category,adposition,2048,0,top1_changed,category_minus_document_mean,-0.045464409722222224,16,-0.1265218098958333,0.04329427083333333
fine_category,adverb,2048,0,top1_changed,category_minus_document_mean,-0.008617424242424248,11,-0.11108664772727272,0.10890388257575755
fine_category,auxiliary,2048,0,top1_changed,category_minus_document_mean,-0.0753720238095238,14,-0.12946428571428573,-0.016216517857142877
fine_category,common_noun,2048,0,top1_changed,category_minus_document_mean,0.06465185376575178,16,-0.0019175151363165347,0.13669801390016229
fine_category,coordinating_conjunction,2048,0,top1_changed,category_minus_document_mean,0.024305555555555546,15,-0.08923611111111111,0.1704947916666666
fine_category,determiner,2048,0,top1_changed,category_minus_document_mean,-0.023390997023809527,16,-0.08919735863095239,0.05360165550595221
fine_category,interjection,2048,0,top1_changed,category_minus_document_mean,-0.1796875,2,-0.234375,-0.125
fine_category,negation,2048,0,top1_changed,category_minus_document_mean,-0.034375,10,-0.1484375,0.153125
fine_category,number,2048,0,top1_changed,category_minus_document_mean,0.059895833333333336,6,-0.08079427083333333,0.22916666666666666
fine_category,other,2048,0,top1_changed,category_minus_document_mean,-0.09087611607142858,16,-0.1435546875,-0.03505650111607151
fine_category,particle,2048,0,top1_changed,category_minus_document_mean,-0.015625,9,-0.1545138888888889,0.2170138888888889
fine_category,pronoun,2048,0,top1_changed,category_minus_document_mean,-0.004494436663554312,15,-0.06887276785714286,0.07363379726890755
fine_category,proper_noun,2048,0,top1_changed,category_minus_document_mean,0.08886217948717949,13,-0.018449519230769235,0.1975160256410256
fine_category,punctuation,2048,0,top1_changed,category_minus_document_mean,0.0013857886904761856,16,-0.05150282118055556,0.05933500744047618
fine_category,question_word,2048,0,top1_changed,category_minus_document_mean,0.09422348484848485,11,-0.11081912878787878,0.3423532196969696
fine_category,subordinating_conjunction,2048,0,top1_changed,category_minus_document_mean,-0.005859375,8,-0.15625,0.24609375
fine_category,verb,2048,0,top1_changed,category_minus_document_mean,0.027258353625541125,16,-0.0374469231939935,0.09202843868371213
fine_category,adjective,2048,4,top1_changed,category_minus_document_mean,0.03472576530612244,14,-0.06186224489795918,0.14315051020408157
fine_category,adposition,2048,4,top1_changed,category_minus_document_mean,-0.03700086805555555,16,-0.11979166666666666,0.0615234375
fine_category,adverb,2048,4,top1_changed,category_minus_document_mean,0.05359848484848485,11,-0.06335227272727272,0.17699337121212116
fine_category,auxiliary,2048,4,top1_changed,category_minus_document_mean,-0.08950892857142857,14,-0.14509486607142857,-0.01808035714285714
fine_category,common_noun,2048,4,top1_changed,category_minus_document_mean,0.05644872876575178,16,-0.015573138569900499,0.13273789695433402
fine_category,coordinating_conjunction,2048,4,top1_changed,category_minus_document_mean,0.022222222222222216,15,-0.08888888888888889,0.1812760416666665
fine_category,determiner,2048,4,top1_changed,category_minus_document_mean,-0.07184709821428573,16,-0.1262660435267857,-0.010127185639881015
fine_category,interjection,2048,4,top1_changed,category_minus_document_mean,-0.1875,2,-0.234375,-0.140625
fine_category,negation,2048,4,top1_changed,category_minus_document_mean,-0.034375,10,-0.1484375,0.1578515624999998
fine_category,number,2048,4,top1_changed,category_minus_document_mean,0.057291666666666664,6,-0.08072916666666667,0.21875
fine_category,other,2048,4,top1_changed,category_minus_document_mean,-0.09282924107142858,16,-0.14459542410714288,-0.03135672433035717
fine_category,particle,2048,4,top1_changed,category_minus_document_mean,-0.013888888888888888,9,-0.15104166666666666,0.2170138888888889
fine_category,pronoun,2048,4,top1_changed,category_minus_document_mean,-0.008165071584189235,15,-0.061390104652972295,0.059990857454092654
fine_category,proper_noun,2048,4,top1_changed,category_minus_document_mean,0.08766025641025642,13,-0.016508413461538463,0.20363581730769212
fine_category,punctuation,2048,4,top1_changed,category_minus_document_mean,-0.009495907738095246,16,-0.06707496279761906,0.050701187375992024
fine_category,question_word,2048,4,top1_changed,category_minus_document_mean,0.18229166666666669,11,-0.060629734848484856,0.4493489583333332
fine_category,subordinating_conjunction,2048,4,top1_changed,category_minus_document_mean,-0.001953125,8,-0.152392578125,0.25004882812499973
fine_category,verb,2048,4,top1_changed,category_minus_document_mean,0.04561772862554113,16,-0.01783023454410173,0.11468794389204544
fine_category,adjective,2048,16,top1_changed,category_minus_document_mean,0.018207908163265295,14,-0.06243702168367346,0.11821667729591832
fine_category,adposition,2048,16,top1_changed,category_minus_document_mean,-0.050347222222222224,16,-0.12760416666666669,0.039830186631944396
fine_category,adverb,2048,16,top1_changed,category_minus_document_mean,0.0703598484848485,11,-0.05410511363636363,0.19868371212121202
fine_category,auxiliary,2048,16,top1_changed,category_minus_document_mean,-0.10476190476190476,14,-0.15736607142857142,-0.04641741071428578
fine_category,common_noun,2048,16,top1_changed,category_minus_document_mean,0.06584543015464067,16,0.0025296073797821286,0.13725603515179985
fine_category,coordinating_conjunction,2048,16,top1_changed,category_minus_document_mean,0.01909722222222221,15,-0.08888888888888889,0.15979166666666628
fine_category,determiner,2048,16,top1_changed,category_minus_document_mean,-0.020461309523809527,16,-0.09305245535714286,0.065126255580357
fine_category,interjection,2048,16,top1_changed,category_minus_document_mean,-0.1875,2,-0.25,-0.125
fine_category,negation,2048,16,top1_changed,category_minus_document_mean,0.0625,10,-0.13597656249999998,0.3391015624999998
fine_category,number,2048,16,top1_changed,category_minus_document_mean,0.052083333333333336,6,-0.08854166666666667,0.22135416666666666
fine_category,other,2048,16,top1_changed,category_minus_document_mean,-0.09575892857142858,16,-0.14752022879464288,-0.03456194196428576
fine_category,particle,2048,16,top1_changed,category_minus_document_mean,-0.024305555555555556,9,-0.16150173611111113,0.2118489583333331
fine_category,pronoun,2048,16,top1_changed,category_minus_document_mean,-0.011290071584189236,15,-0.07047818432928728,0.060029251283846854
fine_category,proper_noun,2048,16,top1_changed,category_minus_document_mean,0.08405448717948719,13,-0.02405048076923077,0.20624999999999996
fine_category,punctuation,2048,16,top1_changed,category_minus_document_mean,-0.020238095238095246,16,-0.0785387214781746,0.040539899553571346
fine_category,question_word,2048,16,top1_changed,category_minus_document_mean,0.1794507575757576,11,-0.05540956439393939,0.4379734848484848
fine_category,subordinating_conjunction,2048,16,top1_changed,category_minus_document_mean,0.05078125,8,-0.119140625,0.31450195312499973
fine_category,verb,2048,16,top1_changed,category_minus_document_mean,0.022375541125541125,16,-0.03584819314799783,0.08258704511634195
fine_category,adjective,8192,0,top1_changed,category_minus_document_mean,0.026084183673469385,14,-0.039075255102040816,0.10444435586734686
fine_category,adposition,8192,0,top1_changed,category_minus_document_mean,-0.01584201388888889,16,-0.06998697916666666,0.045030381944444434
fine_category,adverb,8192,0,top1_changed,category_minus_document_mean,0.03399621212121212,11,-0.078125,0.1612713068181818
fine_category,auxiliary,8192,0,top1_changed,category_minus_document_mean,-0.0665922619047619,14,-0.109375,-0.006668526785714442
fine_category,common_noun,8192,0,top1_changed,category_minus_document_mean,0.01139226499012683,16,-0.023940073313017392,0.05071581578828697
fine_category,coordinating_conjunction,8192,0,top1_changed,category_minus_document_mean,-0.05347222222222223,15,-0.10208333333333333,0.004887152777777629
fine_category,determiner,8192,0,top1_changed,category_minus_document_mean,-0.03617931547619048,16,-0.0838530040922619,0.015408761160714194
fine_category,interjection,8192,0,top1_changed,category_minus_document_mean,-0.0859375,2,-0.125,-0.046875
fine_category,negation,8192,0,top1_changed,category_minus_document_mean,0.0140625,10,-0.109375,0.2203125
fine_category,number,8192,0,top1_changed,category_minus_document_mean,-0.02777777777777778,6,-0.078125,0.04687499999999999
fine_category,other,8192,0,top1_changed,category_minus_document_mean,-0.051953125,16,-0.1025439453125,0.00957519531249997
fine_category,particle,8192,0,top1_changed,category_minus_document_mean,-0.034722222222222224,9,-0.11979166666666667,0.0920138888888889
fine_category,pronoun,8192,0,top1_changed,category_minus_document_mean,0.031242997198879553,15,-0.0280453139589169,0.10951632528011201
fine_category,proper_noun,8192,0,top1_changed,category_minus_document_mean,0.019150641025641027,13,-0.058181089743589744,0.10833333333333332
fine_category,punctuation,8192,0,top1_changed,category_minus_document_mean,-0.01274181547619048,16,-0.0709716796875,0.05162062872023807
fine_category,question_word,8192,0,top1_changed,category_minus_document_mean,0.11837121212121211,11,-0.08383049242424241,0.3769176136363635
fine_category,subordinating_conjunction,8192,0,top1_changed,category_minus_document_mean,-0.0859375,8,-0.119189453125,-0.056591796875000266
fine_category,verb,8192,0,top1_changed,category_minus_document_mean,0.008443249458874461,16,-0.0350832614650974,0.05452317539231599
fine_category,adjective,8192,4,top1_changed,category_minus_document_mean,0.03574617346938775,14,-0.03842873086734694,0.12650589923469382
fine_category,adposition,8192,4,top1_changed,category_minus_document_mean,-0.0020306299603174635,16,-0.059244791666666664,0.05927850632440474
fine_category,adverb,8192,4,top1_changed,category_minus_document_mean,-0.031344696969696974,11,-0.10369318181818182,0.06033143939393935
fine_category,auxiliary,8192,4,top1_changed,category_minus_document_mean,-0.07291666666666667,14,-0.10379464285714286,-0.040150669642857295
fine_category,common_noun,8192,4,top1_changed,category_minus_document_mean,0.01627507749012683,16,-0.019344911758563076,0.05551165956439389
fine_category,coordinating_conjunction,8192,4,top1_changed,category_minus_document_mean,-0.04722222222222223,15,-0.09479166666666666,0.00868055555555555
fine_category,determiner,8192,4,top1_changed,category_minus_document_mean,-0.03910900297619048,16,-0.07798549107142858,0.0012137276785714006
fine_category,interjection,8192,4,top1_changed,category_minus_document_mean,-0.0703125,2,-0.09375,-0.046875
fine_category,negation,8192,4,top1_changed,category_minus_document_mean,0.01875,10,-0.1046875,0.2296875
fine_category,number,8192,4,top1_changed,category_minus_document_mean,-0.030381944444444448,6,-0.078125,0.04427083333333332
fine_category,other,8192,4,top1_changed,category_minus_document_mean,-0.0626953125,16,-0.1005859375,-0.01580566406250008
fine_category,particle,8192,4,top1_changed,category_minus_document_mean,-0.03125,9,-0.11284722222222222,0.0954861111111111
fine_category,pronoun,8192,4,top1_changed,category_minus_document_mean,0.030849089635854345,15,-0.028871017156862744,0.10731249999999996
fine_category,proper_noun,8192,4,top1_changed,category_minus_document_mean,0.004727564102564103,13,-0.056979166666666664,0.07228365384615379
fine_category,punctuation,8192,4,top1_changed,category_minus_document_mean,-0.02348400297619048,16,-0.08268345424107143,0.04218982514880946
fine_category,question_word,8192,4,top1_changed,category_minus_document_mean,0.1268939393939394,11,-0.07246685606060606,0.3877840909090909
fine_category,subordinating_conjunction,8192,4,top1_changed,category_minus_document_mean,-0.083984375,8,-0.115234375,-0.052734375
fine_category,verb,8192,4,top1_changed,category_minus_document_mean,0.013326061958874461,16,-0.02804332386363636,0.059559320887445893
fine_category,adjective,8192,16,top1_changed,category_minus_document_mean,0.04148596938775511,14,-0.035561224489795915,0.12586495535714282
fine_category,adposition,8192,16,top1_changed,category_minus_document_mean,-0.02560763888888889,16,-0.07975260416666667,0.03398166232638878
fine_category,adverb,8192,16,top1_changed,category_minus_document_mean,0.00672348484848485,11,-0.06847301136363636,0.0893986742424242
fine_category,auxiliary,8192,16,top1_changed,category_minus_document_mean,-0.06994047619047619,14,-0.11049107142857142,-0.02008928571428572
fine_category,common_noun,8192,16,top1_changed,category_minus_document_mean,0.02536175903774588,16,-0.012866114149008887,0.06373605615304828
fine_category,coordinating_conjunction,8192,16,top1_changed,category_minus_document_mean,-0.03784722222222223,15,-0.09132812500000001,0.022925347222222166
fine_category,determiner,8192,16,top1_changed,category_minus_document_mean,-0.050037202380952384,16,-0.09184686569940477,-0.0042666480654762595
fine_category,interjection,8192,16,top1_changed,category_minus_document_mean,-0.0859375,2,-0.109375,-0.0625
fine_category,negation,8192,16,top1_changed,category_minus_document_mean,0.0109375,10,-0.115625,0.2171875
fine_category,number,8192,16,top1_changed,category_minus_document_mean,-0.01996527777777778,6,-0.06510416666666667,0.05468749999999999
fine_category,other,8192,16,top1_changed,category_minus_document_mean,-0.05390625,16,-0.1029296875,0.006655273437499921
fine_category,particle,8192,16,top1_changed,category_minus_document_mean,-0.036458333333333336,9,-0.11805555555555555,0.08333333333333333
fine_category,pronoun,8192,16,top1_changed,category_minus_document_mean,0.022515756302521006,15,-0.042429286297852475,0.11042226890756283
fine_category,proper_noun,8192,16,top1_changed,category_minus_document_mean,0.03958333333333334,13,-0.04214743589743589,0.13414463141025634
fine_category,punctuation,8192,16,top1_changed,category_minus_document_mean,-0.026227678571428575,16,-0.08072916666666667,0.02794945126488094
fine_category,question_word,8192,16,top1_changed,category_minus_document_mean,0.11979166666666666,11,-0.08334517045454547,0.3835227272727273
fine_category,subordinating_conjunction,8192,16,top1_changed,category_minus_document_mean,-0.083984375,8,-0.1171875,-0.0546875
fine_category,verb,8192,16,top1_changed,category_minus_document_mean,-0.022108360389610386,16,-0.06454906909496753,0.025717392958603886
pos,ADJ,128,0,delta_ce,category_minus_document_mean,-0.15726709000729935,14,-0.35080411375518455,0.03917904361825494
pos,ADP,128,0,delta_ce,category_minus_document_mean,-0.17290288065526832,16,-0.32446751929622153,-0.03518969022704471
pos,ADV,128,0,delta_ce,category_minus_document_mean,0.13703759930433465,11,-0.18903441971955873,0.4476125382343162
pos,AUX,128,0,delta_ce,category_minus_document_mean,-0.33240755686227913,14,-0.507778066941178,-0.12287327627741056
pos,CCONJ,128,0,delta_ce,category_minus_document_mean,-0.36718833826988784,15,-0.5866109727570968,-0.1416096267854095
pos,DET,128,0,delta_ce,category_minus_document_mean,-0.16963069315884186,16,-0.2885029387636554,-0.05654969612702053
pos,INTJ,128,0,delta_ce,category_minus_document_mean,-0.24168971841027087,2,-0.3179770445713075,-0.16540239224923425
pos,NOUN,128,0,delta_ce,category_minus_document_mean,0.2074672190661957,16,0.004565181178083947,0.41453186048443635
pos,NUM,128,0,delta_ce,category_minus_document_mean,-0.1420571327088712,6,-0.42694274001328775,0.15022745830413745
pos,PART,128,0,delta_ce,category_minus_document_mean,-0.23623283043364082,11,-0.48585703069556435,0.032471432419788386
pos,PRON,128,0,delta_ce,category_minus_document_mean,-0.11351757882282586,15,-0.23613049044552445,0.002256767929741383
pos,PROPN,128,0,delta_ce,category_minus_document_mean,1.7721055214187955,14,0.38945789232445294,3.3756063427998075
pos,PUNCT,128,0,delta_ce,category_minus_document_mean,-0.01919899052987361,16,-0.1582095993726407,0.12698914610444517
pos,SCONJ,128,0,delta_ce,category_minus_document_mean,-0.23800262798814595,11,-0.751191717650179,0.1817380532480826
pos,SPACE,128,0,delta_ce,category_minus_document_mean,-0.16514742199662655,16,-0.33564396841328825,0.017340057528274548
pos,VERB,128,0,delta_ce,category_minus_document_mean,0.23989896197023342,16,-0.023593256335739162,0.5860216004502475
pos,X,128,0,delta_ce,category_minus_document_mean,-0.549878838562563,2,-1.2643066743976306,0.1645489972725045
pos,ADJ,128,4,delta_ce,category_minus_document_mean,-0.14020562971345807,14,-0.35914058923341696,0.07114574257844529
pos,ADP,128,4,delta_ce,category_minus_document_mean,-0.19363907651206602,16,-0.34280718059758336,-0.05707088274827754
pos,ADV,128,4,delta_ce,category_minus_document_mean,0.12544171618321728,11,-0.20057550060689072,0.42766785952375086
pos,AUX,128,4,delta_ce,category_minus_document_mean,-0.3242928869959121,14,-0.502476083613196,-0.11568678978178809
pos,CCONJ,128,4,delta_ce,category_minus_document_mean,-0.3866007311754907,15,-0.611509283089576,-0.18398664693051472
pos,DET,128,4,delta_ce,category_minus_document_mean,-0.19375292842851355,16,-0.3016108521031041,-0.08913297887694903
pos,INTJ,128,4,delta_ce,category_minus_document_mean,-0.2677110483728029,2,-0.3429466975176183,-0.1924753992279875
pos,NOUN,128,4,delta_ce,category_minus_document_mean,0.22301876901190068,16,0.014574323432224087,0.4354143504233522
pos,NUM,128,4,delta_ce,category_minus_document_mean,-0.15030347399940888,6,-0.4205842181817085,0.15746405810937683
pos,PART,128,4,delta_ce,category_minus_document_mean,-0.23173507177462216,11,-0.4985102114381853,0.0631847621690883
pos,PRON,128,4,delta_ce,category_minus_document_mean,-0.09904218072571241,15,-0.2161078049518076,0.015493807782160396
pos,PROPN,128,4,delta_ce,category_minus_document_mean,1.7816448324886773,14,0.3614308777373093,3.4293526476296368
pos,PUNCT,128,4,delta_ce,category_minus_document_mean,-0.053530583521779015,16,-0.19479052710287575,0.10078044008450783
pos,SCONJ,128,4,delta_ce,category_minus_document_mean,-0.24113167347265765,11,-0.7405028800204843,0.15283710845537393
pos,SPACE,128,4,delta_ce,category_minus_document_mean,-0.1876387403641161,16,-0.36299798724818727,-0.002663498475324986
pos,VERB,128,4,delta_ce,category_minus_document_mean,0.24911259104878153,16,-0.019672134734093686,0.6245134707523592
pos,X,128,4,delta_ce,category_minus_document_mean,-0.6419893132492689,2,-1.2706787259548946,-0.013299900543643162
pos,ADJ,128,16,delta_ce,category_minus_document_mean,-0.1529590196748117,14,-0.33337650652813544,0.0391665718257902
pos,ADP,128,16,delta_ce,category_minus_document_mean,-0.20482766795989196,16,-0.3330477488767025,-0.07383204237767678
pos,ADV,128,16,delta_ce,category_minus_document_mean,0.05451110920144086,11,-0.24179084813691532,0.34229047507367494
pos,AUX,128,16,delta_ce,category_minus_document_mean,-0.3413381734307241,14,-0.5336173494422901,-0.12366881189791094
pos,CCONJ,128,16,delta_ce,category_minus_document_mean,-0.2712028421762322,15,-0.5081614454988963,-0.018543852379327735
pos,DET,128,16,delta_ce,category_minus_document_mean,-0.2420627531822382,16,-0.35575028071088927,-0.12005335719610336
pos,INTJ,128,16,delta_ce,category_minus_document_mean,-0.32333193944032246,2,-0.5781081923596503,-0.06855568652099464
pos,NOUN,128,16,delta_ce,category_minus_document_mean,0.17828161378050705,16,-0.037452213458704885,0.3998331322513905
pos,NUM,128,16,delta_ce,category_minus_document_mean,-0.18996163081523668,6,-0.4416012572430191,0.059311896025792545
pos,PART,128,16,delta_ce,category_minus_document_mean,-0.21534949814477206,11,-0.5118611697066263,0.08466223230071918
pos,PRON,128,16,delta_ce,category_minus_document_mean,-0.0983480346804356,15,-0.22264777948037395,0.02813528226273773
pos,PROPN,128,16,delta_ce,category_minus_document_mean,1.9725815733061485,14,0.6233268045697079,3.6020206173193245
pos,PUNCT,128,16,delta_ce,category_minus_document_mean,-0.05041203761066135,16,-0.17576800447821164,0.08161064814452704
pos,SCONJ,128,16,delta_ce,category_minus_document_mean,-0.22233833083324003,11,-0.7622483773567017,0.2351509683861293
pos,SPACE,128,16,delta_ce,category_minus_document_mean,-0.16205715396402715,16,-0.37910794420945326,0.07572442148601376
pos,VERB,128,16,delta_ce,category_minus_document_mean,0.2680599814465373,16,-0.016688869319707256,0.6129880623053724
pos,X,128,16,delta_ce,category_minus_document_mean,-0.307516869713254,2,-1.06089887093367,0.445865131507162
pos,ADJ,512,0,delta_ce,category_minus_document_mean,0.042763781552453646,14,-0.08600837561644184,0.1877105440024746
pos,ADP,512,0,delta_ce,category_minus_document_mean,-0.07938127606063676,16,-0.18711869994886543,0.02523256167720511
pos,ADV,512,0,delta_ce,category_minus_document_mean,-0.14110573052463005,11,-0.3432648452823991,0.051508471911360806
pos,AUX,512,0,delta_ce,category_minus_document_mean,-0.12850283019782455,14,-0.23057819884454042,-0.021923565517936214
pos,CCONJ,512,0,delta_ce,category_minus_document_mean,-0.1244838216573751,15,-0.24849526221728765,0.002156037048136251
pos,DET,512,0,delta_ce,category_minus_document_mean,-0.09877434496168574,16,-0.18027293662086413,-0.013722739695880608
pos,INTJ,512,0,delta_ce,category_minus_document_mean,-0.3497305716955452,2,-0.4232937677297741,-0.2761673756613163
pos,NOUN,512,0,delta_ce,category_minus_document_mean,0.21827753203250813,16,0.03385744689219876,0.3998281531696293
pos,NUM,512,0,delta_ce,category_minus_document_mean,0.17029135463744247,6,-0.0858178274998459,0.3508732529346337
pos,PART,512,0,delta_ce,category_minus_document_mean,-0.20292985604311262,11,-0.44882718937188026,-0.0013759665970536374
pos,PRON,512,0,delta_ce,category_minus_document_mean,-0.03944151475746502,15,-0.16353781329986883,0.0746478176760667
pos,PROPN,512,0,delta_ce,category_minus_document_mean,0.6289104533156723,14,-0.14946502060666966,1.5507712673084684
pos,PUNCT,512,0,delta_ce,category_minus_document_mean,-0.054990414877948986,16,-0.15082441853411388,0.03607122829272865
pos,SCONJ,512,0,delta_ce,category_minus_document_mean,-0.17203906116897502,11,-0.5136956619508747,0.0988178132170736
pos,SPACE,512,0,delta_ce,category_minus_document_mean,-0.13136379309180296,16,-0.23155306945257398,-0.02661478037567189
pos,VERB,512,0,delta_ce,category_minus_document_mean,0.026829355732852382,16,-0.07015795703596919,0.12126566179973951
pos,X,512,0,delta_ce,category_minus_document_mean,-0.7790721729297729,2,-1.1581245966935967,-0.4000197491659492
pos,ADJ,512,4,delta_ce,category_minus_document_mean,0.033437520595418,14,-0.09933240252489496,0.1723243619066147
pos,ADP,512,4,delta_ce,category_minus_document_mean,-0.08670066401899013,16,-0.19782748682390533,0.01592918163358151
pos,ADV,512,4,delta_ce,category_minus_document_mean,-0.13495221750321654,11,-0.3317944645383405,0.05622367242703554
pos,AUX,512,4,delta_ce,category_minus_document_mean,-0.12180207340528651,14,-0.22521843374347222,-0.01767309700276545
pos,CCONJ,512,4,delta_ce,category_minus_document_mean,-0.11354674309759502,15,-0.23029174168204058,0.0033262867133325978
pos,DET,512,4,delta_ce,category_minus_document_mean,-0.11100716503981592,16,-0.19915340274263132,-0.020026447799999868
pos,INTJ,512,4,delta_ce,category_minus_document_mean,-0.3553969177137333,2,-0.42445133603177965,-0.2863424993956869
pos,NOUN,512,4,delta_ce,category_minus_document_mean,0.2178096297944365,16,0.03687467229235733,0.4294619317557571
pos,NUM,512,4,delta_ce,category_minus_document_mean,0.1847309950882694,6,-0.0802015165295264,0.36433867305049716
pos,PART,512,4,delta_ce,category_minus_document_mean,-0.20522583066954628,11,-0.4430172210243455,-0.024070013747145277
pos,PRON,512,4,delta_ce,category_minus_document_mean,-0.04625700501816813,15,-0.16867030525603133,0.06150657631054216
pos,PROPN,512,4,delta_ce,category_minus_document_mean,0.6198296627904737,14,-0.17322107131165776,1.6441621598870022
pos,PUNCT,512,4,delta_ce,category_minus_document_mean,-0.04370228453814305,16,-0.1459087101639657,0.05308171311237786
pos,SCONJ,512,4,delta_ce,category_minus_document_mean,-0.14853749943194725,11,-0.46503529053758597,0.12696674586578943
pos,SPACE,512,4,delta_ce,category_minus_document_mean,-0.14063782571995678,16,-0.23458356323730872,-0.03376458560664475
pos,VERB,512,4,delta_ce,category_minus_document_mean,0.031601698274859924,16,-0.07794886576049756,0.12930124542126728
pos,X,512,4,delta_ce,category_minus_document_mean,-0.7223795577069723,2,-1.1481488226254442,-0.2966102927885004
pos,ADJ,512,16,delta_ce,category_minus_document_mean,0.039155305195844106,14,-0.0895274345994658,0.17475488828613495
pos,ADP,512,16,delta_ce,category_minus_document_mean,-0.088555350715855,16,-0.20271026656847443,0.014223379989892674
pos,ADV,512,16,delta_ce,category_minus_document_mean,-0.1191672094022992,11,-0.3295393593653284,0.07138524307972753
pos,AUX,512,16,delta_ce,category_minus_document_mean,-0.13773670993668527,14,-0.2453124233783717,-0.02872593808137865
pos,CCONJ,512,16,delta_ce,category_minus_document_mean,-0.12236522330845725,15,-0.2440068714193401,-0.0013423982952607202
pos,DET,512,16,delta_ce,category_minus_document_mean,-0.09974738706005887,16,-0.18569866695808573,-0.015386498935040792
pos,INTJ,512,16,delta_ce,category_minus_document_mean,-0.3008478932224534,2,-0.3129696258511103,-0.2887261605937965
pos,NOUN,512,16,delta_ce,category_minus_document_mean,0.21754770912721172,16,0.03758417740685087,0.41510686207338293
pos,NUM,512,16,delta_ce,category_minus_document_mean,0.14029378666565814,6,-0.10518939706181907,0.31171232616432765
pos,PART,512,16,delta_ce,category_minus_document_mean,-0.2175819920090224,11,-0.45134264119566675,-0.028292101066373043
pos,PRON,512,16,delta_ce,category_minus_document_mean,-0.03681910091914499,15,-0.15007116654650898,0.06578753339050633
pos,PROPN,512,16,delta_ce,category_minus_document_mean,0.5932493515818292,14,-0.165316078452371,1.5232011534729766
pos,PUNCT,512,16,delta_ce,category_minus_document_mean,-0.044175493553538066,16,-0.15103141427511863,0.06385041513497014
pos,SCONJ,512,16,delta_ce,category_minus_document_mean,-0.18513156547990572,11,-0.5310449459965977,0.07925624064700774
pos,SPACE,512,16,delta_ce,category_minus_document_mean,-0.14127867718873593,16,-0.2422277246295895,-0.025902507922165727
pos,VERB,512,16,delta_ce,category_minus_document_mean,0.04316801957315597,16,-0.05828176066642506,0.1361170944721122
pos,X,512,16,delta_ce,category_minus_document_mean,-0.7543560842732404,2,-1.0550573980926856,-0.4536547704537952
pos,ADJ,2048,0,delta_ce,category_minus_document_mean,0.006627303311908154,14,-0.07900011762407694,0.08938311093901098
pos,ADP,2048,0,delta_ce,category_minus_document_mean,-0.10669745906124561,16,-0.22144490794511032,-0.010943397985872658
pos,ADV,2048,0,delta_ce,category_minus_document_mean,-0.09265995128576267,11,-0.34176364371690215,0.09976949227193282
pos,AUX,2048,0,delta_ce,category_minus_document_mean,-0.04006020120965884,14,-0.10653234793736621,0.018293356171881783
pos,CCONJ,2048,0,delta_ce,category_minus_document_mean,-0.1153832007003555,15,-0.21825920431715146,-0.014904123267994158
pos,DET,2048,0,delta_ce,category_minus_document_mean,-0.08015868655393213,16,-0.16271661809206603,-0.002656807295655182
pos,INTJ,2048,0,delta_ce,category_minus_document_mean,0.01106042523360884,2,-0.3334164237130608,0.3555372741802785
pos,NOUN,2048,0,delta_ce,category_minus_document_mean,0.12338830599363848,16,-0.006641022165018414,0.28061158299688416
pos,NUM,2048,0,delta_ce,category_minus_document_mean,0.06533758658500548,6,-0.24672339558936077,0.31046634741484785
pos,PART,2048,0,delta_ce,category_minus_document_mean,-0.07362214139491519,11,-0.1502865065747811,0.017093399816385357
pos,PRON,2048,0,delta_ce,category_minus_document_mean,0.019236857944164448,15,-0.04670799826440902,0.08745878006323066
pos,PROPN,2048,0,delta_ce,category_minus_document_mean,0.3617043360465525,14,-0.22993591033485905,1.1760841127009312
pos,PUNCT,2048,0,delta_ce,category_minus_document_mean,-0.04005932004217061,16,-0.14562468168302903,0.08802338254651572
pos,SCONJ,2048,0,delta_ce,category_minus_document_mean,-0.10067019725362102,11,-0.3143228227114088,0.07531793865955062
pos,SPACE,2048,0,delta_ce,category_minus_document_mean,-0.04820406317209015,16,-0.14746244179726714,0.05654141236987641
pos,VERB,2048,0,delta_ce,category_minus_document_mean,0.0530621284602992,16,-0.014165096836199051,0.11813963996145095
pos,X,2048,0,delta_ce,category_minus_document_mean,-0.6705326213896114,2,-1.0840597345641072,-0.2570055082151157
pos,ADJ,2048,4,delta_ce,category_minus_document_mean,0.00674310131839164,14,-0.08320682324814424,0.08948123720063299
pos,ADP,2048,4,delta_ce,category_minus_document_mean,-0.09724612820260703,16,-0.21159445378324349,-0.0026970848071583035
pos,ADV,2048,4,delta_ce,category_minus_document_mean,-0.08741342276077692,11,-0.3339691537210887,0.1110264240745053
pos,AUX,2048,4,delta_ce,category_minus_document_mean,-0.03462048623615229,14,-0.10355595187736123,0.026344915933130767
pos,CCONJ,2048,4,delta_ce,category_minus_document_mean,-0.11957474769681084,15,-0.21636870888950102,-0.02116662221974425
pos,DET,2048,4,delta_ce,category_minus_document_mean,-0.07297096946410678,16,-0.1489900103372932,-0.008350386773472647
pos,INTJ,2048,4,delta_ce,category_minus_document_mean,0.01721150852881692,2,-0.3358183654399909,0.3702413824976247
pos,NOUN,2048,4,delta_ce,category_minus_document_mean,0.1197116421453182,16,-0.014136796795760158,0.2706377215259474
pos,NUM,2048,4,delta_ce,category_minus_document_mean,0.09856603508869109,6,-0.2230081661141412,0.38639532865263765
pos,PART,2048,4,delta_ce,category_minus_document_mean,-0.05192859800407459,11,-0.13300375363198927,0.04767337047390267
pos,PRON,2048,4,delta_ce,category_minus_document_mean,0.013175963992214799,15,-0.05302636701779487,0.0764553585344884
pos,PROPN,2048,4,delta_ce,category_minus_document_mean,0.3914372746049078,14,-0.16494658038560012,1.2203718878649594
pos,PUNCT,2048,4,delta_ce,category_minus_document_mean,-0.045034840323043716,16,-0.14626931236075935,0.07928316981844302
pos,SCONJ,2048,4,delta_ce,category_minus_document_mean,-0.06541358759615735,11,-0.2754472526654537,0.10568187162873248
pos,SPACE,2048,4,delta_ce,category_minus_document_mean,-0.04945281889183899,16,-0.15742948733448825,0.06325965585849136
pos,VERB,2048,4,delta_ce,category_minus_document_mean,0.03567663466728284,16,-0.03469384872675286,0.09875385213987452
pos,X,2048,4,delta_ce,category_minus_document_mean,-0.6627057658010926,2,-1.0042576642063068,-0.3211538673958785
pos,ADJ,2048,16,delta_ce,category_minus_document_mean,0.003100773443724913,14,-0.07665947372035654,0.07912368494965151
pos,ADP,2048,16,delta_ce,category_minus_document_mean,-0.09874050733299608,16,-0.22804714769080672,0.0031530173503545
pos,ADV,2048,16,delta_ce,category_minus_document_mean,-0.10132103086588785,11,-0.340007607175118,0.09866965513665928
pos,AUX,2048,16,delta_ce,category_minus_document_mean,-0.0342623634156091,14,-0.09667028618233092,0.018958866686995698
pos,CCONJ,2048,16,delta_ce,category_minus_document_mean,-0.11313131349488939,15,-0.2078194182329782,-0.01769880046939933
pos,DET,2048,16,delta_ce,category_minus_document_mean,-0.06467604120697408,16,-0.15257878346764628,0.010440022038977837
pos,INTJ,2048,16,delta_ce,category_minus_document_mean,0.32388139267141014,2,0.23876700753862679,0.4089957778041935
pos,NOUN,2048,16,delta_ce,category_minus_document_mean,0.12757431590698023,16,-0.003286496776136447,0.2765516303543455
pos,NUM,2048,16,delta_ce,category_minus_document_mean,0.07923181245039991,6,-0.23493354715908354,0.3392554193127821
pos,PART,2048,16,delta_ce,category_minus_document_mean,-0.07692094413828203,11,-0.1535270017507765,0.015428663538373733
pos,PRON,2048,16,delta_ce,category_minus_document_mean,0.010170671343279031,15,-0.05440055897354121,0.07568661784780632
pos,PROPN,2048,16,delta_ce,category_minus_document_mean,0.37882090247966843,14,-0.1930448486446197,1.1962097418957227
pos,PUNCT,2048,16,delta_ce,category_minus_document_mean,-0.02945652555644094,16,-0.13282366568964246,0.08861111800090939
pos,SCONJ,2048,16,delta_ce,category_minus_document_mean,-0.0971258549848692,11,-0.31322141210071514,0.05476045964193506
pos,SPACE,2048,16,delta_ce,category_minus_document_mean,-0.05814481604017914,16,-0.15787376219379476,0.042464599327040775
pos,VERB,2048,16,delta_ce,category_minus_document_mean,0.035024340745405474,16,-0.03756812147413914,0.09885676800019141
pos,X,2048,16,delta_ce,category_minus_document_mean,-0.7062795240608466,2,-1.0764412625794648,-0.3361177855422284
pos,ADJ,8192,0,delta_ce,category_minus_document_mean,0.0763437459547972,14,-0.02602334912244173,0.23143591969108493
pos,ADP,8192,0,delta_ce,category_minus_document_mean,0.012413810276237988,16,-0.042690009648675586,0.06384770415876627
pos,ADV,8192,0,delta_ce,category_minus_document_mean,-0.11530396914827282,11,-0.28837611767663335,0.011979017643272711
pos,AUX,8192,0,delta_ce,category_minus_document_mean,-0.0005055697431454781,14,-0.04083073687024919,0.031929697771078576
pos,CCONJ,8192,0,delta_ce,category_minus_document_mean,0.014876218972167666,15,-0.04695996705391808,0.09009745086765662
pos,DET,8192,0,delta_ce,category_minus_document_mean,-0.05505048347137743,16,-0.1110312182846555,-0.00632625963229595
pos,INTJ,8192,0,delta_ce,category_minus_document_mean,-0.026114982506442175,2,-0.16161208579978847,0.10938212078690412
pos,NOUN,8192,0,delta_ce,category_minus_document_mean,-0.011949076768354223,16,-0.04900656724865973,0.02913782419769801
pos,NUM,8192,0,delta_ce,category_minus_document_mean,-0.035664220505448284,6,-0.17294778430260743,0.08261816627802368
pos,PART,8192,0,delta_ce,category_minus_document_mean,-0.01036088783486024,11,-0.07120158372744512,0.042542591865997854
pos,PRON,8192,0,delta_ce,category_minus_document_mean,0.013292111359392823,15,-0.028611064159867243,0.056790090916433215
pos,PROPN,8192,0,delta_ce,category_minus_document_mean,-0.09001346446110446,14,-0.2590796524749629,0.07565237729865563
pos,PUNCT,8192,0,delta_ce,category_minus_document_mean,0.0042162222866126385,16,-0.0433991598545917,0.04205547704148181
pos,SCONJ,8192,0,delta_ce,category_minus_document_mean,-0.08128902525540944,11,-0.20252046263826,0.015297729674226466
pos,SPACE,8192,0,delta_ce,category_minus_document_mean,0.03562667625193043,16,-0.026775963347985487,0.09965865606954605
pos,VERB,8192,0,delta_ce,category_minus_document_mean,0.01790424971705535,16,-0.030802947211127595,0.060003052411873065
pos,X,8192,0,delta_ce,category_minus_document_mean,-0.3675790644419976,2,-0.5178813046909454,-0.21727682419304983
pos,ADJ,8192,4,delta_ce,category_minus_document_mean,0.08131974017338887,14,-0.026930889554355915,0.24152907620733258
pos,ADP,8192,4,delta_ce,category_minus_document_mean,0.021600958342877362,16,-0.031116328359599214,0.07149258990248582
pos,ADV,8192,4,delta_ce,category_minus_document_mean,-0.10251230216998933,11,-0.2893386310009976,0.025660015946078547
pos,AUX,8192,4,delta_ce,category_minus_document_mean,0.0005279770048672747,14,-0.04905803864899659,0.04342102307390107
pos,CCONJ,8192,4,delta_ce,category_minus_document_mean,0.022205696094313984,15,-0.039811374174995154,0.09395671642815816
pos,DET,8192,4,delta_ce,category_minus_document_mean,-0.05106271936688386,16,-0.10632174808850611,-0.002108358627121941
pos,INTJ,8192,4,delta_ce,category_minus_document_mean,-0.04771415101367893,2,-0.15709457391130854,0.061666271883950685
pos,NOUN,8192,4,delta_ce,category_minus_document_mean,-0.006333138108769711,16,-0.044227895561298226,0.03160630104072005
pos,NUM,8192,4,delta_ce,category_minus_document_mean,-0.04040637776636358,6,-0.1734432972589275,0.07065970471371025
pos,PART,8192,4,delta_ce,category_minus_document_mean,-0.024174493997713507,11,-0.08371726657723734,0.03622312638767988
pos,PRON,8192,4,delta_ce,category_minus_document_mean,0.01395180800598986,15,-0.027691353545048415,0.057854806169777485
pos,PROPN,8192,4,delta_ce,category_minus_document_mean,-0.10244262108366754,14,-0.26610614645748243,0.06844062779579285
pos,PUNCT,8192,4,delta_ce,category_minus_document_mean,-0.0036580582810392098,16,-0.05546579717610001,0.034401084208120936
pos,SCONJ,8192,4,delta_ce,category_minus_document_mean,-0.06683515840673022,11,-0.19657003477191695,0.03729744697583766
pos,SPACE,8192,4,delta_ce,category_minus_document_mean,0.03346795468610111,16,-0.027175514817299167,0.09668613048084342
pos,VERB,8192,4,delta_ce,category_minus_document_mean,0.008731606953190342,16,-0.039758325526122136,0.05026370908115329
pos,X,8192,4,delta_ce,category_minus_document_mean,-0.407219816937868,2,-0.5938318294956844,-0.22060780438005168
pos,ADJ,8192,16,delta_ce,category_minus_document_mean,0.07948866161033892,14,-0.02789006417440448,0.23981323797047385
pos,ADP,8192,16,delta_ce,category_minus_document_mean,0.01928452246189811,16,-0.03909165484572945,0.07675508521814674
pos,ADV,8192,16,delta_ce,category_minus_document_mean,-0.0996855308545519,11,-0.2829100054444892,0.028951420604747636
pos,AUX,8192,16,delta_ce,category_minus_document_mean,-0.009034329045469315,14,-0.054224112915627135,0.030256106142912624
pos,CCONJ,8192,16,delta_ce,category_minus_document_mean,0.0013692795580633743,15,-0.06132933458460065,0.06915855008611137
pos,DET,8192,16,delta_ce,category_minus_document_mean,-0.06538400880522664,16,-0.12410416093366433,-0.012179774780440956
pos,INTJ,8192,16,delta_ce,category_minus_document_mean,-0.04524157111609384,2,-0.22199381667087437,0.1315106744386867
pos,NOUN,8192,16,delta_ce,category_minus_document_mean,-0.008489610501184209,16,-0.04792810256255943,0.03508877379435839
pos,NUM,8192,16,delta_ce,category_minus_document_mean,-0.05926363786425352,6,-0.2260552527392141,0.07000730888158962
pos,PART,8192,16,delta_ce,category_minus_document_mean,-0.0139910896571068,11,-0.07537693610685434,0.04390920137229009
pos,PRON,8192,16,delta_ce,category_minus_document_mean,0.014506212301680557,15,-0.024552581952614647,0.055503170368431755
pos,PROPN,8192,16,delta_ce,category_minus_document_mean,-0.09212949867597908,14,-0.2538353054631771,0.0873490626888252
pos,PUNCT,8192,16,delta_ce,category_minus_document_mean,-0.003022528144061374,16,-0.04592142545568254,0.03236814179681534
pos,SCONJ,8192,16,delta_ce,category_minus_document_mean,-0.061796397730300996,11,-0.17913307726188246,0.04111999759365186
pos,SPACE,8192,16,delta_ce,category_minus_document_mean,0.040564156828927854,16,-0.019873019138833544,0.1043070578471315
pos,VERB,8192,16,delta_ce,category_minus_document_mean,0.01345594502472436,16,-0.03849236958041189,0.056535909075745135
pos,X,8192,16,delta_ce,category_minus_document_mean,-0.42551367330179346,2,-0.6357242148378646,-0.21530313176572236
pos,ADJ,128,0,kl_full_to_compact,category_minus_document_mean,-0.09993909982515546,14,-0.17434831666463604,-0.033854922242365144
pos,ADP,128,0,kl_full_to_compact,category_minus_document_mean,-0.1286660758228709,16,-0.20011024809831746,-0.06666211769277056
pos,ADV,128,0,kl_full_to_compact,category_minus_document_mean,-0.07759696788024567,11,-0.18457660564863007,0.03781128674453599
pos,AUX,128,0,kl_full_to_compact,category_minus_document_mean,-0.10317585335923342,14,-0.15402520390199595,-0.058384145722292474
pos,CCONJ,128,0,kl_full_to_compact,category_minus_document_mean,-0.09558956539637824,15,-0.19113968128382414,-0.0018106705175431775
pos,DET,128,0,kl_full_to_compact,category_minus_document_mean,-0.09274225277802373,16,-0.15782926514518655,-0.03444580807901168
pos,INTJ,128,0,kl_full_to_compact,category_minus_document_mean,-0.1889690468574372,2,-0.3827400278123605,0.0048019340974860825
pos,NOUN,128,0,kl_full_to_compact,category_minus_document_mean,0.1670652160408655,16,0.00896458013139994,0.3835014141269325
pos,NUM,128,0,kl_full_to_compact,category_minus_document_mean,-0.12385009615879629,6,-0.2657274434273808,0.03316619381416782
pos,PART,128,0,kl_full_to_compact,category_minus_document_mean,0.009146717863962872,11,-0.20671617346507865,0.34983171975284955
pos,PRON,128,0,kl_full_to_compact,category_minus_document_mean,-0.07910051103926509,15,-0.1364529209138656,-0.026142102849824777
pos,PROPN,128,0,kl_full_to_compact,category_minus_document_mean,1.070848121773306,14,0.3497928414700772,2.0100855590352187
pos,PUNCT,128,0,kl_full_to_compact,category_minus_document_mean,0.0016132516048953903,16,-0.06871933158175537,0.07693812174656851
pos,SCONJ,128,0,kl_full_to_compact,category_minus_document_mean,-0.006404613861708306,11,-0.13421233692954018,0.13725334045701723
pos,SPACE,128,0,kl_full_to_compact,category_minus_document_mean,-0.03325823228061514,16,-0.14204283007803445,0.09248633753004235
pos,VERB,128,0,kl_full_to_compact,category_minus_document_mean,-0.019644673857705564,16,-0.15033815110987014,0.18473152454946556
pos,X,128,0,kl_full_to_compact,category_minus_document_mean,-0.2607415636625774,2,-0.44421996437449707,-0.07726316295065772
pos,ADJ,128,4,kl_full_to_compact,category_minus_document_mean,-0.10021715025298203,14,-0.18162238688575913,-0.027356618896671455
pos,ADP,128,4,kl_full_to_compact,category_minus_document_mean,-0.13422679102443974,16,-0.2054566909310927,-0.07435219637783577
pos,ADV,128,4,kl_full_to_compact,category_minus_document_mean,-0.06885156910995481,11,-0.16613693882333627,0.039576774266612394
pos,AUX,128,4,kl_full_to_compact,category_minus_document_mean,-0.10531174257378854,14,-0.1547100812660977,-0.06052747509998893
pos,CCONJ,128,4,kl_full_to_compact,category_minus_document_mean,-0.0965771775173683,15,-0.18379940303967765,-0.007686819050432822
pos,DET,128,4,kl_full_to_compact,category_minus_document_mean,-0.09640252377649153,16,-0.16254431218640236,-0.035754622492263737
pos,INTJ,128,4,kl_full_to_compact,category_minus_document_mean,-0.1733710240318942,2,-0.3675071048537575,0.020765056789969094
pos,NOUN,128,4,kl_full_to_compact,category_minus_document_mean,0.17355925299318253,16,0.009131965248909668,0.3834748959000252
pos,NUM,128,4,kl_full_to_compact,category_minus_document_mean,-0.12711368471238227,6,-0.2792742623034428,0.03147360472739918
pos,PART,128,4,kl_full_to_compact,category_minus_document_mean,-0.005468501728864794,11,-0.2090658468144931,0.3245613485406009
pos,PRON,128,4,kl_full_to_compact,category_minus_document_mean,-0.07335574452945139,15,-0.13321893754821634,-0.013938554242310162
pos,PROPN,128,4,kl_full_to_compact,category_minus_document_mean,1.0649782741959608,14,0.3298813488865651,1.9297083681923253
pos,PUNCT,128,4,kl_full_to_compact,category_minus_document_mean,-0.002900025181373604,16,-0.07541134014124312,0.0773617135392834
pos,SCONJ,128,4,kl_full_to_compact,category_minus_document_mean,0.01260986354395065,11,-0.1207741159527724,0.1686107421471702
pos,SPACE,128,4,kl_full_to_compact,category_minus_document_mean,-0.04641751878270951,16,-0.15022747986918042,0.08692907647931294
pos,VERB,128,4,kl_full_to_compact,category_minus_document_mean,-0.0168389428630095,16,-0.15252451543802983,0.18747350460917522
pos,X,128,4,kl_full_to_compact,category_minus_document_mean,-0.2951281425994239,2,-0.49651401829032693,-0.09374226690852083
pos,ADJ,128,16,kl_full_to_compact,category_minus_document_mean,-0.10939759294122202,14,-0.19801835209955718,-0.03129433147214485
pos,ADP,128,16,kl_full_to_compact,category_minus_document_mean,-0.1509627912071581,16,-0.22888551049763456,-0.08678825400075327
pos,ADV,128,16,kl_full_to_compact,category_minus_document_mean,-0.09294273436509243,11,-0.18650360948130004,0.019635407580360937
pos,AUX,128,16,kl_full_to_compact,category_minus_document_mean,-0.11347817942188503,14,-0.16516350810215708,-0.06134317124146511
pos,CCONJ,128,16,kl_full_to_compact,category_minus_document_mean,-0.06235678114859664,15,-0.20950777361339307,0.11364806670317312
pos,DET,128,16,kl_full_to_compact,category_minus_document_mean,-0.10141517876191025,16,-0.1824273855544707,-0.030425550376281658
pos,INTJ,128,16,kl_full_to_compact,category_minus_document_mean,-0.19361017082519538,2,-0.3861268146938528,-0.0010935269565379713
pos,NOUN,128,16,kl_full_to_compact,category_minus_document_mean,0.1618276735210029,16,-0.005560369590148556,0.35893588543521415
pos,NUM,128,16,kl_full_to_compact,category_minus_document_mean,-0.15916620153070654,6,-0.30637442466100356,-0.010752441830391072
pos,PART,128,16,kl_full_to_compact,category_minus_document_mean,0.006919286589292182,11,-0.22255066383560276,0.37030879586488114
pos,PRON,128,16,kl_full_to_compact,category_minus_document_mean,-0.07936462161083073,15,-0.14111909234695344,-0.019239470680432677
pos,PROPN,128,16,kl_full_to_compact,category_minus_document_mean,1.1519518649321168,14,0.37907449532798165,2.004536285835242
pos,PUNCT,128,16,kl_full_to_compact,category_minus_document_mean,-0.004627960099837174,16,-0.08325952658881385,0.07752360047092526
pos,SCONJ,128,16,kl_full_to_compact,category_minus_document_mean,0.02406970559836323,11,-0.14162775745338133,0.24006206096367502
pos,SPACE,128,16,kl_full_to_compact,category_minus_document_mean,0.0001289676656362898,16,-0.16370323217638252,0.19198569835315574
pos,VERB,128,16,kl_full_to_compact,category_minus_document_mean,-0.026940829443331073,16,-0.17201700369174697,0.17785323967978384
pos,X,128,16,kl_full_to_compact,category_minus_document_mean,-0.274339047333342,2,-0.4109496605815366,-0.13772843408514746
pos,ADJ,512,0,kl_full_to_compact,category_minus_document_mean,-0.058696829406193037,14,-0.10990572320767067,-0.01836234161238285
pos,ADP,512,0,kl_full_to_compact,category_minus_document_mean,-0.08089665336726495,16,-0.13814064562750342,-0.03282483144959185
pos,ADV,512,0,kl_full_to_compact,category_minus_document_mean,-0.06288356719328923,11,-0.1915985548588698,0.0696820018280598
pos,AUX,512,0,kl_full_to_compact,category_minus_document_mean,-0.07595895399653373,14,-0.113979860408254,-0.044955822453338685
pos,CCONJ,512,0,kl_full_to_compact,category_minus_document_mean,-0.062230382049494895,15,-0.14859558199826517,0.0020349107723081697
pos,DET,512,0,kl_full_to_compact,category_minus_document_mean,-0.032384389120001515,16,-0.07539790854519854,0.005420340685149364
pos,INTJ,512,0,kl_full_to_compact,category_minus_document_mean,-0.11929772538292127,2,-0.23260755191904536,-0.005987898846797179
pos,NOUN,512,0,kl_full_to_compact,category_minus_document_mean,0.16419031876499207,16,0.00333746325963918,0.3988031293802124
pos,NUM,512,0,kl_full_to_compact,category_minus_document_mean,-0.025399385355925428,6,-0.06663589988297834,0.03479871715563202
pos,PART,512,0,kl_full_to_compact,category_minus_document_mean,0.15472190949952985,11,-0.08881690914475497,0.6007973659529734
pos,PRON,512,0,kl_full_to_compact,category_minus_document_mean,-0.042188221089480595,15,-0.07705008009182074,-0.009702943351146446
pos,PROPN,512,0,kl_full_to_compact,category_minus_document_mean,0.4744073736479339,14,0.05141814850581501,1.1179671505757043
pos,PUNCT,512,0,kl_full_to_compact,category_minus_document_mean,0.023744962845984516,16,-0.037063692128151464,0.10727396352749953
pos,SCONJ,512,0,kl_full_to_compact,category_minus_document_mean,0.04839973746752238,11,-0.024174773405211042,0.1274788008720595
pos,SPACE,512,0,kl_full_to_compact,category_minus_document_mean,-0.04744027135938633,16,-0.0903461462285394,-0.0053606110192607834
pos,VERB,512,0,kl_full_to_compact,category_minus_document_mean,-0.06932515735702545,16,-0.11268780356141204,-0.032663800372007806
pos,X,512,0,kl_full_to_compact,category_minus_document_mean,-0.24832139170291612,2,-0.45449225231277524,-0.042150531093057
pos,ADJ,512,4,kl_full_to_compact,category_minus_document_mean,-0.057646065572391984,14,-0.10531256379213325,-0.018166015425676862
pos,ADP,512,4,kl_full_to_compact,category_minus_document_mean,-0.07920797793800534,16,-0.14033876127798348,-0.03015804939826482
pos,ADV,512,4,kl_full_to_compact,category_minus_document_mean,-0.05966593930653207,11,-0.19045597089469,0.07241453000310513
pos,AUX,512,4,kl_full_to_compact,category_minus_document_mean,-0.07631681075059636,14,-0.11231990102460092,-0.04503713400775057
pos,CCONJ,512,4,kl_full_to_compact,category_minus_document_mean,-0.06141811413638152,15,-0.14953172462444372,0.004059560260921088
pos,DET,512,4,kl_full_to_compact,category_minus_document_mean,-0.028225225247870713,16,-0.06519719587486507,0.00859567222860268
pos,INTJ,512,4,kl_full_to_compact,category_minus_document_mean,-0.12519808822730738,2,-0.23617946521198974,-0.014216711242625024
pos,NOUN,512,4,kl_full_to_compact,category_minus_document_mean,0.16299197650415226,16,0.0025395156863060125,0.384905826045281
pos,NUM,512,4,kl_full_to_compact,category_minus_document_mean,-0.024517426101267076,6,-0.07134285497781956,0.04482871912645373
pos,PART,512,4,kl_full_to_compact,category_minus_document_mean,0.1596100389678785,11,-0.09024268190500921,0.6079597840084007
pos,PRON,512,4,kl_full_to_compact,category_minus_document_mean,-0.04192916949444621,15,-0.07487466806668015,-0.007911466943446395
pos,PROPN,512,4,kl_full_to_compact,category_minus_document_mean,0.46755802512778055,14,0.050856460872262664,1.1196851633941216
pos,PUNCT,512,4,kl_full_to_compact,category_minus_document_mean,0.023079987849116985,16,-0.03760779134427992,0.10312781951215848
pos,SCONJ,512,4,kl_full_to_compact,category_minus_document_mean,0.044685896744343874,11,-0.026444604827735096,0.12369765096913643
pos,SPACE,512,4,kl_full_to_compact,category_minus_document_mean,-0.045148700540170714,16,-0.09152220080015117,-0.0015462987296530992
pos,VERB,512,4,kl_full_to_compact,category_minus_document_mean,-0.06987813559903677,16,-0.1179372206680236,-0.03286894602562942
pos,X,512,4,kl_full_to_compact,category_minus_document_mean,-0.2559089091944884,2,-0.46626281066755837,-0.045555007721418406
pos,ADJ,512,16,kl_full_to_compact,category_minus_document_mean,-0.06043691397153189,14,-0.11220471386900525,-0.01852048293943719
pos,ADP,512,16,kl_full_to_compact,category_minus_document_mean,-0.07890116143277742,16,-0.14007700191762706,-0.026712252282184913
pos,ADV,512,16,kl_full_to_compact,category_minus_document_mean,-0.06347976661525633,11,-0.1976603690564528,0.0668854174421214
pos,AUX,512,16,kl_full_to_compact,category_minus_document_mean,-0.07571080525956465,14,-0.11269850654187454,-0.045256465252942475
pos,CCONJ,512,16,kl_full_to_compact,category_minus_document_mean,-0.0624944449688529,15,-0.15270015864225966,0.002650309484368377
pos,DET,512,16,kl_full_to_compact,category_minus_document_mean,-0.029443613916414854,16,-0.06600035653201142,0.007702495853141098
pos,INTJ,512,16,kl_full_to_compact,category_minus_document_mean,-0.12782287693391936,2,-0.23400484359194706,-0.021640910275891656
pos,NOUN,512,16,kl_full_to_compact,category_minus_document_mean,0.15867936967826718,16,0.0003247597101025997,0.39411000244218297
pos,NUM,512,16,kl_full_to_compact,category_minus_document_mean,-0.030376279802602657,6,-0.07275513833203098,0.030321675783844013
pos,PART,512,16,kl_full_to_compact,category_minus_document_mean,0.1669734523815419,11,-0.08729647296847698,0.6320933075621927
pos,PRON,512,16,kl_full_to_compact,category_minus_document_mean,-0.039707784517905576,15,-0.0749506461996156,-0.0065687665247660355
pos,PROPN,512,16,kl_full_to_compact,category_minus_document_mean,0.46138554465802933,14,0.04270422932256757,1.1048111149086495
pos,PUNCT,512,16,kl_full_to_compact,category_minus_document_mean,0.030618580916542428,16,-0.033142735772488933,0.10952134548991509
pos,SCONJ,512,16,kl_full_to_compact,category_minus_document_mean,0.04542277273774151,11,-0.02610658850924813,0.125901570388801
pos,SPACE,512,16,kl_full_to_compact,category_minus_document_mean,-0.04138956174708616,16,-0.08742031494901946,0.005814580730471961
pos,VERB,512,16,kl_full_to_compact,category_minus_document_mean,-0.07111563929462598,16,-0.1201892762269021,-0.031976142249836054
pos,X,512,16,kl_full_to_compact,category_minus_document_mean,-0.2705124951851303,2,-0.49947849799036703,-0.04154649237989361
pos,ADJ,2048,0,kl_full_to_compact,category_minus_document_mean,-0.027341398660032896,14,-0.07033376727405845,0.010559451718139315
pos,ADP,2048,0,kl_full_to_compact,category_minus_document_mean,-0.05909003173104355,16,-0.12352823292659919,-0.0186069643882418
pos,ADV,2048,0,kl_full_to_compact,category_minus_document_mean,-0.012581446109388912,11,-0.09626027738516538,0.09345951680916958
pos,AUX,2048,0,kl_full_to_compact,category_minus_document_mean,-0.03942171686066672,14,-0.06549137416488084,-0.016917410638358724
pos,CCONJ,2048,0,kl_full_to_compact,category_minus_document_mean,-0.037098268131388876,15,-0.09862760877454435,0.0028610842438410345
pos,DET,2048,0,kl_full_to_compact,category_minus_document_mean,-0.03953031698884089,16,-0.10408629421735584,0.0032198404730945174
pos,INTJ,2048,0,kl_full_to_compact,category_minus_document_mean,-0.006291869095718994,2,-0.025927545467652635,0.013343807276214648
pos,NOUN,2048,0,kl_full_to_compact,category_minus_document_mean,0.058174072700951825,16,-0.030445120359149452,0.16997913085854102
pos,NUM,2048,0,kl_full_to_compact,category_minus_document_mean,-0.02681810285559373,6,-0.048013567161897676,-0.005622638549289782
pos,PART,2048,0,kl_full_to_compact,category_minus_document_mean,-0.018453402979798052,11,-0.03547894679152608,-0.0005840635025292908
pos,PRON,2048,0,kl_full_to_compact,category_minus_document_mean,-0.013138617066595071,15,-0.02942905757673194,0.004214187588410844
pos,PROPN,2048,0,kl_full_to_compact,category_minus_document_mean,0.3718663478841428,14,-0.006676438361376732,1.0406110635538608
pos,PUNCT,2048,0,kl_full_to_compact,category_minus_document_mean,0.04950858938185157,16,-0.009945892141773657,0.12434502254978667
pos,SCONJ,2048,0,kl_full_to_compact,category_minus_document_mean,0.02683182929725049,11,-0.023589371299955746,0.09799246035616381
pos,SPACE,2048,0,kl_full_to_compact,category_minus_document_mean,-0.035951889778998235,16,-0.06659595944688318,-0.010052603904953331
pos,VERB,2048,0,kl_full_to_compact,category_minus_document_mean,-0.04201060609941685,16,-0.08728221542234245,-0.010095937798671585
pos,X,2048,0,kl_full_to_compact,category_minus_document_mean,-0.2070871339761311,2,-0.39716430755902365,-0.017009960393238543
pos,ADJ,2048,4,kl_full_to_compact,category_minus_document_mean,-0.029247524434139856,14,-0.06905260319897707,0.005921902002928839
pos,ADP,2048,4,kl_full_to_compact,category_minus_document_mean,-0.057968758031746614,16,-0.12053055493820562,-0.018000538445364395
pos,ADV,2048,4,kl_full_to_compact,category_minus_document_mean,-0.014664377948818268,11,-0.09753630361206451,0.08327864212139052
pos,AUX,2048,4,kl_full_to_compact,category_minus_document_mean,-0.03859443092167279,14,-0.06422509764252911,-0.016076718917631957
pos,CCONJ,2048,4,kl_full_to_compact,category_minus_document_mean,-0.03804830423655024,15,-0.1027892247696475,0.002205354600516558
pos,DET,2048,4,kl_full_to_compact,category_minus_document_mean,-0.040012926096928546,16,-0.1034639037170948,0.0006273033120467336
pos,INTJ,2048,4,kl_full_to_compact,category_minus_document_mean,-0.005538498567489114,2,-0.0281162152248271,0.017039218089848873
pos,NOUN,2048,4,kl_full_to_compact,category_minus_document_mean,0.05784617176657231,16,-0.031959351504142745,0.16869410576487912
pos,NUM,2048,4,kl_full_to_compact,category_minus_document_mean,-0.022906859626552506,6,-0.04358160985325222,-7.574180852808893e-05
pos,PART,2048,4,kl_full_to_compact,category_minus_document_mean,-0.020036761146981132,11,-0.03689614988380693,-0.00459870141985505
pos,PRON,2048,4,kl_full_to_compact,category_minus_document_mean,-0.014088704395702192,15,-0.028503351596237722,0.0028061186825027065
pos,PROPN,2048,4,kl_full_to_compact,category_minus_document_mean,0.3711636916275536,14,-0.00598599028610307,1.0405214111330556
pos,PUNCT,2048,4,kl_full_to_compact,category_minus_document_mean,0.04848940584501113,16,-0.010953646102139555,0.12230035487409015
pos,SCONJ,2048,4,kl_full_to_compact,category_minus_document_mean,0.027035177854202175,11,-0.02306778963544102,0.10007810730498319
pos,SPACE,2048,4,kl_full_to_compact,category_minus_document_mean,-0.03321284004849308,16,-0.0633805815025019,-0.009037471838682793
pos,VERB,2048,4,kl_full_to_compact,category_minus_document_mean,-0.04220163407389183,16,-0.08876136214563,-0.009403413293259609
pos,X,2048,4,kl_full_to_compact,category_minus_document_mean,-0.21572084838123828,2,-0.4133640230347737,-0.01807767372770286
pos,ADJ,2048,16,kl_full_to_compact,category_minus_document_mean,-0.028479770944980158,14,-0.06786097566825366,0.006249341915740727
pos,ADP,2048,16,kl_full_to_compact,category_minus_document_mean,-0.05822801206631721,16,-0.11960217841780504,-0.01703646133285718
pos,ADV,2048,16,kl_full_to_compact,category_minus_document_mean,-0.012928501027090528,11,-0.09744399030417886,0.09944573623999835
pos,AUX,2048,16,kl_full_to_compact,category_minus_document_mean,-0.03900849738256731,14,-0.06371434922804282,-0.016488912881831068
pos,CCONJ,2048,16,kl_full_to_compact,category_minus_document_mean,-0.04011791608326374,15,-0.10322812588580993,0.00023759489853545835
pos,DET,2048,16,kl_full_to_compact,category_minus_document_mean,-0.03950803084378884,16,-0.10203311335244167,0.002993223046199324
pos,INTJ,2048,16,kl_full_to_compact,category_minus_document_mean,-0.0017824682183231744,2,-0.02925273884136459,0.02568780240471824
pos,NOUN,2048,16,kl_full_to_compact,category_minus_document_mean,0.06173528448565519,16,-0.02830857489141433,0.17110813921515555
pos,NUM,2048,16,kl_full_to_compact,category_minus_document_mean,-0.022119093924713857,6,-0.04686597952302269,0.0031212536620179726
pos,PART,2048,16,kl_full_to_compact,category_minus_document_mean,-0.01817806548931492,11,-0.03515747230699403,-0.002712213111412311
pos,PRON,2048,16,kl_full_to_compact,category_minus_document_mean,-0.013469202937593728,15,-0.028977059192921914,0.0028901856122933067
pos,PROPN,2048,16,kl_full_to_compact,category_minus_document_mean,0.367432034548706,14,-0.004268177732085825,1.047267452740638
pos,PUNCT,2048,16,kl_full_to_compact,category_minus_document_mean,0.04139282732872834,16,-0.010432172295838118,0.11255725723278194
pos,SCONJ,2048,16,kl_full_to_compact,category_minus_document_mean,0.02272909980273873,11,-0.02696187003744134,0.09571323039845081
pos,SPACE,2048,16,kl_full_to_compact,category_minus_document_mean,-0.03467619745010519,16,-0.06430322768492026,-0.010229614432707737
pos,VERB,2048,16,kl_full_to_compact,category_minus_document_mean,-0.04185147019292048,16,-0.0881268873140645,-0.0085111304720424
pos,X,2048,16,kl_full_to_compact,category_minus_document_mean,-0.20685923515782179,2,-0.3966168826558487,-0.01710158765979486
pos,ADJ,8192,0,kl_full_to_compact,category_minus_document_mean,0.0047750777342678,14,-0.013029495772701414,0.022793884012368603
pos,ADP,8192,0,kl_full_to_compact,category_minus_document_mean,-0.011050345061586935,16,-0.020268877764832372,-0.0025325342325998976
pos,ADV,8192,0,kl_full_to_compact,category_minus_document_mean,0.010434527602103054,11,-0.017959645187226776,0.04655332299320078
pos,AUX,8192,0,kl_full_to_compact,category_minus_document_mean,-0.012019009746961623,14,-0.02420493533232317,-0.0016856061794326463
pos,CCONJ,8192,0,kl_full_to_compact,category_minus_document_mean,-0.005490939221188443,15,-0.013265801777069711,0.0018727386737289677
pos,DET,8192,0,kl_full_to_compact,category_minus_document_mean,0.004896965184514262,16,-0.008776523864477902,0.021101726743814914
pos,INTJ,8192,0,kl_full_to_compact,category_minus_document_mean,-0.0021373804594020385,2,-0.003975484715681432,-0.0002992762031226448
pos,NOUN,8192,0,kl_full_to_compact,category_minus_document_mean,0.004473837257337965,16,-0.002108614834317988,0.010458546575553554
pos,NUM,8192,0,kl_full_to_compact,category_minus_document_mean,-0.0018747691113539938,6,-0.027308701887337843,0.027487603605274892
pos,PART,8192,0,kl_full_to_compact,category_minus_document_mean,-0.006877100841555434,11,-0.013834421648301558,-0.00035995653386212517
pos,PRON,8192,0,kl_full_to_compact,category_minus_document_mean,-0.010406571878201187,15,-0.01822277277065003,-0.004686673707227139
pos,PROPN,8192,0,kl_full_to_compact,category_minus_document_mean,0.04587595563798725,14,-0.0006932783252039849,0.13183665595298583
pos,PUNCT,8192,0,kl_full_to_compact,category_minus_document_mean,-0.00307917575432877,16,-0.015362413775223406,0.009044614474260016
pos,SCONJ,8192,0,kl_full_to_compact,category_minus_document_mean,0.006473295723303136,11,-0.01046244705534299,0.03300942818637918
pos,SPACE,8192,0,kl_full_to_compact,category_minus_document_mean,-0.008409755382161835,16,-0.015166560361627324,-2.2180864489740967e-05
pos,VERB,8192,0,kl_full_to_compact,category_minus_document_mean,-0.0055506203840507565,16,-0.016858870900132664,0.0020709245230801404
pos,X,8192,0,kl_full_to_compact,category_minus_document_mean,0.01313231642529189,2,-0.009248017861651192,0.03551265071223497
pos,ADJ,8192,4,kl_full_to_compact,category_minus_document_mean,0.005695513511449215,14,-0.013379718991727185,0.026108411414096817
pos,ADP,8192,4,kl_full_to_compact,category_minus_document_mean,-0.010871489753509864,16,-0.01953565273644809,-0.0030009185884507105
pos,ADV,8192,4,kl_full_to_compact,category_minus_document_mean,0.014571365395512759,11,-0.017150052442931767,0.05582898169008932
pos,AUX,8192,4,kl_full_to_compact,category_minus_document_mean,-0.01003645881570975,14,-0.022671869066901815,0.0005577622967893331
pos,CCONJ,8192,4,kl_full_to_compact,category_minus_document_mean,-0.005504463023383879,15,-0.013429521720402151,0.001744477025955834
pos,DET,8192,4,kl_full_to_compact,category_minus_document_mean,0.003792172473383257,16,-0.010109088712374134,0.01909827772717393
pos,INTJ,8192,4,kl_full_to_compact,category_minus_document_mean,-0.0037985236960622615,2,-0.004142545034142131,-0.003454502357982392
pos,NOUN,8192,4,kl_full_to_compact,category_minus_document_mean,0.0037435439913866397,16,-0.0015876168977768186,0.009654828552134107
pos,NUM,8192,4,kl_full_to_compact,category_minus_document_mean,-0.0010899107280039299,6,-0.022651486069805077,0.027981920202658255
pos,PART,8192,4,kl_full_to_compact,category_minus_document_mean,-0.0065118596889839975,11,-0.013298437096822912,0.0003195330035622444
pos,PRON,8192,4,kl_full_to_compact,category_minus_document_mean,-0.009879021294976035,15,-0.01775167051182221,-0.003918332968774977
pos,PROPN,8192,4,kl_full_to_compact,category_minus_document_mean,0.04676995092504295,14,-0.0004353206579890717,0.1324927234398283
pos,PUNCT,8192,4,kl_full_to_compact,category_minus_document_mean,-0.003486186248193415,16,-0.0160825319837119,0.007961303835199062
pos,SCONJ,8192,4,kl_full_to_compact,category_minus_document_mean,0.006507848787485024,11,-0.01015455355488742,0.033782288316302866
pos,SPACE,8192,4,kl_full_to_compact,category_minus_document_mean,-0.010452487293424895,16,-0.017721695502699208,-0.003267932913742044
pos,VERB,8192,4,kl_full_to_compact,category_minus_document_mean,-0.006013364577721267,16,-0.016596149039444338,0.0017783014847081577
pos,X,8192,4,kl_full_to_compact,category_minus_document_mean,0.013527966540245018,2,-0.009566148425037113,0.03662208150552715
pos,ADJ,8192,16,kl_full_to_compact,category_minus_document_mean,0.0052607434680340135,14,-0.011738810427068522,0.023906025276555352
pos,ADP,8192,16,kl_full_to_compact,category_minus_document_mean,-0.011807960291974572,16,-0.021118860465913533,-0.0038475199604965367
pos,ADV,8192,16,kl_full_to_compact,category_minus_document_mean,0.013150253286548048,11,-0.01631918335366895,0.05294613233401853
pos,AUX,8192,16,kl_full_to_compact,category_minus_document_mean,-0.01093295039717507,14,-0.023855408843888797,-0.00031109485058225745
pos,CCONJ,8192,16,kl_full_to_compact,category_minus_document_mean,-0.0037053748693114453,15,-0.010979106181873607,0.0036826295318986377
pos,DET,8192,16,kl_full_to_compact,category_minus_document_mean,0.004542474560095971,16,-0.008271951529479642,0.018555787730067684
pos,INTJ,8192,16,kl_full_to_compact,category_minus_document_mean,-0.002948299327528048,2,-0.004907798597344026,-0.0009888000577120692
pos,NOUN,8192,16,kl_full_to_compact,category_minus_document_mean,0.004439506546655231,16,-0.0010739308021502237,0.00955665685776951
pos,NUM,8192,16,kl_full_to_compact,category_minus_document_mean,-0.0009242705142980071,6,-0.023135127748640138,0.02423962893379569
pos,PART,8192,16,kl_full_to_compact,category_minus_document_mean,-0.007076532925316615,11,-0.012583190066708655,-0.0017243952403272508
pos,PRON,8192,16,kl_full_to_compact,category_minus_document_mean,-0.009455624949275144,15,-0.017254901189760842,-0.003469724966516799
pos,PROPN,8192,16,kl_full_to_compact,category_minus_document_mean,0.046524658857388046,14,-0.00016148597904624761,0.13149754504749797
pos,PUNCT,8192,16,kl_full_to_compact,category_minus_document_mean,-0.003330975637349328,16,-0.015861271678348283,0.00849682123578298
pos,SCONJ,8192,16,kl_full_to_compact,category_minus_document_mean,0.0059472537850948715,11,-0.009847586666799657,0.03152427645958118
pos,SPACE,8192,16,kl_full_to_compact,category_minus_document_mean,-0.01172029575057012,16,-0.017977770610385163,-0.005394270219608758
pos,VERB,8192,16,kl_full_to_compact,category_minus_document_mean,-0.006028292746968733,16,-0.016448948722841687,0.0020127658421071008
pos,X,8192,16,kl_full_to_compact,category_minus_document_mean,0.018057522459145048,2,-0.00995687168818904,0.046071916606479135
pos,ADJ,128,0,top1_changed,category_minus_document_mean,-0.002497874149659875,14,-0.11189944727891157,0.10921370110544214
pos,ADP,128,0,top1_changed,category_minus_document_mean,-0.07418774801587302,16,-0.18207659040178573,0.05338541666666666
pos,ADV,128,0,top1_changed,category_minus_document_mean,0.08049242424242424,11,-0.08948863636363637,0.26298295454545445
pos,AUX,128,0,top1_changed,category_minus_document_mean,-0.063531037414966,14,-0.16324776785714284,0.0550722789115646
pos,CCONJ,128,0,top1_changed,category_minus_document_mean,0.05902777777777777,15,-0.10487847222222224,0.22916666666666663
pos,DET,128,0,top1_changed,category_minus_document_mean,-0.08643973214285715,16,-0.17927873883928572,0.003756742931547569
pos,INTJ,128,0,top1_changed,category_minus_document_mean,0.2109375,2,-0.25,0.671875
pos,NOUN,128,0,top1_changed,category_minus_document_mean,0.10226050219882457,16,0.03626534338628295,0.1746038461892183
pos,NUM,128,0,top1_changed,category_minus_document_mean,-0.09635416666666667,6,-0.24479166666666666,0.08333333333333333
pos,PART,128,0,top1_changed,category_minus_document_mean,-0.07717803030303032,11,-0.2225378787878788,0.12076231060606045
pos,PRON,128,0,top1_changed,category_minus_document_mean,-0.04501448306595366,15,-0.12546300938304614,0.03449843100118828
pos,PROPN,128,0,top1_changed,category_minus_document_mean,0.13014455782312925,14,-0.027248883928571433,0.3049205463435373
pos,PUNCT,128,0,top1_changed,category_minus_document_mean,-0.034207589285714296,16,-0.11864420572916667,0.045580822172618995
pos,SCONJ,128,0,top1_changed,category_minus_document_mean,0.23958333333333331,11,-0.018939393939393943,0.4948271780303029
pos,SPACE,128,0,top1_changed,category_minus_document_mean,-0.13658854166666667,16,-0.20859537760416666,-0.05559244791666672
pos,VERB,128,0,top1_changed,category_minus_document_mean,0.07202888257575758,16,-0.03352450284090909,0.19181803385416654
pos,X,128,0,top1_changed,category_minus_document_mean,0.1953125,2,-0.1875,0.578125
pos,ADJ,128,4,top1_changed,category_minus_document_mean,0.01567814625850339,14,-0.09343245110544218,0.1134890518707483
pos,ADP,128,4,top1_changed,category_minus_document_mean,-0.0882936507936508,16,-0.18063771081349206,0.00807059151785708
pos,ADV,128,4,top1_changed,category_minus_document_mean,0.05662878787878788,11,-0.09857954545454546,0.22708570075757573
pos,AUX,128,4,top1_changed,category_minus_document_mean,0.025531462585034005,14,-0.09782525510204083,0.16936011904761894
pos,CCONJ,128,4,top1_changed,category_minus_document_mean,-0.008680555555555565,15,-0.15625,0.1566059027777777
pos,DET,128,4,top1_changed,category_minus_document_mean,-0.11339285714285714,16,-0.21443940662202382,-0.017999906994047764
pos,INTJ,128,4,top1_changed,category_minus_document_mean,-0.265625,2,-0.28125,-0.25
pos,NOUN,128,4,top1_changed,category_minus_document_mean,0.12259712144580565,16,0.053635959794728294,0.19638155335960636
pos,NUM,128,4,top1_changed,category_minus_document_mean,-0.0842013888888889,6,-0.2604166666666667,0.1032986111111111
pos,PART,128,4,top1_changed,category_minus_document_mean,-0.07007575757575758,11,-0.2111979166666667,0.12027698863636356
pos,PRON,128,4,top1_changed,category_minus_document_mean,-0.08563948306595368,15,-0.14843333766587444,-0.028446149608833533
pos,PROPN,128,4,top1_changed,category_minus_document_mean,0.13811649659863945,14,-0.01806149022108844,0.3094794323979592
pos,PUNCT,128,4,top1_changed,category_minus_document_mean,-0.044593253968253976,16,-0.12960464719742065,0.03502030629960314
pos,SCONJ,128,4,top1_changed,category_minus_document_mean,0.23484848484848483,11,-0.03461174242424243,0.5056936553030302
pos,SPACE,128,4,top1_changed,category_minus_document_mean,-0.13697916666666665,16,-0.20918945312499998,-0.05654947916666681
pos,VERB,128,4,top1_changed,category_minus_document_mean,0.06898674242424242,16,-0.040830078125,0.1903605883049242
pos,X,128,4,top1_changed,category_minus_document_mean,0.15625,2,-0.21875,0.53125
pos,ADJ,128,16,top1_changed,category_minus_document_mean,-0.02178996598639457,14,-0.13983046343537417,0.11253720238095234
pos,ADP,128,16,top1_changed,category_minus_document_mean,-0.09252542162698413,16,-0.17030087425595242,0.002205791170634894
pos,ADV,128,16,top1_changed,category_minus_document_mean,0.10549242424242423,11,-0.06137784090909092,0.28532670454545456
pos,AUX,128,16,top1_changed,category_minus_document_mean,0.004326105442176863,14,-0.12953364158163264,0.14420440051020403
pos,CCONJ,128,16,top1_changed,category_minus_document_mean,0.04340277777777777,15,-0.10313368055555555,0.21286458333333325
pos,DET,128,16,top1_changed,category_minus_document_mean,-0.07647879464285715,16,-0.1639394996279762,0.009370814732142827
pos,INTJ,128,16,top1_changed,category_minus_document_mean,0.15625,2,-0.28125,0.59375
pos,NOUN,128,16,top1_changed,category_minus_document_mean,0.12607638957351128,16,0.05526278911147332,0.20410564059592637
pos,NUM,128,16,top1_changed,category_minus_document_mean,-0.1953125,6,-0.2838541666666667,-0.078125
pos,PART,128,16,top1_changed,category_minus_document_mean,-0.09280303030303032,11,-0.2244436553030303,0.09991714015151508
pos,PRON,128,16,top1_changed,category_minus_document_mean,-0.060568924539512785,15,-0.13694545021291343,0.01258290626856801
pos,PROPN,128,16,top1_changed,category_minus_document_mean,0.10240221088435374,14,-0.06792330994897959,0.2895355017006801
pos,PUNCT,128,16,top1_changed,category_minus_document_mean,-0.0369202628968254,16,-0.10854964967757937,0.028268306671626973
pos,SCONJ,128,16,top1_changed,category_minus_document_mean,0.26988636363636365,11,0.03830492424242424,0.5086055871212117
pos,SPACE,128,16,top1_changed,category_minus_document_mean,-0.13912760416666667,16,-0.21425944010416667,-0.04933756510416673
pos,VERB,128,16,top1_changed,category_minus_document_mean,0.06423413825757576,16,-0.03625799005681818,0.16727317116477267
pos,X,128,16,top1_changed,category_minus_document_mean,0.1640625,2,-0.25,0.578125
pos,ADJ,512,0,top1_changed,category_minus_document_mean,0.011224489795918363,14,-0.09357461734693877,0.13467873086734683
pos,ADP,512,0,top1_changed,category_minus_document_mean,-0.005642361111111115,16,-0.1022162543402778,0.10796712239583331
pos,ADV,512,0,top1_changed,category_minus_document_mean,0.04081439393939394,11,-0.09632339015151514,0.17841382575757572
pos,AUX,512,0,top1_changed,category_minus_document_mean,-0.056026785714285716,14,-0.14584263392857144,0.05730468749999992
pos,CCONJ,512,0,top1_changed,category_minus_document_mean,-0.024652777777777798,15,-0.1388888888888889,0.1284895833333332
pos,DET,512,0,top1_changed,category_minus_document_mean,-0.09854910714285715,16,-0.1686279296875,-0.02617420014880957
pos,INTJ,512,0,top1_changed,category_minus_document_mean,0.2890625,2,-0.1875,0.765625
pos,NOUN,512,0,top1_changed,category_minus_document_mean,0.06771533930251036,16,-0.01988193313105937,0.17786758451823206
pos,NUM,512,0,top1_changed,category_minus_document_mean,0.027777777777777773,6,-0.12760416666666666,0.19444444444444442
pos,PART,512,0,top1_changed,category_minus_document_mean,-0.036931818181818184,11,-0.17329545454545456,0.16906960227272708
pos,PRON,512,0,top1_changed,category_minus_document_mean,0.009400376312141013,15,-0.052205247945137645,0.07062790899187957
pos,PROPN,512,0,top1_changed,category_minus_document_mean,0.010267857142857138,14,-0.08519531250000002,0.11682105654761901
pos,PUNCT,512,0,top1_changed,category_minus_document_mean,-0.028608630952380962,16,-0.0983247302827381,0.04392477368551584
pos,SCONJ,512,0,top1_changed,category_minus_document_mean,0.23106060606060605,11,-0.033214962121212124,0.4938802083333332
pos,SPACE,512,0,top1_changed,category_minus_document_mean,-0.08828125,16,-0.1486328125,-0.020502929687500025
pos,VERB,512,0,top1_changed,category_minus_document_mean,0.04282670454545455,16,-0.03082623106060605,0.11363266453598482
pos,X,512,0,top1_changed,category_minus_document_mean,-0.2421875,2,-0.375,-0.109375
pos,ADJ,512,4,top1_changed,category_minus_document_mean,0.01992984693877551,14,-0.06185108418367348,0.11011160714285712
pos,ADP,512,4,top1_changed,category_minus_document_mean,0.006215897817460313,16,-0.08681291852678572,0.1029746403769841
pos,ADV,512,4,top1_changed,category_minus_document_mean,0.0038825757575757587,11,-0.1319247159090909,0.1408309659090908
pos,AUX,512,4,top1_changed,category_minus_document_mean,-0.06532738095238097,14,-0.13653831845238093,0.031798735119047454
pos,CCONJ,512,4,top1_changed,category_minus_document_mean,-0.014236111111111132,15,-0.12605034722222225,0.13264756944444436
pos,DET,512,4,top1_changed,category_minus_document_mean,-0.08311941964285714,16,-0.15404087611607145,-0.017744140625000213
pos,INTJ,512,4,top1_changed,category_minus_document_mean,0.2890625,2,-0.1875,0.765625
pos,NOUN,512,4,top1_changed,category_minus_document_mean,0.05810230636505307,16,-0.010911888133567823,0.1437177494072538
pos,NUM,512,4,top1_changed,category_minus_document_mean,-0.03993055555555556,6,-0.11458333333333333,0.08854166666666664
pos,PART,512,4,top1_changed,category_minus_document_mean,-0.02130681818181818,11,-0.15767045454545456,0.16051136363636365
pos,PRON,512,4,top1_changed,category_minus_document_mean,0.016881436918201615,15,-0.04836556434442464,0.08255816436423051
pos,PROPN,512,4,top1_changed,category_minus_document_mean,-0.009598214285714288,14,-0.0933091517857143,0.09100260416666663
pos,PUNCT,512,4,top1_changed,category_minus_document_mean,-0.028283110119047626,16,-0.09037310887896825,0.03692902095734117
pos,SCONJ,512,4,top1_changed,category_minus_document_mean,0.24668560606060605,11,-0.01563683712121212,0.5237215909090905
pos,SPACE,512,4,top1_changed,category_minus_document_mean,-0.0931640625,16,-0.14766113281249998,-0.03573730468750003
pos,VERB,512,4,top1_changed,category_minus_document_mean,0.03794389204545455,16,-0.039767696496212125,0.10967166785037878
pos,X,512,4,top1_changed,category_minus_document_mean,-0.234375,2,-0.40625,-0.0625
pos,ADJ,512,16,top1_changed,category_minus_document_mean,-0.027997448979591836,14,-0.09104352678571427,0.04365593112244897
pos,ADP,512,16,top1_changed,category_minus_document_mean,0.0037977430555555525,16,-0.09896104600694446,0.11903483072916665
pos,ADV,512,16,top1_changed,category_minus_document_mean,0.042234848484848486,11,-0.09672585227272726,0.1758854166666665
pos,AUX,512,16,top1_changed,category_minus_document_mean,-0.06979166666666668,14,-0.14100260416666666,0.024553571428571414
pos,CCONJ,512,16,top1_changed,category_minus_document_mean,-0.01736111111111113,15,-0.12986111111111112,0.12605034722222216
pos,DET,512,16,top1_changed,category_minus_document_mean,-0.09171316964285715,16,-0.16603306361607142,-0.013436104910714309
pos,INTJ,512,16,top1_changed,category_minus_document_mean,0.296875,2,-0.1875,0.78125
pos,NOUN,512,16,top1_changed,category_minus_document_mean,0.0716788020550356,16,-0.005657404119318183,0.15389027330947547
pos,NUM,512,16,top1_changed,category_minus_document_mean,-0.05555555555555556,6,-0.140625,0.07552083333333331
pos,PART,512,16,top1_changed,category_minus_document_mean,-0.02556818181818182,11,-0.16335227272727273,0.16768465909090868
pos,PRON,512,16,top1_changed,category_minus_document_mean,0.04697402951079422,15,-0.02478269211725094,0.12381497264309761
pos,PROPN,512,16,top1_changed,category_minus_document_mean,-0.03303571428571429,14,-0.10758928571428572,0.045022321428571384
pos,PUNCT,512,16,top1_changed,category_minus_document_mean,-0.009272693452380958,16,-0.07679354228670636,0.06447567894345235
pos,SCONJ,512,16,top1_changed,category_minus_document_mean,0.24384469696969696,11,-0.020359848484848488,0.519460227272727
pos,SPACE,512,16,top1_changed,category_minus_document_mean,-0.0970703125,16,-0.1505859375,-0.043354492187500024
pos,VERB,512,16,top1_changed,category_minus_document_mean,0.059037642045454544,16,-0.03182750355113636,0.15370723839962117
pos,X,512,16,top1_changed,category_minus_document_mean,-0.234375,2,-0.40625,-0.0625
pos,ADJ,2048,0,top1_changed,category_minus_document_mean,0.01135204081632653,14,-0.07541772959183675,0.11700494260204078
pos,ADP,2048,0,top1_changed,category_minus_document_mean,-0.045464409722222224,16,-0.12456868489583334,0.042781575520833164
pos,ADV,2048,0,top1_changed,category_minus_document_mean,-0.008617424242424248,11,-0.10852272727272728,0.11232244318181811
pos,AUX,2048,0,top1_changed,category_minus_document_mean,-0.0753720238095238,14,-0.12946986607142857,-0.016809895833333366
pos,CCONJ,2048,0,top1_changed,category_minus_document_mean,0.024305555555555546,15,-0.08855034722222223,0.17500868055555546
pos,DET,2048,0,top1_changed,category_minus_document_mean,-0.03098028273809524,16,-0.09509881882440475,0.03631696428571415
pos,INTJ,2048,0,top1_changed,category_minus_document_mean,-0.1796875,2,-0.234375,-0.125
pos,NOUN,2048,0,top1_changed,category_minus_document_mean,0.06465185376575178,16,-0.0030166065602434877,0.14044283190767562
pos,NUM,2048,0,top1_changed,category_minus_document_mean,0.059895833333333336,6,-0.08072916666666667,0.22916666666666666
pos,PART,2048,0,top1_changed,category_minus_document_mean,0.004261363636363636,11,-0.13210227272727273,0.21164772727272727
pos,PRON,2048,0,top1_changed,category_minus_document_mean,-0.01671184888096653,15,-0.07019320038621507,0.04745501893939393
pos,PROPN,2048,0,top1_changed,category_minus_document_mean,0.07336309523809524,14,-0.02637834821428571,0.18494791666666635
pos,PUNCT,2048,0,top1_changed,category_minus_document_mean,0.008826264880952374,16,-0.05111452132936508,0.069672619047619
pos,SCONJ,2048,0,top1_changed,category_minus_document_mean,0.09043560606060605,11,-0.09706439393939395,0.3196022727272727
pos,SPACE,2048,0,top1_changed,category_minus_document_mean,-0.08938802083333333,16,-0.14453125,-0.03359212239583334
pos,VERB,2048,0,top1_changed,category_minus_document_mean,0.027258353625541125,16,-0.03598201603084415,0.09176229369588741
pos,X,2048,0,top1_changed,category_minus_document_mean,-0.15625,2,-0.25,-0.0625
pos,ADJ,2048,4,top1_changed,category_minus_document_mean,0.03472576530612244,14,-0.05585538903061225,0.14394132653061223
pos,ADP,2048,4,top1_changed,category_minus_document_mean,-0.03700086805555555,16,-0.1259765625,0.05859375
pos,ADV,2048,4,top1_changed,category_minus_document_mean,0.05359848484848485,11,-0.07370265151515153,0.1785108901515151
pos,AUX,2048,4,top1_changed,category_minus_document_mean,-0.08950892857142857,14,-0.14732142857142858,-0.0203125
pos,CCONJ,2048,4,top1_changed,category_minus_document_mean,0.022222222222222216,15,-0.09063368055555557,0.17710069444444432
pos,DET,2048,4,top1_changed,category_minus_document_mean,-0.07720424107142858,16,-0.13105794270833332,-0.019585658482142873
pos,INTJ,2048,4,top1_changed,category_minus_document_mean,-0.1875,2,-0.234375,-0.140625
pos,NOUN,2048,4,top1_changed,category_minus_document_mean,0.05644872876575178,16,-0.01285902967646389,0.13626896720672416
pos,NUM,2048,4,top1_changed,category_minus_document_mean,0.057291666666666664,6,-0.08072916666666667,0.21875
pos,PART,2048,4,top1_changed,category_minus_document_mean,0.004261363636363636,11,-0.13071732954545454,0.2002840909090909
pos,PRON,2048,4,top1_changed,category_minus_document_mean,-0.02157295999207764,15,-0.06806606196771638,0.03251408075856602
pos,PROPN,2048,4,top1_changed,category_minus_document_mean,0.07113095238095238,14,-0.02426153273809524,0.17403459821428569
pos,PUNCT,2048,4,top1_changed,category_minus_document_mean,-0.002055431547619054,16,-0.06377673921130954,0.06154033358134917
pos,SCONJ,2048,4,top1_changed,category_minus_document_mean,0.1827651515151515,11,-0.04356060606060607,0.4266453598484846
pos,SPACE,2048,4,top1_changed,category_minus_document_mean,-0.09134114583333333,16,-0.14583821614583334,-0.029352213541666724
pos,VERB,2048,4,top1_changed,category_minus_document_mean,0.04561772862554113,16,-0.02287229859983766,0.1098310039569805
pos,X,2048,4,top1_changed,category_minus_document_mean,-0.15625,2,-0.25,-0.0625
pos,ADJ,2048,16,top1_changed,category_minus_document_mean,0.018207908163265295,14,-0.06377949617346938,0.11580755739795905
pos,ADP,2048,16,top1_changed,category_minus_document_mean,-0.050347222222222224,16,-0.13368326822916665,0.04047851562499997
pos,ADV,2048,16,top1_changed,category_minus_document_mean,0.0703598484848485,11,-0.05655539772727272,0.1967945075757575
pos,AUX,2048,16,top1_changed,category_minus_document_mean,-0.10476190476190476,14,-0.15401785714285715,-0.04708333333333342
pos,CCONJ,2048,16,top1_changed,category_minus_document_mean,0.01909722222222221,15,-0.08993055555555557,0.16601562499999975
pos,DET,2048,16,top1_changed,category_minus_document_mean,-0.03005952380952381,16,-0.09938267299107142,0.04040225074404761
pos,INTJ,2048,16,top1_changed,category_minus_document_mean,-0.1875,2,-0.25,-0.125
pos,NOUN,2048,16,top1_changed,category_minus_document_mean,0.06584543015464067,16,-0.002868810020845386,0.1393963377117673
pos,NUM,2048,16,top1_changed,category_minus_document_mean,0.052083333333333336,6,-0.08854166666666667,0.21875
pos,PART,2048,16,top1_changed,category_minus_document_mean,0.02888257575757575,11,-0.12073863636363637,0.2315340909090909
pos,PRON,2048,16,top1_changed,category_minus_document_mean,-0.02469795999207764,15,-0.07816739700930876,0.03607965376807287
pos,PROPN,2048,16,top1_changed,category_minus_document_mean,0.06778273809523809,14,-0.035747767857142856,0.18192708333333327
pos,PUNCT,2048,16,top1_changed,category_minus_document_mean,-0.013913690476190479,16,-0.07216099330357144,0.048860677083333304
pos,SCONJ,2048,16,top1_changed,category_minus_document_mean,0.21022727272727273,11,-0.031321022727272725,0.4616477272727273
pos,SPACE,2048,16,top1_changed,category_minus_document_mean,-0.09427083333333333,16,-0.1448583984375,-0.035073242187500096
pos,VERB,2048,16,top1_changed,category_minus_document_mean,0.022375541125541125,16,-0.0371680955762987,0.08490581033549784
pos,X,2048,16,top1_changed,category_minus_document_mean,-0.1640625,2,-0.25,-0.078125
pos,ADJ,8192,0,top1_changed,category_minus_document_mean,0.026084183673469385,14,-0.04025271045918367,0.1056457270408163
pos,ADP,8192,0,top1_changed,category_minus_document_mean,-0.01584201388888889,16,-0.07227105034722223,0.04416232638888888
pos,ADV,8192,0,top1_changed,category_minus_document_mean,0.03399621212121212,11,-0.07433948863636364,0.16479166666666656
pos,AUX,8192,0,top1_changed,category_minus_document_mean,-0.0665922619047619,14,-0.109375,-0.01263950892857148
pos,CCONJ,8192,0,top1_changed,category_minus_document_mean,-0.05347222222222223,15,-0.1,0.0038368055555554545
pos,DET,8192,0,top1_changed,category_minus_document_mean,-0.037295386904761904,16,-0.08400530133928572,0.01539364769345237
pos,INTJ,8192,0,top1_changed,category_minus_document_mean,-0.0859375,2,-0.125,-0.046875
pos,NOUN,8192,0,top1_changed,category_minus_document_mean,0.01139226499012683,16,-0.024069436137692718,0.049119473191738774
pos,NUM,8192,0,top1_changed,category_minus_document_mean,-0.02777777777777778,6,-0.078125,0.04687499999999999
pos,PART,8192,0,top1_changed,category_minus_document_mean,0.03598484848484848,11,-0.06534090909090909,0.15343276515151502
pos,PRON,8192,0,top1_changed,category_minus_document_mean,0.017621063576945928,15,-0.031718239379084974,0.07893164178550202
pos,PROPN,8192,0,top1_changed,category_minus_document_mean,0.015550595238095238,14,-0.05022321428571429,0.10171316964285712
pos,PUNCT,8192,0,top1_changed,category_minus_document_mean,-0.02725074404761905,16,-0.08756510416666667,0.03438081287202373
pos,SCONJ,8192,0,top1_changed,category_minus_document_mean,0.024621212121212113,11,-0.10227272727272728,0.22019412878787867
pos,SPACE,8192,0,top1_changed,category_minus_document_mean,-0.051953125,16,-0.1025390625,0.00859375
pos,VERB,8192,0,top1_changed,category_minus_document_mean,0.008443249458874461,16,-0.034903738839285714,0.05327296401515152
pos,X,8192,0,top1_changed,category_minus_document_mean,-0.140625,2,-0.1875,-0.09375
pos,ADJ,8192,4,top1_changed,category_minus_document_mean,0.03574617346938775,14,-0.043060427295918365,0.1246588010204081
pos,ADP,8192,4,top1_changed,category_minus_document_mean,-0.0020306299603174635,16,-0.05752766927083333,0.058221726190476185
pos,ADV,8192,4,top1_changed,category_minus_document_mean,-0.031344696969696974,11,-0.10227272727272728,0.05447206439393927
pos,AUX,8192,4,top1_changed,category_minus_document_mean,-0.07291666666666667,14,-0.10379464285714286,-0.0390625
pos,CCONJ,8192,4,top1_changed,category_minus_document_mean,-0.04722222222222223,15,-0.09270833333333334,0.008003472222222122
pos,DET,8192,4,top1_changed,category_minus_document_mean,-0.04335007440476191,16,-0.0791015625,-0.005439685639880962
pos,INTJ,8192,4,top1_changed,category_minus_document_mean,-0.0703125,2,-0.09375,-0.046875
pos,NOUN,8192,4,top1_changed,category_minus_document_mean,0.01627507749012683,16,-0.017999201290987886,0.053516540967712835
pos,NUM,8192,4,top1_changed,category_minus_document_mean,-0.030381944444444448,6,-0.078125,0.04433593749999963
pos,PART,8192,4,top1_changed,category_minus_document_mean,0.009943181818181818,11,-0.09232954545454546,0.13071732954545434
pos,PRON,8192,4,top1_changed,category_minus_document_mean,0.01841763220439691,15,-0.03507023358585859,0.07661156602792629
pos,PROPN,8192,4,top1_changed,category_minus_document_mean,0.0021577380952380954,14,-0.0546875,0.06943638392857134
pos,PUNCT,8192,4,top1_changed,category_minus_document_mean,-0.02236793154761905,16,-0.08561197916666667,0.04189918154761904
pos,SCONJ,8192,4,top1_changed,category_minus_document_mean,0.030303030303030297,11,-0.09801136363636363,0.23533380681818175
pos,SPACE,8192,4,top1_changed,category_minus_document_mean,-0.0626953125,16,-0.10078125,-0.015034179687500026
pos,VERB,8192,4,top1_changed,category_minus_document_mean,0.013326061958874461,16,-0.03180530894886364,0.05925117525703463
pos,X,8192,4,top1_changed,category_minus_document_mean,-0.140625,2,-0.1875,-0.09375
pos,ADJ,8192,16,top1_changed,category_minus_document_mean,0.04148596938775511,14,-0.037794961734693884,0.12599808673469381
pos,ADP,8192,16,top1_changed,category_minus_document_mean,-0.02560763888888889,16,-0.07779947916666667,0.02973361545138887
pos,ADV,8192,16,top1_changed,category_minus_document_mean,0.00672348484848485,11,-0.06705255681818181,0.09264441287878769
pos,AUX,8192,16,top1_changed,category_minus_document_mean,-0.06994047619047619,14,-0.109375,-0.02120535714285715
pos,CCONJ,8192,16,top1_changed,category_minus_document_mean,-0.03784722222222223,15,-0.08854166666666667,0.02152777777777777
pos,DET,8192,16,top1_changed,category_minus_document_mean,-0.05226934523809524,16,-0.09408017113095239,-0.009622628348214313
pos,INTJ,8192,16,top1_changed,category_minus_document_mean,-0.0859375,2,-0.109375,-0.0625
pos,NOUN,8192,16,top1_changed,category_minus_document_mean,0.02536175903774588,16,-0.015004667356127061,0.06563702847317154
pos,NUM,8192,16,top1_changed,category_minus_document_mean,-0.01996527777777778,6,-0.06510416666666667,0.05468749999999999
pos,PART,8192,16,top1_changed,category_minus_document_mean,0.030303030303030297,11,-0.07386363636363637,0.14300426136363628
pos,PRON,8192,16,top1_changed,category_minus_document_mean,0.010084298871063572,15,-0.043055555555555555,0.06618041629530597
pos,PROPN,8192,16,top1_changed,category_minus_document_mean,0.030952380952380953,14,-0.0446484375,0.11473586309523807
pos,PUNCT,8192,16,top1_changed,category_minus_document_mean,-0.03962053571428572,16,-0.09250604538690477,0.024509393601190456
pos,SCONJ,8192,16,top1_changed,category_minus_document_mean,0.020359848484848477,11,-0.11079545454545454,0.1979521780303028
pos,SPACE,8192,16,top1_changed,category_minus_document_mean,-0.05390625,16,-0.1037109375,0.005664062500000001
pos,VERB,8192,16,top1_changed,category_minus_document_mean,-0.022108360389610386,16,-0.0654296875,0.024003398944805198
pos,X,8192,16,top1_changed,category_minus_document_mean,-0.1171875,2,-0.171875,-0.0625
is_first_subtoken,False,128,0,delta_ce,category_minus_document_mean,0.008641644897650014,16,-0.20561538443745023,0.2532937680698758
is_first_subtoken,True,128,0,delta_ce,category_minus_document_mean,0.002221460598615656,16,-0.010867095324352193,0.014311457651007352
is_first_subtoken,False,128,4,delta_ce,category_minus_document_mean,0.025895584653047483,16,-0.20316834852254273,0.3136075579799223
is_first_subtoken,True,128,4,delta_ce,category_minus_document_mean,0.0008663005864299189,16,-0.012226540506095717,0.012611253626822765
is_first_subtoken,False,128,16,delta_ce,category_minus_document_mean,-0.0040342717695535935,16,-0.22034294526138354,0.23479309881354196
is_first_subtoken,True,128,16,delta_ce,category_minus_document_mean,0.0032194415043792016,16,-0.009954875116646163,0.016029880201573678
is_first_subtoken,False,512,0,delta_ce,category_minus_document_mean,0.03788866487224381,16,-0.10511656008142824,0.19954211693647003
is_first_subtoken,True,512,0,delta_ce,category_minus_document_mean,-0.004057717774369024,16,-0.016093882988828582,0.004868060686237057
is_first_subtoken,False,512,4,delta_ce,category_minus_document_mean,0.03684178935021522,16,-0.10006859073087802,0.20393671658921392
is_first_subtoken,True,512,4,delta_ce,category_minus_document_mean,-0.0037895168037651865,16,-0.014225044443611825,0.005715202164346421
is_first_subtoken,False,512,16,delta_ce,category_minus_document_mean,0.02997671277920415,16,-0.10328594690031608,0.18027991415656677
is_first_subtoken,True,512,16,delta_ce,category_minus_document_mean,-0.0026204640918053718,16,-0.013102174688388403,0.006647805181099538
is_first_subtoken,False,2048,0,delta_ce,category_minus_document_mean,0.019158258978425165,16,-0.029110979194882005,0.07080959552274527
is_first_subtoken,True,2048,0,delta_ce,category_minus_document_mean,-0.0012721222364406883,16,-0.006005609858652439,0.002960756524942184
is_first_subtoken,False,2048,4,delta_ce,category_minus_document_mean,0.02453187075957078,16,-0.02951261128859968,0.08404934469992666
is_first_subtoken,True,2048,4,delta_ce,category_minus_document_mean,-0.0015749366734686384,16,-0.00650681477306179,0.002938480673978159
is_first_subtoken,False,2048,16,delta_ce,category_minus_document_mean,0.0231399699340362,16,-0.02819829956553757,0.08714378056327965
is_first_subtoken,True,2048,16,delta_ce,category_minus_document_mean,-0.0014809587699647182,16,-0.005932959417896716,0.0031114754060009493
is_first_subtoken,False,8192,0,delta_ce,category_minus_document_mean,0.035573292759702405,16,-0.006014981580651472,0.08429210448368026
is_first_subtoken,True,8192,0,delta_ce,category_minus_document_mean,-0.0017569242515117233,16,-0.0056482197545785935,0.0023209418147278607
is_first_subtoken,False,8192,4,delta_ce,category_minus_document_mean,0.03083066247020843,16,-0.007259260650311611,0.07760904688349592
is_first_subtoken,True,8192,4,delta_ce,category_minus_document_mean,-0.0013309765566683123,16,-0.00481203433835915,0.0022878703049351743
is_first_subtoken,False,8192,16,delta_ce,category_minus_document_mean,0.034145342805169024,16,-0.008265328624278536,0.0816914200105566
is_first_subtoken,True,8192,16,delta_ce,category_minus_document_mean,-0.0010055718845214244,16,-0.004603730069566202,0.0031582043418213824
is_first_subtoken,False,128,0,kl_full_to_compact,category_minus_document_mean,0.01950660659265737,16,-0.12723168354639078,0.19289908339552506
is_first_subtoken,True,128,0,kl_full_to_compact,category_minus_document_mean,-0.0009397647225298095,16,-0.011368827038783265,0.008104414803179342
is_first_subtoken,False,128,4,kl_full_to_compact,category_minus_document_mean,0.033388995020244505,16,-0.12526327358742517,0.22615508580886162
is_first_subtoken,True,128,4,kl_full_to_compact,category_minus_document_mean,-0.001571413240969979,16,-0.012496322000560887,0.008104048088377986
is_first_subtoken,False,128,16,kl_full_to_compact,category_minus_document_mean,0.01088359239499357,16,-0.14183397416091637,0.1933438473497808
is_first_subtoken,True,128,16,kl_full_to_compact,category_minus_document_mean,-0.0004110548954174738,16,-0.010450748536522418,0.009209417366455766
is_first_subtoken,False,512,0,kl_full_to_compact,category_minus_document_mean,-0.021643316432916705,16,-0.10239495770149788,0.09444073778931175
is_first_subtoken,True,512,0,kl_full_to_compact,category_minus_document_mean,0.0004956217473973444,16,-0.007213990593124449,0.006282576322550441
is_first_subtoken,False,512,4,kl_full_to_compact,category_minus_document_mean,-0.02321268824583622,16,-0.10209780539917432,0.09493228275476959
is_first_subtoken,True,512,4,kl_full_to_compact,category_minus_document_mean,0.0008349901091272505,16,-0.006883043876770545,0.006343371621914621
is_first_subtoken,False,512,16,kl_full_to_compact,category_minus_document_mean,-0.02802755149528921,16,-0.10308078844613085,0.07692240374181886
is_first_subtoken,True,512,16,kl_full_to_compact,category_minus_document_mean,0.0012473155711763082,16,-0.006117062502569145,0.006514938578379665
is_first_subtoken,False,2048,0,kl_full_to_compact,category_minus_document_mean,-0.02746944192312043,16,-0.05870218678123776,0.004414875376049253
is_first_subtoken,True,2048,0,kl_full_to_compact,category_minus_document_mean,0.0003675652227260683,16,-0.0035904250631853493,0.0034720669764977054
is_first_subtoken,False,2048,4,kl_full_to_compact,category_minus_document_mean,-0.0268422945543128,16,-0.056107007873604856,0.003666779482619053
is_first_subtoken,True,2048,4,kl_full_to_compact,category_minus_document_mean,0.00040257520341806675,16,-0.0039243157734705015,0.0035319194104923408
is_first_subtoken,False,2048,16,kl_full_to_compact,category_minus_document_mean,-0.026467602642702502,16,-0.05740402776549547,0.0043606414556333056
is_first_subtoken,True,2048,16,kl_full_to_compact,category_minus_document_mean,0.00022415391533590814,16,-0.0033920907317578066,0.0031756220114961286
is_first_subtoken,False,8192,0,kl_full_to_compact,category_minus_document_mean,-0.016664421185756915,16,-0.030969268624261553,-0.00522273099063017
is_first_subtoken,True,8192,0,kl_full_to_compact,category_minus_document_mean,0.0014278049094752952,16,0.0003364477832513718,0.0030640162603136063
is_first_subtoken,False,8192,4,kl_full_to_compact,category_minus_document_mean,-0.016571339028662188,16,-0.0315447559759357,-0.004819509019013588
is_first_subtoken,True,8192,4,kl_full_to_compact,category_minus_document_mean,0.0014255848876812496,16,0.0003004091247679886,0.0030340291042961418
is_first_subtoken,False,8192,16,kl_full_to_compact,category_minus_document_mean,-0.01585660856484845,16,-0.03075257951040637,-0.004061964506808003
is_first_subtoken,True,8192,16,kl_full_to_compact,category_minus_document_mean,0.0013642495459277033,16,0.00026580709147287795,0.003020284784939467
is_first_subtoken,False,128,0,top1_changed,category_minus_document_mean,-0.12973081605894105,16,-0.2068373960024351,-0.046145753660402175
is_first_subtoken,True,128,0,top1_changed,category_minus_document_mean,0.010834183892538854,16,-0.0009791635557699254,0.021943915631631294
is_first_subtoken,False,128,4,top1_changed,category_minus_document_mean,-0.09835060772560772,16,-0.17843940239448053,-0.013537575705544471
is_first_subtoken,True,128,4,top1_changed,category_minus_document_mean,0.007859916378036826,16,-0.0038839024409941113,0.018829516651729446
is_first_subtoken,False,128,16,top1_changed,category_minus_document_mean,-0.13383237855894106,16,-0.2128036221590909,-0.04475612766140121
is_first_subtoken,True,128,16,top1_changed,category_minus_document_mean,0.010974216828616185,16,0.0004494983570497802,0.021644594494236127
is_first_subtoken,False,512,0,top1_changed,category_minus_document_mean,-0.09975103021978021,16,-0.15891118646978022,-0.03545705271291215
is_first_subtoken,True,512,0,top1_changed,category_minus_document_mean,0.008446052927768923,16,-0.0010798210181886874,0.01873836075627408
is_first_subtoken,False,512,4,top1_changed,category_minus_document_mean,-0.09381653502747253,16,-0.15343401227678571,-0.028384325635302212
is_first_subtoken,True,512,4,top1_changed,category_minus_document_mean,0.008247203278846319,16,-0.0005393370991155537,0.01739117032925345
is_first_subtoken,False,512,16,top1_changed,category_minus_document_mean,-0.10397278502747254,16,-0.1632470703125,-0.039285982572115505
is_first_subtoken,True,512,16,top1_changed,category_minus_document_mean,0.008351962701309577,16,8.128252140127747e-05,0.01689097099958637
is_first_subtoken,False,2048,0,top1_changed,category_minus_document_mean,-0.10001073145604396,16,-0.14454659598214287,-0.053247177627060445
is_first_subtoken,True,2048,0,top1_changed,category_minus_document_mean,0.008064335971143888,16,0.0013445018740288976,0.015432806294980523
is_first_subtoken,False,2048,4,top1_changed,category_minus_document_mean,-0.10196385645604396,16,-0.14723772321428572,-0.05324009486607143
is_first_subtoken,True,2048,4,top1_changed,category_minus_document_mean,0.00782970346832491,16,0.0006776494957163189,0.01582322083184664
is_first_subtoken,False,2048,16,top1_changed,category_minus_document_mean,-0.10489354395604396,16,-0.14722055288461539,-0.06115411444024725
is_first_subtoken,True,2048,16,top1_changed,category_minus_document_mean,0.008525348163821372,16,0.0021137354918369755,0.015802455669413594
is_first_subtoken,False,8192,0,top1_changed,category_minus_document_mean,-0.06321686126373627,16,-0.09370981069711537,-0.03259534898695057
is_first_subtoken,True,8192,0,top1_changed,category_minus_document_mean,0.005564184293386307,16,0.0016192595844343848,0.010524038800746347
is_first_subtoken,False,8192,4,top1_changed,category_minus_document_mean,-0.06458404876373627,16,-0.093359375,-0.03532226562500001
is_first_subtoken,True,8192,4,top1_changed,category_minus_document_mean,0.006191224965544369,16,0.002243022691395346,0.011236107141464263
is_first_subtoken,False,8192,16,top1_changed,category_minus_document_mean,-0.06997767857142857,16,-0.10039062500000001,-0.03917410714285714
is_first_subtoken,True,8192,16,top1_changed,category_minus_document_mean,0.006630561440939969,16,0.0024537542993700316,0.011488532541084999
