label_scheme,label,cache_budget,sink_size,metric,contrast,mean_difference,documents,ci_low,ci_high
coarse_category,content,128,4,delta_ce,sink_plus_recent_minus_recent_only,0.015039089516256127,16,1.6700462737038468e-05,0.02962292106577678
coarse_category,function,128,4,delta_ce,sink_plus_recent_minus_recent_only,-0.0047804720886252955,16,-0.014915081406929853,0.006047833199820049
coarse_category,other,128,4,delta_ce,sink_plus_recent_minus_recent_only,-0.01984699515310942,16,-0.052941399553796696,0.012677210603744705
coarse_category,special,128,4,delta_ce,sink_plus_recent_minus_recent_only,-0.00506024443543867,16,-0.020836592879788084,0.01071295836241785
coarse_category,content,512,4,delta_ce,sink_plus_recent_minus_recent_only,0.0024454313059196937,16,-0.00802621021631545,0.014819925661996126
coarse_category,function,512,4,delta_ce,sink_plus_recent_minus_recent_only,0.0029598834019728664,16,-0.005790367448634764,0.011042908934335963
coarse_category,other,512,4,delta_ce,sink_plus_recent_minus_recent_only,-0.005956317013366601,16,-0.019033451596154074,0.005872177207920895
coarse_category,special,512,4,delta_ce,sink_plus_recent_minus_recent_only,0.008987287250018683,16,-0.0025851647825950127,0.021482663265478222
coarse_category,content,2048,4,delta_ce,sink_plus_recent_minus_recent_only,-0.004224540458098905,16,-0.01106181186244068,0.0018821182851458164
coarse_category,function,2048,4,delta_ce,sink_plus_recent_minus_recent_only,0.009752688763008836,16,0.004837966505067865,0.014790673669098869
coarse_category,other,2048,4,delta_ce,sink_plus_recent_minus_recent_only,-0.001813282936008131,16,-0.013935855710874561,0.010993954116303419
coarse_category,special,2048,4,delta_ce,sink_plus_recent_minus_recent_only,-0.005005426162405517,16,-0.011329764996176994,0.0015344920711174183
coarse_category,content,8192,4,delta_ce,sink_plus_recent_minus_recent_only,-0.0007654801720625476,16,-0.005493456341372689,0.004133525189415179
coarse_category,function,8192,4,delta_ce,sink_plus_recent_minus_recent_only,0.007087127086367462,16,0.0006296333894748118,0.013969543997830456
coarse_category,other,8192,4,delta_ce,sink_plus_recent_minus_recent_only,-0.001965707916796684,16,-0.01586637601533096,0.013585538561642121
coarse_category,special,8192,4,delta_ce,sink_plus_recent_minus_recent_only,-0.0022033799050350223,16,-0.00754228137126272,0.002912993753734571
coarse_category,content,128,16,delta_ce,sink_plus_recent_minus_recent_only,0.0551588970029301,16,0.015487078488336792,0.09952455134584412
coarse_category,function,128,16,delta_ce,sink_plus_recent_minus_recent_only,0.022759642219634113,16,0.004812615557101289,0.042227649099170476
coarse_category,other,128,16,delta_ce,sink_plus_recent_minus_recent_only,0.04753046872587296,16,-0.03647892752566391,0.1360123279203633
coarse_category,special,128,16,delta_ce,sink_plus_recent_minus_recent_only,0.038053840517372164,16,0.011224316746184388,0.0626468025154521
coarse_category,content,512,16,delta_ce,sink_plus_recent_minus_recent_only,0.010982312398403783,16,-0.002991915190590039,0.029375124626055696
coarse_category,function,512,16,delta_ce,sink_plus_recent_minus_recent_only,0.002840184556198606,16,-0.0041546261355676,0.009082717388299095
coarse_category,other,512,16,delta_ce,sink_plus_recent_minus_recent_only,0.0002553031896262003,16,-0.021017376398862822,0.021958244705728075
coarse_category,special,512,16,delta_ce,sink_plus_recent_minus_recent_only,0.024893026318560062,16,0.004930714435210324,0.055553394042049335
coarse_category,content,2048,16,delta_ce,sink_plus_recent_minus_recent_only,-0.0024717678085560833,16,-0.009936524913884776,0.004168902153554106
coarse_category,function,2048,16,delta_ce,sink_plus_recent_minus_recent_only,0.010495076185683284,16,0.005143461774943197,0.01633585471677413
coarse_category,other,2048,16,delta_ce,sink_plus_recent_minus_recent_only,-0.006025668823021831,16,-0.019576251652931333,0.006394632239985711
coarse_category,special,2048,16,delta_ce,sink_plus_recent_minus_recent_only,-0.002886628033215291,16,-0.010377471526733932,0.0043178711417484646
coarse_category,content,8192,16,delta_ce,sink_plus_recent_minus_recent_only,0.002598701783730373,16,-0.0010856004914107586,0.006280929055175855
coarse_category,function,8192,16,delta_ce,sink_plus_recent_minus_recent_only,4.447392631380946e-05,16,-0.005599087602320923,0.005843188772032942
coarse_category,other,8192,16,delta_ce,sink_plus_recent_minus_recent_only,0.005064535275935552,16,-0.005934792299567155,0.01700820753701882
coarse_category,special,8192,16,delta_ce,sink_plus_recent_minus_recent_only,-0.002639566457730012,16,-0.007562000072956295,0.0026586149291249377
coarse_category,content,128,4,kl_full_to_compact,sink_plus_recent_minus_recent_only,0.007803285473106376,16,0.0010048558933835182,0.014854742573947552
coarse_category,function,128,4,kl_full_to_compact,sink_plus_recent_minus_recent_only,0.0021462516215567016,16,-0.0027395634871315725,0.006500234432967911
coarse_category,other,128,4,kl_full_to_compact,sink_plus_recent_minus_recent_only,-0.00807762104485863,16,-0.029240623016205912,0.005845903559549392
coarse_category,special,128,4,kl_full_to_compact,sink_plus_recent_minus_recent_only,0.006773755907635465,16,0.0003286689807638627,0.0131967937900055
coarse_category,content,512,4,kl_full_to_compact,sink_plus_recent_minus_recent_only,-0.0008755526061589951,16,-0.002556796620456186,0.0005850742620279375
coarse_category,function,512,4,kl_full_to_compact,sink_plus_recent_minus_recent_only,0.001752617344678668,16,0.00039812798780997365,0.003275685729873755
coarse_category,other,512,4,kl_full_to_compact,sink_plus_recent_minus_recent_only,0.0022733256776222882,16,-0.0029502573060788758,0.008399782657770699
coarse_category,special,512,4,kl_full_to_compact,sink_plus_recent_minus_recent_only,8.348792015063508e-05,16,-0.0019395569508284314,0.0020512138782471665
coarse_category,content,2048,4,kl_full_to_compact,sink_plus_recent_minus_recent_only,-0.0004723830289095802,16,-0.0015150562161543029,0.00040224953691699776
coarse_category,function,2048,4,kl_full_to_compact,sink_plus_recent_minus_recent_only,-0.0003369720053175138,16,-0.0014343300984955322,0.0006235090838224152
coarse_category,other,2048,4,kl_full_to_compact,sink_plus_recent_minus_recent_only,0.00221417051296198,16,-0.000756864742900595,0.005313658914878475
coarse_category,special,2048,4,kl_full_to_compact,sink_plus_recent_minus_recent_only,-0.0006967862028560571,16,-0.0018139653958124335,0.0005764064216178174
coarse_category,content,8192,4,kl_full_to_compact,sink_plus_recent_minus_recent_only,0.0002358203983431495,16,-0.0006732089918036003,0.0012379672332218134
coarse_category,function,8192,4,kl_full_to_compact,sink_plus_recent_minus_recent_only,0.00010025456433930016,16,-0.0006887620416714784,0.0008054236397459672
coarse_category,other,8192,4,kl_full_to_compact,sink_plus_recent_minus_recent_only,-0.0020867053213801754,16,-0.007020614155452007,0.0015774795617356932
coarse_category,special,8192,4,kl_full_to_compact,sink_plus_recent_minus_recent_only,-0.00038891857801309743,16,-0.0011225076999606804,0.0002510959096247077
coarse_category,content,128,16,kl_full_to_compact,sink_plus_recent_minus_recent_only,0.03866850056456015,16,0.019673545974463285,0.06835092837103508
coarse_category,function,128,16,kl_full_to_compact,sink_plus_recent_minus_recent_only,0.026582470146317202,16,0.014506782530920869,0.038537346454517306
coarse_category,other,128,16,kl_full_to_compact,sink_plus_recent_minus_recent_only,0.06698976491951716,16,0.005259859818628997,0.14964701756532645
coarse_category,special,128,16,kl_full_to_compact,sink_plus_recent_minus_recent_only,0.03483304183269352,16,0.02193135891510076,0.04724327638995201
coarse_category,content,512,16,kl_full_to_compact,sink_plus_recent_minus_recent_only,-0.001671951692813161,16,-0.004184532775878004,0.0008747895427242104
coarse_category,function,512,16,kl_full_to_compact,sink_plus_recent_minus_recent_only,0.0037441879101598754,16,0.0017427021948595407,0.005749166115281262
coarse_category,other,512,16,kl_full_to_compact,sink_plus_recent_minus_recent_only,0.006907240821062586,16,-0.002465106104342228,0.01850680731711721
coarse_category,special,512,16,kl_full_to_compact,sink_plus_recent_minus_recent_only,0.008904756651579325,16,0.0010675119145596476,0.022627780344559142
coarse_category,content,2048,16,kl_full_to_compact,sink_plus_recent_minus_recent_only,0.0016055429668611818,16,0.00012639351720473407,0.0032694831366084777
coarse_category,function,2048,16,kl_full_to_compact,sink_plus_recent_minus_recent_only,-0.00012635263308670536,16,-0.0008931234105058997,0.0005366620517994493
coarse_category,other,2048,16,kl_full_to_compact,sink_plus_recent_minus_recent_only,0.0013309559767680458,16,-0.0026519043671587358,0.0050328965364809155
coarse_category,special,2048,16,kl_full_to_compact,sink_plus_recent_minus_recent_only,-0.001679094645430639,16,-0.007238832351701753,0.001998997413252204
coarse_category,content,8192,16,kl_full_to_compact,sink_plus_recent_minus_recent_only,-4.8257196847600376e-05,16,-0.000864400540020612,0.000885913107621672
coarse_category,function,8192,16,kl_full_to_compact,sink_plus_recent_minus_recent_only,-0.0006449543958150058,16,-0.0012614542773069259,-7.247472990469751e-05
coarse_category,other,8192,16,kl_full_to_compact,sink_plus_recent_minus_recent_only,-0.0036088010344950037,16,-0.009459940557879723,-0.00011403455000266711
coarse_category,special,8192,16,kl_full_to_compact,sink_plus_recent_minus_recent_only,-0.00015892519343657644,16,-0.0011125009647720246,0.0005929555282596588
coarse_category,content,128,4,top1_changed,sink_plus_recent_minus_recent_only,0.018846752892138288,16,0.0020616295258156316,0.03471906978142715
coarse_category,function,128,4,top1_changed,sink_plus_recent_minus_recent_only,-0.003540752923976608,16,-0.02711531432748538,0.024305555555555552
coarse_category,other,128,4,top1_changed,sink_plus_recent_minus_recent_only,-0.00441919191919192,16,-0.03409090909090909,0.020833333333333332
coarse_category,special,128,4,top1_changed,sink_plus_recent_minus_recent_only,-0.016239601901366606,16,-0.035890920762244295,0.002415104299295454
coarse_category,content,512,4,top1_changed,sink_plus_recent_minus_recent_only,-0.019474421014080874,16,-0.04275729924095683,0.0017805555832050308
coarse_category,function,512,4,top1_changed,sink_plus_recent_minus_recent_only,0.0017964975845410616,16,-0.016225090579710146,0.02003217466787436
coarse_category,other,512,4,top1_changed,sink_plus_recent_minus_recent_only,-0.015625,16,-0.046875,0.0
coarse_category,special,512,4,top1_changed,sink_plus_recent_minus_recent_only,-0.008484162895927603,16,-0.0206447963800905,0.0
coarse_category,content,2048,4,top1_changed,sink_plus_recent_minus_recent_only,0.012642658705369538,16,0.0008979885057471262,0.023800998263888876
coarse_category,function,2048,4,top1_changed,sink_plus_recent_minus_recent_only,-0.011690132783882784,16,-0.024497052426739926,0.0
coarse_category,other,2048,4,top1_changed,sink_plus_recent_minus_recent_only,0.0,16,0.0,0.0
coarse_category,special,2048,4,top1_changed,sink_plus_recent_minus_recent_only,0.0003434065934065939,16,-0.013392857142857142,0.014423076923076924
coarse_category,content,8192,4,top1_changed,sink_plus_recent_minus_recent_only,-0.007795516304347826,16,-0.01640625,0.0
coarse_category,function,8192,4,top1_changed,sink_plus_recent_minus_recent_only,-0.0007294486914052141,16,-0.017981714843127886,0.016030505952380925
coarse_category,other,8192,4,top1_changed,sink_plus_recent_minus_recent_only,-0.015625,16,-0.046875,0.0
coarse_category,special,8192,4,top1_changed,sink_plus_recent_minus_recent_only,-0.006475779967159277,16,-0.021130952380952382,0.004310344827586207
coarse_category,content,128,16,top1_changed,sink_plus_recent_minus_recent_only,0.01897857872029564,16,-0.0028188375667295897,0.04112057518462541
coarse_category,function,128,16,top1_changed,sink_plus_recent_minus_recent_only,0.01883666585289869,16,-0.016646377038611018,0.06263040288019728
coarse_category,other,128,16,top1_changed,sink_plus_recent_minus_recent_only,0.012626262626262626,16,0.0,0.032196969696969696
coarse_category,special,128,16,top1_changed,sink_plus_recent_minus_recent_only,0.012325843246228641,16,-0.010535653916739112,0.034052852670135254
coarse_category,content,512,16,top1_changed,sink_plus_recent_minus_recent_only,-0.015574919871794872,16,-0.028630809294871794,-0.002604166666666667
coarse_category,function,512,16,top1_changed,sink_plus_recent_minus_recent_only,-0.0012508342868039687,16,-0.017567651721014495,0.015789473684210527
coarse_category,other,512,16,top1_changed,sink_plus_recent_minus_recent_only,-0.015625,16,-0.046875,0.0
coarse_category,special,512,16,top1_changed,sink_plus_recent_minus_recent_only,0.006947193941679235,16,-0.019715780542986425,0.03379092823026645
coarse_category,content,2048,16,top1_changed,sink_plus_recent_minus_recent_only,0.01127661401098901,16,-0.00020032051282051254,0.021193588312728922
coarse_category,function,2048,16,top1_changed,sink_plus_recent_minus_recent_only,0.0018050827493762281,16,-0.01462227452122153,0.01959430326617826
coarse_category,other,2048,16,top1_changed,sink_plus_recent_minus_recent_only,0.0,16,0.0,0.0
coarse_category,special,2048,16,top1_changed,sink_plus_recent_minus_recent_only,0.002916936005171301,16,-0.015504807692307693,0.023557692307692307
coarse_category,content,8192,16,top1_changed,sink_plus_recent_minus_recent_only,0.005350284593280283,16,-0.01027674835292023,0.020269515516013352
coarse_category,function,8192,16,top1_changed,sink_plus_recent_minus_recent_only,-0.004581243032329988,16,-0.020432692307692304,0.011496655518394648
coarse_category,other,8192,16,top1_changed,sink_plus_recent_minus_recent_only,0.0,16,0.0,0.0
coarse_category,special,8192,16,top1_changed,sink_plus_recent_minus_recent_only,-0.007689991613356218,16,-0.024888096816976128,0.008780986698392883
fine_category,adjective,128,4,delta_ce,sink_plus_recent_minus_recent_only,0.018020036329474097,14,-0.02158634192556963,0.06524014016322519
fine_category,adposition,128,4,delta_ce,sink_plus_recent_minus_recent_only,-0.017104235407159295,16,-0.05074038715338247,0.008525667834652912
fine_category,adverb,128,4,delta_ce,sink_plus_recent_minus_recent_only,-0.007850565344349227,11,-0.03977489538294983,0.025632051816633476
fine_category,auxiliary,128,4,delta_ce,sink_plus_recent_minus_recent_only,0.012293825292212216,14,-0.021762330738390435,0.04627205265666905
fine_category,common_noun,128,4,delta_ce,sink_plus_recent_minus_recent_only,0.019183510395343443,16,-0.0085891830487355,0.04619514500821451
fine_category,coordinating_conjunction,128,4,delta_ce,sink_plus_recent_minus_recent_only,-0.010566733280817668,15,-0.0415169436401791,0.016743563380506296
fine_category,determiner,128,4,delta_ce,sink_plus_recent_minus_recent_only,-0.020265884806091587,16,-0.04569500280898952,0.004100392819160495
fine_category,interjection,128,4,delta_ce,sink_plus_recent_minus_recent_only,-0.021394968032836914,2,-0.03516721725463867,-0.007622718811035156
fine_category,negation,128,4,delta_ce,sink_plus_recent_minus_recent_only,-0.03150329287163913,10,-0.08812025129795074,0.017355717654572753
fine_category,number,128,4,delta_ce,sink_plus_recent_minus_recent_only,-0.0011017245447470098,6,-0.03955976390797231,0.030519388874785766
fine_category,other,128,4,delta_ce,sink_plus_recent_minus_recent_only,-0.020122429367805287,16,-0.05403773811388029,0.013236772830028427
fine_category,particle,128,4,delta_ce,sink_plus_recent_minus_recent_only,0.021106237752570048,9,-0.014063070859346124,0.05982960264922842
fine_category,pronoun,128,4,delta_ce,sink_plus_recent_minus_recent_only,0.02032648135371416,15,-0.003886378525804563,0.0483500149756862
fine_category,proper_noun,128,4,delta_ce,sink_plus_recent_minus_recent_only,0.00994209435528772,13,-0.041852136069739025,0.07017089253320798
fine_category,punctuation,128,4,delta_ce,sink_plus_recent_minus_recent_only,-0.024971765212507713,16,-0.04940465458602245,0.0002513643810045011
fine_category,question_word,128,4,delta_ce,sink_plus_recent_minus_recent_only,0.0010057406104875335,11,-0.04287651881406253,0.04472432845893001
fine_category,subordinating_conjunction,128,4,delta_ce,sink_plus_recent_minus_recent_only,-0.01682969881221652,8,-0.088447748683393,0.03599107823101799
fine_category,verb,128,4,delta_ce,sink_plus_recent_minus_recent_only,0.0128455895281866,16,-0.017458392552577025,0.04490609463452445
fine_category,adjective,512,4,delta_ce,sink_plus_recent_minus_recent_only,-0.006376499145392322,14,-0.028950574163194638,0.013769146339308246
fine_category,adposition,512,4,delta_ce,sink_plus_recent_minus_recent_only,-0.004533057116851204,16,-0.021383598687462084,0.01056064338881539
fine_category,adverb,512,4,delta_ce,sink_plus_recent_minus_recent_only,0.008455348071275336,11,-0.008030904334207827,0.024705564525034824
fine_category,auxiliary,512,4,delta_ce,sink_plus_recent_minus_recent_only,0.009041013761239797,14,-0.0060291773733385165,0.02251683498067514
fine_category,common_noun,512,4,delta_ce,sink_plus_recent_minus_recent_only,0.0023184286034305147,16,-0.009813664057326268,0.015607978362470035
fine_category,coordinating_conjunction,512,4,delta_ce,sink_plus_recent_minus_recent_only,0.013348850773440467,15,-0.00418996030671729,0.031000086756216145
fine_category,determiner,512,4,delta_ce,sink_plus_recent_minus_recent_only,-0.010412304132201133,16,-0.023858043362630442,0.003429110391353741
fine_category,interjection,512,4,delta_ce,sink_plus_recent_minus_recent_only,-0.00047969818115234375,2,-0.005736827850341797,0.004777431488037109
fine_category,negation,512,4,delta_ce,sink_plus_recent_minus_recent_only,-0.007945332198869438,10,-0.03588978175073863,0.021814902368932944
fine_category,number,512,4,delta_ce,sink_plus_recent_minus_recent_only,0.02148440575434102,6,-0.016920952011520662,0.06422790351013342
fine_category,other,512,4,delta_ce,sink_plus_recent_minus_recent_only,-0.00551791022689796,16,-0.018413404094475307,0.006357452196091523
fine_category,particle,512,4,delta_ce,sink_plus_recent_minus_recent_only,0.0004859065843953027,9,-0.030686448369589114,0.02656557753475176
fine_category,pronoun,512,4,delta_ce,sink_plus_recent_minus_recent_only,-0.006248647391218129,15,-0.01829197627748776,0.005996286052429087
fine_category,proper_noun,512,4,delta_ce,sink_plus_recent_minus_recent_only,-0.010136856587139732,13,-0.04175661109452692,0.021929130278269326
fine_category,punctuation,512,4,delta_ce,sink_plus_recent_minus_recent_only,0.014224829832794116,16,-0.00311162849265476,0.03340087565207218
fine_category,question_word,512,4,delta_ce,sink_plus_recent_minus_recent_only,0.02105909664974068,11,0.0008901987986808477,0.04859253641387275
fine_category,subordinating_conjunction,512,4,delta_ce,sink_plus_recent_minus_recent_only,0.023582830210216343,8,-0.001523936033481732,0.05738381862465757
fine_category,verb,512,4,delta_ce,sink_plus_recent_minus_recent_only,0.007558673383509695,16,-0.021614865898398783,0.04845779022844729
fine_category,adjective,2048,4,delta_ce,sink_plus_recent_minus_recent_only,-0.0010317563022079815,14,-0.019232354971144047,0.017065246958855463
fine_category,adposition,2048,4,delta_ce,sink_plus_recent_minus_recent_only,0.008664802926020364,16,-0.004403026988429347,0.021308541125559015
fine_category,adverb,2048,4,delta_ce,sink_plus_recent_minus_recent_only,0.0013596875938784447,11,-0.01965406411756042,0.02307049635459076
fine_category,auxiliary,2048,4,delta_ce,sink_plus_recent_minus_recent_only,0.0036260025860855778,14,-0.00797472166455015,0.01531842445663244
fine_category,common_noun,2048,4,delta_ce,sink_plus_recent_minus_recent_only,-0.004463191780938552,16,-0.01589461764109252,0.006566718573237161
fine_category,coordinating_conjunction,2048,4,delta_ce,sink_plus_recent_minus_recent_only,-0.0006304639909002513,15,-0.015690754246380594,0.01221662088400787
fine_category,determiner,2048,4,delta_ce,sink_plus_recent_minus_recent_only,0.004707038227380032,16,-0.021937349875612806,0.02402539542704333
fine_category,interjection,2048,4,delta_ce,sink_plus_recent_minus_recent_only,0.0062220096588134766,2,-0.0016813278198242188,0.014125347137451172
fine_category,negation,2048,4,delta_ce,sink_plus_recent_minus_recent_only,-0.0021737833856604995,10,-0.03178079537115991,0.030907982782518856
fine_category,number,2048,4,delta_ce,sink_plus_recent_minus_recent_only,0.03135655805284235,6,0.004051353998107112,0.06007661415663778
fine_category,other,2048,4,delta_ce,sink_plus_recent_minus_recent_only,-0.002140640020618212,16,-0.014934025256320854,0.010037287168513447
fine_category,particle,2048,4,delta_ce,sink_plus_recent_minus_recent_only,0.020960485355721578,9,-0.010788148858894904,0.05647049157155883
fine_category,pronoun,2048,4,delta_ce,sink_plus_recent_minus_recent_only,-0.010106084630440559,15,-0.021194287270050145,0.0010279508284619192
fine_category,proper_noun,2048,4,delta_ce,sink_plus_recent_minus_recent_only,0.027812234023517683,13,0.0035025702025978,0.06282452242015034
fine_category,punctuation,2048,4,delta_ce,sink_plus_recent_minus_recent_only,-0.003961132044741323,16,-0.01606874118536888,0.0072714850380425355
fine_category,question_word,2048,4,delta_ce,sink_plus_recent_minus_recent_only,0.009274640106454943,11,-0.0015200747505084357,0.02055952367972526
fine_category,subordinating_conjunction,2048,4,delta_ce,sink_plus_recent_minus_recent_only,0.04139382982005675,8,0.0027230739283065006,0.08062413099687546
fine_category,verb,2048,4,delta_ce,sink_plus_recent_minus_recent_only,-0.018172021725634598,16,-0.030510241830192117,-0.005312271514900136
fine_category,adjective,8192,4,delta_ce,sink_plus_recent_minus_recent_only,0.004973066499184336,14,-0.01578725288596145,0.029187714019798108
fine_category,adposition,8192,4,delta_ce,sink_plus_recent_minus_recent_only,0.009984940088797831,16,0.00032627848325530404,0.019829813821262803
fine_category,adverb,8192,4,delta_ce,sink_plus_recent_minus_recent_only,0.013093251840054465,11,-0.009904356478259477,0.04599443950691317
fine_category,auxiliary,8192,4,delta_ce,sink_plus_recent_minus_recent_only,0.0027809682232486153,14,-0.011369439830091229,0.018461154563586872
fine_category,common_noun,8192,4,delta_ce,sink_plus_recent_minus_recent_only,0.006413730681742976,16,-0.0009825183476395824,0.014987815342822054
fine_category,coordinating_conjunction,8192,4,delta_ce,sink_plus_recent_minus_recent_only,0.010410687658521862,15,-0.0040135196430815595,0.02777873437437746
fine_category,determiner,8192,4,delta_ce,sink_plus_recent_minus_recent_only,0.0069761514198035,16,-0.002589537879684939,0.017482874826084644
fine_category,interjection,8192,4,delta_ce,sink_plus_recent_minus_recent_only,-0.013990640640258789,2,-0.034131526947021484,0.006150245666503906
fine_category,negation,8192,4,delta_ce,sink_plus_recent_minus_recent_only,-0.016334765788633375,10,-0.04478211982233915,0.016848180058877914
fine_category,number,8192,4,delta_ce,sink_plus_recent_minus_recent_only,-0.0023008631400443847,6,-0.018151460511702074,0.01721361191654675
fine_category,other,8192,4,delta_ce,sink_plus_recent_minus_recent_only,-0.0015837980815477846,16,-0.01569766801741227,0.014232798750900747
fine_category,particle,8192,4,delta_ce,sink_plus_recent_minus_recent_only,0.013643166671196619,9,-0.015975149762299325,0.05338911017816927
fine_category,pronoun,8192,4,delta_ce,sink_plus_recent_minus_recent_only,0.002407644068123121,15,-0.004278386257531037,0.008928202555920748
fine_category,proper_noun,8192,4,delta_ce,sink_plus_recent_minus_recent_only,-0.011136229993731135,13,-0.032230428341072946,0.008489505916536655
fine_category,punctuation,8192,4,delta_ce,sink_plus_recent_minus_recent_only,-0.0067640447748422115,16,-0.015271573901822743,0.001351587710910639
fine_category,question_word,8192,4,delta_ce,sink_plus_recent_minus_recent_only,0.01022242462601174,11,-0.0035804427927359937,0.02476292347683656
fine_category,subordinating_conjunction,8192,4,delta_ce,sink_plus_recent_minus_recent_only,0.008993988352206847,8,-0.026218116004019975,0.053946494779665954
fine_category,verb,8192,4,delta_ce,sink_plus_recent_minus_recent_only,-0.008374850741706547,16,-0.019736183651650748,0.003419959755041339
fine_category,adjective,128,16,delta_ce,sink_plus_recent_minus_recent_only,0.04428506649172942,14,-0.03986434409946942,0.13664630000201541
fine_category,adposition,128,16,delta_ce,sink_plus_recent_minus_recent_only,0.010925234221397816,16,-0.02572301254919102,0.050219597356726056
fine_category,adverb,128,16,delta_ce,sink_plus_recent_minus_recent_only,-0.04300182362256402,11,-0.09032025969470851,0.0014115705408833008
fine_category,auxiliary,128,16,delta_ce,sink_plus_recent_minus_recent_only,0.033601234533957074,14,-0.038121864004504125,0.10843564304744907
fine_category,common_noun,128,16,delta_ce,sink_plus_recent_minus_recent_only,0.013664416240332829,16,-0.026532860493478642,0.06003240727803673
fine_category,coordinating_conjunction,128,16,delta_ce,sink_plus_recent_minus_recent_only,0.1416402323378457,15,-0.008463171712226337,0.37398736373417896
fine_category,determiner,128,16,delta_ce,sink_plus_recent_minus_recent_only,-0.03306874837948098,16,-0.0996844287653498,0.014026179775773036
fine_category,interjection,128,16,delta_ce,sink_plus_recent_minus_recent_only,-0.046012163162231445,2,-0.2360682487487793,0.1440439224243164
fine_category,negation,128,16,delta_ce,sink_plus_recent_minus_recent_only,0.06920579625293613,10,-0.0036504521453753114,0.15345097247511133
fine_category,number,128,16,delta_ce,sink_plus_recent_minus_recent_only,0.0036317402522803998,6,-0.035840775959918074,0.054963157408767276
fine_category,other,128,16,delta_ce,sink_plus_recent_minus_recent_only,0.04605909685017809,16,-0.0374603053142952,0.13964674407911246
fine_category,particle,128,16,delta_ce,sink_plus_recent_minus_recent_only,0.009598392579290602,9,-0.06079564496046967,0.08447357457545066
fine_category,pronoun,128,16,delta_ce,sink_plus_recent_minus_recent_only,0.06432934350676724,15,0.012452539690226718,0.11169247384888269
fine_category,proper_noun,128,16,delta_ce,sink_plus_recent_minus_recent_only,0.277335132792679,13,0.13536566584115173,0.45260449659034846
fine_category,punctuation,128,16,delta_ce,sink_plus_recent_minus_recent_only,0.012826156935521535,16,-0.012996733785895187,0.03881819178106352
fine_category,question_word,128,16,delta_ce,sink_plus_recent_minus_recent_only,0.026833705745185867,11,-0.028744297909239932,0.07985499945652641
fine_category,subordinating_conjunction,128,16,delta_ce,sink_plus_recent_minus_recent_only,0.0204721544093142,8,-0.14019467113539577,0.2045573082694317
fine_category,verb,128,16,delta_ce,sink_plus_recent_minus_recent_only,0.07101104100232539,16,0.02745390023012621,0.12035998281716993
fine_category,adjective,512,16,delta_ce,sink_plus_recent_minus_recent_only,0.008081732876361252,14,-0.013292880808272508,0.03051741242315298
fine_category,adposition,512,16,delta_ce,sink_plus_recent_minus_recent_only,0.001021362083579275,16,-0.014252247193463985,0.017163972092367613
fine_category,adverb,512,16,delta_ce,sink_plus_recent_minus_recent_only,0.03325243892102276,11,-0.01627961368441571,0.08318128431395795
fine_category,auxiliary,512,16,delta_ce,sink_plus_recent_minus_recent_only,-0.0009117751984166449,14,-0.019057885033908442,0.01835003015008708
fine_category,common_noun,512,16,delta_ce,sink_plus_recent_minus_recent_only,0.009465613833501132,16,-0.0116737060642021,0.0341161041186913
fine_category,coordinating_conjunction,512,16,delta_ce,sink_plus_recent_minus_recent_only,0.009092754456732006,15,-0.014358270607060856,0.03001849168704614
fine_category,determiner,512,16,delta_ce,sink_plus_recent_minus_recent_only,0.006447349302470684,16,-0.011065886451729706,0.026144961201186687
fine_category,interjection,512,16,delta_ce,sink_plus_recent_minus_recent_only,0.046887874603271484,2,-0.04375171661376953,0.1375274658203125
fine_category,negation,512,16,delta_ce,sink_plus_recent_minus_recent_only,-0.03309762123972178,10,-0.08467987102922053,0.008591838707216007
fine_category,number,512,16,delta_ce,sink_plus_recent_minus_recent_only,-0.012834068498988119,6,-0.05535417651582975,0.029681290639564387
fine_category,other,512,16,delta_ce,sink_plus_recent_minus_recent_only,0.00037998166279442323,16,-0.02121676041835599,0.023108530678444
fine_category,particle,512,16,delta_ce,sink_plus_recent_minus_recent_only,-0.0005131481836239497,9,-0.013648287129277984,0.013081986990032922
fine_category,pronoun,512,16,delta_ce,sink_plus_recent_minus_recent_only,0.01196214845341419,15,-0.004913581291239719,0.03322177292324514
fine_category,proper_noun,512,16,delta_ce,sink_plus_recent_minus_recent_only,-0.032440736405756114,13,-0.06870018651937528,0.00739953966294893
fine_category,punctuation,512,16,delta_ce,sink_plus_recent_minus_recent_only,0.02371834751998355,16,-0.005728778955840787,0.054508164118299035
fine_category,question_word,512,16,delta_ce,sink_plus_recent_minus_recent_only,0.011291390538892963,11,-0.01911495895632966,0.04217168411705643
fine_category,subordinating_conjunction,512,16,delta_ce,sink_plus_recent_minus_recent_only,-0.01757245312910527,8,-0.0646033490775153,0.026584216460469177
fine_category,verb,512,16,delta_ce,sink_plus_recent_minus_recent_only,0.02653410057910111,16,-0.0009634100460639345,0.06298383979126478
fine_category,adjective,2048,16,delta_ce,sink_plus_recent_minus_recent_only,-0.0030579558560596223,14,-0.0203277932769828,0.013970086545727789
fine_category,adposition,2048,16,delta_ce,sink_plus_recent_minus_recent_only,0.008323544095165595,16,-0.005936834871026489,0.023976340530769562
fine_category,adverb,2048,16,delta_ce,sink_plus_recent_minus_recent_only,-0.010578656251097775,11,-0.02556999243118546,0.0039002200080589617
fine_category,auxiliary,2048,16,delta_ce,sink_plus_recent_minus_recent_only,0.006084457302123917,14,-0.014987925810606354,0.03076312288819323
fine_category,common_noun,2048,16,delta_ce,sink_plus_recent_minus_recent_only,0.004552602280257798,16,-0.01211582927294303,0.021505829597433076
fine_category,coordinating_conjunction,2048,16,delta_ce,sink_plus_recent_minus_recent_only,0.008208005130290985,15,-0.0056483702734112734,0.02271743268602424
fine_category,determiner,2048,16,delta_ce,sink_plus_recent_minus_recent_only,0.017486370312759562,16,0.0038047432653894216,0.03251827028153153
fine_category,interjection,2048,16,delta_ce,sink_plus_recent_minus_recent_only,0.31427502632141113,2,0.0543670654296875,0.5741829872131348
fine_category,negation,2048,16,delta_ce,sink_plus_recent_minus_recent_only,-0.027810869668610395,10,-0.07382169382297434,0.015305598250706674
fine_category,number,2048,16,delta_ce,sink_plus_recent_minus_recent_only,0.01135642263866935,6,-0.01371320232299493,0.03709814392366546
fine_category,other,2048,16,delta_ce,sink_plus_recent_minus_recent_only,-0.010036432559787672,16,-0.02240327005759658,0.0006772593294308905
fine_category,particle,2048,16,delta_ce,sink_plus_recent_minus_recent_only,0.01979873039656215,9,-0.008731692325737742,0.051468091975483625
fine_category,pronoun,2048,16,delta_ce,sink_plus_recent_minus_recent_only,-0.00810393658244024,15,-0.01732638277818321,0.0009390285301535568
fine_category,proper_noun,2048,16,delta_ce,sink_plus_recent_minus_recent_only,0.01549370884630938,13,-0.005995813627157405,0.03324399617303592
fine_category,punctuation,2048,16,delta_ce,sink_plus_recent_minus_recent_only,0.010708958183005008,16,-0.0018234479233589283,0.02442097547344885
fine_category,question_word,2048,16,delta_ce,sink_plus_recent_minus_recent_only,-0.011407450504713888,11,-0.03468100296643873,0.009611694955013008
fine_category,subordinating_conjunction,2048,16,delta_ce,sink_plus_recent_minus_recent_only,0.01143093011341989,8,-0.008920695912092925,0.031961956061422825
fine_category,verb,2048,16,delta_ce,sink_plus_recent_minus_recent_only,-0.01767119534797766,16,-0.03620043528393083,-0.0022362073748024808
fine_category,adjective,8192,16,delta_ce,sink_plus_recent_minus_recent_only,0.005050358291973557,14,-0.011139180581367512,0.021669758748711354
fine_category,adposition,8192,16,delta_ce,sink_plus_recent_minus_recent_only,0.008323445956944304,16,-0.007979904930684751,0.022012493390248553
fine_category,adverb,8192,16,delta_ce,sink_plus_recent_minus_recent_only,0.017508799863792248,11,-0.010385511762801659,0.05546574221075525
fine_category,auxiliary,8192,16,delta_ce,sink_plus_recent_minus_recent_only,-0.007256203336755232,14,-0.022877005960310805,0.007112460525953495
fine_category,common_noun,8192,16,delta_ce,sink_plus_recent_minus_recent_only,0.004912200038454205,16,-0.0010724542713468677,0.011271101414300846
fine_category,coordinating_conjunction,8192,16,delta_ce,sink_plus_recent_minus_recent_only,-0.012230942315525479,15,-0.03414120270146264,0.007404263408647642
fine_category,determiner,8192,16,delta_ce,sink_plus_recent_minus_recent_only,-0.007685387127899698,16,-0.023436164940829347,0.004581339248189961
fine_category,interjection,8192,16,delta_ce,sink_plus_recent_minus_recent_only,-0.02002692222595215,2,-0.06324338912963867,0.023189544677734375
fine_category,negation,8192,16,delta_ce,sink_plus_recent_minus_recent_only,-0.004100666556041688,10,-0.01766730271279812,0.009251587447361088
fine_category,number,8192,16,delta_ce,sink_plus_recent_minus_recent_only,-0.01921354242897198,6,-0.05670086204784942,0.009912706010086852
fine_category,other,8192,16,delta_ce,sink_plus_recent_minus_recent_only,0.005192017159003179,16,-0.00539757512981432,0.017352508115312637
fine_category,particle,8192,16,delta_ce,sink_plus_recent_minus_recent_only,0.002419634618692928,9,-0.02913909008105596,0.03256910776512491
fine_category,pronoun,8192,16,delta_ce,sink_plus_recent_minus_recent_only,0.0026473836695680895,15,-0.005147731447608466,0.010368547302771208
fine_category,proper_noun,8192,16,delta_ce,sink_plus_recent_minus_recent_only,0.003101660060332132,13,-0.039029202423056956,0.038861222491407055
fine_category,punctuation,8192,16,delta_ce,sink_plus_recent_minus_recent_only,-0.006219926812419934,16,-0.015351549520199778,0.0025033709860133313
fine_category,question_word,8192,16,delta_ce,sink_plus_recent_minus_recent_only,0.022178699883321922,11,-0.002358761340182162,0.044071784104700334
fine_category,subordinating_conjunction,8192,16,delta_ce,sink_plus_recent_minus_recent_only,0.005365612450987101,8,-0.027096129301935435,0.0469398354180157
fine_category,verb,8192,16,delta_ce,sink_plus_recent_minus_recent_only,-0.0029955709210467965,16,-0.011738368114434485,0.005904903604735433
fine_category,adjective,128,4,kl_full_to_compact,sink_plus_recent_minus_recent_only,0.004772856633862336,14,-0.004241996956018546,0.014835022347207105
fine_category,adposition,128,4,kl_full_to_compact,sink_plus_recent_minus_recent_only,-0.0007599520849488036,16,-0.00507088557655812,0.0033809008808592285
fine_category,adverb,128,4,kl_full_to_compact,sink_plus_recent_minus_recent_only,0.014697937161492352,11,0.00021806612446777218,0.029592202699065876
fine_category,auxiliary,128,4,kl_full_to_compact,sink_plus_recent_minus_recent_only,0.0029030341285971456,14,-0.012820235076451478,0.018548482994748542
fine_category,common_noun,128,4,kl_full_to_compact,sink_plus_recent_minus_recent_only,0.011294800068937091,16,4.116553177769921e-05,0.0244102770984541
fine_category,coordinating_conjunction,128,4,kl_full_to_compact,sink_plus_recent_minus_recent_only,0.0025442438407076726,15,-0.006683179989664091,0.01326897130451268
fine_category,determiner,128,4,kl_full_to_compact,sink_plus_recent_minus_recent_only,-0.000360629880257572,16,-0.009605244778317033,0.008215642022315433
fine_category,interjection,128,4,kl_full_to_compact,sink_plus_recent_minus_recent_only,0.013575419783592224,2,0.010704949498176575,0.016445890069007874
fine_category,negation,128,4,kl_full_to_compact,sink_plus_recent_minus_recent_only,0.011093799397349358,10,-0.0001803231984376907,0.021526508303359147
fine_category,number,128,4,kl_full_to_compact,sink_plus_recent_minus_recent_only,0.004923711485591614,6,-0.002644423634855128,0.01282290577768839
fine_category,other,128,4,kl_full_to_compact,sink_plus_recent_minus_recent_only,-0.008699905101382192,16,-0.029631707031946876,0.00561473457511936
fine_category,particle,128,4,kl_full_to_compact,sink_plus_recent_minus_recent_only,-0.012253773502177663,9,-0.048250684788864524,0.010309581567222873
fine_category,pronoun,128,4,kl_full_to_compact,sink_plus_recent_minus_recent_only,0.010699985421435439,15,0.0025570744497822105,0.01935433317510078
fine_category,proper_noun,128,4,kl_full_to_compact,sink_plus_recent_minus_recent_only,0.002464087459944434,13,-0.01877788179039131,0.024338048257497823
fine_category,punctuation,128,4,kl_full_to_compact,sink_plus_recent_minus_recent_only,8.172271052552839e-05,16,-0.010195352831187414,0.00941874878560719
fine_category,question_word,128,4,kl_full_to_compact,sink_plus_recent_minus_recent_only,0.023736590639490518,11,0.009950459953115293,0.042937751088792345
fine_category,subordinating_conjunction,128,4,kl_full_to_compact,sink_plus_recent_minus_recent_only,0.021741499639271446,8,0.0006442646753081742,0.04983686062914778
fine_category,verb,128,4,kl_full_to_compact,sink_plus_recent_minus_recent_only,0.0076064941113161075,16,-3.128159117165628e-05,0.014557818801946046
fine_category,adjective,512,4,kl_full_to_compact,sink_plus_recent_minus_recent_only,0.0012702041606539162,14,-0.0011557848676191768,0.003689944552056503
fine_category,adposition,512,4,kl_full_to_compact,sink_plus_recent_minus_recent_only,0.001933639865348299,16,-0.0004763385847869375,0.0043838791870575
fine_category,adverb,512,4,kl_full_to_compact,sink_plus_recent_minus_recent_only,0.0027812154404907204,11,-0.0027730212251878003,0.009485895072096105
fine_category,auxiliary,512,4,kl_full_to_compact,sink_plus_recent_minus_recent_only,5.797904474204599e-05,14,-0.0025058540840495417,0.0028363061121480415
fine_category,common_noun,512,4,kl_full_to_compact,sink_plus_recent_minus_recent_only,-0.000953377824751142,16,-0.006012727968726463,0.0028363127517749645
fine_category,coordinating_conjunction,512,4,kl_full_to_compact,sink_plus_recent_minus_recent_only,0.0007943584894140562,15,-0.0020170160305375854,0.003939210344623358
fine_category,determiner,512,4,kl_full_to_compact,sink_plus_recent_minus_recent_only,0.004293554491319117,16,0.00037326350129054237,0.01018480190080091
fine_category,interjection,512,4,kl_full_to_compact,sink_plus_recent_minus_recent_only,-0.004739992320537567,2,-0.006839096546173096,-0.0026408880949020386
fine_category,negation,512,4,kl_full_to_compact,sink_plus_recent_minus_recent_only,0.0035292533866595477,10,0.001052476312033832,0.006392341708997264
fine_category,number,512,4,kl_full_to_compact,sink_plus_recent_minus_recent_only,0.00122797803127873,6,-0.002142434455405843,0.006297890934082615
fine_category,other,512,4,kl_full_to_compact,sink_plus_recent_minus_recent_only,0.00246293234182982,16,-0.002774753143871839,0.009143893858680882
fine_category,particle,512,4,kl_full_to_compact,sink_plus_recent_minus_recent_only,0.0050411409077545,9,-0.002462478988390002,0.017508201818499287
fine_category,pronoun,512,4,kl_full_to_compact,sink_plus_recent_minus_recent_only,0.0006327371148818219,15,-0.0016922192598587524,0.0027191191214720415
fine_category,proper_noun,512,4,kl_full_to_compact,sink_plus_recent_minus_recent_only,-0.008687686741278736,13,-0.018768036259138265,-0.0008834227214754147
fine_category,punctuation,512,4,kl_full_to_compact,sink_plus_recent_minus_recent_only,-4.4456182559582586e-05,16,-0.004353882764422914,0.00341875640611674
fine_category,question_word,512,4,kl_full_to_compact,sink_plus_recent_minus_recent_only,-0.0008830731579413018,11,-0.003929941541211905,0.0027984666399954033
fine_category,subordinating_conjunction,512,4,kl_full_to_compact,sink_plus_recent_minus_recent_only,-0.002351160258209954,8,-0.008848733243939932,0.004131172951019832
fine_category,verb,512,4,kl_full_to_compact,sink_plus_recent_minus_recent_only,-0.00030801380592264583,16,-0.0034853066859250295,0.0019925952323443883
fine_category,adjective,2048,4,kl_full_to_compact,sink_plus_recent_minus_recent_only,-0.0022517071380071083,14,-0.005419827867952793,0.0001875426877044209
fine_category,adposition,2048,4,kl_full_to_compact,sink_plus_recent_minus_recent_only,0.0008722179947002834,16,-0.00037868989761552,0.002233057253105147
fine_category,adverb,2048,4,kl_full_to_compact,sink_plus_recent_minus_recent_only,-0.0022297326224912524,11,-0.007932081709282515,0.001887775010730943
fine_category,auxiliary,2048,4,kl_full_to_compact,sink_plus_recent_minus_recent_only,0.0004268693854496973,14,-0.0002316673690040175,0.001088142320686962
fine_category,common_noun,2048,4,kl_full_to_compact,sink_plus_recent_minus_recent_only,-0.0005769566389761756,16,-0.0030947055550433404,0.0014149826259663243
fine_category,coordinating_conjunction,2048,4,kl_full_to_compact,sink_plus_recent_minus_recent_only,-0.0012954729014179774,15,-0.004066066829901602,0.0014073943304699944
fine_category,determiner,2048,4,kl_full_to_compact,sink_plus_recent_minus_recent_only,-0.0008097399563190438,16,-0.00354451657635114,0.001509366001617827
fine_category,interjection,2048,4,kl_full_to_compact,sink_plus_recent_minus_recent_only,0.0010659806430339813,2,-0.0010408610105514526,0.0031728222966194153
fine_category,negation,2048,4,kl_full_to_compact,sink_plus_recent_minus_recent_only,-0.0003748058501514606,10,-0.0017470528790727257,0.001093952593182619
fine_category,number,2048,4,kl_full_to_compact,sink_plus_recent_minus_recent_only,0.003273956796652379,6,-0.0016090628191401874,0.009840704069453447
fine_category,other,2048,4,kl_full_to_compact,sink_plus_recent_minus_recent_only,0.002264499055698411,16,-0.0006701268598992339,0.005094341519682463
fine_category,particle,2048,4,kl_full_to_compact,sink_plus_recent_minus_recent_only,-0.002804910453657309,9,-0.006861745798960328,0.0014651642400874778
fine_category,pronoun,2048,4,kl_full_to_compact,sink_plus_recent_minus_recent_only,-0.0015296307134212246,15,-0.0033812313779451614,0.0004231635882125898
fine_category,proper_noun,2048,4,kl_full_to_compact,sink_plus_recent_minus_recent_only,-0.0015415800576562646,13,-0.005566005152471076,0.00229879650083843
fine_category,punctuation,2048,4,kl_full_to_compact,sink_plus_recent_minus_recent_only,-0.001202625832298682,16,-0.0044196694382688815,0.001726882456688529
fine_category,question_word,2048,4,kl_full_to_compact,sink_plus_recent_minus_recent_only,-0.00044841805621134966,11,-0.003844092901536814,0.0022372215678015802
fine_category,subordinating_conjunction,2048,4,kl_full_to_compact,sink_plus_recent_minus_recent_only,0.0006385029895075908,8,-0.0005980306402004013,0.002204109778782974
fine_category,verb,2048,4,kl_full_to_compact,sink_plus_recent_minus_recent_only,-0.00044008367907164226,16,-0.0026380574554176464,0.0012901239423570383
fine_category,adjective,8192,4,kl_full_to_compact,sink_plus_recent_minus_recent_only,0.0010075168461738022,14,-0.0008508640480214331,0.003637348531219067
fine_category,adposition,8192,4,kl_full_to_compact,sink_plus_recent_minus_recent_only,0.00011380117926165794,16,-0.0017407160497645503,0.001752663369772234
fine_category,adverb,8192,4,kl_full_to_compact,sink_plus_recent_minus_recent_only,0.003946521853019173,11,-0.0009446855000516569,0.011012679013515343
fine_category,auxiliary,8192,4,kl_full_to_compact,sink_plus_recent_minus_recent_only,0.0016607020696115104,14,0.00023922798065108335,0.003301753487356195
fine_category,common_noun,8192,4,kl_full_to_compact,sink_plus_recent_minus_recent_only,-0.0007953473947667372,16,-0.002182619780767579,0.0003637061978547671
fine_category,coordinating_conjunction,8192,4,kl_full_to_compact,sink_plus_recent_minus_recent_only,0.00011174862059609344,15,-0.0008685848836547746,0.0012146567035233584
fine_category,determiner,8192,4,kl_full_to_compact,sink_plus_recent_minus_recent_only,-0.001011249633683335,16,-0.0037273002919495667,0.0012689927656070452
fine_category,interjection,8192,4,kl_full_to_compact,sink_plus_recent_minus_recent_only,-0.0024001500569283962,2,-0.003487398847937584,-0.0013129012659192085
fine_category,negation,8192,4,kl_full_to_compact,sink_plus_recent_minus_recent_only,-0.0002779675865895115,10,-0.0018037697940235374,0.0013476632884703568
fine_category,number,8192,4,kl_full_to_compact,sink_plus_recent_minus_recent_only,0.0011567547882097844,6,-0.0005633140700410877,0.003709425913661511
fine_category,other,8192,4,kl_full_to_compact,sink_plus_recent_minus_recent_only,-0.002063728836640798,16,-0.007321395269323431,0.0016190754229930967
fine_category,particle,8192,4,kl_full_to_compact,sink_plus_recent_minus_recent_only,0.0005712863316552506,9,-0.0016131028474774213,0.002622580080060287
fine_category,pronoun,8192,4,kl_full_to_compact,sink_plus_recent_minus_recent_only,0.00014978745836974583,15,-0.000526288094604801,0.0009642409247185859
fine_category,proper_noun,8192,4,kl_full_to_compact,sink_plus_recent_minus_recent_only,0.0007870176509184756,13,-0.0018678102695396247,0.00333673047494053
fine_category,punctuation,8192,4,kl_full_to_compact,sink_plus_recent_minus_recent_only,-0.0004909164710394209,16,-0.0015125648021332729,0.00039246213520845386
fine_category,question_word,8192,4,kl_full_to_compact,sink_plus_recent_minus_recent_only,0.0007600381010861109,11,-0.0003995618860547741,0.001750715333566239
fine_category,subordinating_conjunction,8192,4,kl_full_to_compact,sink_plus_recent_minus_recent_only,-0.0006667514717264567,8,-0.0014397172046301421,6.906965991220196e-05
fine_category,verb,8192,4,kl_full_to_compact,sink_plus_recent_minus_recent_only,-0.0005277983224859228,16,-0.001822453513001633,0.0006122513390002459
fine_category,adjective,128,16,kl_full_to_compact,sink_plus_recent_minus_recent_only,0.028786050469407076,14,0.005044075995066946,0.05936566897579048
fine_category,adposition,128,16,kl_full_to_compact,sink_plus_recent_minus_recent_only,0.014250942091722965,16,0.003385953492560413,0.024679672934873206
fine_category,adverb,128,16,kl_full_to_compact,sink_plus_recent_minus_recent_only,0.02132368248703918,11,0.0021868613346966667,0.04084122979957045
fine_category,auxiliary,128,16,kl_full_to_compact,sink_plus_recent_minus_recent_only,0.023637895711038744,14,0.00028803160695634804,0.05088578750881077
fine_category,common_noun,128,16,kl_full_to_compact,sink_plus_recent_minus_recent_only,0.031310114956147606,16,0.008171559834908627,0.05477065673143074
fine_category,coordinating_conjunction,128,16,kl_full_to_compact,sink_plus_recent_minus_recent_only,0.0696832109035717,15,0.00612982258045425,0.17885159249676186
fine_category,determiner,128,16,kl_full_to_compact,sink_plus_recent_minus_recent_only,0.026282853688462636,16,0.006151182027821224,0.04490699336741747
fine_category,interjection,128,16,kl_full_to_compact,sink_plus_recent_minus_recent_only,0.024513348937034607,2,0.0170428603887558,0.031983837485313416
fine_category,negation,128,16,kl_full_to_compact,sink_plus_recent_minus_recent_only,0.024687028327025472,10,0.0036242134717758743,0.043339459169656036
fine_category,number,128,16,kl_full_to_compact,sink_plus_recent_minus_recent_only,0.011022212873730395,6,-0.0008569149921337761,0.027327644328276317
fine_category,other,128,16,kl_full_to_compact,sink_plus_recent_minus_recent_only,0.06614992112485601,16,0.008550767721610304,0.1443925357424207
fine_category,particle,128,16,kl_full_to_compact,sink_plus_recent_minus_recent_only,0.030814863741397858,9,0.008613766595307324,0.057257700494180094
fine_category,pronoun,128,16,kl_full_to_compact,sink_plus_recent_minus_recent_only,0.034562728981350634,15,0.014849872396162044,0.056043716095177415
fine_category,proper_noun,128,16,kl_full_to_compact,sink_plus_recent_minus_recent_only,0.1300232163843214,13,0.02523670986253063,0.2860109167504667
fine_category,punctuation,128,16,kl_full_to_compact,sink_plus_recent_minus_recent_only,0.029488319695820026,16,0.013740030681912598,0.045435938593385905
fine_category,question_word,128,16,kl_full_to_compact,sink_plus_recent_minus_recent_only,0.04597467021085322,11,0.016732318445362826,0.08599456170658491
fine_category,subordinating_conjunction,128,16,kl_full_to_compact,sink_plus_recent_minus_recent_only,0.04736878194186526,8,-0.03740574980232244,0.17453358517013837
fine_category,verb,128,16,kl_full_to_compact,sink_plus_recent_minus_recent_only,0.02925150189038469,16,0.015382576854689514,0.04563285837397746
fine_category,adjective,512,16,kl_full_to_compact,sink_plus_recent_minus_recent_only,0.0002874685170199822,14,-0.004064759386859384,0.0037799707838754542
fine_category,adposition,512,16,kl_full_to_compact,sink_plus_recent_minus_recent_only,0.004038678819907134,16,0.002064942669208513,0.006025827492695348
fine_category,adverb,512,16,kl_full_to_compact,sink_plus_recent_minus_recent_only,0.0006045994391156866,11,-0.008064603812421078,0.010265331716192034
fine_category,auxiliary,512,16,kl_full_to_compact,sink_plus_recent_minus_recent_only,0.001688207728474648,14,-0.0009488677167389891,0.004434462077319731
fine_category,common_noun,512,16,kl_full_to_compact,sink_plus_recent_minus_recent_only,-0.0034677622013053054,16,-0.011661465050868026,0.003309455940019885
fine_category,coordinating_conjunction,512,16,kl_full_to_compact,sink_plus_recent_minus_recent_only,0.0019933743919763303,15,-0.0020605354784573944,0.005947971627271419
fine_category,determiner,512,16,kl_full_to_compact,sink_plus_recent_minus_recent_only,0.005369450585428803,16,-0.0036188627068241613,0.01814597713931497
fine_category,interjection,512,16,kl_full_to_compact,sink_plus_recent_minus_recent_only,-0.006753448396921158,2,-0.012522399425506592,-0.0009844973683357239
fine_category,negation,512,16,kl_full_to_compact,sink_plus_recent_minus_recent_only,0.006288485543336719,10,0.002230689408897888,0.010843219343223609
fine_category,number,512,16,kl_full_to_compact,sink_plus_recent_minus_recent_only,-0.001641277147306634,6,-0.007344823875003688,0.004187163850292563
fine_category,other,512,16,kl_full_to_compact,sink_plus_recent_minus_recent_only,0.007090944211142328,16,-0.0025582991409719186,0.01880818659230932
fine_category,particle,512,16,kl_full_to_compact,sink_plus_recent_minus_recent_only,0.01470042842750748,9,-0.00027744983478138847,0.04159148156435953
fine_category,pronoun,512,16,kl_full_to_compact,sink_plus_recent_minus_recent_only,0.003798334857486907,15,0.0007190813163208868,0.0073877756798849965
fine_category,proper_noun,512,16,kl_full_to_compact,sink_plus_recent_minus_recent_only,-0.013400242108878965,13,-0.03501120673904375,0.0007419239738725778
fine_category,punctuation,512,16,kl_full_to_compact,sink_plus_recent_minus_recent_only,0.008168343682486994,16,-0.001919629742334932,0.02426573364025231
fine_category,question_word,512,16,kl_full_to_compact,sink_plus_recent_minus_recent_only,0.0016269166671642752,11,-0.007439707857415531,0.009210984489287843
fine_category,subordinating_conjunction,512,16,kl_full_to_compact,sink_plus_recent_minus_recent_only,-0.002510335723248621,8,-0.006917474979127291,0.0014392864977708071
fine_category,verb,512,16,kl_full_to_compact,sink_plus_recent_minus_recent_only,0.00025270494781906843,16,-0.0027572364623288993,0.002969482433141377
fine_category,adjective,2048,16,kl_full_to_compact,sink_plus_recent_minus_recent_only,-0.0011902916914006128,14,-0.004619005676312287,0.002315328907609408
fine_category,adposition,2048,16,kl_full_to_compact,sink_plus_recent_minus_recent_only,0.0010386745680434262,16,4.855838769858513e-05,0.0022321739991401136
fine_category,adverb,2048,16,kl_full_to_compact,sink_plus_recent_minus_recent_only,0.0008513052278431132,11,-0.0028679127997681703,0.0038005338939745502
fine_category,auxiliary,2048,16,kl_full_to_compact,sink_plus_recent_minus_recent_only,3.161491508608317e-05,14,-0.0009988797226749269,0.0011940595058046778
fine_category,common_noun,2048,16,kl_full_to_compact,sink_plus_recent_minus_recent_only,0.003737866688020445,16,-0.0004132042016243212,0.00855157339118558
fine_category,coordinating_conjunction,2048,16,kl_full_to_compact,sink_plus_recent_minus_recent_only,-0.002471179489253296,15,-0.004748236941005517,-3.736818047602634e-05
fine_category,determiner,2048,16,kl_full_to_compact,sink_plus_recent_minus_recent_only,0.00020249887706346012,16,-0.001054202905709514,0.0015640723279405676
fine_category,interjection,2048,16,kl_full_to_compact,sink_plus_recent_minus_recent_only,0.001951734535396099,2,0.001128343865275383,0.002775125205516815
fine_category,negation,2048,16,kl_full_to_compact,sink_plus_recent_minus_recent_only,-0.00026634036184987054,10,-0.0036274884079102775,0.002774377228888623
fine_category,number,2048,16,kl_full_to_compact,sink_plus_recent_minus_recent_only,0.005503079962404122,6,-0.0006644386205152841,0.014994216073925296
fine_category,other,2048,16,kl_full_to_compact,sink_plus_recent_minus_recent_only,0.0013003443120403915,16,-0.002626413065241877,0.005194569389046646
fine_category,particle,2048,16,kl_full_to_compact,sink_plus_recent_minus_recent_only,-0.0014066387278338273,9,-0.003641796321608126,0.00033809458060810824
fine_category,pronoun,2048,16,kl_full_to_compact,sink_plus_recent_minus_recent_only,-0.000613394827006605,15,-0.002380149437099813,0.0011210911740592326
fine_category,proper_noun,2048,16,kl_full_to_compact,sink_plus_recent_minus_recent_only,-0.005033664439140475,13,-0.021037209745634673,0.004845277988594413
fine_category,punctuation,2048,16,kl_full_to_compact,sink_plus_recent_minus_recent_only,-0.007864768322386745,16,-0.02635785499247764,0.0023123809714914907
fine_category,question_word,2048,16,kl_full_to_compact,sink_plus_recent_minus_recent_only,-0.002507497895170342,11,-0.006847875693347305,0.00039473686642436766
fine_category,subordinating_conjunction,2048,16,kl_full_to_compact,sink_plus_recent_minus_recent_only,-0.0004538527767484387,8,-0.002749609699822031,0.0027161578570182123
fine_category,verb,2048,16,kl_full_to_compact,sink_plus_recent_minus_recent_only,0.00033579080981344805,16,-0.0014242048859395902,0.0020071282114521405
fine_category,adjective,8192,16,kl_full_to_compact,sink_plus_recent_minus_recent_only,2.8378961739078043e-05,14,-0.0022920825905087864,0.002115933928810831
fine_category,adposition,8192,16,kl_full_to_compact,sink_plus_recent_minus_recent_only,-0.001217049672284972,16,-0.0035049778626718383,0.00041486883306005257
fine_category,adverb,8192,16,kl_full_to_compact,sink_plus_recent_minus_recent_only,0.0021329199623186,11,-0.0012864894608719624,0.0073250246560454604
fine_category,auxiliary,8192,16,kl_full_to_compact,sink_plus_recent_minus_recent_only,0.000401525111527651,14,-0.000922323628083734,0.0021949013369850835
fine_category,common_noun,8192,16,kl_full_to_compact,sink_plus_recent_minus_recent_only,-0.0004937651525800672,16,-0.002153963384513814,0.0011511965056654862
fine_category,coordinating_conjunction,8192,16,kl_full_to_compact,sink_plus_recent_minus_recent_only,0.0011848387059419311,15,-0.0007279011562948452,0.003575983416974645
fine_category,determiner,8192,16,kl_full_to_compact,sink_plus_recent_minus_recent_only,-0.0008213196671845036,16,-0.0029524524620432036,0.0008534519842110688
fine_category,interjection,8192,16,kl_full_to_compact,sink_plus_recent_minus_recent_only,-0.0009361817501485348,2,-0.0009587928652763367,-0.0009135706350207329
fine_category,negation,8192,16,kl_full_to_compact,sink_plus_recent_minus_recent_only,0.0012070231849065749,10,-0.0010144741593740036,0.0036188787291030144
fine_category,number,8192,16,kl_full_to_compact,sink_plus_recent_minus_recent_only,0.00048509250724338115,6,-0.0017251029057661071,0.00232583865571352
fine_category,other,8192,16,kl_full_to_compact,sink_plus_recent_minus_recent_only,-0.0035896399896960213,16,-0.009161987555219709,-9.454717746123729e-05
fine_category,particle,8192,16,kl_full_to_compact,sink_plus_recent_minus_recent_only,-0.001133868845904039,9,-0.003335825323463521,0.0011588649601132295
fine_category,pronoun,8192,16,kl_full_to_compact,sink_plus_recent_minus_recent_only,0.00010787039376793697,15,-0.0007206073573094935,0.0009271980506693291
fine_category,proper_noun,8192,16,kl_full_to_compact,sink_plus_recent_minus_recent_only,7.68787890775875e-06,13,-0.0028018469230021133,0.002765333470099938
fine_category,punctuation,8192,16,kl_full_to_compact,sink_plus_recent_minus_recent_only,-0.0005579734395694918,16,-0.0017005512845017143,0.0005449184052288309
fine_category,question_word,8192,16,kl_full_to_compact,sink_plus_recent_minus_recent_only,-3.974180964922363e-06,11,-0.0012343375394597057,0.0015342570693147443
fine_category,subordinating_conjunction,8192,16,kl_full_to_compact,sink_plus_recent_minus_recent_only,-0.0004978419783583377,8,-0.0015279089668183588,0.00042532752195256746
fine_category,verb,8192,16,kl_full_to_compact,sink_plus_recent_minus_recent_only,-0.0009371068048153082,16,-0.001612491158177695,-0.00028551962701647333
fine_category,adjective,128,4,top1_changed,sink_plus_recent_minus_recent_only,0.02040816326530612,14,0.0,0.0510204081632653
fine_category,adposition,128,4,top1_changed,sink_plus_recent_minus_recent_only,-0.012152777777777778,16,-0.05381944444444445,0.024305555555555552
fine_category,adverb,128,4,top1_changed,sink_plus_recent_minus_recent_only,-0.018181818181818184,11,-0.05454545454545456,0.0
fine_category,auxiliary,128,4,top1_changed,sink_plus_recent_minus_recent_only,0.08571428571428572,14,0.0,0.24285714285714288
fine_category,common_noun,128,4,top1_changed,sink_plus_recent_minus_recent_only,0.02228974424698109,16,0.005893640350877192,0.04023724082934607
fine_category,coordinating_conjunction,128,4,top1_changed,sink_plus_recent_minus_recent_only,-0.06666666666666667,15,-0.2,0.0
fine_category,determiner,128,4,top1_changed,sink_plus_recent_minus_recent_only,-0.028125,16,-0.071875,0.0
fine_category,interjection,128,4,top1_changed,sink_plus_recent_minus_recent_only,-0.5,2,-1.0,0.0
fine_category,negation,128,4,top1_changed,sink_plus_recent_minus_recent_only,0.0,10,0.0,0.0
fine_category,number,128,4,top1_changed,sink_plus_recent_minus_recent_only,0.027777777777777776,6,0.0,0.08333333333333333
fine_category,other,128,4,top1_changed,sink_plus_recent_minus_recent_only,0.0006944444444444437,16,-0.018750000000000003,0.020833333333333332
fine_category,particle,128,4,top1_changed,sink_plus_recent_minus_recent_only,0.0,9,0.0,0.0
fine_category,pronoun,128,4,top1_changed,sink_plus_recent_minus_recent_only,-0.04444444444444444,15,-0.11111111111111112,0.0
fine_category,proper_noun,128,4,top1_changed,sink_plus_recent_minus_recent_only,0.010989010989010988,13,0.0,0.03296703296703297
fine_category,punctuation,128,4,top1_changed,sink_plus_recent_minus_recent_only,-0.005828373015873016,16,-0.03125,0.01984126984126984
fine_category,question_word,128,4,top1_changed,sink_plus_recent_minus_recent_only,-0.022727272727272728,11,-0.06818181818181818,0.0
fine_category,subordinating_conjunction,128,4,top1_changed,sink_plus_recent_minus_recent_only,0.041666666666666664,8,0.0,0.125
fine_category,verb,128,4,top1_changed,sink_plus_recent_minus_recent_only,-0.0010890151515151533,16,-0.04640151515151515,0.041666666666666664
fine_category,adjective,512,4,top1_changed,sink_plus_recent_minus_recent_only,-0.0035714285714285704,14,-0.10306122448979592,0.07399234693877542
fine_category,adposition,512,4,top1_changed,sink_plus_recent_minus_recent_only,0.001116071428571428,16,-0.0390625,0.03459821428571429
fine_category,adverb,512,4,top1_changed,sink_plus_recent_minus_recent_only,-0.045454545454545456,11,-0.13636363636363635,0.0
fine_category,auxiliary,512,4,top1_changed,sink_plus_recent_minus_recent_only,-0.023809523809523808,14,-0.07142857142857142,0.0
fine_category,common_noun,512,4,top1_changed,sink_plus_recent_minus_recent_only,-0.02035522043745728,16,-0.05757620258031443,0.012175324675324674
fine_category,coordinating_conjunction,512,4,top1_changed,sink_plus_recent_minus_recent_only,0.0,15,0.0,0.0
fine_category,determiner,512,4,top1_changed,sink_plus_recent_minus_recent_only,0.0035714285714285726,16,-0.026785714285714284,0.037500000000000006
fine_category,interjection,512,4,top1_changed,sink_plus_recent_minus_recent_only,0.0,2,0.0,0.0
fine_category,negation,512,4,top1_changed,sink_plus_recent_minus_recent_only,0.0,10,0.0,0.0
fine_category,number,512,4,top1_changed,sink_plus_recent_minus_recent_only,-0.08333333333333333,6,-0.25,0.0
fine_category,other,512,4,top1_changed,sink_plus_recent_minus_recent_only,-0.015625,16,-0.046875,0.0
fine_category,particle,512,4,top1_changed,sink_plus_recent_minus_recent_only,0.0,9,0.0,0.0
fine_category,pronoun,512,4,top1_changed,sink_plus_recent_minus_recent_only,-0.008333333333333333,15,-0.025,0.0
fine_category,proper_noun,512,4,top1_changed,sink_plus_recent_minus_recent_only,-0.03461538461538462,13,-0.08471153846153846,0.0
fine_category,punctuation,512,4,top1_changed,sink_plus_recent_minus_recent_only,-0.010416666666666666,16,-0.03125,0.0
fine_category,question_word,512,4,top1_changed,sink_plus_recent_minus_recent_only,0.0,11,0.0,0.0
fine_category,subordinating_conjunction,512,4,top1_changed,sink_plus_recent_minus_recent_only,0.0,8,0.0,0.0
fine_category,verb,512,4,top1_changed,sink_plus_recent_minus_recent_only,-0.015625,16,-0.046875,0.0
fine_category,adjective,2048,4,top1_changed,sink_plus_recent_minus_recent_only,0.024489795918367346,14,0.0,0.05918367346938775
fine_category,adposition,2048,4,top1_changed,sink_plus_recent_minus_recent_only,0.010416666666666666,16,0.0,0.03125
fine_category,adverb,2048,4,top1_changed,sink_plus_recent_minus_recent_only,0.06363636363636363,11,0.0,0.17272727272727273
fine_category,auxiliary,2048,4,top1_changed,sink_plus_recent_minus_recent_only,-0.011904761904761904,14,-0.07142857142857142,0.03571428571428571
fine_category,common_noun,2048,4,top1_changed,sink_plus_recent_minus_recent_only,-0.00625,16,-0.018750000000000003,0.0
fine_category,coordinating_conjunction,2048,4,top1_changed,sink_plus_recent_minus_recent_only,0.0,15,0.0,0.0
fine_category,determiner,2048,4,top1_changed,sink_plus_recent_minus_recent_only,-0.04650297619047619,16,-0.1060267857142857,0.0
fine_category,interjection,2048,4,top1_changed,sink_plus_recent_minus_recent_only,0.0,2,0.0,0.0
fine_category,negation,2048,4,top1_changed,sink_plus_recent_minus_recent_only,0.0,10,0.0,0.0
fine_category,number,2048,4,top1_changed,sink_plus_recent_minus_recent_only,0.0,6,0.0,0.0
fine_category,other,2048,4,top1_changed,sink_plus_recent_minus_recent_only,0.0,16,0.0,0.0
fine_category,particle,2048,4,top1_changed,sink_plus_recent_minus_recent_only,0.0,9,0.0,0.0
fine_category,pronoun,2048,4,top1_changed,sink_plus_recent_minus_recent_only,-0.0015873015873015873,15,-0.03333333333333333,0.02857142857142857
fine_category,proper_noun,2048,4,top1_changed,sink_plus_recent_minus_recent_only,0.0,13,0.0,0.0
fine_category,punctuation,2048,4,top1_changed,sink_plus_recent_minus_recent_only,-0.008928571428571428,16,-0.026785714285714284,0.0
fine_category,question_word,2048,4,top1_changed,sink_plus_recent_minus_recent_only,0.09090909090909091,11,0.0,0.2727272727272727
fine_category,subordinating_conjunction,2048,4,top1_changed,sink_plus_recent_minus_recent_only,0.0,8,0.0,0.0
fine_category,verb,2048,4,top1_changed,sink_plus_recent_minus_recent_only,0.0203125,16,0.0,0.053125000000000006
fine_category,adjective,8192,4,top1_changed,sink_plus_recent_minus_recent_only,0.004081632653061226,14,-0.030612244897959183,0.042857142857142864
fine_category,adposition,8192,4,top1_changed,sink_plus_recent_minus_recent_only,0.008928571428571428,16,0.0,0.026785714285714284
fine_category,adverb,8192,4,top1_changed,sink_plus_recent_minus_recent_only,-0.06818181818181818,11,-0.1590909090909091,0.0
fine_category,auxiliary,8192,4,top1_changed,sink_plus_recent_minus_recent_only,-0.011904761904761904,14,-0.03571428571428571,0.0
fine_category,common_noun,8192,4,top1_changed,sink_plus_recent_minus_recent_only,0.0,16,0.0,0.0
fine_category,coordinating_conjunction,8192,4,top1_changed,sink_plus_recent_minus_recent_only,0.0,15,0.0,0.0
fine_category,determiner,8192,4,top1_changed,sink_plus_recent_minus_recent_only,-0.0078125,16,-0.06256510416666666,0.046875
fine_category,interjection,8192,4,top1_changed,sink_plus_recent_minus_recent_only,0.0,2,0.0,0.0
fine_category,negation,8192,4,top1_changed,sink_plus_recent_minus_recent_only,0.0,10,0.0,0.0
fine_category,number,8192,4,top1_changed,sink_plus_recent_minus_recent_only,0.0,6,0.0,0.0
fine_category,other,8192,4,top1_changed,sink_plus_recent_minus_recent_only,-0.015625,16,-0.046875,0.0
fine_category,particle,8192,4,top1_changed,sink_plus_recent_minus_recent_only,0.0,9,0.0,0.0
fine_category,pronoun,8192,4,top1_changed,sink_plus_recent_minus_recent_only,-0.005602240896358543,15,-0.02857142857142857,0.01176470588235294
fine_category,proper_noun,8192,4,top1_changed,sink_plus_recent_minus_recent_only,-0.019230769230769232,13,-0.057692307692307696,0.0
fine_category,punctuation,8192,4,top1_changed,sink_plus_recent_minus_recent_only,-0.015625,16,-0.046875,0.0
fine_category,question_word,8192,4,top1_changed,sink_plus_recent_minus_recent_only,0.0,11,0.0,0.0
fine_category,subordinating_conjunction,8192,4,top1_changed,sink_plus_recent_minus_recent_only,0.0,8,0.0,0.0
fine_category,verb,8192,4,top1_changed,sink_plus_recent_minus_recent_only,0.0,16,0.0,0.0
fine_category,adjective,128,16,top1_changed,sink_plus_recent_minus_recent_only,-0.0025510204081632642,14,-0.04081632653061224,0.04336734693877552
fine_category,adposition,128,16,top1_changed,sink_plus_recent_minus_recent_only,-0.0017361111111111119,16,-0.059071180555555554,0.06249999999999999
fine_category,adverb,128,16,top1_changed,sink_plus_recent_minus_recent_only,0.03636363636363637,11,0.0,0.10909090909090911
fine_category,auxiliary,128,16,top1_changed,sink_plus_recent_minus_recent_only,0.08571428571428572,14,0.0,0.24285714285714285
fine_category,common_noun,128,16,top1_changed,sink_plus_recent_minus_recent_only,0.04041744987468672,16,0.0026012296365914784,0.07768268327067666
fine_category,coordinating_conjunction,128,16,top1_changed,sink_plus_recent_minus_recent_only,0.0,15,-0.2,0.2
fine_category,determiner,128,16,top1_changed,sink_plus_recent_minus_recent_only,0.025669642857142856,16,-0.0390625,0.10828683035714269
fine_category,interjection,128,16,top1_changed,sink_plus_recent_minus_recent_only,0.0,2,0.0,0.0
fine_category,negation,128,16,top1_changed,sink_plus_recent_minus_recent_only,0.0,10,0.0,0.0
fine_category,number,128,16,top1_changed,sink_plus_recent_minus_recent_only,-0.08333333333333333,6,-0.25,0.0
fine_category,other,128,16,top1_changed,sink_plus_recent_minus_recent_only,0.013194444444444444,16,0.0,0.03265624999999991
fine_category,particle,128,16,top1_changed,sink_plus_recent_minus_recent_only,0.0,9,0.0,0.0
fine_category,pronoun,128,16,top1_changed,sink_plus_recent_minus_recent_only,0.008339558045440398,15,-0.08182461873638343,0.0745366479925303
fine_category,proper_noun,128,16,top1_changed,sink_plus_recent_minus_recent_only,-0.008241758241758242,13,-0.057692307692307696,0.03296703296703297
fine_category,punctuation,128,16,top1_changed,sink_plus_recent_minus_recent_only,0.008680555555555556,16,-0.020833333333333332,0.046875
fine_category,question_word,128,16,top1_changed,sink_plus_recent_minus_recent_only,0.0,11,0.0,0.0
fine_category,subordinating_conjunction,128,16,top1_changed,sink_plus_recent_minus_recent_only,0.10416666666666666,8,0.0,0.24999999999999997
fine_category,verb,128,16,top1_changed,sink_plus_recent_minus_recent_only,0.008806818181818181,16,-0.02502840909090909,0.04261363636363637
fine_category,adjective,512,16,top1_changed,sink_plus_recent_minus_recent_only,-0.04591836734693877,14,-0.13265306122448978,0.01020408163265306
fine_category,adposition,512,16,top1_changed,sink_plus_recent_minus_recent_only,0.002604166666666668,16,-0.041666666666666664,0.046875
fine_category,adverb,512,16,top1_changed,sink_plus_recent_minus_recent_only,0.0,11,0.0,0.0
fine_category,auxiliary,512,16,top1_changed,sink_plus_recent_minus_recent_only,-0.023809523809523808,14,-0.07142857142857142,0.0
fine_category,common_noun,512,16,top1_changed,sink_plus_recent_minus_recent_only,-0.002872474747474747,16,-0.04178306502525252,0.03461647727272725
fine_category,coordinating_conjunction,512,16,top1_changed,sink_plus_recent_minus_recent_only,0.0,15,0.0,0.0
fine_category,determiner,512,16,top1_changed,sink_plus_recent_minus_recent_only,0.0,16,0.0,0.0
fine_category,interjection,512,16,top1_changed,sink_plus_recent_minus_recent_only,0.0,2,0.0,0.0
fine_category,negation,512,16,top1_changed,sink_plus_recent_minus_recent_only,0.0,10,0.0,0.0
fine_category,number,512,16,top1_changed,sink_plus_recent_minus_recent_only,-0.08333333333333333,6,-0.25,0.0
fine_category,other,512,16,top1_changed,sink_plus_recent_minus_recent_only,-0.015625,16,-0.046875,0.0
fine_category,particle,512,16,top1_changed,sink_plus_recent_minus_recent_only,0.0,9,0.0,0.0
fine_category,pronoun,512,16,top1_changed,sink_plus_recent_minus_recent_only,0.017592592592592594,15,-0.032407407407407406,0.09259259259259259
fine_category,proper_noun,512,16,top1_changed,sink_plus_recent_minus_recent_only,-0.05384615384615384,13,-0.11153846153846153,0.0
fine_category,punctuation,512,16,top1_changed,sink_plus_recent_minus_recent_only,0.009895833333333335,16,-0.0234375,0.045312500000000006
fine_category,question_word,512,16,top1_changed,sink_plus_recent_minus_recent_only,0.09090909090909091,11,0.0,0.2727272727272727
fine_category,subordinating_conjunction,512,16,top1_changed,sink_plus_recent_minus_recent_only,0.0,8,0.0,0.0
fine_category,verb,512,16,top1_changed,sink_plus_recent_minus_recent_only,0.009375000000000001,16,-0.037500000000000006,0.059375000000000004
fine_category,adjective,2048,16,top1_changed,sink_plus_recent_minus_recent_only,0.01020408163265306,14,0.0,0.030612244897959183
fine_category,adposition,2048,16,top1_changed,sink_plus_recent_minus_recent_only,0.0,16,0.0,0.0
fine_category,adverb,2048,16,top1_changed,sink_plus_recent_minus_recent_only,0.0818181818181818,11,0.0,0.17272727272727273
fine_category,auxiliary,2048,16,top1_changed,sink_plus_recent_minus_recent_only,-0.023809523809523808,14,-0.07142857142857142,0.0
fine_category,common_noun,2048,16,top1_changed,sink_plus_recent_minus_recent_only,0.006076388888888888,16,-0.018229166666666664,0.033854166666666664
fine_category,coordinating_conjunction,2048,16,top1_changed,sink_plus_recent_minus_recent_only,0.0,15,0.0,0.0
fine_category,determiner,2048,16,top1_changed,sink_plus_recent_minus_recent_only,0.0078125,16,-0.032366071428571425,0.05133928571428571
fine_category,interjection,2048,16,top1_changed,sink_plus_recent_minus_recent_only,0.0,2,0.0,0.0
fine_category,negation,2048,16,top1_changed,sink_plus_recent_minus_recent_only,0.1,10,0.0,0.3
fine_category,number,2048,16,top1_changed,sink_plus_recent_minus_recent_only,0.0,6,0.0,0.0
fine_category,other,2048,16,top1_changed,sink_plus_recent_minus_recent_only,0.0,16,0.0,0.0
fine_category,particle,2048,16,top1_changed,sink_plus_recent_minus_recent_only,0.0,9,0.0,0.0
fine_category,pronoun,2048,16,top1_changed,sink_plus_recent_minus_recent_only,-0.0015873015873015873,15,-0.03333333333333333,0.02857142857142857
fine_category,proper_noun,2048,16,top1_changed,sink_plus_recent_minus_recent_only,0.0,13,0.0,0.0
fine_category,punctuation,2048,16,top1_changed,sink_plus_recent_minus_recent_only,-0.016741071428571428,16,-0.04241071428571429,0.0
fine_category,question_word,2048,16,top1_changed,sink_plus_recent_minus_recent_only,0.09090909090909091,11,0.0,0.2727272727272727
fine_category,subordinating_conjunction,2048,16,top1_changed,sink_plus_recent_minus_recent_only,0.0625,8,0.0,0.1875
fine_category,verb,2048,16,top1_changed,sink_plus_recent_minus_recent_only,0.0,16,0.0,0.0
fine_category,adjective,8192,16,top1_changed,sink_plus_recent_minus_recent_only,0.014285714285714287,14,0.0,0.042857142857142864
fine_category,adposition,8192,16,top1_changed,sink_plus_recent_minus_recent_only,-0.0078125,16,-0.0234375,0.0
fine_category,adverb,8192,16,top1_changed,sink_plus_recent_minus_recent_only,-0.02727272727272727,11,-0.13636363636363635,0.05454545454545456
fine_category,auxiliary,8192,16,top1_changed,sink_plus_recent_minus_recent_only,0.0,14,0.0,0.0
fine_category,common_noun,8192,16,top1_changed,sink_plus_recent_minus_recent_only,0.015922619047619047,16,0.0,0.03288690476190476
fine_category,coordinating_conjunction,8192,16,top1_changed,sink_plus_recent_minus_recent_only,0.016666666666666666,15,0.0,0.05
fine_category,determiner,8192,16,top1_changed,sink_plus_recent_minus_recent_only,-0.011904761904761904,16,-0.0625,0.026785714285714284
fine_category,interjection,8192,16,top1_changed,sink_plus_recent_minus_recent_only,0.0,2,0.0,0.0
fine_category,negation,8192,16,top1_changed,sink_plus_recent_minus_recent_only,0.0,10,0.0,0.0
fine_category,number,8192,16,top1_changed,sink_plus_recent_minus_recent_only,0.0,6,0.0,0.0
fine_category,other,8192,16,top1_changed,sink_plus_recent_minus_recent_only,0.0,16,0.0,0.0
fine_category,particle,8192,16,top1_changed,sink_plus_recent_minus_recent_only,0.0,9,0.0,0.0
fine_category,pronoun,8192,16,top1_changed,sink_plus_recent_minus_recent_only,-0.005602240896358543,15,-0.02857142857142857,0.01176470588235294
fine_category,proper_noun,8192,16,top1_changed,sink_plus_recent_minus_recent_only,0.019230769230769232,13,0.0,0.057692307692307696
fine_category,punctuation,8192,16,top1_changed,sink_plus_recent_minus_recent_only,-0.011532738095238094,16,-0.041666666666666664,0.015625
fine_category,question_word,8192,16,top1_changed,sink_plus_recent_minus_recent_only,0.0,11,0.0,0.0
fine_category,subordinating_conjunction,8192,16,top1_changed,sink_plus_recent_minus_recent_only,0.0,8,0.0,0.0
fine_category,verb,8192,16,top1_changed,sink_plus_recent_minus_recent_only,-0.028598484848484852,16,-0.061931818181818185,0.0
pos,ADJ,128,4,delta_ce,sink_plus_recent_minus_recent_only,0.018020036329474097,14,-0.021420155353701616,0.061556166481485236
pos,ADP,128,4,delta_ce,sink_plus_recent_minus_recent_only,-0.017104235407159295,16,-0.04788005363861255,0.009186882510692686
pos,ADV,128,4,delta_ce,sink_plus_recent_minus_recent_only,-0.007850565344349227,11,-0.04091710536132186,0.02409612835697108
pos,AUX,128,4,delta_ce,sink_plus_recent_minus_recent_only,0.012293825292212216,14,-0.02068499796216053,0.04887939571494829
pos,CCONJ,128,4,delta_ce,sink_plus_recent_minus_recent_only,-0.015871832768122356,15,-0.04663288199239308,0.010158464320831798
pos,DET,128,4,delta_ce,sink_plus_recent_minus_recent_only,-0.020490274820033284,16,-0.04545626992825419,0.003515451342765477
pos,INTJ,128,4,delta_ce,sink_plus_recent_minus_recent_only,-0.021394968032836914,2,-0.03516721725463867,-0.007622718811035156
pos,NOUN,128,4,delta_ce,sink_plus_recent_minus_recent_only,0.019183510395343443,16,-0.009007257955311942,0.046530157444021523
pos,NUM,128,4,delta_ce,sink_plus_recent_minus_recent_only,-0.0011017245447470098,6,-0.0403782093587021,0.030519388874785766
pos,PART,128,4,delta_ce,sink_plus_recent_minus_recent_only,0.012771882195815897,11,-0.014698712332174183,0.040270264420489005
pos,PRON,128,4,delta_ce,sink_plus_recent_minus_recent_only,0.01744478064325706,15,-0.005994468424419316,0.04186034818347772
pos,PROPN,128,4,delta_ce,sink_plus_recent_minus_recent_only,0.015348220886432942,14,-0.037265372800761136,0.06969920256552954
pos,PUNCT,128,4,delta_ce,sink_plus_recent_minus_recent_only,-0.030699632542266972,16,-0.06212132091257012,-0.0023067320591866284
pos,SCONJ,128,4,delta_ce,sink_plus_recent_minus_recent_only,0.0012356599397731558,11,-0.05630476137792522,0.04759256551888854
pos,SPACE,128,4,delta_ce,sink_plus_recent_minus_recent_only,-0.01885935791785111,16,-0.051218540212303196,0.013663178303616687
pos,VERB,128,4,delta_ce,sink_plus_recent_minus_recent_only,0.0128455895281866,16,-0.01926534202702235,0.04234100817422916
pos,X,128,4,delta_ce,sink_plus_recent_minus_recent_only,-0.07208740711212158,2,-0.16427826881408691,0.02010345458984375
pos,ADJ,512,4,delta_ce,sink_plus_recent_minus_recent_only,-0.006376499145392322,14,-0.028302656584579675,0.014848513898146586
pos,ADP,512,4,delta_ce,sink_plus_recent_minus_recent_only,-0.004533057116851204,16,-0.021320790187216807,0.010474765257254836
pos,ADV,512,4,delta_ce,sink_plus_recent_minus_recent_only,0.008455348071275336,11,-0.008840717564365178,0.024827079454606226
pos,AUX,512,4,delta_ce,sink_plus_recent_minus_recent_only,0.009041013761239797,14,-0.006949547865763814,0.023027581759684137
pos,CCONJ,512,4,delta_ce,sink_plus_recent_minus_recent_only,0.014879275527265336,15,-0.0034762394966350663,0.03273151342239644
pos,DET,512,4,delta_ce,sink_plus_recent_minus_recent_only,-0.009446489236628016,16,-0.023298037351341918,0.004400837204108624
pos,INTJ,512,4,delta_ce,sink_plus_recent_minus_recent_only,-0.00047969818115234375,2,-0.005736827850341797,0.004777431488037109
pos,NOUN,512,4,delta_ce,sink_plus_recent_minus_recent_only,0.0023184286034305147,16,-0.010116431463316705,0.015920453648294672
pos,NUM,512,4,delta_ce,sink_plus_recent_minus_recent_only,0.02148440575434102,6,-0.016048023477196693,0.06109398150195677
pos,PART,512,4,delta_ce,sink_plus_recent_minus_recent_only,-0.0020591798294900053,11,-0.02186998303041257,0.01998532057450518
pos,PRON,512,4,delta_ce,sink_plus_recent_minus_recent_only,-0.003995667208956082,15,-0.014492324523079551,0.006654274644767575
pos,PROPN,512,4,delta_ce,sink_plus_recent_minus_recent_only,-0.004921035778544029,14,-0.03203052476747753,0.02267083604102178
pos,PUNCT,512,4,delta_ce,sink_plus_recent_minus_recent_only,0.01407446118130807,16,-0.003214552172973367,0.032202472282436806
pos,SCONJ,512,4,delta_ce,sink_plus_recent_minus_recent_only,0.024951994277988422,11,-0.0019259211028728519,0.05527717547674635
pos,SPACE,512,4,delta_ce,sink_plus_recent_minus_recent_only,-0.006487701786651694,16,-0.020227817063260625,0.005399468125794998
pos,VERB,512,4,delta_ce,sink_plus_recent_minus_recent_only,0.007558673383509695,16,-0.02089595456783468,0.0456539659825689
pos,X,512,4,delta_ce,sink_plus_recent_minus_recent_only,0.07126724720001221,2,0.012259721755981445,0.13027477264404297
pos,ADJ,2048,4,delta_ce,sink_plus_recent_minus_recent_only,-0.0010317563022079815,14,-0.018729921949640387,0.01746324309933103
pos,ADP,2048,4,delta_ce,sink_plus_recent_minus_recent_only,0.008664802926020364,16,-0.005796280450628885,0.020545725381234555
pos,ADV,2048,4,delta_ce,sink_plus_recent_minus_recent_only,0.0013596875938784447,11,-0.019779008830594122,0.023474024809671167
pos,AUX,2048,4,delta_ce,sink_plus_recent_minus_recent_only,0.0036260025860855778,14,-0.00822694307742767,0.015116943972783957
pos,CCONJ,2048,4,delta_ce,sink_plus_recent_minus_recent_only,-0.004050435456964705,15,-0.01924923105372323,0.010165002379152506
pos,DET,2048,4,delta_ce,sink_plus_recent_minus_recent_only,0.006401189157207098,16,-0.015216496628043905,0.0234179447999867
pos,INTJ,2048,4,delta_ce,sink_plus_recent_minus_recent_only,0.0062220096588134766,2,-0.0016813278198242188,0.014125347137451172
pos,NOUN,2048,4,delta_ce,sink_plus_recent_minus_recent_only,-0.004463191780938552,16,-0.016493154689728916,0.007132421371810636
pos,NUM,2048,4,delta_ce,sink_plus_recent_minus_recent_only,0.03135655805284235,6,0.00581228552408801,0.058661762107577585
pos,PART,2048,4,delta_ce,sink_plus_recent_minus_recent_only,0.02099300148529988,11,-0.002914363180117851,0.045150365784877064
pos,PRON,2048,4,delta_ce,sink_plus_recent_minus_recent_only,-0.007389765252206296,15,-0.018445678496459665,0.0031767600611211718
pos,PROPN,2048,4,delta_ce,sink_plus_recent_minus_recent_only,0.028672563874631556,14,0.005611388292193307,0.060048564962379876
pos,PUNCT,2048,4,delta_ce,sink_plus_recent_minus_recent_only,-0.005762048213491365,16,-0.016648891848781783,0.0044435971273138865
pos,SCONJ,2048,4,delta_ce,sink_plus_recent_minus_recent_only,0.03276287357915531,11,0.004581810759775564,0.06526852027146202
pos,SPACE,2048,4,delta_ce,sink_plus_recent_minus_recent_only,-0.0020352836523670707,16,-0.014704902511475666,0.00993362392107428
pos,VERB,2048,4,delta_ce,sink_plus_recent_minus_recent_only,-0.018172021725634598,16,-0.031217343423707074,-0.005241869492069253
pos,X,2048,4,delta_ce,sink_plus_recent_minus_recent_only,0.010919153690338135,2,-0.06531238555908203,0.0871506929397583
pos,ADJ,8192,4,delta_ce,sink_plus_recent_minus_recent_only,0.004973066499184336,14,-0.015486367315004048,0.028597374990315966
pos,ADP,8192,4,delta_ce,sink_plus_recent_minus_recent_only,0.009984940088797831,16,0.0007634363565873867,0.019528199597287355
pos,ADV,8192,4,delta_ce,sink_plus_recent_minus_recent_only,0.013093251840054465,11,-0.009948655645632905,0.0453591195650998
pos,AUX,8192,4,delta_ce,sink_plus_recent_minus_recent_only,0.0027809682232486153,14,-0.010942979560100605,0.01863972822495666
pos,CCONJ,8192,4,delta_ce,sink_plus_recent_minus_recent_only,0.008607329262627495,15,-0.006087785818510585,0.026180938035249696
pos,DET,8192,4,delta_ce,sink_plus_recent_minus_recent_only,0.004785556126652019,16,-0.004920561758557423,0.015624803906040525
pos,INTJ,8192,4,delta_ce,sink_plus_recent_minus_recent_only,-0.013990640640258789,2,-0.034131526947021484,0.006150245666503906
pos,NOUN,8192,4,delta_ce,sink_plus_recent_minus_recent_only,0.006413730681742976,16,-0.0014802901544068675,0.014839368246378548
pos,NUM,8192,4,delta_ce,sink_plus_recent_minus_recent_only,-0.0023008631400443847,6,-0.018278563691395296,0.017710097742122524
pos,PART,8192,4,delta_ce,sink_plus_recent_minus_recent_only,-0.010861226066834097,11,-0.03699952234147173,0.01168254764489547
pos,PRON,8192,4,delta_ce,sink_plus_recent_minus_recent_only,0.0018494343849631857,15,-0.004749369414019768,0.008679043497531179
pos,PROPN,8192,4,delta_ce,sink_plus_recent_minus_recent_only,-0.011374548092709384,14,-0.03142889533278241,0.006049666232476955
pos,PUNCT,8192,4,delta_ce,sink_plus_recent_minus_recent_only,-0.007076488545493385,16,-0.01775532588052946,0.002619842569036993
pos,SCONJ,8192,4,delta_ce,sink_plus_recent_minus_recent_only,0.015413645400919697,11,-0.008121351237324152,0.045995060693133936
pos,SPACE,8192,4,delta_ce,sink_plus_recent_minus_recent_only,-0.0013609295436708625,16,-0.015230144765573638,0.013665324316737417
pos,VERB,8192,4,delta_ce,sink_plus_recent_minus_recent_only,-0.008374850741706547,16,-0.02108874141826268,0.0034365856122823726
pos,X,8192,4,delta_ce,sink_plus_recent_minus_recent_only,-0.04281193017959595,2,-0.0810319185256958,-0.004591941833496094
pos,ADJ,128,16,delta_ce,sink_plus_recent_minus_recent_only,0.04428506649172942,14,-0.040749134673755,0.13534063477190209
pos,ADP,128,16,delta_ce,sink_plus_recent_minus_recent_only,0.010925234221397816,16,-0.028291587088507,0.05019770607487148
pos,ADV,128,16,delta_ce,sink_plus_recent_minus_recent_only,-0.04300182362256402,11,-0.0885712766420858,0.0022985232102853627
pos,AUX,128,16,delta_ce,sink_plus_recent_minus_recent_only,0.033601234533957074,14,-0.03938441269365805,0.10735891412766202
pos,CCONJ,128,16,delta_ce,sink_plus_recent_minus_recent_only,0.14294225606653427,15,-0.004494259481628734,0.40367167634268586
pos,DET,128,16,delta_ce,sink_plus_recent_minus_recent_only,-0.029582038497374882,16,-0.08005218007097331,0.009537677436656797
pos,INTJ,128,16,delta_ce,sink_plus_recent_minus_recent_only,-0.046012163162231445,2,-0.2360682487487793,0.1440439224243164
pos,NOUN,128,16,delta_ce,sink_plus_recent_minus_recent_only,0.013664416240332829,16,-0.02986055120378889,0.059804595154786
pos,NUM,128,16,delta_ce,sink_plus_recent_minus_recent_only,0.0036317402522803998,6,-0.039758358564641744,0.054408605169090886
pos,PART,128,16,delta_ce,sink_plus_recent_minus_recent_only,0.05694620634118715,11,0.0032548241198740216,0.1126966468425411
pos,PRON,128,16,delta_ce,sink_plus_recent_minus_recent_only,0.057396457182421194,15,0.010544502516254366,0.10131972878351393
pos,PROPN,128,16,delta_ce,sink_plus_recent_minus_recent_only,0.24482786550806665,14,0.09395294222244827,0.42156779585999843
pos,PUNCT,128,16,delta_ce,sink_plus_recent_minus_recent_only,0.011636974445233744,16,-0.013889770682324611,0.037795653409612856
pos,SCONJ,128,16,delta_ce,sink_plus_recent_minus_recent_only,0.05204055486529164,11,-0.0680712599264966,0.19086434284196857
pos,SPACE,128,16,delta_ce,sink_plus_recent_minus_recent_only,0.04594028955862085,16,-0.03790527444011256,0.14370323373982577
pos,VERB,128,16,delta_ce,sink_plus_recent_minus_recent_only,0.07101104100232539,16,0.027715471161068483,0.12013915637805686
pos,X,128,16,delta_ce,sink_plus_recent_minus_recent_only,0.3309638500213623,2,0.3284149169921875,0.3335127830505371
pos,ADJ,512,16,delta_ce,sink_plus_recent_minus_recent_only,0.008081732876361252,14,-0.01380383283808411,0.02923121710583489
pos,ADP,512,16,delta_ce,sink_plus_recent_minus_recent_only,0.001021362083579275,16,-0.013791888248080354,0.016690980919555794
pos,ADV,512,16,delta_ce,sink_plus_recent_minus_recent_only,0.03325243892102276,11,-0.01749829849228704,0.08264939951295447
pos,AUX,512,16,delta_ce,sink_plus_recent_minus_recent_only,-0.0009117751984166449,14,-0.017678243343648658,0.017244586042844408
pos,CCONJ,512,16,delta_ce,sink_plus_recent_minus_recent_only,0.013330660594834221,15,-0.0051456879989968405,0.03086981228656236
pos,DET,512,16,delta_ce,sink_plus_recent_minus_recent_only,0.009222394640424422,16,-0.007755499550008349,0.02806610865252358
pos,INTJ,512,16,delta_ce,sink_plus_recent_minus_recent_only,0.046887874603271484,2,-0.04375171661376953,0.1375274658203125
pos,NOUN,512,16,delta_ce,sink_plus_recent_minus_recent_only,0.009465613833501132,16,-0.013481505400636026,0.03531108980523727
pos,NUM,512,16,delta_ce,sink_plus_recent_minus_recent_only,-0.012834068498988119,6,-0.05876908514959117,0.02996194562098631
pos,PART,512,16,delta_ce,sink_plus_recent_minus_recent_only,-0.009901214390993118,11,-0.02841725243594159,0.0066404614089564705
pos,PRON,512,16,delta_ce,sink_plus_recent_minus_recent_only,0.011468813477531715,15,-0.0018554360967542283,0.027314087845693162
pos,PROPN,512,16,delta_ce,sink_plus_recent_minus_recent_only,-0.024483392257433456,14,-0.06093992331978742,0.011173742459690971
pos,PUNCT,512,16,delta_ce,sink_plus_recent_minus_recent_only,0.021010358063208442,16,-0.011498484002252568,0.05570413178278293
pos,SCONJ,512,16,delta_ce,sink_plus_recent_minus_recent_only,-0.00724509869222388,11,-0.04937069253135247,0.027618351484169103
pos,SPACE,512,16,delta_ce,sink_plus_recent_minus_recent_only,0.00028055264186453623,16,-0.02148347449477569,0.02111788413518599
pos,VERB,512,16,delta_ce,sink_plus_recent_minus_recent_only,0.02653410057910111,16,-0.0017517826637972523,0.06351794597564632
pos,X,512,16,delta_ce,sink_plus_recent_minus_recent_only,0.04809141159057617,2,-0.03731536865234375,0.1334981918334961
pos,ADJ,2048,16,delta_ce,sink_plus_recent_minus_recent_only,-0.0030579558560596223,14,-0.020338856444151027,0.013545235223161589
pos,ADP,2048,16,delta_ce,sink_plus_recent_minus_recent_only,0.008323544095165595,16,-0.0061281772124455935,0.02367711328495748
pos,ADV,2048,16,delta_ce,sink_plus_recent_minus_recent_only,-0.010578656251097775,11,-0.02500659796460902,0.004011887811793708
pos,AUX,2048,16,delta_ce,sink_plus_recent_minus_recent_only,0.006084457302123917,14,-0.014556574706957504,0.03172419763211362
pos,CCONJ,2048,16,delta_ce,sink_plus_recent_minus_recent_only,0.0030044799049695333,15,-0.013288155934876865,0.020276708714663978
pos,DET,2048,16,delta_ce,sink_plus_recent_minus_recent_only,0.015849237713874097,16,0.0022127348746150913,0.029314726054435584
pos,INTJ,2048,16,delta_ce,sink_plus_recent_minus_recent_only,0.31427502632141113,2,0.0543670654296875,0.5741829872131348
pos,NOUN,2048,16,delta_ce,sink_plus_recent_minus_recent_only,0.004552602280257798,16,-0.012201946766887569,0.02201582512501675
pos,NUM,2048,16,delta_ce,sink_plus_recent_minus_recent_only,0.01135642263866935,6,-0.012709025125594861,0.036426047600333626
pos,PART,2048,16,delta_ce,sink_plus_recent_minus_recent_only,-0.0008796198745117049,11,-0.021144680247896102,0.019582668849916166
pos,PRON,2048,16,delta_ce,sink_plus_recent_minus_recent_only,-0.008514235115984602,15,-0.016804562325709923,-0.00011465774185843605
pos,PROPN,2048,16,delta_ce,sink_plus_recent_minus_recent_only,0.016459595083597994,14,-0.004014335914902415,0.03209744106101796
pos,PUNCT,2048,16,delta_ce,sink_plus_recent_minus_recent_only,0.010969386852645714,16,-0.000628361934777496,0.024142917204837196
pos,SCONJ,2048,16,delta_ce,sink_plus_recent_minus_recent_only,0.004902936574636085,11,-0.033872395389798006,0.03420106508261101
pos,SPACE,2048,16,delta_ce,sink_plus_recent_minus_recent_only,-0.009574160501172931,16,-0.022533715016101415,0.0011022717252588583
pos,VERB,2048,16,delta_ce,sink_plus_recent_minus_recent_only,-0.01767119534797766,16,-0.03534071499483215,-0.0014723209237986832
pos,X,2048,16,delta_ce,sink_plus_recent_minus_recent_only,-0.035810232162475586,2,-0.07682514190673828,0.005204677581787109
pos,ADJ,8192,16,delta_ce,sink_plus_recent_minus_recent_only,0.005050358291973557,14,-0.010926553276190288,0.020771101315436104
pos,ADP,8192,16,delta_ce,sink_plus_recent_minus_recent_only,0.008323445956944304,16,-0.007276080808708409,0.021128186975164717
pos,ADV,8192,16,delta_ce,sink_plus_recent_minus_recent_only,0.017508799863792248,11,-0.011112045708344367,0.053842830618955444
pos,AUX,8192,16,delta_ce,sink_plus_recent_minus_recent_only,-0.007256203336755232,14,-0.022058071369308426,0.007542671059071372
pos,CCONJ,8192,16,delta_ce,sink_plus_recent_minus_recent_only,-0.011689755982822842,15,-0.032448775147398315,0.007967234676082928
pos,DET,8192,16,delta_ce,sink_plus_recent_minus_recent_only,-0.008880791562565027,16,-0.022647324305005552,0.003250741600890508
pos,INTJ,8192,16,delta_ce,sink_plus_recent_minus_recent_only,-0.02002692222595215,2,-0.06324338912963867,0.023189544677734375
pos,NOUN,8192,16,delta_ce,sink_plus_recent_minus_recent_only,0.004912200038454205,16,-0.0010702218622791696,0.01129380025660782
pos,NUM,8192,16,delta_ce,sink_plus_recent_minus_recent_only,-0.01921354242897198,6,-0.055585945732754126,0.010073420142685386
pos,PART,8192,16,delta_ce,sink_plus_recent_minus_recent_only,-0.0014664325891344844,11,-0.022368945568150868,0.020225715982854702
pos,PRON,8192,16,delta_ce,sink_plus_recent_minus_recent_only,0.002344512148921843,15,-0.004619957377402208,0.010143657751153544
pos,PROPN,8192,16,delta_ce,sink_plus_recent_minus_recent_only,-0.001247044632882102,14,-0.039220674223941474,0.032650148329048494
pos,PUNCT,8192,16,delta_ce,sink_plus_recent_minus_recent_only,-0.005786016659389826,16,-0.01626512135962941,0.004422886638610164
pos,SCONJ,8192,16,delta_ce,sink_plus_recent_minus_recent_only,0.020592683531118164,11,-0.005417035491854855,0.0512251323512332
pos,SPACE,8192,16,delta_ce,sink_plus_recent_minus_recent_only,0.006390214348281612,16,-0.004623582412970109,0.01868613734571453
pos,VERB,8192,16,delta_ce,sink_plus_recent_minus_recent_only,-0.0029955709210467965,16,-0.01177900937440033,0.005575716159842179
pos,X,8192,16,delta_ce,sink_plus_recent_minus_recent_only,-0.05637848377227783,2,-0.11155533790588379,-0.001201629638671875
pos,ADJ,128,4,kl_full_to_compact,sink_plus_recent_minus_recent_only,0.004772856633862336,14,-0.003988105534294443,0.01411410848396872
pos,ADP,128,4,kl_full_to_compact,sink_plus_recent_minus_recent_only,-0.0007599520849488036,16,-0.005005708790408928,0.003520774886928545
pos,ADV,128,4,kl_full_to_compact,sink_plus_recent_minus_recent_only,0.014697937161492352,11,-0.001129855797096917,0.028581644792839946
pos,AUX,128,4,kl_full_to_compact,sink_plus_recent_minus_recent_only,0.0029030341285971456,14,-0.01267705906072052,0.01873051399544046
pos,CCONJ,128,4,kl_full_to_compact,sink_plus_recent_minus_recent_only,0.0036888189199897974,15,-0.005311764641147521,0.013620461339337945
pos,DET,128,4,kl_full_to_compact,sink_plus_recent_minus_recent_only,0.0011404921181522127,16,-0.0072193513277618755,0.00927993989456722
pos,INTJ,128,4,kl_full_to_compact,sink_plus_recent_minus_recent_only,0.013575419783592224,2,0.010704949498176575,0.016445890069007874
pos,NOUN,128,4,kl_full_to_compact,sink_plus_recent_minus_recent_only,0.011294800068937091,16,3.3312341328485205e-06,0.025007746934101287
pos,NUM,128,4,kl_full_to_compact,sink_plus_recent_minus_recent_only,0.004923711485591614,6,-0.0029094823018466632,0.013241230671863176
pos,PART,128,4,kl_full_to_compact,sink_plus_recent_minus_recent_only,-0.009838759966871955,11,-0.03994824414988133,0.008673007032467105
pos,PRON,128,4,kl_full_to_compact,sink_plus_recent_minus_recent_only,0.010792415250806087,15,0.0025400502290499286,0.0191214170126971
pos,PROPN,128,4,kl_full_to_compact,sink_plus_recent_minus_recent_only,0.0004873176589988322,14,-0.019824781873778972,0.02022681108142919
pos,PUNCT,128,4,kl_full_to_compact,sink_plus_recent_minus_recent_only,0.0002874863303510382,16,-0.009578063433360687,0.009341766314623984
pos,SCONJ,128,4,kl_full_to_compact,sink_plus_recent_minus_recent_only,0.02431827014537923,11,0.008348844011638766,0.04553142724220047
pos,SPACE,128,4,kl_full_to_compact,sink_plus_recent_minus_recent_only,-0.00835852338547435,16,-0.030340048316944982,0.005854161061724878
pos,VERB,128,4,kl_full_to_compact,sink_plus_recent_minus_recent_only,0.0076064941113161075,16,-0.000215655735242148,0.014828839112760756
pos,X,128,4,kl_full_to_compact,sink_plus_recent_minus_recent_only,-0.022097736597061157,2,-0.05119657516479492,0.007001101970672607
pos,ADJ,512,4,kl_full_to_compact,sink_plus_recent_minus_recent_only,0.0012702041606539162,14,-0.0011061305258000193,0.003643189613235366
pos,ADP,512,4,kl_full_to_compact,sink_plus_recent_minus_recent_only,0.001933639865348299,16,-0.0005130340525094186,0.00454524510618656
pos,ADV,512,4,kl_full_to_compact,sink_plus_recent_minus_recent_only,0.0027812154404907204,11,-0.0026726840770854984,0.009547757308126051
pos,AUX,512,4,kl_full_to_compact,sink_plus_recent_minus_recent_only,5.797904474204599e-05,14,-0.0023817524751394885,0.0028537054579676484
pos,CCONJ,512,4,kl_full_to_compact,sink_plus_recent_minus_recent_only,0.0009894818688432375,15,-0.0020102019871895515,0.004023988241743706
pos,DET,512,4,kl_full_to_compact,sink_plus_recent_minus_recent_only,0.0044041283082194805,16,0.000496576575560972,0.010345879873223437
pos,INTJ,512,4,kl_full_to_compact,sink_plus_recent_minus_recent_only,-0.004739992320537567,2,-0.006839096546173096,-0.0026408880949020386
pos,NOUN,512,4,kl_full_to_compact,sink_plus_recent_minus_recent_only,-0.000953377824751142,16,-0.006194161393281482,0.0028549582527505283
pos,NUM,512,4,kl_full_to_compact,sink_plus_recent_minus_recent_only,0.00122797803127873,6,-0.0020977633760291305,0.006297890934082615
pos,PART,512,4,kl_full_to_compact,sink_plus_recent_minus_recent_only,0.006282836076041514,11,-0.0002582981098429158,0.016562823279351553
pos,PRON,512,4,kl_full_to_compact,sink_plus_recent_minus_recent_only,0.00066545966713426,15,-0.0013925999408999404,0.002633231537644146
pos,PROPN,512,4,kl_full_to_compact,sink_plus_recent_minus_recent_only,-0.007121872828939145,14,-0.016287000388708672,0.00043585877281396827
pos,PUNCT,512,4,kl_full_to_compact,sink_plus_recent_minus_recent_only,-0.00042001056077886406,16,-0.004375098571390337,0.002999382846887565
pos,SCONJ,512,4,kl_full_to_compact,sink_plus_recent_minus_recent_only,-0.003143876131313542,11,-0.007577045669137133,0.001688592235652978
pos,SPACE,512,4,kl_full_to_compact,sink_plus_recent_minus_recent_only,0.0025365352553042915,16,-0.002826725212227359,0.008770846468238174
pos,VERB,512,4,kl_full_to_compact,sink_plus_recent_minus_recent_only,-0.00030801380592264583,16,-0.003320314709734033,0.0018320075648722628
pos,X,512,4,kl_full_to_compact,sink_plus_recent_minus_recent_only,-0.008442983031272888,2,-0.013947248458862305,-0.0029387176036834717
pos,ADJ,2048,4,kl_full_to_compact,sink_plus_recent_minus_recent_only,-0.0022517071380071083,14,-0.005693761575155519,0.00012650349862684183
pos,ADP,2048,4,kl_full_to_compact,sink_plus_recent_minus_recent_only,0.0008722179947002834,16,-0.0003927399273077854,0.002293170720847792
pos,ADV,2048,4,kl_full_to_compact,sink_plus_recent_minus_recent_only,-0.0022297326224912524,11,-0.008138132074038202,0.001648908515423747
pos,AUX,2048,4,kl_full_to_compact,sink_plus_recent_minus_recent_only,0.0004268693854496973,14,-0.0002003385957960454,0.0010702192639410544
pos,CCONJ,2048,4,kl_full_to_compact,sink_plus_recent_minus_recent_only,-0.0010985499584219524,15,-0.003993456069858642,0.001451183619598543
pos,DET,2048,4,kl_full_to_compact,sink_plus_recent_minus_recent_only,-0.000731664812684314,16,-0.0032112468945576563,0.0015493858210538745
pos,INTJ,2048,4,kl_full_to_compact,sink_plus_recent_minus_recent_only,0.0010659806430339813,2,-0.0010408610105514526,0.0031728222966194153
pos,NOUN,2048,4,kl_full_to_compact,sink_plus_recent_minus_recent_only,-0.0005769566389761756,16,-0.0031758794793637266,0.0013230181836690602
pos,NUM,2048,4,kl_full_to_compact,sink_plus_recent_minus_recent_only,0.003273956796652379,6,-0.0016467010568400533,0.009287629273227722
pos,PART,2048,4,kl_full_to_compact,sink_plus_recent_minus_recent_only,-0.001893824031647069,11,-0.005557798901855043,0.0017105083009510227
pos,PRON,2048,4,kl_full_to_compact,sink_plus_recent_minus_recent_only,-0.0012460224326348477,15,-0.003012754744746774,0.0006002847625102543
pos,PROPN,2048,4,kl_full_to_compact,sink_plus_recent_minus_recent_only,-0.0009701989152633862,14,-0.004974103503638592,0.0027297617236092787
pos,PUNCT,2048,4,kl_full_to_compact,sink_plus_recent_minus_recent_only,-0.0012682392414370995,16,-0.004614638334203933,0.0018423983599339924
pos,SCONJ,2048,4,kl_full_to_compact,sink_plus_recent_minus_recent_only,-0.00012316382631207955,11,-0.0036096417706699647,0.0028802535837078734
pos,SPACE,2048,4,kl_full_to_compact,sink_plus_recent_minus_recent_only,0.0024899940259084964,16,-0.00046872181747886554,0.005413719545312195
pos,VERB,2048,4,kl_full_to_compact,sink_plus_recent_minus_recent_only,-0.00044008367907164226,16,-0.0024495958940251874,0.001318806539579368
pos,X,2048,4,kl_full_to_compact,sink_plus_recent_minus_recent_only,-0.008816563058644533,2,-0.015745580196380615,-0.001887545920908451
pos,ADJ,8192,4,kl_full_to_compact,sink_plus_recent_minus_recent_only,0.0010075168461738022,14,-0.00082493504515721,0.0034509307748679433
pos,ADP,8192,4,kl_full_to_compact,sink_plus_recent_minus_recent_only,0.00011380117926165794,16,-0.0018494103097326325,0.001846549036809555
pos,ADV,8192,4,kl_full_to_compact,sink_plus_recent_minus_recent_only,0.003946521853019173,11,-0.000966324643800776,0.011044303213610402
pos,AUX,8192,4,kl_full_to_compact,sink_plus_recent_minus_recent_only,0.0016607020696115104,14,0.000249374822534654,0.003490408481835999
pos,CCONJ,8192,4,kl_full_to_compact,sink_plus_recent_minus_recent_only,-0.0001379847361628587,15,-0.000999413989767264,0.0008227442443280267
pos,DET,8192,4,kl_full_to_compact,sink_plus_recent_minus_recent_only,-0.0011698468399464173,16,-0.003737950893971304,0.0009148131796350083
pos,INTJ,8192,4,kl_full_to_compact,sink_plus_recent_minus_recent_only,-0.0024001500569283962,2,-0.003487398847937584,-0.0013129012659192085
pos,NOUN,8192,4,kl_full_to_compact,sink_plus_recent_minus_recent_only,-0.0007953473947667372,16,-0.0021320872654076338,0.000371495296741954
pos,NUM,8192,4,kl_full_to_compact,sink_plus_recent_minus_recent_only,0.0011567547882097844,6,-0.0005978246546065849,0.0037439364982270094
pos,PART,8192,4,kl_full_to_compact,sink_plus_recent_minus_recent_only,0.00018846057884564453,11,-0.0016155024715275924,0.0018043587217548365
pos,PRON,8192,4,kl_full_to_compact,sink_plus_recent_minus_recent_only,0.00023516675475550422,15,-0.0004414760569511343,0.0010388665642037235
pos,PROPN,8192,4,kl_full_to_compact,sink_plus_recent_minus_recent_only,0.000887217421290943,14,-0.0017596171428869922,0.0031818508180252525
pos,PUNCT,8192,4,kl_full_to_compact,sink_plus_recent_minus_recent_only,-0.000472064622680057,16,-0.001561119399624846,0.000530812960324323
pos,SCONJ,8192,4,kl_full_to_compact,sink_plus_recent_minus_recent_only,-0.00014289310748801765,11,-0.0006765501188497044,0.0003709475532752659
pos,SPACE,8192,4,kl_full_to_compact,sink_plus_recent_minus_recent_only,-0.0021077860400784704,16,-0.0073035563618587445,0.001459909714405584
pos,VERB,8192,4,kl_full_to_compact,sink_plus_recent_minus_recent_only,-0.0005277983224859228,16,-0.001793227340617429,0.0005942176363888302
pos,X,8192,4,kl_full_to_compact,sink_plus_recent_minus_recent_only,0.002971470123156905,2,0.0014886180870234966,0.004454322159290314
pos,ADJ,128,16,kl_full_to_compact,sink_plus_recent_minus_recent_only,0.028786050469407076,14,0.0055196855147488,0.060797989536715266
pos,ADP,128,16,kl_full_to_compact,sink_plus_recent_minus_recent_only,0.014250942091722965,16,0.0035489975942310232,0.024232234377610212
pos,ADV,128,16,kl_full_to_compact,sink_plus_recent_minus_recent_only,0.02132368248703918,11,0.0005828173130849436,0.041359624593433994
pos,AUX,128,16,kl_full_to_compact,sink_plus_recent_minus_recent_only,0.023637895711038744,14,-0.00029052928716520853,0.051436139580973435
pos,CCONJ,128,16,kl_full_to_compact,sink_plus_recent_minus_recent_only,0.07218030974682833,15,0.008808483716824815,0.17862970939992615
pos,DET,128,16,kl_full_to_compact,sink_plus_recent_minus_recent_only,0.027874731492123654,16,0.009232177121236982,0.04562943923164439
pos,INTJ,128,16,kl_full_to_compact,sink_plus_recent_minus_recent_only,0.024513348937034607,2,0.0170428603887558,0.031983837485313416
pos,NOUN,128,16,kl_full_to_compact,sink_plus_recent_minus_recent_only,0.031310114956147606,16,0.00906197283371688,0.055212772616832384
pos,NUM,128,16,kl_full_to_compact,sink_plus_recent_minus_recent_only,0.011022212873730395,6,-0.0014507316052913663,0.02727441272387902
pos,PART,128,16,kl_full_to_compact,sink_plus_recent_minus_recent_only,0.024652473972828104,11,0.004003827496798651,0.04762872091734387
pos,PRON,128,16,kl_full_to_compact,sink_plus_recent_minus_recent_only,0.03398578791546472,15,0.014446128266024476,0.05529037749520389
pos,PROPN,128,16,kl_full_to_compact,sink_plus_recent_minus_recent_only,0.11788086091547564,14,0.01795726991250048,0.26081822827122597
pos,PUNCT,128,16,kl_full_to_compact,sink_plus_recent_minus_recent_only,0.03030644577127763,16,0.014517761856531872,0.046050390303451344
pos,SCONJ,128,16,kl_full_to_compact,sink_plus_recent_minus_recent_only,0.05871258178641172,11,-0.010257667602237428,0.1538155456269371
pos,SPACE,128,16,kl_full_to_compact,sink_plus_recent_minus_recent_only,0.0699348574222616,16,0.0052093641222919936,0.15333809742282772
pos,VERB,128,16,kl_full_to_compact,sink_plus_recent_minus_recent_only,0.02925150189038469,16,0.014582766131076244,0.044228813797744806
pos,X,128,16,kl_full_to_compact,sink_plus_recent_minus_recent_only,0.053408414125442505,2,0.002532482147216797,0.10428434610366821
pos,ADJ,512,16,kl_full_to_compact,sink_plus_recent_minus_recent_only,0.0002874685170199822,14,-0.004286977918223647,0.003868086626816688
pos,ADP,512,16,kl_full_to_compact,sink_plus_recent_minus_recent_only,0.004038678819907134,16,0.002156471424683781,0.005848759294606226
pos,ADV,512,16,kl_full_to_compact,sink_plus_recent_minus_recent_only,0.0006045994391156866,11,-0.00832947651474652,0.01033862304027107
pos,AUX,512,16,kl_full_to_compact,sink_plus_recent_minus_recent_only,0.001688207728474648,14,-0.0008494324448893042,0.004527499397155799
pos,CCONJ,512,16,kl_full_to_compact,sink_plus_recent_minus_recent_only,0.002135617896500561,15,-0.0021074985086710915,0.006085523940726281
pos,DET,512,16,kl_full_to_compact,sink_plus_recent_minus_recent_only,0.004983962089006257,16,-0.0036681641551660417,0.017576667500463706
pos,INTJ,512,16,kl_full_to_compact,sink_plus_recent_minus_recent_only,-0.006753448396921158,2,-0.012522399425506592,-0.0009844973683357239
pos,NOUN,512,16,kl_full_to_compact,sink_plus_recent_minus_recent_only,-0.0034677622013053054,16,-0.012337605698787378,0.0038092326676114905
pos,NUM,512,16,kl_full_to_compact,sink_plus_recent_minus_recent_only,-0.001641277147306634,6,-0.00715644727788458,0.003886411765900739
pos,PART,512,16,kl_full_to_compact,sink_plus_recent_minus_recent_only,0.0142690415211925,11,0.0015804117468580833,0.03662803162199755
pos,PRON,512,16,kl_full_to_compact,sink_plus_recent_minus_recent_only,0.003566464362752475,15,0.0007311726291504853,0.0072348143181053875
pos,PROPN,512,16,kl_full_to_compact,sink_plus_recent_minus_recent_only,-0.01126267399455161,14,-0.03126911752469019,0.002411390059324872
pos,PUNCT,512,16,kl_full_to_compact,sink_plus_recent_minus_recent_only,0.008916804955977511,16,-0.0016959529120215426,0.024237378541389278
pos,SCONJ,512,16,kl_full_to_compact,sink_plus_recent_minus_recent_only,-0.0019603129088257747,11,-0.010139464383510956,0.004961415842637617
pos,SPACE,512,16,kl_full_to_compact,sink_plus_recent_minus_recent_only,0.008093896497719773,16,-0.002449861183562045,0.02160002866602288
pos,VERB,512,16,kl_full_to_compact,sink_plus_recent_minus_recent_only,0.00025270494781906843,16,-0.0028505495966434217,0.003152984263947508
pos,X,512,16,kl_full_to_compact,sink_plus_recent_minus_recent_only,-0.014332190155982971,2,-0.02858567237854004,-7.870793342590332e-05
pos,ADJ,2048,16,kl_full_to_compact,sink_plus_recent_minus_recent_only,-0.0011902916914006128,14,-0.004699717295433631,0.002265891242841832
pos,ADP,2048,16,kl_full_to_compact,sink_plus_recent_minus_recent_only,0.0010386745680434262,16,5.985624375102135e-05,0.0021927529571458566
pos,ADV,2048,16,kl_full_to_compact,sink_plus_recent_minus_recent_only,0.0008513052278431132,11,-0.002645854400398093,0.00397199395557188
pos,AUX,2048,16,kl_full_to_compact,sink_plus_recent_minus_recent_only,3.161491508608317e-05,14,-0.0010767193369757065,0.001105110578958243
pos,CCONJ,2048,16,kl_full_to_compact,sink_plus_recent_minus_recent_only,-0.0028551203871352805,15,-0.005178865686110738,-0.0002989697506806504
pos,DET,2048,16,kl_full_to_compact,sink_plus_recent_minus_recent_only,0.00019894104836913325,16,-0.0010703699146082121,0.0016464506085382407
pos,INTJ,2048,16,kl_full_to_compact,sink_plus_recent_minus_recent_only,0.001951734535396099,2,0.001128343865275383,0.002775125205516815
pos,NOUN,2048,16,kl_full_to_compact,sink_plus_recent_minus_recent_only,0.003737866688020445,16,-0.000367537587615727,0.008349836737958168
pos,NUM,2048,16,kl_full_to_compact,sink_plus_recent_minus_recent_only,0.005503079962404122,6,-0.0006644386205152841,0.014932745252735913
pos,PART,2048,16,kl_full_to_compact,sink_plus_recent_minus_recent_only,-4.563108827410766e-05,11,-0.002317495700016011,0.0018640557614465546
pos,PRON,2048,16,kl_full_to_compact,sink_plus_recent_minus_recent_only,-0.0004946478330830141,15,-0.0020642007961177294,0.0010009997020891358
pos,PROPN,2048,16,kl_full_to_compact,sink_plus_recent_minus_recent_only,-0.004253866994768527,14,-0.01897564324529344,0.005180058114076293
pos,PUNCT,2048,16,kl_full_to_compact,sink_plus_recent_minus_recent_only,-0.00793910714980614,16,-0.02659499879758403,0.0022064185718599695
pos,SCONJ,2048,16,kl_full_to_compact,sink_plus_recent_minus_recent_only,-0.004543848759071393,11,-0.008508299427657302,-0.0016148369124328549
pos,SPACE,2048,16,kl_full_to_compact,sink_plus_recent_minus_recent_only,0.0014523472322101345,16,-0.0025233657279856436,0.005648008027177031
pos,VERB,2048,16,kl_full_to_compact,sink_plus_recent_minus_recent_only,0.00033579080981344805,16,-0.0014070910449929996,0.0020314327380066607
pos,X,2048,16,kl_full_to_compact,sink_plus_recent_minus_recent_only,0.0027021411806344986,2,-0.0004305504262447357,0.005834832787513733
pos,ADJ,8192,16,kl_full_to_compact,sink_plus_recent_minus_recent_only,2.8378961739078043e-05,14,-0.0023455269185268706,0.001962639558291161
pos,ADP,8192,16,kl_full_to_compact,sink_plus_recent_minus_recent_only,-0.001217049672284972,16,-0.0036688055176108763,0.0004792419295160207
pos,ADV,8192,16,kl_full_to_compact,sink_plus_recent_minus_recent_only,0.0021329199623186,11,-0.0013239905250586824,0.007315618068998002
pos,AUX,8192,16,kl_full_to_compact,sink_plus_recent_minus_recent_only,0.000401525111527651,14,-0.0009994002727228002,0.002088163361574707
pos,CCONJ,8192,16,kl_full_to_compact,sink_plus_recent_minus_recent_only,0.0012164929167031205,15,-0.0007095512793279746,0.0035078509181686148
pos,DET,8192,16,kl_full_to_compact,sink_plus_recent_minus_recent_only,-0.0008139250663156245,16,-0.0027209844095523296,0.0009021533696042211
pos,INTJ,8192,16,kl_full_to_compact,sink_plus_recent_minus_recent_only,-0.0009361817501485348,2,-0.0009587928652763367,-0.0009135706350207329
pos,NOUN,8192,16,kl_full_to_compact,sink_plus_recent_minus_recent_only,-0.0004937651525800672,16,-0.0023797542003687893,0.0012064587101014979
pos,NUM,8192,16,kl_full_to_compact,sink_plus_recent_minus_recent_only,0.00048509250724338115,6,-0.001850613924201146,0.0023485144943000097
pos,PART,8192,16,kl_full_to_compact,sink_plus_recent_minus_recent_only,-0.000735170566953126,11,-0.0025734702188294086,0.0009035936669247204
pos,PRON,8192,16,kl_full_to_compact,sink_plus_recent_minus_recent_only,0.00029709576075587614,15,-0.00040917235498341876,0.0010308248924657158
pos,PROPN,8192,16,kl_full_to_compact,sink_plus_recent_minus_recent_only,0.00016601789217255374,14,-0.0025293980623647093,0.002722688401742812
pos,PUNCT,8192,16,kl_full_to_compact,sink_plus_recent_minus_recent_only,-0.0007112343249178914,16,-0.001973073920010479,0.00044451194604573044
pos,SCONJ,8192,16,kl_full_to_compact,sink_plus_recent_minus_recent_only,-0.0010769981917374853,11,-0.002824472422379944,0.00014933010721561522
pos,SPACE,8192,16,kl_full_to_compact,sink_plus_recent_minus_recent_only,-0.003769974810305617,16,-0.009690645629024684,-0.00016169702038484505
pos,VERB,8192,16,kl_full_to_compact,sink_plus_recent_minus_recent_only,-0.0009371068048153082,16,-0.0015647877947996915,-0.00030508012007150054
pos,X,8192,16,kl_full_to_compact,sink_plus_recent_minus_recent_only,0.006665142718702555,2,0.00031420309096574783,0.013016082346439362
pos,ADJ,128,4,top1_changed,sink_plus_recent_minus_recent_only,0.02040816326530612,14,0.0,0.0510204081632653
pos,ADP,128,4,top1_changed,sink_plus_recent_minus_recent_only,-0.012152777777777778,16,-0.05381944444444445,0.020833333333333332
pos,ADV,128,4,top1_changed,sink_plus_recent_minus_recent_only,-0.018181818181818184,11,-0.05454545454545456,0.0
pos,AUX,128,4,top1_changed,sink_plus_recent_minus_recent_only,0.08571428571428572,14,0.0,0.24285714285714285
pos,CCONJ,128,4,top1_changed,sink_plus_recent_minus_recent_only,-0.06666666666666667,15,-0.2,0.0
pos,DET,128,4,top1_changed,sink_plus_recent_minus_recent_only,-0.025,16,-0.0625,0.0
pos,INTJ,128,4,top1_changed,sink_plus_recent_minus_recent_only,-0.5,2,-1.0,0.0
pos,NOUN,128,4,top1_changed,sink_plus_recent_minus_recent_only,0.02228974424698109,16,0.005893640350877192,0.03955592995272267
pos,NUM,128,4,top1_changed,sink_plus_recent_minus_recent_only,0.027777777777777776,6,0.0,0.08333333333333333
pos,PART,128,4,top1_changed,sink_plus_recent_minus_recent_only,0.0,11,0.0,0.0
pos,PRON,128,4,top1_changed,sink_plus_recent_minus_recent_only,-0.041666666666666664,15,-0.11666666666666667,0.0
pos,PROPN,128,4,top1_changed,sink_plus_recent_minus_recent_only,0.01020408163265306,14,0.0,0.030612244897959183
pos,PUNCT,128,4,top1_changed,sink_plus_recent_minus_recent_only,-0.008432539682539682,16,-0.03823164682539683,0.01984126984126984
pos,SCONJ,128,4,top1_changed,sink_plus_recent_minus_recent_only,-0.007575757575757574,11,-0.09090909090909091,0.06818181818181818
pos,SPACE,128,4,top1_changed,sink_plus_recent_minus_recent_only,0.0015624999999999997,16,-0.018750000000000003,0.0234375
pos,VERB,128,4,top1_changed,sink_plus_recent_minus_recent_only,-0.0010890151515151533,16,-0.05,0.04053030303030303
pos,X,128,4,top1_changed,sink_plus_recent_minus_recent_only,0.0,2,0.0,0.0
pos,ADJ,512,4,top1_changed,sink_plus_recent_minus_recent_only,-0.0035714285714285704,14,-0.10057397959183673,0.07093112244897952
pos,ADP,512,4,top1_changed,sink_plus_recent_minus_recent_only,0.001116071428571428,16,-0.0390625,0.03459821428571429
pos,ADV,512,4,top1_changed,sink_plus_recent_minus_recent_only,-0.045454545454545456,11,-0.13636363636363635,0.0
pos,AUX,512,4,top1_changed,sink_plus_recent_minus_recent_only,-0.023809523809523808,14,-0.07142857142857142,0.0
pos,CCONJ,512,4,top1_changed,sink_plus_recent_minus_recent_only,0.0,15,0.0,0.0
pos,DET,512,4,top1_changed,sink_plus_recent_minus_recent_only,0.004687500000000001,16,-0.0234375,0.037500000000000006
pos,INTJ,512,4,top1_changed,sink_plus_recent_minus_recent_only,0.0,2,0.0,0.0
pos,NOUN,512,4,top1_changed,sink_plus_recent_minus_recent_only,-0.02035522043745728,16,-0.05462109642002734,0.012352614490772379
pos,NUM,512,4,top1_changed,sink_plus_recent_minus_recent_only,-0.08333333333333333,6,-0.25,0.0
pos,PART,512,4,top1_changed,sink_plus_recent_minus_recent_only,0.0,11,0.0,0.0
pos,PRON,512,4,top1_changed,sink_plus_recent_minus_recent_only,-0.006060606060606061,15,-0.01818181818181818,0.0
pos,PROPN,512,4,top1_changed,sink_plus_recent_minus_recent_only,-0.03214285714285715,14,-0.08214285714285714,0.0
pos,PUNCT,512,4,top1_changed,sink_plus_recent_minus_recent_only,-0.010416666666666666,16,-0.03125,0.0
pos,SCONJ,512,4,top1_changed,sink_plus_recent_minus_recent_only,0.0,11,0.0,0.0
pos,SPACE,512,4,top1_changed,sink_plus_recent_minus_recent_only,-0.015625,16,-0.046875,0.0
pos,VERB,512,4,top1_changed,sink_plus_recent_minus_recent_only,-0.015625,16,-0.046875,0.0
pos,X,512,4,top1_changed,sink_plus_recent_minus_recent_only,0.0,2,0.0,0.0
pos,ADJ,2048,4,top1_changed,sink_plus_recent_minus_recent_only,0.024489795918367346,14,0.0,0.05918367346938775
pos,ADP,2048,4,top1_changed,sink_plus_recent_minus_recent_only,0.010416666666666666,16,0.0,0.03125
pos,ADV,2048,4,top1_changed,sink_plus_recent_minus_recent_only,0.06363636363636363,11,0.0,0.15454545454545454
pos,AUX,2048,4,top1_changed,sink_plus_recent_minus_recent_only,-0.011904761904761904,14,-0.07142857142857142,0.03571428571428571
pos,CCONJ,2048,4,top1_changed,sink_plus_recent_minus_recent_only,0.0,15,0.0,0.0
pos,DET,2048,4,top1_changed,sink_plus_recent_minus_recent_only,-0.04427083333333333,16,-0.09895833333333333,0.0
pos,INTJ,2048,4,top1_changed,sink_plus_recent_minus_recent_only,0.0,2,0.0,0.0
pos,NOUN,2048,4,top1_changed,sink_plus_recent_minus_recent_only,-0.00625,16,-0.018750000000000003,0.0
pos,NUM,2048,4,top1_changed,sink_plus_recent_minus_recent_only,0.0,6,0.0,0.0
pos,PART,2048,4,top1_changed,sink_plus_recent_minus_recent_only,0.0,11,0.0,0.0
pos,PRON,2048,4,top1_changed,sink_plus_recent_minus_recent_only,-0.002777777777777777,15,-0.03333333333333333,0.025
pos,PROPN,2048,4,top1_changed,sink_plus_recent_minus_recent_only,0.0,14,0.0,0.0
pos,PUNCT,2048,4,top1_changed,sink_plus_recent_minus_recent_only,-0.008928571428571428,16,-0.026785714285714284,0.0
pos,SCONJ,2048,4,top1_changed,sink_plus_recent_minus_recent_only,0.09090909090909091,11,0.0,0.2727272727272727
pos,SPACE,2048,4,top1_changed,sink_plus_recent_minus_recent_only,0.0,16,0.0,0.0
pos,VERB,2048,4,top1_changed,sink_plus_recent_minus_recent_only,0.0203125,16,0.0,0.0484375
pos,X,2048,4,top1_changed,sink_plus_recent_minus_recent_only,0.0,2,0.0,0.0
pos,ADJ,8192,4,top1_changed,sink_plus_recent_minus_recent_only,0.004081632653061226,14,-0.030612244897959183,0.042857142857142864
pos,ADP,8192,4,top1_changed,sink_plus_recent_minus_recent_only,0.008928571428571428,16,0.0,0.026785714285714284
pos,ADV,8192,4,top1_changed,sink_plus_recent_minus_recent_only,-0.06818181818181818,11,-0.18181818181818182,0.0
pos,AUX,8192,4,top1_changed,sink_plus_recent_minus_recent_only,-0.011904761904761904,14,-0.03571428571428571,0.0
pos,CCONJ,8192,4,top1_changed,sink_plus_recent_minus_recent_only,0.0,15,0.0,0.0
pos,DET,8192,4,top1_changed,sink_plus_recent_minus_recent_only,-0.0109375,16,-0.06510416666666667,0.0359375
pos,INTJ,8192,4,top1_changed,sink_plus_recent_minus_recent_only,0.0,2,0.0,0.0
pos,NOUN,8192,4,top1_changed,sink_plus_recent_minus_recent_only,0.0,16,0.0,0.0
pos,NUM,8192,4,top1_changed,sink_plus_recent_minus_recent_only,0.0,6,0.0,0.0
pos,PART,8192,4,top1_changed,sink_plus_recent_minus_recent_only,-0.0303030303030303,11,-0.09090909090909091,0.0
pos,PRON,8192,4,top1_changed,sink_plus_recent_minus_recent_only,-0.004411764705882353,15,-0.025,0.01176470588235294
pos,PROPN,8192,4,top1_changed,sink_plus_recent_minus_recent_only,-0.017857142857142856,14,-0.05357142857142857,0.0
pos,PUNCT,8192,4,top1_changed,sink_plus_recent_minus_recent_only,0.0,16,0.0,0.0
pos,SCONJ,8192,4,top1_changed,sink_plus_recent_minus_recent_only,0.0,11,0.0,0.0
pos,SPACE,8192,4,top1_changed,sink_plus_recent_minus_recent_only,-0.015625,16,-0.046875,0.0
pos,VERB,8192,4,top1_changed,sink_plus_recent_minus_recent_only,0.0,16,0.0,0.0
pos,X,8192,4,top1_changed,sink_plus_recent_minus_recent_only,0.0,2,0.0,0.0
pos,ADJ,128,16,top1_changed,sink_plus_recent_minus_recent_only,-0.0025510204081632642,14,-0.04081632653061224,0.04336734693877552
pos,ADP,128,16,top1_changed,sink_plus_recent_minus_recent_only,-0.0017361111111111119,16,-0.05902777777777777,0.057291666666666664
pos,ADV,128,16,top1_changed,sink_plus_recent_minus_recent_only,0.03636363636363637,11,0.0,0.10909090909090911
pos,AUX,128,16,top1_changed,sink_plus_recent_minus_recent_only,0.08571428571428572,14,0.0,0.2285714285714286
pos,CCONJ,128,16,top1_changed,sink_plus_recent_minus_recent_only,0.0,15,-0.2,0.2
pos,DET,128,16,top1_changed,sink_plus_recent_minus_recent_only,0.0265625,16,-0.037500000000000006,0.109375
pos,INTJ,128,16,top1_changed,sink_plus_recent_minus_recent_only,0.0,2,0.0,0.0
pos,NOUN,128,16,top1_changed,sink_plus_recent_minus_recent_only,0.04041744987468672,16,0.0017195332080200507,0.07672844219924811
pos,NUM,128,16,top1_changed,sink_plus_recent_minus_recent_only,-0.08333333333333333,6,-0.25,0.0
pos,PART,128,16,top1_changed,sink_plus_recent_minus_recent_only,0.0,11,0.0,0.0
pos,PRON,128,16,top1_changed,sink_plus_recent_minus_recent_only,0.0021538918597742143,15,-0.08656020994256287,0.06419130025747673
pos,PROPN,128,16,top1_changed,sink_plus_recent_minus_recent_only,-0.007653061224489797,14,-0.05357142857142857,0.030612244897959183
pos,PUNCT,128,16,top1_changed,sink_plus_recent_minus_recent_only,0.013888888888888888,16,-0.020833333333333332,0.0625
pos,SCONJ,128,16,top1_changed,sink_plus_recent_minus_recent_only,0.053030303030303025,11,0.0,0.1212121212121212
pos,SPACE,128,16,top1_changed,sink_plus_recent_minus_recent_only,0.0140625,16,0.0,0.034375
pos,VERB,128,16,top1_changed,sink_plus_recent_minus_recent_only,0.008806818181818181,16,-0.02869318181818182,0.04261363636363637
pos,X,128,16,top1_changed,sink_plus_recent_minus_recent_only,0.0,2,0.0,0.0
pos,ADJ,512,16,top1_changed,sink_plus_recent_minus_recent_only,-0.04591836734693877,14,-0.12755102040816327,0.01020408163265306
pos,ADP,512,16,top1_changed,sink_plus_recent_minus_recent_only,0.002604166666666668,16,-0.041666666666666664,0.046875
pos,ADV,512,16,top1_changed,sink_plus_recent_minus_recent_only,0.0,11,0.0,0.0
pos,AUX,512,16,top1_changed,sink_plus_recent_minus_recent_only,-0.023809523809523808,14,-0.07142857142857142,0.0
pos,CCONJ,512,16,top1_changed,sink_plus_recent_minus_recent_only,0.0,15,0.0,0.0
pos,DET,512,16,top1_changed,sink_plus_recent_minus_recent_only,0.0,16,0.0,0.0
pos,INTJ,512,16,top1_changed,sink_plus_recent_minus_recent_only,0.0,2,0.0,0.0
pos,NOUN,512,16,top1_changed,sink_plus_recent_minus_recent_only,-0.002872474747474747,16,-0.042715041035353535,0.03721590909090909
pos,NUM,512,16,top1_changed,sink_plus_recent_minus_recent_only,-0.08333333333333333,6,-0.25,0.0
pos,PART,512,16,top1_changed,sink_plus_recent_minus_recent_only,0.0,11,0.0,0.0
pos,PRON,512,16,top1_changed,sink_plus_recent_minus_recent_only,0.02819865319865319,15,-0.025589225589225592,0.10186237373737367
pos,PROPN,512,16,top1_changed,sink_plus_recent_minus_recent_only,-0.049999999999999996,14,-0.10357142857142856,0.0
pos,PUNCT,512,16,top1_changed,sink_plus_recent_minus_recent_only,0.0125,16,-0.020833333333333332,0.04791666666666667
pos,SCONJ,512,16,top1_changed,sink_plus_recent_minus_recent_only,0.0,11,0.0,0.0
pos,SPACE,512,16,top1_changed,sink_plus_recent_minus_recent_only,-0.015625,16,-0.046875,0.0
pos,VERB,512,16,top1_changed,sink_plus_recent_minus_recent_only,0.009375000000000001,16,-0.034375,0.05
pos,X,512,16,top1_changed,sink_plus_recent_minus_recent_only,0.0,2,0.0,0.0
pos,ADJ,2048,16,top1_changed,sink_plus_recent_minus_recent_only,0.01020408163265306,14,0.0,0.030612244897959183
pos,ADP,2048,16,top1_changed,sink_plus_recent_minus_recent_only,0.0,16,0.0,0.0
pos,ADV,2048,16,top1_changed,sink_plus_recent_minus_recent_only,0.0818181818181818,11,0.0,0.17272727272727273
pos,AUX,2048,16,top1_changed,sink_plus_recent_minus_recent_only,-0.023809523809523808,14,-0.07142857142857142,0.0
pos,CCONJ,2048,16,top1_changed,sink_plus_recent_minus_recent_only,0.0,15,0.0,0.0
pos,DET,2048,16,top1_changed,sink_plus_recent_minus_recent_only,0.005803571428571429,16,-0.03125,0.04332031249999991
pos,INTJ,2048,16,top1_changed,sink_plus_recent_minus_recent_only,0.0,2,0.0,0.0
pos,NOUN,2048,16,top1_changed,sink_plus_recent_minus_recent_only,0.006076388888888888,16,-0.015668402777777774,0.032161458333333094
pos,NUM,2048,16,top1_changed,sink_plus_recent_minus_recent_only,0.0,6,0.0,0.0
pos,PART,2048,16,top1_changed,sink_plus_recent_minus_recent_only,0.0303030303030303,11,0.0,0.09090909090909091
pos,PRON,2048,16,top1_changed,sink_plus_recent_minus_recent_only,-0.002777777777777777,15,-0.03333333333333333,0.025
pos,PROPN,2048,16,top1_changed,sink_plus_recent_minus_recent_only,0.0,14,0.0,0.0
pos,PUNCT,2048,16,top1_changed,sink_plus_recent_minus_recent_only,-0.017857142857142856,16,-0.04464285714285714,0.0
pos,SCONJ,2048,16,top1_changed,sink_plus_recent_minus_recent_only,0.1212121212121212,11,0.0,0.3333333333333333
pos,SPACE,2048,16,top1_changed,sink_plus_recent_minus_recent_only,0.0,16,0.0,0.0
pos,VERB,2048,16,top1_changed,sink_plus_recent_minus_recent_only,0.0,16,0.0,0.0
pos,X,2048,16,top1_changed,sink_plus_recent_minus_recent_only,0.0,2,0.0,0.0
pos,ADJ,8192,16,top1_changed,sink_plus_recent_minus_recent_only,0.014285714285714287,14,0.0,0.042857142857142864
pos,ADP,8192,16,top1_changed,sink_plus_recent_minus_recent_only,-0.0078125,16,-0.0234375,0.0
pos,ADV,8192,16,top1_changed,sink_plus_recent_minus_recent_only,-0.02727272727272727,11,-0.13636363636363635,0.05454545454545456
pos,AUX,8192,16,top1_changed,sink_plus_recent_minus_recent_only,0.0,14,0.0,0.0
pos,CCONJ,8192,16,top1_changed,sink_plus_recent_minus_recent_only,0.016666666666666666,15,0.0,0.05
pos,DET,8192,16,top1_changed,sink_plus_recent_minus_recent_only,-0.013020833333333332,16,-0.0625,0.0234375
pos,INTJ,8192,16,top1_changed,sink_plus_recent_minus_recent_only,0.0,2,0.0,0.0
pos,NOUN,8192,16,top1_changed,sink_plus_recent_minus_recent_only,0.015922619047619047,16,0.0,0.03348586309523807
pos,NUM,8192,16,top1_changed,sink_plus_recent_minus_recent_only,0.0,6,0.0,0.0
pos,PART,8192,16,top1_changed,sink_plus_recent_minus_recent_only,0.0,11,0.0,0.0
pos,PRON,8192,16,top1_changed,sink_plus_recent_minus_recent_only,-0.004411764705882353,15,-0.025,0.01176470588235294
pos,PROPN,8192,16,top1_changed,sink_plus_recent_minus_recent_only,0.014285714285714287,14,0.0,0.042857142857142864
pos,PUNCT,8192,16,top1_changed,sink_plus_recent_minus_recent_only,-0.010416666666666666,16,-0.043154761904761904,0.017857142857142856
pos,SCONJ,8192,16,top1_changed,sink_plus_recent_minus_recent_only,0.0,11,0.0,0.0
pos,SPACE,8192,16,top1_changed,sink_plus_recent_minus_recent_only,0.0,16,0.0,0.0
pos,VERB,8192,16,top1_changed,sink_plus_recent_minus_recent_only,-0.028598484848484852,16,-0.06193181818181818,0.0
pos,X,8192,16,top1_changed,sink_plus_recent_minus_recent_only,0.0,2,0.0,0.0
is_first_subtoken,False,128,4,delta_ce,sink_plus_recent_minus_recent_only,0.02088590020503591,16,-0.009286199579129803,0.04929067395507708
is_first_subtoken,True,128,4,delta_ce,sink_plus_recent_minus_recent_only,0.002276800437452685,16,-0.006273844616474193,0.010204067175762731
is_first_subtoken,False,512,4,delta_ce,sink_plus_recent_minus_recent_only,0.0017394553194735414,16,-0.008425113281232232,0.012872259093549865
is_first_subtoken,True,512,4,delta_ce,sink_plus_recent_minus_recent_only,0.0030545318121059928,16,-0.0023040512898264438,0.008911389049080256
is_first_subtoken,False,2048,4,delta_ce,sink_plus_recent_minus_recent_only,0.004587083848527371,16,-0.006489234612672372,0.01720614537335012
is_first_subtoken,True,2048,4,delta_ce,sink_plus_recent_minus_recent_only,-0.0010893423696461926,16,-0.005135686444545907,0.0031644855684531447
is_first_subtoken,False,8192,4,delta_ce,sink_plus_recent_minus_recent_only,-0.003944838267335514,16,-0.010299866134372232,0.0014989196071709416
is_first_subtoken,True,8192,4,delta_ce,sink_plus_recent_minus_recent_only,0.0012237397170018708,16,-0.002455316913858816,0.005260961008800728
is_first_subtoken,False,128,16,delta_ce,sink_plus_recent_minus_recent_only,0.030174104858817857,16,-0.00782356629824898,0.07181023746410703
is_first_subtoken,True,128,16,delta_ce,sink_plus_recent_minus_recent_only,0.04384800243178501,16,0.02296587013454213,0.06619834861700516
is_first_subtoken,False,512,16,delta_ce,sink_plus_recent_minus_recent_only,0.002283484645757872,16,-0.008732258224986201,0.013045801608026103
is_first_subtoken,True,512,16,delta_ce,sink_plus_recent_minus_recent_only,0.01163269042136118,16,0.004843910536362975,0.019212616993029383
is_first_subtoken,False,2048,16,delta_ce,sink_plus_recent_minus_recent_only,0.004348303322527091,16,-0.0012296625947420463,0.012236402572815405
is_first_subtoken,True,2048,16,delta_ce,sink_plus_recent_minus_recent_only,0.00015775583339202345,16,-0.003534247041265479,0.0036942526103717547
is_first_subtoken,False,8192,16,delta_ce,sink_plus_recent_minus_recent_only,2.4783816750803067e-05,16,-0.007336367372787298,0.008402846211202004
is_first_subtoken,True,8192,16,delta_ce,sink_plus_recent_minus_recent_only,0.002204086138274485,16,-0.0008804918624626643,0.005763167566510062
is_first_subtoken,False,128,4,kl_full_to_compact,sink_plus_recent_minus_recent_only,0.018683151544207167,16,0.002601242869136085,0.03919550453506793
is_first_subtoken,True,128,4,kl_full_to_compact,sink_plus_recent_minus_recent_only,0.0041691145981798666,16,-0.0001421880841802766,0.008539521226958972
is_first_subtoken,False,512,4,kl_full_to_compact,sink_plus_recent_minus_recent_only,-0.001324407376830841,16,-0.006473700076359137,0.0019197747016002531
is_first_subtoken,True,512,4,kl_full_to_compact,sink_plus_recent_minus_recent_only,0.0005843327978185907,16,-0.000654034518893255,0.0018173858323438717
is_first_subtoken,False,2048,4,kl_full_to_compact,sink_plus_recent_minus_recent_only,0.00037809166421098005,16,-0.001806167581335482,0.002752488618103032
is_first_subtoken,True,2048,4,kl_full_to_compact,sink_plus_recent_minus_recent_only,-0.0002140457239046552,16,-0.0006375518891926081,0.00019334414684099108
is_first_subtoken,False,8192,4,kl_full_to_compact,sink_plus_recent_minus_recent_only,2.8028028279316317e-05,16,-0.0005617888275628902,0.0006738649277447564
is_first_subtoken,True,8192,4,kl_full_to_compact,sink_plus_recent_minus_recent_only,-6.727415060945753e-05,16,-0.0006749657126098022,0.0006797264661886778
is_first_subtoken,False,128,16,kl_full_to_compact,sink_plus_recent_minus_recent_only,0.027924643278346394,16,0.0034673892347816385,0.056131334989197895
is_first_subtoken,True,128,16,kl_full_to_compact,sink_plus_recent_minus_recent_only,0.037076367303122526,16,0.023796644267727166,0.05268217241791313
is_first_subtoken,False,512,16,kl_full_to_compact,sink_plus_recent_minus_recent_only,-0.004341048176952908,16,-0.0104143917488027,0.0007924213210723769
is_first_subtoken,True,512,16,kl_full_to_compact,sink_plus_recent_minus_recent_only,0.0027948807091985697,16,9.5767032917684e-05,0.0063073149214057924
is_first_subtoken,False,2048,16,kl_full_to_compact,sink_plus_recent_minus_recent_only,0.0011784941837350215,16,-0.0005640294483441205,0.0032427196580801423
is_first_subtoken,True,2048,16,kl_full_to_compact,sink_plus_recent_minus_recent_only,3.3243595926927346e-05,16,-0.0019501829887862037,0.0016522201870921905
is_first_subtoken,False,8192,16,kl_full_to_compact,sink_plus_recent_minus_recent_only,0.0003483781790111306,16,-0.0008305659072046466,0.0014401556544336098
is_first_subtoken,True,8192,16,kl_full_to_compact,sink_plus_recent_minus_recent_only,-0.0005229898054449255,16,-0.0013046222204110575,0.00016994612563716574
is_first_subtoken,False,128,4,top1_changed,sink_plus_recent_minus_recent_only,0.03333333333333333,16,0.0,0.07916666666666666
is_first_subtoken,True,128,4,top1_changed,sink_plus_recent_minus_recent_only,-0.0010211425145020291,16,-0.01589982503165544,0.013125923312065291
is_first_subtoken,False,512,4,top1_changed,sink_plus_recent_minus_recent_only,-0.004807692307692308,16,-0.014423076923076924,0.0
is_first_subtoken,True,512,4,top1_changed,sink_plus_recent_minus_recent_only,-0.010941037148922608,16,-0.01974241928856493,-0.0014441192960232873
is_first_subtoken,False,2048,4,top1_changed,sink_plus_recent_minus_recent_only,0.0,16,0.0,0.0
is_first_subtoken,True,2048,4,top1_changed,sink_plus_recent_minus_recent_only,0.001718492497181022,16,-0.005903328632704623,0.008976600731955043
is_first_subtoken,False,8192,4,top1_changed,sink_plus_recent_minus_recent_only,-0.00625,16,-0.018750000000000003,0.0
is_first_subtoken,True,8192,4,top1_changed,sink_plus_recent_minus_recent_only,-0.004255771827841938,16,-0.009761047687509534,0.0012880325683809406
is_first_subtoken,False,128,16,top1_changed,sink_plus_recent_minus_recent_only,0.0125,16,0.0,0.03125
is_first_subtoken,True,128,16,top1_changed,sink_plus_recent_minus_recent_only,0.01674159543607733,16,0.0014513899628827715,0.03387849779088492
is_first_subtoken,False,512,16,top1_changed,sink_plus_recent_minus_recent_only,-0.011057692307692308,16,-0.04230769230769231,0.013942307692307693
is_first_subtoken,True,512,16,top1_changed,sink_plus_recent_minus_recent_only,-0.006930027726459347,16,-0.015336478981935643,0.0023285279731586985
is_first_subtoken,False,2048,16,top1_changed,sink_plus_recent_minus_recent_only,0.0,16,0.0,0.0
is_first_subtoken,True,2048,16,top1_changed,sink_plus_recent_minus_recent_only,0.005343824692677482,16,-0.0033213529753671864,0.013706231398276083
is_first_subtoken,False,8192,16,top1_changed,sink_plus_recent_minus_recent_only,-0.004807692307692308,16,-0.014423076923076924,0.0
is_first_subtoken,True,8192,16,top1_changed,sink_plus_recent_minus_recent_only,0.0030195021475536623,16,-0.007293319188077263,0.013794783036629545
