layer,block_index,content_minus_function,ci_low,ci_high,documents,ci_excludes_zero,permutation_p_value,fdr_q_value,fdr_significant_0.05,key_start,key_end
0,0,2.552505240227776e-05,1.615227939998287e-06,5.20015090560312e-05,8,True,0.09375,0.33707865168539325,False,0,128
0,1,2.9461363406473528e-05,-1.7930906606560766e-05,7.797790436397024e-05,8,False,0.2890625,0.5530642750373692,False,128,256
0,2,3.1342246969224814e-05,-2.4663069737488127e-05,7.908129209358577e-05,8,False,0.3046875,0.5652173913043478,False,256,384
0,3,4.577227940292477e-05,-3.4805910504726177e-05,0.00011988213574267559,8,False,0.3046875,0.5652173913043478,False,384,512
0,4,6.777007671397488e-05,-1.967246323645358e-06,0.00014729179179445183,8,False,0.140625,0.391304347826087,False,512,640
0,5,6.011703625470705e-05,-1.9159191668741233e-05,0.00014824215135577392,8,False,0.28125,0.5504587155963303,False,640,768
0,6,4.216417120354144e-05,-5.287412487792288e-05,0.0001375732014060035,8,False,0.4453125,0.692588092345079,False,768,896
0,7,7.977712901303713e-06,-5.4425578083057506e-05,6.756847805833023e-05,8,False,0.8203125,0.9186351706036745,False,896,1024
0,8,-3.888293139499155e-05,-0.00017757307945673212,8.81419233443197e-05,8,False,0.6171875,0.797979797979798,False,1024,1152
0,9,4.699530963557958e-05,-2.47418559704396e-05,0.00011013624841039248,8,False,0.28125,0.5504587155963303,False,1152,1280
0,10,6.579662027213577e-05,-5.449446799454742e-06,0.00015880995680095193,8,False,0.21875,0.4827586206896552,False,1280,1408
0,11,3.968293095254715e-05,-1.0515152469840374e-05,8.933412968533438e-05,8,False,0.1953125,0.45454545454545453,False,1408,1536
0,12,1.2733531539538474e-05,-1.670818618355266e-05,4.5255382833011656e-05,8,False,0.5078125,0.7352941176470589,False,1536,1664
0,13,5.623423999768593e-05,4.9505600718432986e-06,0.00010542305446125252,8,True,0.1015625,0.34759358288770054,False,1664,1792
0,14,1.9957524915532006e-05,-4.7675914348688404e-05,8.638682892029019e-05,8,False,0.609375,0.7934893184130214,False,1792,1920
0,15,4.1120322788643795e-05,-1.7212950108932306e-05,9.304849677179238e-05,8,False,0.21875,0.4827586206896552,False,1920,2048
0,16,3.764574125193232e-05,5.581908297230992e-06,6.983462742916209e-05,8,True,0.09375,0.33707865168539325,False,2048,2176
0,17,3.2410165184337884e-06,-2.346736255801281e-05,3.069959013297947e-05,8,False,0.890625,0.9484193011647255,False,2176,2304
0,18,1.8229883708050412e-05,-6.9106756553990695e-06,4.6039284255209456e-05,8,False,0.28125,0.5504587155963303,False,2304,2432
0,19,3.6828530695658175e-05,-1.1383941506047478e-06,7.714638732440564e-05,8,False,0.140625,0.391304347826087,False,2432,2560
0,20,2.925268453378557e-05,-1.625436242758432e-05,7.437831806290351e-05,8,False,0.2890625,0.5530642750373692,False,2560,2688
0,21,5.1393444952322885e-05,2.3896379736202555e-05,7.859046133465367e-05,8,True,0.0234375,0.2054794520547945,False,2688,2816
0,22,4.59102578124599e-05,-2.337172748183997e-06,9.403070487828033e-05,8,False,0.140625,0.391304347826087,False,2816,2944
0,23,2.7590796290235395e-05,1.008111279001619e-05,4.765069610090284e-05,8,True,0.015625,0.16806722689075632,False,2944,3072
0,24,4.4732090575859534e-05,2.4371663372505027e-05,6.874075815802517e-05,8,True,0.0078125,0.14925373134328357,False,3072,3200
0,25,4.723439169429881e-05,1.119771250017123e-05,7.916139122110831e-05,8,True,0.0546875,0.2777777777777778,False,3200,3328
0,26,3.283767397443613e-05,9.484722129842513e-06,5.903563526255261e-05,8,True,0.0390625,0.25,False,3328,3456
0,27,5.296885137711761e-05,3.7490401011975134e-05,7.098077311294506e-05,8,True,0.0078125,0.14925373134328357,False,3456,3584
0,28,4.398794075510023e-05,2.7711791363364737e-05,6.069166565868259e-05,8,True,0.0078125,0.14925373134328357,False,3584,3712
0,29,3.4496363545240356e-05,1.7983123368514745e-05,5.142485919008742e-05,8,True,0.0078125,0.14925373134328357,False,3712,3840
0,30,3.140788949278885e-05,1.1575526089848184e-05,5.187561331393813e-05,8,True,0.03125,0.22727272727272727,False,3840,3968
0,31,5.8922624392846254e-05,3.3275332083186635e-05,8.73996330999535e-05,8,True,0.0078125,0.14925373134328357,False,3968,4096
0,32,0.0001004806936957642,2.847980838717102e-05,0.00017926733371655652,8,True,0.03125,0.22727272727272727,False,4096,4224
0,33,6.060477028855754e-05,2.3719276466547373e-05,0.00010356983397025631,8,True,0.015625,0.16806722689075632,False,4224,4352
0,34,-4.6855323996519756e-05,-0.00010952345309731535,1.216946612269031e-05,8,False,0.21875,0.4827586206896552,False,4352,4480
0,35,2.4116915832912732e-05,-9.165482402516965e-06,5.677272384494897e-05,8,False,0.2265625,0.48986486486486486,False,4480,4608
0,36,9.91367019241905e-05,1.4556266768741741e-05,0.00019003057170517378,8,True,0.078125,0.31347962382445144,False,4608,4736
0,37,3.895842506448502e-05,-8.24554742583447e-06,9.061798626003236e-05,8,False,0.1953125,0.45454545454545453,False,4736,4864
0,38,5.733464980671914e-05,1.4182941116110112e-05,9.952195454851728e-05,8,True,0.0546875,0.2777777777777778,False,4864,4992
0,39,0.0001524945515365878,8.874219984250067e-05,0.00020798461684662655,8,True,0.015625,0.16806722689075632,False,4992,5120
0,40,0.00011893602156855653,2.2086612565859045e-05,0.00021411517416611756,8,True,0.0703125,0.30612244897959184,False,5120,5248
0,41,-6.347098306831961e-05,-0.0001539720244761267,3.035355599866379e-05,8,False,0.25,0.5186385737439222,False,5248,5376
0,42,2.9268783111263355e-05,-9.847501494411728e-06,6.881149451760891e-05,8,False,0.2578125,0.5263157894736842,False,5376,5504
0,43,3.8067335545337446e-05,4.4766540249353945e-06,7.170717008142007e-05,8,True,0.0625,0.28776978417266186,False,5504,5632
0,44,2.653558563403652e-05,-3.5071980234288735e-05,0.00011443275529626751,8,False,0.7578125,0.886654478976234,False,5632,5760
0,45,4.1619364095675656e-05,1.3851282196156528e-05,7.420978694238149e-05,8,True,0.015625,0.16806722689075632,False,5760,5888
0,46,-5.948270942347363e-05,-0.0001295379921975905,1.7831262827692257e-05,8,False,0.1875,0.4436229205175601,False,5888,6016
0,47,-0.00041115636837797947,-0.0006803411687437744,-0.00016912709216650463,8,True,0.015625,0.16806722689075632,False,6016,6144
0,48,-0.0001281966713952989,-0.0002607277884101814,1.3213894477438727e-05,8,False,0.15625,0.4106776180698152,False,6144,6272
0,49,7.575469335887816e-06,-9.563977276977509e-05,0.000108672204884078,8,False,0.8828125,0.947986577181208,False,6272,6400
0,50,0.00015140830273963752,-4.233187019147931e-05,0.0003582022560479819,8,False,0.203125,0.4626334519572954,False,6400,6528
0,51,4.859514019792718e-05,-6.76918274430434e-05,0.000150631549954882,8,False,0.4375,0.6862745098039216,False,6528,6656
0,52,-0.00015383560318784294,-0.0003066383442888882,-3.69131325573975e-05,8,True,0.0078125,0.14925373134328357,False,6656,6784
0,53,-0.0006103054437755032,-0.0012685542118849192,1.4955938501775814e-05,8,False,0.1328125,0.38288288288288286,False,6784,6912
0,54,-8.788645472243331e-05,-0.00027287485575819173,6.83013052687519e-05,8,False,0.4296875,0.6781750924784217,False,6912,7040
0,55,2.4520274931563697e-05,-2.573276478191926e-05,7.899210022765646e-05,8,False,0.4296875,0.6781750924784217,False,7040,7168
0,56,-5.2660381089225444e-05,-0.0001631982904497835,6.695884128500167e-05,8,False,0.4375,0.6862745098039216,False,7168,7296
0,57,-0.00012333633729487404,-0.0005855526363066871,0.00033741502847192277,8,False,0.640625,0.8094768015794669,False,7296,7424
0,58,0.0006318106236429622,-9.543051016921034e-06,0.0012700784402102188,8,False,0.125,0.37383177570093457,False,7424,7552
0,59,5.124020923481879e-05,-0.00014750530958677546,0.00023267246588778686,8,False,0.6171875,0.797979797979798,False,7552,7680
0,60,2.898872101544467e-05,-2.0043187146692536e-05,8.306449037170962e-05,8,False,0.3671875,0.625,False,7680,7808
0,61,-3.850099313388526e-06,-0.00020701846326509285,0.0001712686761550701,8,False,0.984375,0.9936908517350158,False,7808,7936
0,62,2.700446796803196e-05,-4.723334036345736e-05,9.755733922081703e-05,8,False,0.5078125,0.7352941176470589,False,7936,8064
0,63,9.352676688680528e-06,-2.6265480659017288e-05,4.898841292187358e-05,8,False,0.671875,0.8317214700193424,False,8064,8192
0,64,-4.430646730456899e-05,-0.00018015454740664003,0.00012163671426315578,8,False,0.6484375,0.816125860373648,False,8192,8320
0,65,4.525354945022282e-05,-0.00018146751757696416,0.0002926600954273797,8,False,0.7265625,0.8675373134328358,False,8320,8448
0,66,0.00023986631855823582,-9.722600727667e-05,0.0005443974866667366,8,False,0.21875,0.4827586206896552,False,8448,8576
0,67,4.863615855514041e-05,-2.09817695735589e-05,0.00013061657307946405,8,False,0.34375,0.6027397260273972,False,8576,8704
0,68,6.582657772695281e-05,-4.8257373147199834e-05,0.0001755119297138809,8,False,0.3125,0.5738880918220947,False,8704,8832
0,69,9.376648317698202e-05,-4.880776557845698e-05,0.00022075677710311294,8,False,0.25,0.5186385737439222,False,8832,8960
0,70,1.5168655667050087e-05,-4.4223342414200455e-05,6.534025601462331e-05,8,False,0.609375,0.7934893184130214,False,8960,9088
0,71,2.5673014787283414e-05,3.8921872595452955e-06,5.2754707743511844e-05,8,True,0.0625,0.28776978417266186,False,9088,9216
0,72,4.9556227517778134e-05,-5.7828436770607965e-06,0.00010050480691026392,8,False,0.125,0.37383177570093457,False,9216,9344
0,73,7.411606560856827e-05,-4.346941475788751e-05,0.00017241394180752412,8,False,0.2421875,0.5081967213114754,False,9344,9472
0,74,3.0018147311807212e-05,-9.239833963473987e-06,7.41706541898525e-05,8,False,0.2421875,0.5081967213114754,False,9472,9600
0,75,5.589239657296976e-05,-7.045644038878711e-05,0.00019408827383956547,8,False,0.453125,0.7004830917874396,False,9600,9728
0,76,0.00028825385176723685,1.9195679932095615e-06,0.0005345909080941422,8,True,0.09375,0.33707865168539325,False,9728,9856
0,77,9.260210634817577e-05,-4.885943338115106e-05,0.0002077701054040772,8,False,0.25,0.5186385737439222,False,9856,9984
0,78,5.454818106037212e-05,1.862279367387272e-05,9.2980050211399e-05,8,True,0.046875,0.26666666666666666,False,9984,10112
0,79,9.191396511096933e-05,-0.00014551817367622474,0.0003224336708756309,8,False,0.5,0.7289293849658315,False,10112,10240
0,80,0.0002643376439401442,-5.6868133546981374e-05,0.0005512455743915354,8,False,0.1640625,0.42084168336673344,False,10240,10368
0,81,9.315055312522364e-05,4.160318476998598e-05,0.0001490818615418591,8,True,0.015625,0.16806722689075632,False,10368,10496
0,82,-0.00030137399782844884,-0.000610872022315619,2.5413478588732662e-05,8,False,0.1171875,0.36231884057971014,False,10496,10624
0,83,0.0002930909346362865,8.389531683985682e-05,0.0005158808092091802,8,True,0.046875,0.26666666666666666,False,10624,10752
0,84,0.00046628952606205106,-0.00029101554297862944,0.0010786804337680434,8,False,0.25,0.5186385737439222,False,10752,10880
0,85,8.677673905944586e-05,4.2517630163583864e-05,0.00012758980135099001,8,True,0.015625,0.16806722689075632,False,10880,11008
0,86,-0.00010891771829763181,-0.0007649528486817912,0.0005289456729917754,8,False,0.7265625,0.8675373134328358,False,11008,11136
0,87,-0.0004975132022899454,-0.0016102902492740611,0.0005288699989088293,8,False,0.421875,0.6716417910447762,False,11136,11264
0,88,0.0001404993358324753,-0.0001795619540147147,0.0004849886930316987,8,False,0.5078125,0.7352941176470589,False,11264,11392
0,89,0.0016650770508038508,-0.00028726277284865426,0.003729351229382614,8,False,0.1640625,0.42084168336673344,False,11392,11520
0,90,-6.986794290931957e-05,-0.00037048986897739134,0.00019534351813845722,8,False,0.6953125,0.8476190476190476,False,11520,11648
0,91,0.0004197338334721273,8.816841575537209e-05,0.0007313984308888217,8,True,0.0546875,0.2777777777777778,False,11648,11776
0,92,0.00013480780150338832,-2.260885478773109e-05,0.00029144031052551054,8,False,0.1484375,0.4051172707889126,False,11776,11904
0,93,0.0001651394658531737,8.424592483531151e-05,0.00023648039241196182,8,True,0.015625,0.16806722689075632,False,11904,12032
0,94,0.0001774975910489228,1.8826856729837246e-05,0.000359580116001201,8,True,0.0859375,0.3235294117647059,False,12032,12160
0,95,0.00027205970303665147,3.0281715026025412e-05,0.0005196780453166053,8,True,0.078125,0.31347962382445144,False,12160,12288
0,96,5.888169079579689e-05,-7.2002749593709265e-06,0.00012837524302975468,8,False,0.171875,0.43052837573385516,False,12288,12416
0,97,9.82950285176375e-05,1.6650069901924308e-05,0.0001817634563861141,8,True,0.1015625,0.34759358288770054,False,12416,12544
0,98,0.00014896422550696696,2.858070728580671e-05,0.00026069013124830183,8,True,0.0625,0.28776978417266186,False,12544,12672
0,99,-1.1714317619103019e-05,-0.00027135821110704913,0.00020671665447062203,8,False,0.9609375,0.9800796812749004,False,12672,12800
0,100,5.4300787405317074e-05,-8.383335182545692e-05,0.00017475427564661323,8,False,0.4296875,0.6781750924784217,False,12800,12928
0,101,0.00035685073183831155,2.0276347837449755e-05,0.0008249572566045395,8,True,0.1015625,0.34759358288770054,False,12928,13056
0,102,0.00030891097993499716,1.0361721897365526e-05,0.0006085152688102572,8,True,0.109375,0.35175879396984927,False,13056,13184
0,103,-0.0001597545215051286,-0.0003045675802599973,-2.2183951124347163e-05,8,True,0.1015625,0.34759358288770054,False,13184,13312
0,104,0.0001766355078506318,6.357455085725316e-05,0.00031412791483952074,8,True,0.03125,0.22727272727272727,False,13312,13440
0,105,0.00010636123410061663,4.5048487884176845e-05,0.0001645010449100612,8,True,0.0234375,0.2054794520547945,False,13440,13568
0,106,0.00010833602523457333,-1.5891647757815005e-05,0.00021833477067878908,8,False,0.1328125,0.38288288288288286,False,13568,13696
0,107,0.0001155455100143918,7.483817817338207e-05,0.00016238227023330901,8,True,0.0078125,0.14925373134328357,False,13696,13824
0,108,0.00013250504528927325,2.7672014969365207e-05,0.000258699022831383,8,True,0.0390625,0.25,False,13824,13952
0,109,0.0002707635844308913,0.00015110058483972346,0.0003912714830924483,8,True,0.015625,0.16806722689075632,False,13952,14080
0,110,0.0002874185918008434,3.218922365993322e-05,0.0005361625978221279,8,True,0.0859375,0.3235294117647059,False,14080,14208
0,111,0.0002046358090053383,7.319845376970936e-05,0.0003535501206299498,8,True,0.0234375,0.2054794520547945,False,14208,14336
0,112,0.00022976915639834192,0.0001005419597284248,0.00036991952439201903,8,True,0.03125,0.22727272727272727,False,14336,14464
0,113,0.00034469991429178753,0.00018730400294267216,0.0005089494484810228,8,True,0.0078125,0.14925373134328357,False,14464,14592
0,114,0.00022061312023346488,5.5404193809601235e-05,0.00040082463564662175,8,True,0.0546875,0.2777777777777778,False,14592,14720
0,115,0.0003861375105558112,0.00015329051280248046,0.0006166861947263958,8,True,0.03125,0.22727272727272727,False,14720,14848
0,116,0.0004109745351425111,0.0002042986787786212,0.000646702147598011,8,True,0.0078125,0.14925373134328357,False,14848,14976
0,117,0.00046489679682698375,0.00019659130254096952,0.0006991008486707263,8,True,0.03125,0.22727272727272727,False,14976,15104
0,118,0.0004372304177051782,0.0002495922518581441,0.000657980293493462,8,True,0.0078125,0.14925373134328357,False,15104,15232
0,119,0.00027322964544422676,0.00011875236449820381,0.0004131416490293105,8,True,0.0234375,0.2054794520547945,False,15232,15360
0,120,0.0007691229313829548,0.00025999474606105055,0.0012653510596106765,8,True,0.0390625,0.25,False,15360,15488
0,121,0.0006550598398926881,0.0003456525232062663,0.0009922072228136809,8,True,0.0078125,0.14925373134328357,False,15488,15616
0,122,0.0006974082275734233,0.00034320798614015423,0.0010336563847170338,8,True,0.015625,0.16806722689075632,False,15616,15744
0,123,0.00040950873915816853,-2.8030578651469407e-05,0.0008450814176138453,8,False,0.140625,0.391304347826087,False,15744,15872
0,124,0.0007940090799906834,8.810805773547953e-05,0.0014789657203240427,8,True,0.078125,0.31347962382445144,False,15872,16000
0,125,0.0011943695760145445,0.0005903023233566301,0.0016677741087309018,8,True,0.015625,0.16806722689075632,False,16000,16128
0,126,-0.0007957348632841683,-0.003204275660786262,0.0022892487270305905,8,False,0.625,0.7984031936127745,False,16128,16256
0,127,-0.014353267206555366,-0.019571971620890652,-0.007755934464391037,8,True,0.015625,0.16806722689075632,False,16256,16320
1,0,0.0001995039114463699,-3.2591814410362716e-07,0.0003978246787532553,8,False,0.140625,0.391304347826087,False,0,128
1,1,6.191867992106582e-05,-3.0277474686469106e-05,0.00015016851092607828,8,False,0.25,0.5186385737439222,False,128,256
1,2,6.612568481959661e-05,-5.106207295297634e-06,0.000136250192766673,8,False,0.1328125,0.38288288288288286,False,256,384
1,3,-2.376068293080604e-05,-9.170595976276667e-05,4.842560626809101e-05,8,False,0.546875,0.7608695652173914,False,384,512
1,4,9.078995056110463e-06,-5.389788453526965e-05,6.68431467202106e-05,8,False,0.8359375,0.9302325581395349,False,512,640
1,5,3.198154770719399e-06,-7.051669734380736e-05,6.431216899757784e-05,8,False,0.9375,0.9693053311793215,False,640,768
1,6,-1.5673705242403983e-05,-0.00011560404622961161,6.913304586205172e-05,8,False,0.78125,0.8936550491510277,False,768,896
1,7,-7.315452891884478e-05,-0.00016836115526280842,1.7245981420537383e-05,8,False,0.2265625,0.48986486486486486,False,896,1024
1,8,-0.0001041196672261024,-0.00022274755904575405,8.666055957426469e-06,8,False,0.15625,0.4106776180698152,False,1024,1152
1,9,-5.0069103346918884e-05,-0.00012116520325587926,9.706780045387907e-06,8,False,0.21875,0.4827586206896552,False,1152,1280
1,10,0.00010994700531462878,8.355253164727934e-06,0.00023347279081432432,8,True,0.09375,0.33707865168539325,False,1280,1408
1,11,0.00016699178780408495,7.089892091920863e-05,0.0002727050345181134,8,True,0.015625,0.16806722689075632,False,1408,1536
1,12,4.505964258285901e-05,1.3113962948733699e-05,7.491082290879712e-05,8,True,0.046875,0.26666666666666666,False,1536,1664
1,13,3.5766605515812034e-05,4.3348454980100476e-06,6.556390853900913e-05,8,True,0.0859375,0.3235294117647059,False,1664,1792
1,14,2.5390958794214622e-05,-1.6305345596768475e-05,6.70531464301357e-05,8,False,0.2890625,0.5530642750373692,False,1792,1920
1,15,5.5830500771866885e-05,3.840263619676236e-07,0.0001147660834558611,8,True,0.09375,0.33707865168539325,False,1920,2048
1,16,3.802552291142064e-05,1.2487306051808765e-05,6.353966512151512e-05,8,True,0.03125,0.22727272727272727,False,2048,2176
1,17,-1.8699063415267237e-06,-4.1921442838804825e-05,3.621550286095684e-05,8,False,0.9375,0.9693053311793215,False,2176,2304
1,18,2.2720672372488794e-05,-1.9960601384650356e-05,5.833708737814207e-05,8,False,0.3046875,0.5652173913043478,False,2304,2432
1,19,1.2584784610437778e-05,-1.1689080632359679e-05,3.3328244040334914e-05,8,False,0.34375,0.6027397260273972,False,2432,2560
1,20,2.036411012133101e-05,-1.3466819579553647e-05,5.639921768365248e-05,8,False,0.3125,0.5738880918220947,False,2560,2688
1,21,6.395516363270673e-06,-1.7211309838339377e-05,3.029497566620588e-05,8,False,0.65625,0.8195121951219512,False,2688,2816
1,22,3.6140671409890944e-06,-1.800873806856988e-05,2.523598422547816e-05,8,False,0.734375,0.871177015755329,False,2816,2944
1,23,5.2731294804771775e-06,-2.5361363543523962e-05,3.938473532961526e-05,8,False,0.7890625,0.8977777777777778,False,2944,3072
1,24,2.142278994560109e-05,-3.278648113007237e-06,4.5835595648816374e-05,8,False,0.15625,0.4106776180698152,False,3072,3200
1,25,1.9468833175837456e-05,1.4288369502515495e-08,3.908122239650036e-05,8,True,0.1171875,0.36231884057971014,False,3200,3328
1,26,-1.1277198151620038e-05,-3.8403368978192474e-05,1.5831914119039112e-05,8,False,0.4609375,0.7040572792362768,False,3328,3456
1,27,1.6728515715676984e-05,-2.042241763236235e-05,6.356765041598146e-05,8,False,0.5703125,0.7749469214437368,False,3456,3584
1,28,4.277280797834759e-07,-2.671580954481053e-05,3.150651214389204e-05,8,False,0.984375,0.9936908517350158,False,3584,3712
1,29,-2.895753069251085e-05,-7.43722304701631e-05,1.2766224746872086e-05,8,False,0.2578125,0.5263157894736842,False,3712,3840
1,30,-9.636929443850186e-06,-4.371492472218839e-05,2.2451888953065665e-05,8,False,0.5859375,0.7836990595611285,False,3840,3968
1,31,-1.3863794746123511e-05,-4.481138002958495e-05,1.6674604257611067e-05,8,False,0.375,0.631578947368421,False,3968,4096
1,32,-1.3641900833178072e-05,-5.254702165676566e-05,1.6180556892516582e-05,8,False,0.5625,0.7700534759358288,False,4096,4224
1,33,1.3226488117410882e-05,-1.9939831108997094e-05,4.1236836247648395e-05,8,False,0.4375,0.6862745098039216,False,4224,4352
1,34,-2.207716951735462e-06,-3.527884976276494e-05,2.551264857552122e-05,8,False,0.9375,0.9693053311793215,False,4352,4480
1,35,-7.805295750612325e-06,-4.036017479914628e-05,1.9495712112229402e-05,8,False,0.7109375,0.8576814326107446,False,4480,4608
1,36,-1.4902561973781164e-05,-3.765054309752799e-05,4.116537637200601e-06,8,False,0.3125,0.5738880918220947,False,4608,4736
1,37,-7.411654224839031e-06,-2.5671359751946974e-05,1.3868201346142318e-05,8,False,0.53125,0.748898678414097,False,4736,4864
1,38,9.006336880805344e-06,-9.653765174599542e-06,2.951290436444001e-05,8,False,0.46875,0.7117437722419929,False,4864,4992
1,39,1.5335675049502707e-05,-5.136203561962293e-06,3.8147509589528946e-05,8,False,0.2734375,0.546875,False,4992,5120
1,40,1.1693448512364941e-05,-1.4790613011945539e-05,4.103600800477881e-05,8,False,0.46875,0.7117437722419929,False,5120,5248
1,41,2.1126790810625996e-05,-1.4824377112603249e-05,6.386919801844591e-05,8,False,0.4140625,0.6658291457286433,False,5248,5376
1,42,2.1490299906004774e-05,-2.9353426844844275e-05,7.165547004393623e-05,8,False,0.453125,0.7004830917874396,False,5376,5504
1,43,6.607978434254244e-07,-3.431837229975994e-05,3.639924942828174e-05,8,False,0.9609375,0.9800796812749004,False,5504,5632
1,44,1.7143078703861904e-05,-4.02615078238328e-05,7.396321165623793e-05,8,False,0.59375,0.7905544147843943,False,5632,5760
1,45,4.522948778943101e-06,-5.93402755074528e-05,7.092773069309537e-05,8,False,0.96875,0.9849086576648134,False,5760,5888
1,46,-4.338771316793712e-05,-9.991068738692327e-05,2.767933356535398e-05,8,False,0.2421875,0.5081967213114754,False,5888,6016
1,47,-1.0338470853751586e-05,-5.3503900172851616e-05,3.823563396415392e-05,8,False,0.6796875,0.8389585342333655,False,6016,6144
1,48,-8.09120826019164e-05,-0.00018010673355372988,7.780887505881662e-06,8,False,0.1640625,0.42084168336673344,False,6144,6272
1,49,-8.80723946640321e-05,-0.00017482076338882946,-3.920349815299696e-06,8,True,0.109375,0.35175879396984927,False,6272,6400
1,50,-0.0002941999411762171,-0.00037146274813178675,-0.00021002951139865832,8,True,0.0078125,0.14925373134328357,False,6400,6528
1,51,-0.00023019258603182072,-0.0005555258095105279,4.4013065325105e-05,8,False,0.3828125,0.6422018348623854,False,6528,6656
1,52,-0.00010185300183159423,-0.00019761646693024283,-1.1913619368809529e-05,8,True,0.078125,0.31347962382445144,False,6656,6784
1,53,-0.00011602615388948273,-0.0002404181137992778,2.144217602135865e-05,8,False,0.15625,0.4106776180698152,False,6784,6912
1,54,-0.0001243348283096118,-0.0003165930176108607,5.2749249675997534e-05,8,False,0.2578125,0.5263157894736842,False,6912,7040
1,55,-6.317339210978176e-05,-0.00014669413986490522,9.916562013911246e-06,8,False,0.2265625,0.48986486486486486,False,7040,7168
1,56,-2.8543606158070746e-05,-0.00012688447390977233,5.980063799036574e-05,8,False,0.578125,0.7789473684210526,False,7168,7296
1,57,-3.9166590058579374e-05,-8.37421987995929e-05,5.5922538041327465e-06,8,False,0.15625,0.4106776180698152,False,7296,7424
1,58,-6.132971068464492e-05,-0.00011608051404857114,-1.191288494136871e-05,8,True,0.0703125,0.30612244897959184,False,7424,7552
1,59,-0.00012037604639468811,-0.0001838263999307652,-6.350167565645108e-05,8,True,0.015625,0.16806722689075632,False,7552,7680
1,60,-2.4412816422296328e-05,-0.00012489877687107216,5.089152189202426e-05,8,False,0.7734375,0.8918918918918919,False,7680,7808
1,61,3.991910978818085e-05,-2.345197734874606e-05,9.392342616538414e-05,8,False,0.25,0.5186385737439222,False,7808,7936
1,62,1.2400953704349898e-05,-5.489854995321356e-05,8.074567001874607e-05,8,False,0.7265625,0.8675373134328358,False,7936,8064
1,63,-1.6327562339293032e-05,-9.740582437203326e-05,5.521227031669831e-05,8,False,0.703125,0.8547008547008547,False,8064,8192
1,64,-6.994987158340281e-05,-0.0001529735213459131,1.3998800141791944e-05,8,False,0.171875,0.43052837573385516,False,8192,8320
1,65,-6.866052098306909e-05,-0.00021789824866168348,7.879605120841924e-05,8,False,0.4375,0.6862745098039216,False,8320,8448
1,66,9.16095885468021e-05,-0.00012135818026155835,0.000254508557121353,8,False,0.421875,0.6716417910447762,False,8448,8576
1,67,3.124698096553042e-05,-2.3150192389418046e-05,9.131265710629233e-05,8,False,0.34375,0.6027397260273972,False,8576,8704
1,68,-2.066544469106905e-05,-8.673967821889955e-05,5.8505051681683065e-05,8,False,0.6171875,0.797979797979798,False,8704,8832
1,69,-1.734333655872898e-05,-5.796319974107791e-05,2.9020516225932867e-05,8,False,0.484375,0.7217694994179278,False,8832,8960
1,70,4.673876401270374e-05,-3.9107798768711795e-05,0.0001262936728813577,8,False,0.3359375,0.5972222222222222,False,8960,9088
1,71,1.4886316695739274e-05,-8.717540699839093e-05,0.00010822578035832767,8,False,0.765625,0.8876811594202898,False,9088,9216
1,72,-6.172471130918059e-06,-9.036307132637402e-05,7.737469680413236e-05,8,False,0.84375,0.9302325581395349,False,9216,9344
1,73,-8.708109463212649e-06,-7.12326377931125e-05,6.740191913514182e-05,8,False,0.7734375,0.8918918918918919,False,9344,9472
1,74,-8.158918621199506e-05,-0.0001828334889157947,1.608660707618268e-05,8,False,0.1875,0.4436229205175601,False,9472,9600
1,75,8.792034045263035e-05,-8.860022595164907e-05,0.00021660396981805865,8,False,0.3359375,0.5972222222222222,False,9600,9728
1,76,-3.4220017116130623e-05,-0.0001623921212875034,8.553145428390202e-05,8,False,0.6015625,0.7905544147843943,False,9728,9856
1,77,-7.164340861963024e-05,-0.00025247741847643057,9.08824754470689e-05,8,False,0.5078125,0.7352941176470589,False,9856,9984
1,78,6.247777028005623e-05,-0.00016313441187229563,0.00024817278573033784,8,False,0.6015625,0.7905544147843943,False,9984,10112
1,79,-8.582792282258415e-06,-7.56480749646071e-05,5.6421014741197596e-05,8,False,0.8515625,0.936426116838488,False,10112,10240
1,80,2.3273073709118865e-05,-8.264053966922942e-05,0.00010724928379817416,8,False,0.6953125,0.8476190476190476,False,10240,10368
1,81,-5.321393057284825e-06,-9.406699569616865e-05,8.675219986572727e-05,8,False,0.9140625,0.9605911330049262,False,10368,10496
1,82,2.5825800737963502e-05,-5.578437086584852e-05,0.00010217514874072018,8,False,0.5859375,0.7836990595611285,False,10496,10624
1,83,7.576153211281348e-05,-2.2169584626222213e-05,0.00016204890370867737,8,False,0.1796875,0.4380952380952381,False,10624,10752
1,84,7.083709591979259e-05,-3.734063235310849e-05,0.0001614287014430197,8,False,0.2109375,0.47619047619047616,False,10752,10880
1,85,5.393241937759583e-05,-4.418317433377161e-05,0.00014187464701359177,8,False,0.3203125,0.5823863636363636,False,10880,11008
1,86,-1.8527014598978555e-05,-0.0002199210174820118,0.00016359947740911563,8,False,0.890625,0.9484193011647255,False,11008,11136
1,87,0.0002886446443791062,-5.550616460739063e-05,0.0005511346655068907,8,False,0.1328125,0.38288288288288286,False,11136,11264
1,88,8.30772165862938e-06,-7.085477753480084e-05,8.956714887031497e-05,8,False,0.84375,0.9302325581395349,False,11264,11392
1,89,9.443356276594452e-05,-2.8130152060512694e-05,0.00020938782403422747,8,False,0.203125,0.4626334519572954,False,11392,11520
1,90,-4.3753786003632405e-05,-0.00017517501233871167,7.90890698371102e-05,8,False,0.53125,0.748898678414097,False,11520,11648
1,91,4.51811476502496e-05,-0.00013569800818960512,0.00022207220184152345,8,False,0.6328125,0.805168986083499,False,11648,11776
1,92,0.00018509313195780612,-7.302083933287287e-06,0.0003424708190916222,8,False,0.125,0.37383177570093457,False,11776,11904
1,93,1.4592167866512695e-05,-7.03208058866788e-05,9.43310810593793e-05,8,False,0.7421875,0.8739650413983441,False,11904,12032
1,94,-4.367342280138899e-05,-0.00020356610493533426,8.215100475342489e-05,8,False,0.5625,0.7700534759358288,False,12032,12160
1,95,9.13068683260032e-05,-9.276366925426176e-05,0.0002587615885033311,8,False,0.3671875,0.625,False,12160,12288
1,96,-2.5593437898894145e-05,-0.00015719753573336694,8.773794885369196e-05,8,False,0.734375,0.871177015755329,False,12288,12416
1,97,1.927738268879981e-05,-4.3919582954949244e-05,7.493970592578646e-05,8,False,0.578125,0.7789473684210526,False,12416,12544
1,98,-3.6215082797580456e-05,-0.00016042752066858126,7.63696441077245e-05,8,False,0.5625,0.7700534759358288,False,12544,12672
1,99,-2.591876387336592e-05,-9.721099673465565e-05,3.4412575331770345e-05,8,False,0.578125,0.7789473684210526,False,12672,12800
1,100,-3.108605551341509e-05,-0.0001371371944167885,7.173769921101178e-05,8,False,0.625,0.7984031936127745,False,12800,12928
1,101,0.0001401249974607076,-5.04029139446127e-05,0.00029993382400934725,8,False,0.1484375,0.4051172707889126,False,12928,13056
1,102,4.319859265398366e-05,-9.94096371051903e-06,0.00010105884722549376,8,False,0.21875,0.4827586206896552,False,13056,13184
1,103,2.7351858146228776e-06,-0.00020575067089597,0.00021277596362045427,8,False,0.984375,0.9936908517350158,False,13184,13312
1,104,5.874029661221986e-05,-0.00010009659837264788,0.0002116995375329552,8,False,0.5,0.7289293849658315,False,13312,13440
1,105,-3.998252510383372e-05,-0.00014586822714947307,7.379431820607369e-05,8,False,0.5234375,0.7486033519553073,False,13440,13568
1,106,8.524953626510591e-05,-0.00012431273232110327,0.0002542753129470423,8,False,0.4375,0.6862745098039216,False,13568,13696
1,107,-3.0187578633988042e-05,-0.00015629524897995198,0.00010663573590978467,8,False,0.640625,0.8094768015794669,False,13696,13824
1,108,-4.7864062946210745e-05,-0.00021132407957696062,0.00011488294496159357,8,False,0.6015625,0.7905544147843943,False,13824,13952
1,109,-4.663826319746913e-06,-0.00011875869096037838,0.0001099835750033831,8,False,0.84375,0.9302325581395349,False,13952,14080
1,110,6.724818341920301e-05,-0.00013476764774151664,0.0002532806865353169,8,False,0.546875,0.7608695652173914,False,14080,14208
1,111,2.054042070251226e-05,-0.00011682434145004828,0.00013904386485920182,8,False,0.8046875,0.9074889867841409,False,14208,14336
1,112,9.824262095096297e-06,-9.120544066068403e-05,0.00010872494816947204,8,False,0.8671875,0.9414758269720102,False,14336,14464
1,113,-4.950897059684007e-05,-0.00018369161162512298,8.962960782280742e-05,8,False,0.4921875,0.7258064516129032,False,14464,14592
1,114,1.0371718949282228e-05,-0.0001007584841568451,0.00012235619140846092,8,False,0.8671875,0.9414758269720102,False,14592,14720
1,115,0.00013199753419600982,-3.208508803664086e-05,0.00029690749309158916,8,False,0.171875,0.43052837573385516,False,14720,14848
1,116,0.00020790883235259584,-4.519862111769491e-05,0.0004555368913110148,8,False,0.1796875,0.4380952380952381,False,14848,14976
1,117,1.532801629264746e-05,-0.0002218227446476131,0.0002463503156914785,8,False,0.921875,0.9624796084828712,False,14976,15104
1,118,0.00019907806717739266,-7.913765465689484e-05,0.0004688991437768713,8,False,0.234375,0.5,False,15104,15232
1,119,-3.350746980378312e-05,-0.00014575168148381516,9.233817548943795e-05,8,False,0.6171875,0.797979797979798,False,15232,15360
1,120,6.82950702648056e-05,-0.00010574834960384286,0.0002403368320949242,8,False,0.484375,0.7217694994179278,False,15360,15488
1,121,0.00016080516633205292,-0.00012350925002927544,0.0004627582773844353,8,False,0.34375,0.6027397260273972,False,15488,15616
1,122,-0.00013380796930641758,-0.0006551800870549813,0.00042543113621699123,8,False,0.6640625,0.8252427184466019,False,15616,15744
1,123,0.00047057881642349254,6.489903378309502e-05,0.00098279301904492,8,True,0.0625,0.28776978417266186,False,15744,15872
1,124,0.00038324642727645994,-5.0870458459361985e-05,0.0007877938516013838,8,False,0.140625,0.391304347826087,False,15872,16000
1,125,0.00017460748295127382,-0.0004270770108453681,0.0007594799598601098,8,False,0.6015625,0.7905544147843943,False,16000,16128
1,126,-0.00025957420681139553,-0.0018781127763717303,0.0016763929520758375,8,False,0.8203125,0.9186351706036745,False,16128,16256
1,127,-0.0016558672912623251,-0.010873249932659416,0.006867765854500593,8,False,0.7578125,0.886654478976234,False,16256,16320
2,0,0.0007248010087080124,0.00010288668601295993,0.0013343528827920365,8,True,0.0859375,0.3235294117647059,False,0,128
2,1,0.00022377604100166378,4.965694821004431e-05,0.00043488191605659074,8,True,0.046875,0.26666666666666666,False,128,256
2,2,5.190853325574813e-05,-0.00011621347994583746,0.00027049957017071235,8,False,0.765625,0.8876811594202898,False,256,384
2,3,2.167148727520783e-05,-0.000259233082595405,0.0002512744247879457,8,False,0.875,0.9467455621301775,False,384,512
2,4,0.00012538804499316722,-3.513584595683783e-05,0.0003157813187218201,8,False,0.2734375,0.546875,False,512,640
2,5,5.683097019117968e-05,-8.657869979485086e-05,0.00023351319213835728,8,False,0.53125,0.748898678414097,False,640,768
2,6,0.00013034116170536336,-4.0514561542427316e-05,0.00032684811191207664,8,False,0.2421875,0.5081967213114754,False,768,896
2,7,-0.00011256691462451076,-0.0003942036028722015,0.0001670105679259381,8,False,0.4921875,0.7258064516129032,False,896,1024
2,8,0.00016980036527183275,-0.00014910371594542657,0.00046973952712743734,8,False,0.3515625,0.6089309878213802,False,1024,1152
2,9,2.3327046624029414e-05,-9.602037002155923e-05,0.00014100317799427132,8,False,0.7890625,0.8977777777777778,False,1152,1280
2,10,0.00011735255690421581,-3.5320810608868204e-05,0.0002945165452910799,8,False,0.2890625,0.5530642750373692,False,1280,1408
2,11,5.2836582327502984e-05,-3.725097976278564e-05,0.00014575038783905733,8,False,0.328125,0.5898876404494382,False,1408,1536
2,12,2.3675004251590283e-05,-5.582741036730848e-05,0.00013189934247087113,8,False,0.796875,0.9018567639257294,False,1536,1664
2,13,-5.420622373762381e-05,-0.0002111516499793802,0.00012220314930697,8,False,0.5234375,0.7486033519553073,False,1664,1792
2,14,-1.025991617497509e-05,-6.556388119306373e-05,5.207183300763342e-05,8,False,0.78125,0.8936550491510277,False,1792,1920
2,15,2.8198639015035714e-05,-9.187887423987745e-05,0.00014522522660453515,8,False,0.640625,0.8094768015794669,False,1920,2048
2,16,5.062945545902559e-05,-2.6176732759938625e-05,0.0001314666742651929,8,False,0.3046875,0.5652173913043478,False,2048,2176
2,17,2.1848407032901943e-05,-0.0001037504184681858,0.00016510707199293007,8,False,0.8046875,0.9074889867841409,False,2176,2304
2,18,0.00012777566522268827,3.581776141580059e-05,0.00021815992113182234,8,True,0.046875,0.26666666666666666,False,2304,2432
2,19,-9.068037878963935e-05,-0.0003253147372752112,0.0002167299659360958,8,False,0.5625,0.7700534759358288,False,2432,2560
2,20,0.00030342079138701245,5.2774315169658024e-05,0.0006103338537225502,8,True,0.0625,0.28776978417266186,False,2560,2688
2,21,0.00011689937236365695,4.125380215125774e-06,0.00024169382828690517,8,True,0.125,0.37383177570093457,False,2688,2816
2,22,0.00013266932248015995,2.858806682278978e-06,0.000274834060927396,8,True,0.171875,0.43052837573385516,False,2816,2944
2,23,-1.0189953383796355e-05,-0.0001785951156225962,0.00016072058702431603,8,False,0.8828125,0.947986577181208,False,2944,3072
2,24,-3.512956124392602e-05,-9.945165820186738e-05,2.4396993676773244e-05,8,False,0.359375,0.6166219839142091,False,3072,3200
2,25,0.00014701469569130589,-1.6909149269295258e-05,0.0003141408677678854,8,False,0.15625,0.4106776180698152,False,3200,3328
2,26,-4.9602595551685106e-05,-0.0001581191655988485,7.208480065362518e-05,8,False,0.4453125,0.692588092345079,False,3328,3456
2,27,0.00015806669738947663,6.0918679017506476e-05,0.00025534447730915283,8,True,0.03125,0.22727272727272727,False,3456,3584
2,28,8.304172961266483e-05,-1.9511493098252947e-05,0.00020618044282897405,8,False,0.2578125,0.5263157894736842,False,3584,3712
2,29,-5.413029754146537e-05,-0.00020883315171002837,0.00011643421517216258,8,False,0.5546875,0.7667386609071274,False,3712,3840
2,30,0.00012006231863258678,7.908871209239519e-06,0.00023503656733508157,8,True,0.078125,0.31347962382445144,False,3840,3968
2,31,-5.5804105410638344e-05,-0.00025098654480585773,0.00014217279966499365,8,False,0.6171875,0.797979797979798,False,3968,4096
2,32,-1.7041906258572067e-05,-0.00017760189930865635,0.00011429687179396065,8,False,0.84375,0.9302325581395349,False,4096,4224
2,33,9.744980928232579e-05,1.1403177652639858e-05,0.000177151705597671,8,True,0.0703125,0.30612244897959184,False,4224,4352
2,34,2.1876685802823986e-05,-2.3883665369219494e-05,7.157452401466711e-05,8,False,0.421875,0.6716417910447762,False,4352,4480
2,35,1.9118942919320615e-05,-5.275852171024002e-05,9.312985731444957e-05,8,False,0.65625,0.8195121951219512,False,4480,4608
2,36,2.6246120213215432e-05,-5.7135467405977937e-05,0.00011894077748065048,8,False,0.6484375,0.816125860373648,False,4608,4736
2,37,6.3576266242759e-05,-8.05356792593803e-06,0.0001404065013432666,8,False,0.171875,0.43052837573385516,False,4736,4864
2,38,-8.235115120816856e-06,-9.496272469339978e-05,9.310130270343055e-05,8,False,0.890625,0.9484193011647255,False,4864,4992
2,39,9.672478193564979e-05,1.1041171718233703e-05,0.00019409255281750535,8,True,0.078125,0.31347962382445144,False,4992,5120
2,40,8.701040953456316e-05,2.851499225926715e-06,0.00017402021808264633,8,True,0.1328125,0.38288288288288286,False,5120,5248
2,41,0.00014666745373858448,6.803221559809146e-05,0.00022736029569041393,8,True,0.0078125,0.14925373134328357,False,5248,5376
2,42,0.0001793026782212751,7.444958139298102e-05,0.000303051297676669,8,True,0.015625,0.16806722689075632,False,5376,5504
2,43,4.0981513396969244e-05,-4.662800217605009e-05,0.00013221623851354336,8,False,0.390625,0.648508430609598,False,5504,5632
2,44,0.00012984914691024243,4.6320923057028955e-06,0.000273719220437739,8,True,0.15625,0.4106776180698152,False,5632,5760
2,45,2.9666365185447064e-05,-3.394328576401984e-05,0.00010777816695736805,8,False,0.5625,0.7700534759358288,False,5760,5888
2,46,3.657301022350664e-05,-2.870718313397491e-05,0.00012226157068379013,8,False,0.5,0.7289293849658315,False,5888,6016
2,47,7.548549571168895e-05,-2.394784164502282e-05,0.00020373264418077505,8,False,0.296875,0.5621301775147929,False,6016,6144
2,48,-3.886124021093291e-05,-0.00013739711450118966,8.040593972724016e-05,8,False,0.53125,0.748898678414097,False,6144,6272
2,49,-2.1576162822005917e-06,-4.893526323271043e-05,3.365111979791e-05,8,False,0.9609375,0.9800796812749004,False,6272,6400
2,50,-0.000124267703354624,-0.00023153173586529873,-2.652590244023839e-05,8,True,0.0703125,0.30612244897959184,False,6400,6528
2,51,2.1859794379077135e-05,-4.06063723873701e-05,8.1756599740907e-05,8,False,0.53125,0.748898678414097,False,6528,6656
2,52,-2.5380482705427635e-05,-8.200146301647892e-05,3.758876439389579e-05,8,False,0.4609375,0.7040572792362768,False,6656,6784
2,53,-1.0004138253096669e-05,-7.466711472151989e-05,6.212710112795885e-05,8,False,0.78125,0.8936550491510277,False,6784,6912
2,54,-2.3863984339337414e-06,-6.12909567632514e-05,5.743212990173661e-05,8,False,0.921875,0.9624796084828712,False,6912,7040
2,55,1.9217218349897898e-05,-4.82908320591244e-05,9.28311352557751e-05,8,False,0.6640625,0.8252427184466019,False,7040,7168
2,56,2.3333313052711495e-05,-3.7126199212018284e-05,8.976385800832663e-05,8,False,0.5390625,0.755750273822563,False,7168,7296
2,57,2.337028696722883e-06,-6.651979772116472e-05,8.396254555435468e-05,8,False,0.9609375,0.9800796812749004,False,7296,7424
2,58,4.803151121458355e-05,-6.32521100348814e-05,0.0001512320879800402,8,False,0.453125,0.7004830917874396,False,7424,7552
2,59,3.319579468466589e-05,-4.576348390079873e-05,0.00013031142508744824,8,False,0.6015625,0.7905544147843943,False,7552,7680
2,60,0.00020793774328564598,8.633400396089919e-05,0.00037530866134549316,8,True,0.015625,0.16806722689075632,False,7680,7808
2,61,0.00014017077869222624,6.828744769337065e-05,0.00022316000974821298,8,True,0.0078125,0.14925373134328357,False,7808,7936
2,62,7.659808857785321e-05,5.512918336200087e-06,0.0001638804544585465,8,True,0.109375,0.35175879396984927,False,7936,8064
2,63,0.00012810763266072234,3.982511724650076e-05,0.0002366911493803613,8,True,0.03125,0.22727272727272727,False,8064,8192
2,64,7.04150251539179e-05,-2.756691825170407e-05,0.0001802293339050272,8,False,0.2734375,0.546875,False,8192,8320
2,65,2.1157520829985803e-05,-4.186999334585262e-05,7.577789498648548e-05,8,False,0.5234375,0.7486033519553073,False,8320,8448
2,66,8.639990244048234e-05,-1.2052645630998594e-05,0.00018970424648748744,8,False,0.1875,0.4436229205175601,False,8448,8576
2,67,-1.8299133513170553e-05,-7.784872724439871e-05,4.587148233374682e-05,8,False,0.59375,0.7905544147843943,False,8576,8704
2,68,6.679511848461066e-05,1.590550197531377e-06,0.00013116643416305007,8,True,0.1171875,0.36231884057971014,False,8704,8832
2,69,4.389467990740193e-05,-1.4792694138904982e-05,0.00010667789162413564,8,False,0.234375,0.5,False,8832,8960
2,70,0.0001734770956892286,7.246545566757628e-05,0.0002834410914910149,8,True,0.0078125,0.14925373134328357,False,8960,9088
2,71,3.9831081109295053e-05,-8.390598100519108e-05,0.00018111004341696044,8,False,0.6015625,0.7905544147843943,False,9088,9216
2,72,0.00014289678895096749,-1.996916694665371e-05,0.0003572343462153421,8,False,0.1875,0.4436229205175601,False,9216,9344
2,73,0.0001575567948581584,7.061440649509067e-06,0.00030611666201651105,8,True,0.109375,0.35175879396984927,False,9344,9472
2,74,4.077038344856156e-05,-7.069043137560753e-05,0.00013885819188594887,8,False,0.4921875,0.7258064516129032,False,9472,9600
2,75,1.9602628245980595e-05,-0.0002546519153085305,0.00024322530163814514,8,False,0.8515625,0.936426116838488,False,9600,9728
2,76,2.187403266858297e-05,-0.0002099861042428444,0.0002748413270918424,8,False,0.8671875,0.9414758269720102,False,9728,9856
2,77,-1.4844773498919614e-05,-0.0002017475838082462,0.00016368365161674756,8,False,0.859375,0.9414758269720102,False,9856,9984
2,78,0.00016588877135222154,4.28543736953457e-05,0.0002966236694429753,8,True,0.0546875,0.2777777777777778,False,9984,10112
2,79,3.150260668436717e-05,-5.039751760605956e-05,0.00014544779332730656,8,False,0.75,0.8807339449541285,False,10112,10240
2,80,7.33315048568783e-05,-5.79464823197704e-06,0.00014908716267187684,8,False,0.125,0.37383177570093457,False,10240,10368
2,81,8.526059658317732e-05,-0.00017386517311133084,0.0003272258131627124,8,False,0.53125,0.748898678414097,False,10368,10496
2,82,0.0003925068136697951,8.688353378207347e-05,0.000682815386505242,8,True,0.078125,0.31347962382445144,False,10496,10624
2,83,0.00017187943546294402,-2.5722963069003088e-05,0.0003149591840194526,8,False,0.109375,0.35175879396984927,False,10624,10752
2,84,0.00023375147847086404,4.8436289510970287e-05,0.00043072684227283273,8,True,0.078125,0.31347962382445144,False,10752,10880
2,85,0.0001824635387755712,2.0712920920343226e-05,0.00034320573646672345,8,True,0.0859375,0.3235294117647059,False,10880,11008
2,86,3.596494875355075e-05,-0.00012656030097347047,0.00019061953242395928,8,False,0.6875,0.8437200383509108,False,11008,11136
2,87,0.00017755010509646447,-9.248696660309243e-05,0.00045576277079202116,8,False,0.2734375,0.546875,False,11136,11264
2,88,2.487406787231723e-05,-9.667422104151555e-05,0.00015521640045449182,8,False,0.7109375,0.8576814326107446,False,11264,11392
2,89,0.00016582935378062872,9.70948754115431e-06,0.00035391360669247265,8,True,0.1171875,0.36231884057971014,False,11392,11520
2,90,-7.700415400860761e-07,-9.586927614819594e-05,0.00011996863418769438,8,False,0.9921875,0.997643362136685,False,11520,11648
2,91,0.00012363420423106366,-8.406272743390238e-05,0.0003442476385958175,8,False,0.375,0.631578947368421,False,11648,11776
2,92,0.0001130221406384757,-0.00010596314559019065,0.0003178146942475393,8,False,0.3515625,0.6089309878213802,False,11776,11904
2,93,0.00024702712552217884,5.546517847354092e-05,0.00043640763613631917,8,True,0.0625,0.28776978417266186,False,11904,12032
2,94,0.00011974750727931297,-7.077475742644612e-05,0.000291988742363938,8,False,0.2578125,0.5263157894736842,False,12032,12160
2,95,0.00027964669851119706,4.288627573611277e-05,0.0005344183386268725,8,True,0.078125,0.31347962382445144,False,12160,12288
2,96,0.00013308201354858136,6.921313067124405e-05,0.00019905432696465863,8,True,0.0078125,0.14925373134328357,False,12288,12416
2,97,0.00010173287091224444,-2.1320223108575633e-05,0.00022793087085695997,8,False,0.1796875,0.4380952380952381,False,12416,12544
2,98,9.8082916111635e-05,-1.644001744759248e-05,0.00022273488762576788,8,False,0.1953125,0.45454545454545453,False,12544,12672
2,99,0.00016308359035416688,3.5984357901658464e-05,0.00030261555147050067,8,True,0.0546875,0.2777777777777778,False,12672,12800
2,100,5.04502796676134e-05,-7.318075816604113e-05,0.00017426727847414834,8,False,0.53125,0.748898678414097,False,12800,12928
2,101,-4.1550041222175745e-05,-0.00016638638055833,9.081380234809757e-05,8,False,0.5546875,0.7667386609071274,False,12928,13056
2,102,1.2934120121267515e-05,-6.994750206929376e-05,0.00010099135393611147,8,False,0.734375,0.871177015755329,False,13056,13184
2,103,0.000240438557794799,5.216850920735001e-05,0.0004358125699202766,8,True,0.078125,0.31347962382445144,False,13184,13312
2,104,0.0005013915346952189,0.00017840094433176396,0.0008717613048950034,8,True,0.0234375,0.2054794520547945,False,13312,13440
2,105,0.0003629708942966081,2.1646749663676136e-05,0.0006898992800615458,8,True,0.0859375,0.3235294117647059,False,13440,13568
2,106,0.00036872910163450836,-2.0596589734050335e-05,0.0008183972685789348,8,False,0.15625,0.4106776180698152,False,13568,13696
2,107,0.0001055845857570179,-6.949518446992101e-05,0.00028020391351089066,8,False,0.3125,0.5738880918220947,False,13696,13824
2,108,0.00015856979872706388,-9.81913061076907e-05,0.0004567393182451483,8,False,0.40625,0.6607369758576874,False,13824,13952
2,109,0.00018488668555287715,-3.3830286768842565e-05,0.00038056000665446013,8,False,0.140625,0.391304347826087,False,13952,14080
2,110,0.00042766978402422975,1.6169002646398848e-05,0.0009345609387668473,8,True,0.1328125,0.38288288288288286,False,14080,14208
2,111,0.00010894268270629775,-0.00033234495378508904,0.0004491280498363007,8,False,0.625,0.7984031936127745,False,14208,14336
2,112,0.00021481219585194446,5.266226191140736e-05,0.0003704322047080422,8,True,0.046875,0.26666666666666666,False,14336,14464
2,113,0.0001758890855655126,6.555053563283866e-07,0.00036399558172596166,8,True,0.125,0.37383177570093457,False,14464,14592
2,114,0.000266265146381695,7.472622598451837e-05,0.00047706011508805266,8,True,0.0390625,0.25,False,14592,14720
2,115,0.00012621534977837634,-0.0003409707192595692,0.0005691774420704949,8,False,0.6171875,0.797979797979798,False,14720,14848
2,116,0.0005412073095629856,0.00027067666852618707,0.0007992532809293681,8,True,0.0234375,0.2054794520547945,False,14848,14976
2,117,0.00035345320289263996,6.000708915876839e-06,0.0007556009717551598,8,True,0.1484375,0.4051172707889126,False,14976,15104
2,118,0.0004114779877572856,0.00014721523530402834,0.0007528406548660408,8,True,0.0078125,0.14925373134328357,False,15104,15232
2,119,0.0004899681031332834,9.700376416843471e-05,0.0008482813490110047,8,True,0.0625,0.28776978417266186,False,15232,15360
2,120,0.0005841769737807228,0.0001258649380379128,0.0011201954694639844,8,True,0.0703125,0.30612244897959184,False,15360,15488
2,121,0.00016044363483316837,-0.00034246124084083324,0.000635411395522893,8,False,0.5625,0.7700534759358288,False,15488,15616
2,122,0.00031883180283522137,-0.00046708683304736353,0.0009954564891891482,8,False,0.4453125,0.692588092345079,False,15616,15744
2,123,0.0014447401374943838,0.00036771016004642966,0.0025262077679239865,8,True,0.0625,0.28776978417266186,False,15744,15872
2,124,0.0018545751563737434,0.00045401739197093843,0.0033770828346809845,8,True,0.0625,0.28776978417266186,False,15872,16000
2,125,0.002819240420725382,0.0011152121004502887,0.0045303961512929425,8,True,0.03125,0.22727272727272727,False,16000,16128
2,126,0.004975137882787573,0.0012489358327708476,0.008521766168978057,8,True,0.046875,0.26666666666666666,False,16128,16256
2,127,-0.02524981999496874,-0.04422415760479859,-0.005786842232053195,8,True,0.0625,0.28776978417266186,False,16256,16320
4,0,0.013786947124703894,0.0014542988903963453,0.024687622683311317,8,True,0.078125,0.31347962382445144,False,0,128
4,1,0.0001600690848525526,8.59515409477753e-05,0.00023330230713594475,8,True,0.0078125,0.14925373134328357,False,128,256
4,2,0.00010582689344641658,-0.00012143299774805036,0.0002676501122036388,8,False,0.359375,0.6166219839142091,False,256,384
4,3,9.590279484773912e-05,2.610524972256497e-05,0.00015890550923627648,8,True,0.0390625,0.25,False,384,512
4,4,6.105669042060077e-05,-7.67558106687564e-05,0.00015380491493213402,8,False,0.40625,0.6607369758576874,False,512,640
4,5,0.0001711590368633323,9.23280310694641e-05,0.00024730608704054944,8,True,0.015625,0.16806722689075632,False,640,768
4,6,0.00024717272681427216,8.841178038293314e-05,0.0004126890371341141,8,True,0.0234375,0.2054794520547945,False,768,896
4,7,0.00011011176595792457,-1.5304515349085266e-05,0.00025200139089213877,8,False,0.1796875,0.4380952380952381,False,896,1024
4,8,0.0001100884897872744,-7.06177088708536e-06,0.00020107611234131963,8,False,0.1171875,0.36231884057971014,False,1024,1152
4,9,3.122574250944236e-05,-3.61600518478914e-05,9.312796823958979e-05,8,False,0.390625,0.648508430609598,False,1152,1280
4,10,4.289551027014124e-05,-0.0001268825714866651,0.00019853801672589842,8,False,0.6953125,0.8476190476190476,False,1280,1408
4,11,5.989892847282929e-05,4.342351666131648e-06,0.0001141083406924021,8,True,0.109375,0.35175879396984927,False,1408,1536
4,12,-0.00013286312476668523,-0.0005421987466529255,0.00011753496459347037,8,False,0.890625,0.9484193011647255,False,1536,1664
4,13,-0.00019319366790447923,-0.000794852615338063,0.00033236387934009023,8,False,0.578125,0.7789473684210526,False,1664,1792
4,14,2.996984262850498e-05,-4.9024244162594857e-05,0.00010400727135983263,8,False,0.5,0.7289293849658315,False,1792,1920
4,15,-0.0001959175173991777,-0.00044743356385818053,1.873876451342043e-05,8,False,0.203125,0.4626334519572954,False,1920,2048
4,16,7.290943914504691e-05,1.5561787805875117e-05,0.0001349547204066748,8,True,0.078125,0.31347962382445144,False,2048,2176
4,17,6.193116807876504e-05,-2.0902387140158792e-05,0.00017815541847030975,8,False,0.375,0.631578947368421,False,2176,2304
4,18,-2.8963422855458138e-05,-0.00011088826961062597,4.459217215005788e-05,8,False,0.53125,0.748898678414097,False,2304,2432
4,19,5.8365114156685435e-05,1.2370202405783735e-05,0.00010698834257594163,8,True,0.0625,0.28776978417266186,False,2432,2560
4,20,5.7570636750634966e-05,-1.1657142070383277e-05,0.00015072139344399007,8,False,0.2578125,0.5263157894736842,False,2560,2688
4,21,-0.00016178847194210356,-0.0006995630489868224,0.00016287231934229072,8,False,0.953125,0.9791332263242376,False,2688,2816
4,22,0.00020327374157712834,1.275011065815609e-05,0.0005040006084078592,8,True,0.0859375,0.3235294117647059,False,2816,2944
4,23,1.6724137540760625e-05,-7.381722245811287e-05,0.00011492006933253345,8,False,0.8125,0.913081650570676,False,2944,3072
4,24,1.1134602830187714e-05,-9.516504521536913e-05,0.00012913250086523517,8,False,0.8984375,0.9527754763877382,False,3072,3200
4,25,8.143107984008055e-05,-7.799907986122862e-05,0.00024771874957084546,8,False,0.421875,0.6716417910447762,False,3200,3328
4,26,1.6431169219192806e-05,-3.055253235198453e-05,6.149129513380792e-05,8,False,0.515625,0.7424071991001124,False,3328,3456
4,27,1.0131801521362351e-05,-4.824576972487999e-05,6.754537344128963e-05,8,False,0.7734375,0.8918918918918919,False,3456,3584
4,28,6.219613646733297e-05,-7.451843924662229e-06,0.00012921005003351817,8,False,0.1484375,0.4051172707889126,False,3584,3712
4,29,4.8437286811528165e-05,-7.517201375275846e-06,9.418235908877984e-05,8,False,0.1015625,0.34759358288770054,False,3712,3840
4,30,-1.5143435647893411e-05,-6.274253813624961e-05,3.1368882067077015e-05,8,False,0.609375,0.7934893184130214,False,3840,3968
4,31,-6.385057132738295e-05,-0.00019267389475156524,5.1958577325044006e-05,8,False,0.3515625,0.6089309878213802,False,3968,4096
4,32,-9.783841141907162e-05,-0.00021366314818445034,-2.429444144786987e-05,8,True,0.03125,0.22727272727272727,False,4096,4224
4,33,-5.5864400460553396e-05,-0.00019226318202397033,5.2431301531641845e-05,8,False,0.5,0.7289293849658315,False,4224,4352
4,34,-0.00019304034933842557,-0.0007466686383404459,0.00013837392199477825,8,False,0.8828125,0.947986577181208,False,4352,4480
4,35,-0.00012483173637643249,-0.0004938686622487331,0.0001251483711889465,8,False,0.7109375,0.8576814326107446,False,4480,4608
4,36,-7.539850935522194e-05,-0.00017437773280394505,2.5259583544348568e-05,8,False,0.203125,0.4626334519572954,False,4608,4736
4,37,-0.00015726523230535474,-0.000515478320025528,4.146269664530101e-05,8,False,0.765625,0.8876811594202898,False,4736,4864
4,38,0.00011980027364275636,-0.00010320056650088804,0.0004124130355688223,8,False,0.5859375,0.7836990595611285,False,4864,4992
4,39,8.150651455614893e-05,-6.357124468410771e-06,0.000220448538662764,8,False,0.265625,0.5371248025276462,False,4992,5120
4,40,-0.00017768972746674052,-0.000509796278093424,5.403198455623077e-05,8,False,0.3046875,0.5652173913043478,False,5120,5248
4,41,-8.597902818376034e-06,-0.00010963109658142879,9.948237751344757e-05,8,False,0.921875,0.9624796084828712,False,5248,5376
4,42,1.4804208780982976e-05,-6.94615641174757e-05,9.456604710172062e-05,8,False,0.765625,0.8876811594202898,False,5376,5504
4,43,0.00010905721609427965,-3.4120113660385864e-05,0.0003509683159763557,8,False,0.609375,0.7934893184130214,False,5504,5632
4,44,2.3986572440080926e-05,-5.392823617912236e-05,0.00010094306084188884,8,False,0.6015625,0.7905544147843943,False,5632,5760
4,45,1.511483246698012e-05,-7.37977106591327e-05,0.00011071460125765182,8,False,0.7890625,0.8977777777777778,False,5760,5888
4,46,-3.1188523652204105e-05,-0.0002222332250255612,0.00011539722747875451,8,False,0.8359375,0.9302325581395349,False,5888,6016
4,47,4.157318080182398e-05,-4.091139524754826e-05,0.00016024800988048094,8,False,0.625,0.7984031936127745,False,6016,6144
4,48,-5.775103305624815e-06,-0.00012374847481134838,0.00011145825149299902,8,False,0.9609375,0.9800796812749004,False,6144,6272
4,49,-1.9861828052742943e-05,-9.699688640105923e-05,7.263387590264575e-05,8,False,0.6875,0.8437200383509108,False,6272,6400
4,50,-6.084567965047734e-05,-0.0001810885766197109,5.2365785933567444e-05,8,False,0.375,0.631578947368421,False,6400,6528
4,51,-5.990884500907599e-05,-0.00012407687235901964,-4.979048783641868e-06,8,True,0.109375,0.35175879396984927,False,6528,6656
4,52,1.4692981678228528e-05,-3.078794033449346e-05,6.50140962631604e-05,8,False,0.59375,0.7905544147843943,False,6656,6784
4,53,-8.906719782333706e-05,-0.000291121160750269,4.422342154681689e-05,8,False,0.578125,0.7789473684210526,False,6784,6912
4,54,-0.00012173420499913791,-0.000294679384620535,2.6064536576448573e-05,8,False,0.2734375,0.546875,False,6912,7040
4,55,8.711632043667804e-05,4.280498478236777e-05,0.00013006779196897043,8,True,0.015625,0.16806722689075632,False,7040,7168
4,56,0.00013179984694332888,-3.5558498776214274e-05,0.0003231370772564964,8,False,0.265625,0.5371248025276462,False,7168,7296
4,57,-1.6918067707230843e-06,-0.00012770844309893588,0.0001305590704513632,8,False,1.0,1.0,False,7296,7424
4,58,-3.680191072598702e-05,-0.0002164523238036457,0.00019551082486619697,8,False,0.7265625,0.8675373134328358,False,7424,7552
4,59,8.8159145842636e-05,-9.501570692320828e-05,0.0002862077968750611,8,False,0.4140625,0.6658291457286433,False,7552,7680
4,60,6.541390212114437e-05,-9.349634495440693e-05,0.0002437567623311345,8,False,0.5,0.7289293849658315,False,7680,7808
4,61,6.337875540964968e-05,-3.93340710980983e-05,0.0001777355984826474,8,False,0.3359375,0.5972222222222222,False,7808,7936
4,62,6.169316194017749e-05,-1.0460858908786425e-05,0.00014343921792971874,8,False,0.234375,0.5,False,7936,8064
4,63,-5.3634191552808685e-05,-0.0004517102260602592,0.000267011411559156,8,False,0.8203125,0.9186351706036745,False,8064,8192
4,64,4.778244765105404e-05,-8.387918530632678e-05,0.00015378390850225092,8,False,0.484375,0.7217694994179278,False,8192,8320
4,65,-7.960772416331778e-05,-0.00020741255770841168,2.3287436592878826e-05,8,False,0.3046875,0.5652173913043478,False,8320,8448
4,66,-5.022124475363048e-07,-0.00011134710248123663,8.287111889370631e-05,8,False,1.0,1.0,False,8448,8576
4,67,-5.778733447591881e-05,-0.00017370192565032813,6.729003926757494e-05,8,False,0.40625,0.6607369758576874,False,8576,8704
4,68,2.0923595086352973e-06,-0.00010215517301680761,0.00011447725600586558,8,False,0.9375,0.9693053311793215,False,8704,8832
4,69,3.2929012976352004e-05,-6.580109131010542e-05,0.00012596780315479294,8,False,0.546875,0.7608695652173914,False,8832,8960
4,70,0.00011056302897414599,4.029017481066287e-07,0.0002559758971908219,8,True,0.1171875,0.36231884057971014,False,8960,9088
4,71,9.996440942463197e-06,-7.608073591683575e-05,0.00011560662422594144,8,False,0.90625,0.9563066776586975,False,9088,9216
4,72,0.00010247628797713527,-7.866978618081843e-06,0.00025362222687456493,8,False,0.1953125,0.45454545454545453,False,9216,9344
4,73,7.04274205883939e-05,-3.522600105917188e-05,0.00018635873074245753,8,False,0.2890625,0.5530642750373692,False,9344,9472
4,74,9.323997160935269e-05,2.7748515934768625e-05,0.00015738329678696039,8,True,0.0546875,0.2777777777777778,False,9472,9600
4,75,2.37795065170862e-05,-0.00019287566641559655,0.00019610098481690706,8,False,0.8125,0.913081650570676,False,9600,9728
4,76,0.00019482298973277142,4.76912971237427e-05,0.0003304223597142198,8,True,0.046875,0.26666666666666666,False,9728,9856
4,77,-0.0003573892262670996,-0.0008159291562013665,0.00010293394184822841,8,False,0.203125,0.4626334519572954,False,9856,9984
4,78,0.00010820808401257097,-8.210589556781576e-05,0.0002756248864537379,8,False,0.2890625,0.5530642750373692,False,9984,10112
4,79,2.8473072245580466e-05,-7.497679540883214e-05,0.0001703213050759707,8,False,0.84375,0.9302325581395349,False,10112,10240
4,80,6.670304784641577e-05,-1.5513848624252052e-05,0.00016667071401796387,8,False,0.234375,0.5,False,10240,10368
4,81,-2.7260689378350757e-05,-0.00020500233102444857,0.0001345903562933549,8,False,0.78125,0.8936550491510277,False,10368,10496
4,82,4.587518714581565e-05,-1.1301034526401729e-05,0.00010649958278883563,8,False,0.21875,0.4827586206896552,False,10496,10624
4,83,-0.00024183186069061282,-0.0007258697189184521,3.183221181037179e-05,8,False,0.40625,0.6607369758576874,False,10624,10752
4,84,-5.089298753738694e-05,-0.0002677915413341882,8.836453917870861e-05,8,False,0.9296875,0.967479674796748,False,10752,10880
4,85,4.2213546004610405e-06,-4.387981928930218e-05,5.310534499860167e-05,8,False,0.8671875,0.9414758269720102,False,10880,11008
4,86,0.00011192988871958274,5.431041501676522e-06,0.000269297855245872,8,True,0.1015625,0.34759358288770054,False,11008,11136
4,87,-4.634469612133018e-06,-7.897274389278868e-05,6.399934500037834e-05,8,False,0.90625,0.9563066776586975,False,11136,11264
4,88,-9.81597807802196e-05,-0.00036813542356879794,7.74891703137265e-05,8,False,0.734375,0.871177015755329,False,11264,11392
4,89,1.138660605509553e-05,-9.690409606430584e-05,0.00011139498081148036,8,False,0.859375,0.9414758269720102,False,11392,11520
4,90,4.601772550874993e-05,-8.592343978158598e-05,0.00019096569425761784,8,False,0.5546875,0.7667386609071274,False,11520,11648
4,91,5.059237735824951e-05,-0.0001666509000366629,0.0002425617476962463,8,False,0.65625,0.8195121951219512,False,11648,11776
4,92,-0.00019400915792367225,-0.0005635329494864943,3.8593244562459674e-05,8,False,0.3671875,0.625,False,11776,11904
4,93,6.90768593027751e-05,-6.036418598961617e-05,0.00019243026595191836,8,False,0.3515625,0.6089309878213802,False,11904,12032
4,94,-0.00014214023228442302,-0.00025474918839659235,-2.981602538232595e-05,8,True,0.0625,0.28776978417266186,False,12032,12160
4,95,8.45655070256352e-05,-8.564505702699264e-05,0.0002762095410701156,8,False,0.4765625,0.71849234393404,False,12160,12288
4,96,-9.4288084544803e-05,-0.00024142612475046952,3.520938841246358e-05,8,False,0.3359375,0.5972222222222222,False,12288,12416
4,97,-0.00023484607638428608,-0.0007360954913936169,4.957304722785965e-05,8,False,0.5703125,0.7749469214437368,False,12416,12544
4,98,0.00011869959542162902,-2.3558640102839552e-05,0.0002685955484334065,8,False,0.1953125,0.45454545454545453,False,12544,12672
4,99,8.258653350527191e-06,-7.562584066636268e-05,0.00010047135694277734,8,False,0.859375,0.9414758269720102,False,12672,12800
4,100,1.3801041757398577e-05,-7.205890949415217e-05,0.00011321895148230606,8,False,0.7734375,0.8918918918918919,False,12800,12928
4,101,-0.00012762120770595358,-0.00020200857277496021,-4.754174253579699e-05,8,True,0.0234375,0.2054794520547945,False,12928,13056
4,102,-5.591328115582393e-05,-0.000252009280558572,9.569503394421292e-05,8,False,0.6875,0.8437200383509108,False,13056,13184
4,103,-7.207978395093601e-06,-0.00011905070286019654,8.853099205525497e-05,8,False,0.921875,0.9624796084828712,False,13184,13312
4,104,1.9898050183728387e-05,-7.609667771441392e-05,0.00014167442037914707,8,False,0.78125,0.8936550491510277,False,13312,13440
4,105,-0.00014452847772902544,-0.00042229629514558127,4.407590535596812e-05,8,False,0.34375,0.6027397260273972,False,13440,13568
4,106,-4.3499909124734314e-05,-0.00013189077454941664,3.371014277459839e-05,8,False,0.390625,0.648508430609598,False,13568,13696
4,107,-0.00026636390406426327,-0.000670887483829679,6.734119618301342e-05,8,False,0.359375,0.6166219839142091,False,13696,13824
4,108,0.0001370928895485754,-0.00011286496728842583,0.0004599224678614982,8,False,0.4765625,0.71849234393404,False,13824,13952
4,109,0.00012938751562884814,-7.502228027044433e-05,0.00036654245844993587,8,False,0.40625,0.6607369758576874,False,13952,14080
4,110,0.0001188121363306386,-0.00022153266371380866,0.0005556734902852644,8,False,0.6875,0.8437200383509108,False,14080,14208
4,111,-5.540687186337866e-05,-0.0004260721756938212,0.0003192838599597649,8,False,0.78125,0.8936550491510277,False,14208,14336
4,112,3.102733141282867e-05,-8.352413923371814e-05,0.00016093640529792305,8,False,0.6640625,0.8252427184466019,False,14336,14464
4,113,-0.0003129147293168947,-0.0004595726467508472,-0.00017273977695260288,8,True,0.015625,0.16806722689075632,False,14464,14592
4,114,8.920284464923419e-05,-9.823267291577764e-05,0.000268268936704353,8,False,0.3984375,0.6546854942233633,False,14592,14720
4,115,0.00013057672392851845,-5.593237541203325e-05,0.0003491548002216497,8,False,0.3203125,0.5823863636363636,False,14720,14848
4,116,0.00018716390404007306,1.6689057827328797e-05,0.00037030361989607517,8,True,0.1015625,0.34759358288770054,False,14848,14976
4,117,1.3429881868977172e-05,-0.00024372573425014926,0.00026869728184777145,8,False,0.9140625,0.9605911330049262,False,14976,15104
4,118,-9.975096820298085e-05,-0.00038981705019005484,0.00016976777200930645,8,False,0.578125,0.7789473684210526,False,15104,15232
4,119,-0.00016695952884787177,-0.00048598121528884217,0.00011138474754322508,8,False,0.359375,0.6166219839142091,False,15232,15360
4,120,0.00021412085469743166,-0.0001316069336764495,0.0005888254207114669,8,False,0.328125,0.5898876404494382,False,15360,15488
4,121,7.212171956688283e-05,-0.00021195005578153936,0.00039810265513569895,8,False,0.6796875,0.8389585342333655,False,15488,15616
4,122,0.00010225705234697389,-0.0005208537282911816,0.0006423444648497331,8,False,0.7421875,0.8739650413983441,False,15616,15744
4,123,0.0005460626350196728,-0.00010839704395747506,0.0013053511407734777,8,False,0.1875,0.4436229205175601,False,15744,15872
4,124,0.0011586009224390274,0.000229821434644166,0.0023232352160931728,8,True,0.0625,0.28776978417266186,False,15872,16000
4,125,0.0008352075553877717,-0.0001835785286925296,0.001967752476032913,8,False,0.25,0.5186385737439222,False,16000,16128
4,126,0.003229211909927791,0.001437354132672767,0.005703611680532986,8,True,0.0078125,0.14925373134328357,False,16128,16256
4,127,-0.020074777616437736,-0.033996620769084614,-0.007989432778130724,8,True,0.0234375,0.2054794520547945,False,16256,16320
8,0,0.01085089351382268,-0.004777025039945773,0.026741615430361722,8,False,0.234375,0.5,False,0,128
8,1,0.000209280406870501,8.359540778864838e-05,0.0003466323889387449,8,True,0.015625,0.16806722689075632,False,128,256
8,2,0.00023198118990398384,3.543656000393284e-05,0.00046523348655368857,8,True,0.0625,0.28776978417266186,False,256,384
8,3,6.237741321192652e-05,-3.3585378963307056e-05,0.00014729785231370256,8,False,0.2421875,0.5081967213114754,False,384,512
8,4,9.681393579786639e-06,-0.0001065607344163835,0.0001216897145875363,8,False,0.875,0.9467455621301775,False,512,640
8,5,0.000258634765389583,-1.0062595324361e-06,0.0005775086012044955,8,False,0.1328125,0.38288288288288286,False,640,768
8,6,0.00010836444124515899,1.3643580389077758e-05,0.00020661935953232243,8,True,0.09375,0.33707865168539325,False,768,896
8,7,-0.0001252632974968054,-0.0002832457671551327,1.2988085538730228e-05,8,False,0.1796875,0.4380952380952381,False,896,1024
8,8,-0.00011679021249316861,-0.00017709653155877403,-6.0714557678646327e-05,8,True,0.0078125,0.14925373134328357,False,1024,1152
8,9,-8.607985764847978e-06,-7.789977110335668e-05,5.330249271650969e-05,8,False,0.8828125,0.947986577181208,False,1152,1280
8,10,1.271170078190112e-05,-5.184921314152549e-05,6.448712725313934e-05,8,False,0.7265625,0.8675373134328358,False,1280,1408
8,11,2.5346773921674387e-05,-4.019990506989445e-05,8.662944597181258e-05,8,False,0.4609375,0.7040572792362768,False,1408,1536
8,12,4.528996965480591e-05,-4.506589704206323e-05,0.000138931149139374,8,False,0.4140625,0.6658291457286433,False,1536,1664
8,13,-1.5659952719652268e-05,-0.00024412974589613253,0.00017031386597261334,8,False,0.8984375,0.9527754763877382,False,1664,1792
8,14,2.311132829914704e-05,-2.0499131810196595e-05,6.39445934447245e-05,8,False,0.328125,0.5898876404494382,False,1792,1920
8,15,7.568628639360037e-05,-1.2991957927358684e-05,0.0001599631139343565,8,False,0.1328125,0.38288288288288286,False,1920,2048
8,16,7.101875042232774e-05,7.629816354003261e-06,0.00013819695563739202,8,True,0.109375,0.35175879396984927,False,2048,2176
8,17,3.878393506016344e-05,-3.3065056475449317e-06,8.601346267103232e-05,8,False,0.171875,0.43052837573385516,False,2176,2304
8,18,4.0214725415920575e-05,-9.872749086715739e-05,0.0001283249802245827,8,False,0.6015625,0.7905544147843943,False,2304,2432
8,19,3.9033029132056404e-05,-9.141187481541494e-06,8.757050051350979e-05,8,False,0.1953125,0.45454545454545453,False,2432,2560
8,20,0.00013812854574990106,6.786981117570661e-05,0.00023201914737750837,8,True,0.0078125,0.14925373134328357,False,2560,2688
8,21,-0.000260495424936995,-0.001146219588557694,0.0002744805663608585,8,False,0.953125,0.9791332263242376,False,2688,2816
8,22,5.7662035460194213e-05,5.697889581613298e-06,0.00012103559947369331,8,True,0.078125,0.31347962382445144,False,2816,2944
8,23,2.3790302440272703e-05,-3.794511433556896e-05,8.648477710969182e-05,8,False,0.515625,0.7424071991001124,False,2944,3072
8,24,6.831036809409552e-05,7.356871752597596e-06,0.00013275808351279547,8,True,0.1015625,0.34759358288770054,False,3072,3200
8,25,6.505508887365581e-05,-1.1061869698712447e-06,0.00012869621882724962,8,False,0.1171875,0.36231884057971014,False,3200,3328
8,26,4.7127352915804176e-05,2.5103864260922366e-06,9.038466381364637e-05,8,True,0.1015625,0.34759358288770054,False,3328,3456
8,27,6.656631274908482e-05,-1.7726829966968564e-05,0.00020586872320335368,8,False,0.4765625,0.71849234393404,False,3456,3584
8,28,9.319111341996261e-05,-2.874646908536306e-05,0.00025276276832872087,8,False,0.359375,0.6166219839142091,False,3584,3712
8,29,8.849809190183871e-05,2.4871577116315877e-05,0.00015829567091411073,8,True,0.046875,0.26666666666666666,False,3712,3840
8,30,4.197841926768514e-05,-6.870291249890133e-06,9.6396414884249e-05,8,False,0.1796875,0.4380952380952381,False,3840,3968
8,31,3.799562169905108e-05,-2.5039361136557706e-05,0.00011290433760355533,8,False,0.40625,0.6607369758576874,False,3968,4096
8,32,3.538856293870323e-05,-8.096608204426821e-05,0.0001552329849469941,8,False,0.609375,0.7934893184130214,False,4096,4224
8,33,8.206911521286926e-06,-3.0410768826137982e-05,4.629706961038894e-05,8,False,0.6953125,0.8476190476190476,False,4224,4352
8,34,2.238252677904381e-05,-0.0002135518627079587,0.00024106732462056266,8,False,0.8671875,0.9414758269720102,False,4352,4480
8,35,-0.00010720709518952451,-0.0006365772270539898,0.0002769125934010803,8,False,0.953125,0.9791332263242376,False,4480,4608
8,36,-0.00012626781277409545,-0.0002552730955726657,-1.9532280311065407e-05,8,True,0.0703125,0.30612244897959184,False,4608,4736
8,37,5.959519293360229e-05,9.945848374774773e-07,0.00011869992093769741,8,True,0.109375,0.35175879396984927,False,4736,4864
8,38,3.4936498050103714e-05,-0.00020057726272579643,0.00024406003560502887,8,False,0.7890625,0.8977777777777778,False,4864,4992
8,39,3.1024499081054336e-05,-6.481427411942591e-05,0.00011857836427060022,8,False,0.5546875,0.7667386609071274,False,4992,5120
8,40,4.4239033571018044e-05,-5.930639924404239e-05,0.0001486882716734942,8,False,0.484375,0.7217694994179278,False,5120,5248
8,41,6.049444125687089e-05,-1.623308868546483e-05,0.00015134712722690935,8,False,0.3046875,0.5652173913043478,False,5248,5376
8,42,2.5796321018234725e-05,-3.289867304696928e-06,5.5692655347172154e-05,8,False,0.1796875,0.4380952380952381,False,5376,5504
8,43,-3.329599256994514e-05,-0.00019046127902075632,7.290418180082505e-05,8,False,0.90625,0.9563066776586975,False,5504,5632
8,44,-1.5501154911789413e-05,-8.414331351784981e-05,4.4414608826139675e-05,8,False,0.703125,0.8547008547008547,False,5632,5760
8,45,-3.911663624580372e-05,-0.00012168900459978002,4.097101078781122e-05,8,False,0.3984375,0.6546854942233633,False,5760,5888
8,46,7.38616328144755e-05,2.9846871558107727e-05,0.00012103488476045764,8,True,0.0234375,0.2054794520547945,False,5888,6016
8,47,5.991672449099992e-05,-1.6464130071454028e-05,0.00014690083804017262,8,False,0.2265625,0.48986486486486486,False,6016,6144
8,48,1.8352395646396765e-05,-0.00015099574816389367,0.00019783417145543481,8,False,0.7578125,0.886654478976234,False,6144,6272
8,49,1.2235419141438388e-05,-0.00010622499789725654,0.00011073833556749254,8,False,0.796875,0.9018567639257294,False,6272,6400
8,50,-3.509408306258229e-05,-0.00016384861655365063,6.460358571565505e-05,8,False,0.7734375,0.8918918918918919,False,6400,6528
8,51,-0.00013761246964281453,-0.00040647711597884104,5.254429137226762e-05,8,False,0.3984375,0.6546854942233633,False,6528,6656
8,52,8.795259774175478e-05,-9.143261599550233e-05,0.0002933212117418674,8,False,0.390625,0.648508430609598,False,6656,6784
8,53,-1.011329764503711e-05,-0.0001226922185611936,8.244703549808936e-05,8,False,0.890625,0.9484193011647255,False,6784,6912
8,54,-3.623217749448167e-05,-0.0003540672830896677,0.00020375693444180755,8,False,0.875,0.9467455621301775,False,6912,7040
8,55,5.3173853816515286e-05,-0.00011262221440938848,0.0001853686885227914,8,False,0.5390625,0.755750273822563,False,7040,7168
8,56,-1.9085740937505006e-05,-0.0001267478348800686,9.125472975472302e-05,8,False,0.7109375,0.8576814326107446,False,7168,7296
8,57,-5.2988758100444455e-05,-0.00024467529380553554,0.00012356533900841643,8,False,0.609375,0.7934893184130214,False,7296,7424
8,58,0.00018444482040561166,-3.10768637398489e-05,0.0005135230746609636,8,False,0.28125,0.5504587155963303,False,7424,7552
8,59,-0.00017708029824293532,-0.0006328986247785317,0.00014300828528822877,8,False,0.625,0.7984031936127745,False,7552,7680
8,60,0.0001413068418511513,6.0608650567872604e-05,0.00023615655734321946,8,True,0.015625,0.16806722689075632,False,7680,7808
8,61,0.00023892829414935165,-3.064963394296173e-05,0.0006570908275967574,8,False,0.2265625,0.48986486486486486,False,7808,7936
8,62,7.416032641872176e-05,-2.1509806292977927e-05,0.00016728114355999362,8,False,0.2265625,0.48986486486486486,False,7936,8064
8,63,3.302213138502963e-05,-0.00013930023101090344,0.00020114474424403063,8,False,0.71875,0.8654750705550329,False,8064,8192
8,64,0.0001269116098846332,5.87468622664061e-05,0.0001897490244920349,8,True,0.015625,0.16806722689075632,False,8192,8320
8,65,0.0001573250900441441,-1.9823303563167265e-05,0.00031359189647783505,8,False,0.1328125,0.38288288288288286,False,8320,8448
8,66,-9.54595353594008e-05,-0.0003968020259423309,0.00010331156275909833,8,False,0.84375,0.9302325581395349,False,8448,8576
8,67,-2.7698863974188285e-05,-0.00010920441306706553,5.854227577149471e-05,8,False,0.5703125,0.7749469214437368,False,8576,8704
8,68,4.731197136414533e-05,-3.4494336453992825e-05,0.00012630579962873682,8,False,0.3046875,0.5652173913043478,False,8704,8832
8,69,0.00010214804112411828,-5.792198308577374e-05,0.0002506522532100269,8,False,0.2578125,0.5263157894736842,False,8832,8960
8,70,-3.0639131945856994e-05,-0.00013028850459776288,7.836833991354706e-05,8,False,0.609375,0.7934893184130214,False,8960,9088
8,71,0.00019651909565060615,7.394814268827895e-05,0.0003548604012658557,8,True,0.0234375,0.2054794520547945,False,9088,9216
8,72,0.0001225188821879244,3.772140272550041e-05,0.00021643602471519574,8,True,0.03125,0.22727272727272727,False,9216,9344
8,73,0.00015508953388140324,7.112240662603227e-05,0.00023051875450961,8,True,0.015625,0.16806722689075632,False,9344,9472
8,74,5.493356665552086e-05,-7.689551225495558e-05,0.0002190716869299006,8,False,0.6015625,0.7905544147843943,False,9472,9600
8,75,-9.680490085729257e-06,-0.00018045967022876875,0.00011665783539277892,8,False,0.9375,0.9693053311793215,False,9600,9728
8,76,8.100406055001118e-05,-0.00026216020462446385,0.00037751190497226637,8,False,0.65625,0.8195121951219512,False,9728,9856
8,77,0.0001248417843100938,-0.00014192135860094756,0.00040710667657028397,8,False,0.4765625,0.71849234393404,False,9856,9984
8,78,0.00015562147131482998,-2.2645584075739184e-05,0.0003709218278209326,8,False,0.2265625,0.48986486486486486,False,9984,10112
8,79,9.73438662869267e-05,-1.88403181470887e-05,0.00021842843236970168,8,False,0.1796875,0.4380952380952381,False,10112,10240
8,80,0.0002020059144491162,4.842160383800131e-05,0.0003690150998571718,8,True,0.0625,0.28776978417266186,False,10240,10368
8,81,-4.325594076100916e-05,-0.0003715593665753554,0.00024905030089112474,8,False,0.8203125,0.9186351706036745,False,10368,10496
8,82,0.0001408936719647061,3.315380030463147e-05,0.00024316491626013033,8,True,0.0546875,0.2777777777777778,False,10496,10624
8,83,-0.00028281405640102675,-0.0010473527992450463,0.00015582347982006457,8,False,0.9375,0.9693053311793215,False,10624,10752
8,84,4.6804262157147276e-05,-0.00018490693207309675,0.0002407528243373292,8,False,0.7109375,0.8576814326107446,False,10752,10880
8,85,0.00015247500002989108,2.2430921843558055e-05,0.0002881288897779094,8,True,0.0703125,0.30612244897959184,False,10880,11008
8,86,0.00019975185139109631,7.008489686933572e-05,0.0003242244999311064,8,True,0.03125,0.22727272727272727,False,11008,11136
8,87,0.0001707388296366352,-6.941906108304369e-06,0.00036142288419224223,8,False,0.15625,0.4106776180698152,False,11136,11264
8,88,-0.0001212567181030295,-0.0005746315092996978,0.0002312834230023239,8,False,0.765625,0.8876811594202898,False,11264,11392
8,89,9.382635718614827e-06,-0.00018023336185894696,0.00019528855105123904,8,False,0.921875,0.9624796084828712,False,11392,11520
8,90,6.579195284692797e-05,-5.965033315703955e-05,0.0001941332798059754,8,False,0.3984375,0.6546854942233633,False,11520,11648
8,91,-0.0007313569886796715,-0.0018550560848568623,0.00020413930236831676,8,False,0.2109375,0.47619047619047616,False,11648,11776
8,92,0.00015854655626299397,-0.0002578511186456009,0.0004585856817632649,8,False,0.4609375,0.7040572792362768,False,11776,11904
8,93,-1.5685683460324614e-05,-0.0002742042899036251,0.00027463792456734135,8,False,0.90625,0.9563066776586975,False,11904,12032
8,94,0.00019756051503098894,-3.728030737104675e-06,0.00039267664740911623,8,False,0.109375,0.35175879396984927,False,12032,12160
8,95,0.00013436482351363726,2.6343168317207565e-05,0.0002418290608368574,8,True,0.078125,0.31347962382445144,False,12160,12288
8,96,0.00015226696868098064,-0.0002337053196430169,0.0006213497004562019,8,False,0.625,0.7984031936127745,False,12288,12416
8,97,-8.743195962241609e-05,-0.0006418260289627686,0.0002531040367408631,8,False,0.984375,0.9936908517350158,False,12416,12544
8,98,0.00040860335428498205,0.00016764803868932356,0.0007228042733311728,8,True,0.015625,0.16806722689075632,False,12544,12672
8,99,8.376834655478213e-05,-5.722234331016665e-06,0.0001615466399089585,8,False,0.109375,0.35175879396984927,False,12672,12800
8,100,0.00010250809229554148,-0.0001548077240335128,0.00034346867953342973,8,False,0.46875,0.7117437722419929,False,12800,12928
8,101,9.971109480571091e-05,-6.706332006714098e-05,0.000300065749504459,8,False,0.390625,0.648508430609598,False,12928,13056
8,102,-0.00020797497333529668,-0.0005948133729948902,9.840048328811e-05,8,False,0.4296875,0.6781750924784217,False,13056,13184
8,103,0.0001082130444342712,2.2543557683307822e-05,0.00017930473964847295,8,True,0.0546875,0.2777777777777778,False,13184,13312
8,104,0.00027902772230753095,-5.163707784061349e-05,0.000755545074467793,8,False,0.3046875,0.5652173913043478,False,13312,13440
8,105,4.095961693045457e-05,-6.529851502250011e-05,0.00013000203198173065,8,False,0.4609375,0.7040572792362768,False,13440,13568
8,106,5.761962062939468e-05,-0.00018339872563508092,0.00034891189176077355,8,False,0.734375,0.871177015755329,False,13568,13696
8,107,-0.0005804515694750836,-0.001599748409220287,0.00013938418262313116,8,False,0.328125,0.5898876404494382,False,13696,13824
8,108,-0.00010696161285117651,-0.0005122526771524593,0.0001664670720348188,8,False,0.8671875,0.9414758269720102,False,13824,13952
8,109,-0.00010469547803730551,-0.00036372148725280685,0.00011025720153366294,8,False,0.5,0.7289293849658315,False,13952,14080
8,110,5.334010090194449e-05,-0.00015889192442204773,0.00024279408892732062,8,False,0.640625,0.8094768015794669,False,14080,14208
8,111,-0.00015648481419414708,-0.001201754363495531,0.0007605042968836641,8,False,0.78125,0.8936550491510277,False,14208,14336
8,112,5.467832246248356e-05,-0.00041688364226027616,0.0004758055049751226,8,False,0.8359375,0.9302325581395349,False,14336,14464
8,113,6.799425740440951e-05,-0.0003695941486453093,0.0005128840101025423,8,False,0.765625,0.8876811594202898,False,14464,14592
8,114,0.00019034783364028254,3.3318463426251755e-05,0.00032898095377090474,8,True,0.0625,0.28776978417266186,False,14592,14720
8,115,0.0002683077629035781,-0.00014371413566702774,0.0006844489913964979,8,False,0.296875,0.5621301775147929,False,14720,14848
8,116,0.000348265856567757,3.9455230691793814e-05,0.0006439085166801887,8,True,0.0859375,0.3235294117647059,False,14848,14976
8,117,0.00044541041977515564,-5.76680313062023e-05,0.0009965762273793492,8,False,0.1796875,0.4380952380952381,False,14976,15104
8,118,6.255308055194328e-05,-0.0002845052808446817,0.0003865460952110718,8,False,0.765625,0.8876811594202898,False,15104,15232
8,119,0.00031205020088245447,-8.709119406219608e-05,0.000727363626051816,8,False,0.1953125,0.45454545454545453,False,15232,15360
8,120,0.0007536769815602328,0.00014905428466233637,0.0015538897693963597,8,True,0.046875,0.26666666666666666,False,15360,15488
8,121,0.0006018217864209901,0.00016773038973474547,0.0010500205743001181,8,True,0.0625,0.28776978417266186,False,15488,15616
8,122,-9.273743943113727e-05,-0.0019399527622966572,0.0017598980695465805,8,False,0.9140625,0.9605911330049262,False,15616,15744
8,123,0.0014773892955490375,0.0003124505240801389,0.0028251669107658946,8,True,0.109375,0.35175879396984927,False,15744,15872
8,124,0.0028398220864486734,0.00010978411143730592,0.0066460162437739405,8,True,0.1328125,0.38288288288288286,False,15872,16000
8,125,0.0025236177027448082,0.0005474231423379648,0.004700616871969643,8,True,0.0546875,0.2777777777777778,False,16000,16128
8,126,0.002640134396260901,-0.0017737901115449173,0.00850267590884401,8,False,0.484375,0.7217694994179278,False,16128,16256
8,127,-0.02699110846860698,-0.043259524315947685,-0.01260893525907516,8,True,0.015625,0.16806722689075632,False,16256,16320
12,0,-0.0004737860115838141,-0.009753298491753083,0.008547969012060092,8,False,0.8984375,0.9527754763877382,False,0,128
12,1,0.0001012111466157409,-0.00016407388788301558,0.00031235354809497936,8,False,0.4921875,0.7258064516129032,False,128,256
12,2,0.00012673220644995637,-0.0001162921770166922,0.00036370219122950454,8,False,0.375,0.631578947368421,False,256,384
12,3,0.00022562525967164977,7.572515940912473e-05,0.0003800905437802994,8,True,0.0234375,0.2054794520547945,False,384,512
12,4,0.00010795760387601278,-4.209149459050949e-06,0.00022433215997885118,8,False,0.140625,0.391304347826087,False,512,640
12,5,0.00022112731354891643,8.382817844947237e-05,0.0004256881400051814,8,True,0.015625,0.16806722689075632,False,640,768
12,6,0.00019130729864607777,5.237958275048372e-05,0.00037252825948174263,8,True,0.0390625,0.25,False,768,896
12,7,0.00013645646322120003,1.1310435887052769e-05,0.0003092595114707665,8,True,0.109375,0.35175879396984927,False,896,1024
12,8,0.00010241817293586208,1.0103941844998322e-05,0.00019901897203800962,8,True,0.09375,0.33707865168539325,False,1024,1152
12,9,5.080789038680334e-05,-5.7260764415255775e-05,0.00013934375436346376,8,False,0.3359375,0.5972222222222222,False,1152,1280
12,10,2.424111027362486e-05,-1.6034063214287946e-05,6.695789097682097e-05,8,False,0.390625,0.648508430609598,False,1280,1408
12,11,2.5524444889921437e-05,6.145757676681747e-06,4.2344254323654563e-05,8,True,0.046875,0.26666666666666666,False,1408,1536
12,12,9.724006923739419e-05,1.992166457787984e-05,0.00019826097351716485,8,True,0.015625,0.16806722689075632,False,1536,1664
12,13,0.0001911977063639474,-6.145005344576774e-06,0.0005222742380849744,8,False,0.1875,0.4436229205175601,False,1664,1792
12,14,7.955145893495744e-05,2.2544524860262287e-05,0.0001689040875874973,8,True,0.015625,0.16806722689075632,False,1792,1920
12,15,5.071660682383818e-05,-8.09831944314015e-06,0.00011499425331223526,8,False,0.171875,0.43052837573385516,False,1920,2048
12,16,8.131222952288271e-05,3.468965421413614e-05,0.00016542926202425766,8,True,0.0078125,0.14925373134328357,False,2048,2176
12,17,7.442592961292508e-05,-1.502899898893993e-05,0.00017697665611837558,8,False,0.203125,0.4626334519572954,False,2176,2304
12,18,4.373537574514694e-05,1.5568957450691918e-05,7.209420445260685e-05,8,True,0.0234375,0.2054794520547945,False,2304,2432
12,19,0.00011197504258338473,2.2922805881912423e-05,0.0002536789672613487,8,True,0.0078125,0.14925373134328357,False,2432,2560
12,20,5.331234473170538e-05,1.013966498800565e-05,0.00010099110080218211,8,True,0.0703125,0.30612244897959184,False,2560,2688
12,21,0.00010023087022216808,-4.8943331927272745e-05,0.00030612955184951957,8,False,0.375,0.631578947368421,False,2688,2816
12,22,0.00016383891507814436,-8.610058204685412e-05,0.0005099791582722553,8,False,0.4609375,0.7040572792362768,False,2816,2944
12,23,4.126240851754604e-05,-4.729967899317711e-05,0.0001238727289913118,8,False,0.40625,0.6607369758576874,False,2944,3072
12,24,6.365129546668656e-05,-5.579571154455688e-05,0.00014319913224277212,8,False,0.296875,0.5621301775147929,False,3072,3200
12,25,1.7806489117722763e-05,-0.00011613290870493674,0.00010976054140985005,8,False,0.84375,0.9302325581395349,False,3200,3328
12,26,-3.579311750020439e-06,-0.0001397590466813047,0.00011792207449168569,8,False,0.9765625,0.9904912836767037,False,3328,3456
12,27,7.705616586885308e-05,-4.7790014962445374e-05,0.0002005727422095405,8,False,0.296875,0.5621301775147929,False,3456,3584
12,28,2.5876721635002542e-05,-8.764070335650403e-06,5.7636404338021806e-05,8,False,0.2109375,0.47619047619047616,False,3584,3712
12,29,5.0529537817564914e-05,1.6693469415343247e-06,0.00010203143727767163,8,True,0.1015625,0.34759358288770054,False,3712,3840
12,30,4.044315594888439e-05,-1.1283120966934903e-05,9.755745743694848e-05,8,False,0.234375,0.5,False,3840,3968
12,31,4.9226924157480474e-05,2.0954929571759468e-05,8.04514891780923e-05,8,True,0.0234375,0.2054794520547945,False,3968,4096
12,32,8.962256072098138e-05,-3.393223865732519e-05,0.0002508640379541746,8,False,0.34375,0.6027397260273972,False,4096,4224
12,33,6.916947863685826e-05,1.8622502135371402e-05,0.00012922977923325279,8,True,0.03125,0.22727272727272727,False,4224,4352
12,34,8.270014822168337e-05,5.596362949390907e-05,0.00011628314013839366,8,True,0.0078125,0.14925373134328357,False,4352,4480
12,35,4.084516973050594e-05,2.063072988502143e-05,6.572823992167367e-05,8,True,0.015625,0.16806722689075632,False,4480,4608
12,36,6.573060776165042e-05,3.733567843232708e-05,0.00010781096428031207,8,True,0.0078125,0.14925373134328357,False,4608,4736
12,37,1.8869619755597162e-05,3.03078600823337e-06,3.510268293606534e-05,8,True,0.09375,0.33707865168539325,False,4736,4864
12,38,5.089979124685805e-05,2.4177704339667633e-06,0.0001023268756790847,8,True,0.109375,0.35175879396984927,False,4864,4992
12,39,8.930262848034542e-05,4.532384360942257e-05,0.00013824846769260965,8,True,0.015625,0.16806722689075632,False,4992,5120
12,40,8.473168980744718e-05,5.258734792302253e-05,0.00011966871770120385,8,True,0.0078125,0.14925373134328357,False,5120,5248
12,41,9.165990693627113e-05,2.0270075786097633e-05,0.00016757965989019785,8,True,0.0625,0.28776978417266186,False,5248,5376
12,42,-8.385746221108959e-05,-0.00041531063732260025,0.00013171632630390158,8,False,0.921875,0.9624796084828712,False,5376,5504
12,43,8.531993110897843e-06,-0.00013629846237160772,0.00014112112953571513,8,False,0.8671875,0.9414758269720102,False,5504,5632
12,44,2.336579517382871e-05,-1.1841329333163236e-05,5.870317670522657e-05,8,False,0.28125,0.5504587155963303,False,5632,5760
12,45,6.105957211116709e-06,-8.203693045509718e-05,9.067534315191416e-05,8,False,0.8984375,0.9527754763877382,False,5760,5888
12,46,8.454916876696796e-05,-9.44635432677955e-06,0.0001674269664484827,8,False,0.1328125,0.38288288288288286,False,5888,6016
12,47,0.0001255705130699243,1.1640455621990654e-05,0.0002338396593664437,8,True,0.078125,0.31347962382445144,False,6016,6144
12,48,6.430875565037125e-05,-5.134765748871426e-05,0.00017344145905633977,8,False,0.3203125,0.5823863636363636,False,6144,6272
12,49,3.140996322473467e-05,-2.960566387503406e-05,9.411565395791406e-05,8,False,0.3984375,0.6546854942233633,False,6272,6400
12,50,0.00011235413343651587,4.272409167112651e-05,0.0001755051167941555,8,True,0.0390625,0.25,False,6400,6528
12,51,8.716757203236167e-05,3.55642771882774e-05,0.00017086867834219567,8,True,0.0078125,0.14925373134328357,False,6528,6656
12,52,1.3028958064233682e-05,-3.0155534410370698e-05,5.650812700510606e-05,8,False,0.6015625,0.7905544147843943,False,6656,6784
12,53,2.1095810917822008e-05,-8.697077536947879e-06,4.701128297557898e-05,8,False,0.2109375,0.47619047619047616,False,6784,6912
12,54,6.484241647274724e-05,4.3505653036170927e-05,8.948041313031692e-05,8,True,0.0078125,0.14925373134328357,False,6912,7040
12,55,7.081809215868688e-05,4.032402436955321e-05,9.671519627484863e-05,8,True,0.015625,0.16806722689075632,False,7040,7168
12,56,5.891170276139095e-05,1.8935247887906864e-05,9.565916948192163e-05,8,True,0.046875,0.26666666666666666,False,7168,7296
12,57,2.7469157755183293e-05,-1.8716189911846664e-05,7.042181375734683e-05,8,False,0.2890625,0.5530642750373692,False,7296,7424
12,58,0.00013044672740468463,2.1672812684930102e-06,0.00026736667109257566,8,True,0.15625,0.4106776180698152,False,7424,7552
12,59,9.427383256865022e-06,-0.00011234149735715852,0.00010867442934666296,8,False,0.890625,0.9484193011647255,False,7552,7680
12,60,0.00017326571430117613,2.7361682045169607e-05,0.00032711143675997903,8,True,0.078125,0.31347962382445144,False,7680,7808
12,61,9.664868235632856e-05,4.216961566715352e-05,0.00017966388385256329,8,True,0.0078125,0.14925373134328357,False,7808,7936
12,62,0.00010130144644019082,2.0796723134753757e-05,0.00020613695490040334,8,True,0.046875,0.26666666666666666,False,7936,8064
12,63,0.00015157032139735585,-5.0812653316667755e-06,0.0003221620791321396,8,False,0.140625,0.391304347826087,False,8064,8192
12,64,0.00010097413579212011,1.2085819610724996e-05,0.00020069482313340244,8,True,0.0859375,0.3235294117647059,False,8192,8320
12,65,6.632320770185368e-05,-4.59249089497409e-06,0.0001414949960228206,8,False,0.15625,0.4106776180698152,False,8320,8448
12,66,7.55014622309802e-05,-6.290672229600997e-05,0.0002122082366673676,8,False,0.2890625,0.5530642750373692,False,8448,8576
12,67,5.477643352663423e-05,3.2071499700812465e-05,8.043963579859866e-05,8,True,0.0078125,0.14925373134328357,False,8576,8704
12,68,5.0453209412078505e-05,6.378048230383555e-06,9.232594023720543e-05,8,True,0.0859375,0.3235294117647059,False,8704,8832
12,69,0.00014682195938800935,5.533127042696879e-05,0.0002755069785912286,8,True,0.0078125,0.14925373134328357,False,8832,8960
12,70,4.3485515875819565e-06,-7.527314577207136e-05,6.246950533869316e-05,8,False,0.9453125,0.9750201450443191,False,8960,9088
12,71,0.00015491841733981617,8.795787100012825e-05,0.0002524187185006877,8,True,0.0078125,0.14925373134328357,False,9088,9216
12,72,-0.00027456352676808187,-0.0009928709640580093,0.00011270032957033889,8,False,0.984375,0.9936908517350158,False,9216,9344
12,73,0.00023770429207517957,1.1675553736931497e-05,0.0005964481143321027,8,True,0.1015625,0.34759358288770054,False,9344,9472
12,74,0.00010110787476917999,1.7077458029691173e-05,0.00020217053788094922,8,True,0.0625,0.28776978417266186,False,9472,9600
12,75,-0.0002778429202552053,-0.0009428651647591828,0.00020624143416077322,8,False,0.546875,0.7608695652173914,False,9600,9728
12,76,-0.00015021354990545533,-0.000670896826006911,0.00018081017720485918,8,False,0.9375,0.9693053311793215,False,9728,9856
12,77,8.247637131411006e-05,-0.0002993260063806937,0.0003767526263477634,8,False,0.6953125,0.8476190476190476,False,9856,9984
12,78,-1.5114848911267214e-05,-0.00033796143673144236,0.00022563471396147198,8,False,0.9609375,0.9800796812749004,False,9984,10112
12,79,6.412682786365139e-05,6.265471806486778e-06,0.0001226628006688385,8,True,0.09375,0.33707865168539325,False,10112,10240
12,80,-1.0480481791884648e-05,-0.00028672935417324954,0.00016302055407111385,8,False,0.9921875,0.997643362136685,False,10240,10368
12,81,0.0006712862631998072,-0.00018050586993529434,0.002023867030558103,8,False,0.4296875,0.6781750924784217,False,10368,10496
12,82,0.00011859647050957511,-1.1913192679436992e-05,0.00024667850682766866,8,False,0.109375,0.35175879396984927,False,10496,10624
12,83,0.00012310672874858358,-8.595630954128769e-06,0.00025973507327326233,8,False,0.1484375,0.4051172707889126,False,10624,10752
12,84,4.8992891574522036e-05,-0.00028761298993280416,0.0002684477435359352,8,False,0.8125,0.913081650570676,False,10752,10880
12,85,0.00012541622588288493,-4.440460187678263e-05,0.00028553533196901343,8,False,0.1875,0.4436229205175601,False,10880,11008
12,86,0.00012046418095062032,-5.874993170988774e-05,0.0003128026388765807,8,False,0.2890625,0.5530642750373692,False,11008,11136
12,87,0.0001128531593536986,-5.08388976615896e-05,0.00028318549833941534,8,False,0.2578125,0.5263157894736842,False,11136,11264
12,88,0.00011154834028702342,1.310641876834605e-05,0.00022094164425840696,8,True,0.078125,0.31347962382445144,False,11264,11392
12,89,0.0003887933018658718,9.111321980801475e-05,0.0008896398355049826,8,True,0.0078125,0.14925373134328357,False,11392,11520
12,90,8.647733491233425e-05,6.286698811415658e-07,0.0001935672982361048,8,True,0.140625,0.391304347826087,False,11520,11648
12,91,0.00019831935584712214,-1.470750060992433e-05,0.00038034845108278167,8,False,0.1015625,0.34759358288770054,False,11648,11776
12,92,0.00018833314441067098,-5.365848222435324e-06,0.00037154419704470306,8,False,0.1171875,0.36231884057971014,False,11776,11904
12,93,0.00014074683291382282,7.622983135917611e-05,0.00019560091516802378,8,True,0.015625,0.16806722689075632,False,11904,12032
12,94,0.00012242333782772568,-1.4555910747051558e-05,0.0002908380265928632,8,False,0.171875,0.43052837573385516,False,12032,12160
12,95,6.952063580721647e-05,-0.0002148744775186068,0.00032724430210718007,8,False,0.65625,0.8195121951219512,False,12160,12288
12,96,0.00012029213177727734,-3.0267091555752807e-05,0.0002673084426300362,8,False,0.1875,0.4436229205175601,False,12288,12416
12,97,0.00011608985358989654,-2.4650302640511436e-05,0.00026094137713103034,8,False,0.1796875,0.4380952380952381,False,12416,12544
12,98,0.00013972745714625268,3.333889619163963e-06,0.00026602563119439127,8,True,0.09375,0.33707865168539325,False,12544,12672
12,99,0.0001390288904184423,1.024375566005354e-05,0.0003054890434720834,8,True,0.0859375,0.3235294117647059,False,12672,12800
12,100,0.00016874447592594,5.026939334983728e-05,0.0003292262666092775,8,True,0.0234375,0.2054794520547945,False,12800,12928
12,101,4.406528329154623e-05,-6.834036942525627e-05,0.00015001166555748559,8,False,0.46875,0.7117437722419929,False,12928,13056
12,102,0.00010896300224283955,-2.5683710026916972e-05,0.0002470054889305601,8,False,0.1796875,0.4380952380952381,False,13056,13184
12,103,0.00012910978693629507,3.132897297746797e-05,0.00022641943702338276,8,True,0.046875,0.26666666666666666,False,13184,13312
12,104,0.00015494925112018013,4.9257095782694655e-05,0.0002507800248444393,8,True,0.0390625,0.25,False,13312,13440
12,105,0.00036916020193705746,0.0001667262604350584,0.0005918879917254007,8,True,0.015625,0.16806722689075632,False,13440,13568
12,106,0.00019326085682698968,-0.00019801920042812192,0.0006502723831771834,8,False,0.5078125,0.7352941176470589,False,13568,13696
12,107,6.248032119153596e-05,-0.0003556953101783185,0.000465651887308813,8,False,0.7265625,0.8675373134328358,False,13696,13824
12,108,0.00010831556454527036,-0.00010205911942261526,0.0003203030892030868,8,False,0.3671875,0.625,False,13824,13952
12,109,0.00012287652710295675,-0.0001815493444096686,0.00045078868976356195,8,False,0.4609375,0.7040572792362768,False,13952,14080
12,110,0.00015009149507793577,-0.0002842558919556442,0.0006211871943516849,8,False,0.5703125,0.7749469214437368,False,14080,14208
12,111,-0.00019902191983996507,-0.0020366269677314515,0.0010058163055485468,8,False,0.96875,0.9849086576648134,False,14208,14336
12,112,0.0004369192358061188,0.00016299723439284212,0.0007147664629184936,8,True,0.03125,0.22727272727272727,False,14336,14464
12,113,0.0003410929792917727,5.272865620606644e-05,0.0006471712449258182,8,True,0.09375,0.33707865168539325,False,14464,14592
12,114,0.00028915544846708024,2.0132965069671363e-05,0.0005567742553159751,8,True,0.1015625,0.34759358288770054,False,14592,14720
12,115,0.00030844587756713785,0.00011935682643797975,0.0004791463147445788,8,True,0.0234375,0.2054794520547945,False,14720,14848
12,116,0.00042652961012012373,0.00011154537608605138,0.0007174691284887565,8,True,0.0546875,0.2777777777777778,False,14848,14976
12,117,0.0005438165118481518,9.523645403090991e-05,0.0011712885273639177,8,True,0.0546875,0.2777777777777778,False,14976,15104
12,118,0.0007754139293988797,0.00017306995409021005,0.0014677471130112713,8,True,0.046875,0.26666666666666666,False,15104,15232
12,119,0.0008432420798458823,7.701212352492732e-05,0.0019567504709510092,8,True,0.09375,0.33707865168539325,False,15232,15360
12,120,0.0009596023922810082,0.0005383937620253149,0.0014726369112551853,8,True,0.0078125,0.14925373134328357,False,15360,15488
12,121,0.0009967477800730505,0.0003247676972724067,0.0017625406261293267,8,True,0.0390625,0.25,False,15488,15616
12,122,0.001265058827290804,-0.00010825310853773847,0.0029176230475348877,8,False,0.1640625,0.42084168336673344,False,15616,15744
12,123,0.002084412315205203,0.0005185566198499874,0.0037867979718061878,8,True,0.0546875,0.2777777777777778,False,15744,15872
12,124,0.0019763950708597995,0.0003200835654996637,0.004008408180438316,8,True,0.0625,0.28776978417266186,False,15872,16000
12,125,0.0030509935844923322,0.0008844843312985395,0.005058456882897775,8,True,0.0546875,0.2777777777777778,False,16000,16128
12,126,0.0002479241869372262,-0.004289152519717331,0.006221404865545446,8,False,0.953125,0.9791332263242376,False,16128,16256
12,127,-0.023823376207941588,-0.03391446134566663,-0.01379139714166876,8,True,0.015625,0.16806722689075632,False,16256,16320
16,0,0.0014017351036456523,-0.017712038965128848,0.016257433699491914,8,False,0.8984375,0.9527754763877382,False,0,128
16,1,0.00012010328445959714,4.07909609493688e-05,0.00019201919302054584,8,True,0.0390625,0.25,False,128,256
16,2,0.0009475211956490519,0.00010050507755795133,0.0021479317298190785,8,True,0.0078125,0.14925373134328357,False,256,384
16,3,0.00035690090000432926,4.410699231397227e-05,0.0008000709069841544,8,True,0.0703125,0.30612244897959184,False,384,512
16,4,0.00010248202847554381,-0.0001278408170772463,0.00040455934334421203,8,False,0.640625,0.8094768015794669,False,512,640
16,5,0.00027338347733117077,5.0937369509826915e-05,0.0005991171099013026,8,True,0.0546875,0.2777777777777778,False,640,768
16,6,0.00013144601381367117,-0.00017732045575755335,0.00046090186067089024,8,False,0.4453125,0.692588092345079,False,768,896
16,7,0.00021541119754205535,-0.0002545817645892393,0.0009602471931568902,8,False,0.8828125,0.947986577181208,False,896,1024
16,8,0.00011686660515838581,-6.233027326671441e-05,0.00029641826810277626,8,False,0.2890625,0.5530642750373692,False,1024,1152
16,9,-0.00022469754765568512,-0.0007841763601936715,0.00020923722773118138,8,False,0.5546875,0.7667386609071274,False,1152,1280
16,10,9.44576581421555e-05,-0.00023474207518282345,0.00046339675849801703,8,False,0.6875,0.8437200383509108,False,1280,1408
16,11,9.707901881822088e-05,-3.1577132359052015e-05,0.00025317509902005324,8,False,0.3671875,0.625,False,1408,1536
16,12,-6.114571165333759e-05,-0.0002895162325401347,0.00011488453871338595,8,False,0.7421875,0.8739650413983441,False,1536,1664
16,13,6.555911994765099e-05,-0.00019519268138534537,0.0003839311837696131,8,False,0.7421875,0.8739650413983441,False,1664,1792
16,14,5.560222067734724e-05,-9.842385429369223e-05,0.0002137997353716544,8,False,0.53125,0.748898678414097,False,1792,1920
16,15,-9.855377532933051e-05,-0.0003128587978119312,0.00010312647440290272,8,False,0.4140625,0.6658291457286433,False,1920,2048
16,16,0.0001225926285415286,3.366659584233677e-05,0.00020933262802153875,8,True,0.046875,0.26666666666666666,False,2048,2176
16,17,-3.9923171755160886e-05,-0.0001886891366412148,0.00011827668498549978,8,False,0.65625,0.8195121951219512,False,2176,2304
16,18,3.0143442656808302e-05,-3.1764050165324365e-05,9.295000145164245e-05,8,False,0.4140625,0.6658291457286433,False,2304,2432
16,19,-1.4141409053989912e-05,-0.00028890665976330856,0.0003088709474824998,8,False,0.859375,0.9414758269720102,False,2432,2560
16,20,3.096172239399148e-05,-4.277203644342161e-05,0.00011527257723872632,8,False,0.53125,0.748898678414097,False,2560,2688
16,21,8.287844072932915e-05,-9.62930387597881e-05,0.00028201759340976406,8,False,0.4296875,0.6781750924784217,False,2688,2816
16,22,-5.727679756900709e-05,-0.0002477726694788584,0.00014456527010369091,8,False,0.5703125,0.7749469214437368,False,2816,2944
16,23,1.5777445971319378e-05,-0.00011350957401003478,0.00013627022202255008,8,False,0.8046875,0.9074889867841409,False,2944,3072
16,24,7.557580820004573e-05,-0.00011600686207360915,0.00033723893001546445,8,False,0.7421875,0.8739650413983441,False,3072,3200
16,25,-4.0069314561472334e-05,-0.00017433167627711396,7.283115839582476e-05,8,False,0.6015625,0.7905544147843943,False,3200,3328
16,26,8.157907924320844e-05,-2.6589008670431824e-05,0.00019767433377509196,8,False,0.1875,0.4436229205175601,False,3328,3456
16,27,8.420836138556416e-05,-5.2645593428393605e-05,0.00023580600782988317,8,False,0.328125,0.5898876404494382,False,3456,3584
16,28,-5.867216127203861e-05,-0.00021141994950564952,7.257195618616544e-05,8,False,0.5390625,0.755750273822563,False,3584,3712
16,29,3.7690751102469114e-05,-8.46038339923534e-05,0.00012019287431489929,8,False,0.5625,0.7700534759358288,False,3712,3840
16,30,2.406262424439643e-05,-0.0001249958656862645,0.00017820760043456827,8,False,0.78125,0.8936550491510277,False,3840,3968
16,31,0.00025057440500894537,-6.39175937820304e-05,0.0006031862698334632,8,False,0.359375,0.6166219839142091,False,3968,4096
16,32,0.00024008980402553815,-0.00010071647976882916,0.0006332811414780633,8,False,0.3125,0.5738880918220947,False,4096,4224
16,33,0.00019315440009489012,6.817497087879854e-05,0.0003256861453538443,8,True,0.0390625,0.25,False,4224,4352
16,34,0.0008613101830236804,4.50188039889089e-05,0.00175807082513595,8,True,0.15625,0.4106776180698152,False,4352,4480
16,35,0.00016182653960375245,-0.000157041839022549,0.0005592992057565458,8,False,0.5234375,0.7486033519553073,False,4480,4608
16,36,0.00014881547161455918,-8.379042083370072e-06,0.00032122200595478383,8,False,0.171875,0.43052837573385516,False,4608,4736
16,37,9.881451340585561e-05,-7.555725685446495e-05,0.0002719517049981928,8,False,0.3359375,0.5972222222222222,False,4736,4864
16,38,0.0001781697427765041,3.4957611392362055e-05,0.000325712801079459,8,True,0.0703125,0.30612244897959184,False,4864,4992
16,39,0.0003227688131304678,2.741906698299662e-05,0.0007374372351923904,8,True,0.0859375,0.3235294117647059,False,4992,5120
16,40,0.0003863542787986265,6.8063358858858e-05,0.0008500460995966995,8,True,0.0546875,0.2777777777777778,False,5120,5248
16,41,-0.0001841025078778659,-0.0006027165444867627,4.661627805873697e-05,8,False,0.8125,0.913081650570676,False,5248,5376
16,42,-0.00017295674326312088,-0.000838195593146279,0.00023832100946161047,8,False,0.9453125,0.9750201450443191,False,5376,5504
16,43,-0.00015984527721308277,-0.0008400024763923263,0.0002703991315431693,8,False,0.9296875,0.967479674796748,False,5504,5632
16,44,5.065344049897587e-06,-0.00022759378808716804,0.0002243336901004742,8,False,0.9609375,0.9800796812749004,False,5632,5760
16,45,-5.4781231774896025e-05,-0.00020476459368144097,9.771550923647564e-05,8,False,0.5390625,0.755750273822563,False,5760,5888
16,46,-0.00010409886866635855,-0.00034897513306936375,0.0001121999538278908,8,False,0.4453125,0.692588092345079,False,5888,6016
16,47,0.00010308886082241784,-9.322142683763167e-05,0.00033425755119859325,8,False,0.46875,0.7117437722419929,False,6016,6144
16,48,-2.198763544919506e-06,-0.00021289363628306787,0.0001831674079629798,8,False,0.984375,0.9936908517350158,False,6144,6272
16,49,-0.0001237873106810848,-0.000430514947841422,0.0001248750725687973,8,False,0.515625,0.7424071991001124,False,6272,6400
16,50,0.0003542305138461167,-8.912016518187028e-05,0.0010177696518882385,8,False,0.3515625,0.6089309878213802,False,6400,6528
16,51,0.00020483924293116703,-0.00010434630236194505,0.0006678703485678914,8,False,0.53125,0.748898678414097,False,6528,6656
16,52,-0.0003970370627147043,-0.0011656800375185446,5.276832156355434e-05,8,False,0.328125,0.5898876404494382,False,6656,6784
16,53,8.877425335723636e-06,-4.110002996672081e-05,5.6880438858968755e-05,8,False,0.7265625,0.8675373134328358,False,6784,6912
16,54,0.00019541587836222152,2.0685433842943757e-06,0.00041967425401533793,8,True,0.15625,0.4106776180698152,False,6912,7040
16,55,4.960679894181394e-05,-7.545679796730018e-05,0.0001594993961647661,8,False,0.4453125,0.692588092345079,False,7040,7168
16,56,0.00014780899695096013,2.6917994423153617e-05,0.00029159638779923807,8,True,0.0546875,0.2777777777777778,False,7168,7296
16,57,-0.0001719312929586268,-0.0006034333765948406,0.00015326724870261515,8,False,0.546875,0.7608695652173914,False,7296,7424
16,58,-0.00013249669742981956,-0.0004387365143095651,0.00011486009827835909,8,False,0.484375,0.7217694994179278,False,7424,7552
16,59,-0.00016125263450884018,-0.0004380743717808355,9.183889921588061e-05,8,False,0.34375,0.6027397260273972,False,7552,7680
16,60,0.00041571759241131045,0.00010961631656894157,0.0008922892264212426,8,True,0.0234375,0.2054794520547945,False,7680,7808
16,61,2.4247268611166354e-05,-7.558508901266818e-05,0.00013776905140778129,8,False,0.6328125,0.805168986083499,False,7808,7936
16,62,2.4152375057578878e-05,-0.00012924427196279992,0.00017192268290040696,8,False,0.75,0.8807339449541285,False,7936,8064
16,63,-0.0002365444263300951,-0.0010176954157338012,0.00024000811140181908,8,False,0.921875,0.9624796084828712,False,8064,8192
16,64,5.29521570978263e-05,-0.00012315262458706023,0.00022362058579381182,8,False,0.6015625,0.7905544147843943,False,8192,8320
16,65,-5.21173971025806e-05,-0.0002560020898622769,9.456513656069183e-05,8,False,0.8515625,0.936426116838488,False,8320,8448
16,66,-0.0002623412754881963,-0.0004544839800475732,-9.75940605518153e-05,8,True,0.015625,0.16806722689075632,False,8448,8576
16,67,7.380795951621017e-05,-5.0019671430492365e-05,0.00020220672192675145,8,False,0.3203125,0.5823863636363636,False,8576,8704
16,68,-0.00034167606594734363,-0.0012683902426468153,0.0001861309858733902,8,False,0.9453125,0.9750201450443191,False,8704,8832
16,69,0.00012319722386265456,-4.5443348758156826e-05,0.000282252902949996,8,False,0.203125,0.4626334519572954,False,8832,8960
16,70,-0.00010409964791055395,-0.0003172088646892971,7.711933886031128e-05,8,False,0.421875,0.6716417910447762,False,8960,9088
16,71,7.400862408098128e-05,-0.0005276854461696444,0.0007010372740968408,8,False,0.765625,0.8876811594202898,False,9088,9216
16,72,-0.00014799151975319324,-0.0014994511129065432,0.0011167420375941856,8,False,0.7265625,0.8675373134328358,False,9216,9344
16,73,0.00027639772325047796,-4.467147296708904e-05,0.00077365614440529,8,False,0.28125,0.5504587155963303,False,9344,9472
16,74,0.0002266637541020789,3.580159048793721e-05,0.0004325158835566061,8,True,0.0859375,0.3235294117647059,False,9472,9600
16,75,-0.003297576202678904,-0.00812328674459281,0.0004295969442092482,8,False,0.375,0.631578947368421,False,9600,9728
16,76,0.0008366789799440299,1.856319150496716e-05,0.002042122919842479,8,True,0.125,0.37383177570093457,False,9728,9856
16,77,0.0003877520845558401,2.8450771377432134e-05,0.0008534938552945461,8,True,0.125,0.37383177570093457,False,9856,9984
16,78,0.0002518982071929342,4.012744663921471e-05,0.0004843743149845813,8,True,0.09375,0.33707865168539325,False,9984,10112
16,79,4.322101473965326e-05,-0.00022589779545127762,0.0003176395396338026,8,False,0.796875,0.9018567639257294,False,10112,10240
16,80,0.00018592650555073013,-8.247864083498139e-05,0.00043617463358253285,8,False,0.2265625,0.48986486486486486,False,10240,10368
16,81,0.000403642310483261,-0.0009032149321131049,0.002120668127481058,8,False,0.7421875,0.8739650413983441,False,10368,10496
16,82,6.706039745576039e-05,-0.00030423288874739196,0.00040737246791704753,8,False,0.7265625,0.8675373134328358,False,10496,10624
16,83,-0.0001286507327591213,-0.00039629703600870106,0.00013412423357694582,8,False,0.3984375,0.6546854942233633,False,10624,10752
16,84,-0.0002758696345404012,-0.0007063989040397277,0.00014162877686724215,8,False,0.28125,0.5504587155963303,False,10752,10880
16,85,0.00036303659925764824,-2.7109803850741843e-06,0.0006798245253589405,8,False,0.109375,0.35175879396984927,False,10880,11008
16,86,0.000447758686612736,5.202300705043842e-05,0.0008803614084507501,8,True,0.1015625,0.34759358288770054,False,11008,11136
16,87,-0.00031497024997050374,-0.0012474406680969114,0.00033902556732191705,8,False,0.703125,0.8547008547008547,False,11136,11264
16,88,-7.045667126627029e-05,-0.0006277646214400069,0.00033379888847715194,8,False,0.890625,0.9484193011647255,False,11264,11392
16,89,-0.00023667256751283143,-0.0008582568132038242,0.0002520458926121227,8,False,0.515625,0.7424071991001124,False,11392,11520
16,90,1.7821583880416527e-05,-0.00018453686125197554,0.00019764552492401456,8,False,0.8828125,0.947986577181208,False,11520,11648
16,91,0.00023689511277154648,-0.00013445401890091674,0.0006109504674599668,8,False,0.2890625,0.5530642750373692,False,11648,11776
16,92,0.00015992926929079776,-9.503534445190262e-05,0.00042182485318393984,8,False,0.3203125,0.5823863636363636,False,11776,11904
16,93,0.00046441699692427506,-2.6331769496333083e-05,0.0009949707027596376,8,False,0.1640625,0.42084168336673344,False,11904,12032
16,94,0.00018854163900439364,-5.489990998475128e-05,0.0004063961486098497,8,False,0.1796875,0.4380952380952381,False,12032,12160
16,95,0.00010427957036924474,-0.00033071073637983955,0.0004187122140137498,8,False,0.6796875,0.8389585342333655,False,12160,12288
16,96,0.00016933585441904995,-4.381404611275593e-05,0.00041554739145436865,8,False,0.2578125,0.5263157894736842,False,12288,12416
16,97,0.00018002663658373162,7.177590599656485e-05,0.0002947767475322242,8,True,0.015625,0.16806722689075632,False,12416,12544
16,98,0.00037904131822694717,0.0001762916418024149,0.0006016614680952935,8,True,0.0078125,0.14925373134328357,False,12544,12672
16,99,0.00027419702019511403,-4.563137422621662e-05,0.0006018658145280444,8,False,0.171875,0.43052837573385516,False,12672,12800
16,100,0.0011056783475597882,-6.383074750695694e-05,0.0030411154079323984,8,False,0.1875,0.4436229205175601,False,12800,12928
16,101,0.0006633658483762803,0.00019612013978383968,0.001181477670227131,8,True,0.0390625,0.25,False,12928,13056
16,102,0.0009663432387967024,8.402106269362227e-05,0.0025305048729029594,8,True,0.0390625,0.25,False,13056,13184
16,103,1.0603545731228104e-05,-0.0005063253081356823,0.000372768144935787,8,False,0.9921875,0.997643362136685,False,13184,13312
16,104,0.00019868424126153318,-4.567107093056963e-05,0.0004335903841368462,8,False,0.1875,0.4436229205175601,False,13312,13440
16,105,0.0010758528018693797,0.0002937120094321514,0.0020760609466621703,8,True,0.03125,0.22727272727272727,False,13440,13568
16,106,0.0009973091089079168,-5.726732888546371e-06,0.002567168986596972,8,False,0.171875,0.43052837573385516,False,13568,13696
16,107,-0.00027226826277688916,-0.0010128289890389602,0.00034498976088612773,8,False,0.484375,0.7217694994179278,False,13696,13824
16,108,0.00012279784360042369,-0.0003019809657948024,0.0005896567252109942,8,False,0.625,0.7984031936127745,False,13824,13952
16,109,0.00013364090933833488,-0.0002556059475560564,0.0005289779749319234,8,False,0.5546875,0.7667386609071274,False,13952,14080
16,110,0.0002641287160266909,-0.00015440986388327394,0.0007029307153920698,8,False,0.3046875,0.5652173913043478,False,14080,14208
16,111,-0.0012839419881417334,-0.005484415295017799,0.0014329014854794677,8,False,0.84375,0.9302325581395349,False,14208,14336
16,112,2.0413693420376832e-06,-0.0009153461445955343,0.0005775637529970709,8,False,1.0,1.0,False,14336,14464
16,113,0.00028697848429851906,-0.0002594704725877913,0.0008867017245925383,8,False,0.390625,0.648508430609598,False,14464,14592
16,114,0.0009155781786318963,0.00017946857855716136,0.0018560368133666728,8,True,0.0546875,0.2777777777777778,False,14592,14720
16,115,0.00023582959815962397,-0.0002828511563421197,0.0007340634754811907,8,False,0.421875,0.6716417910447762,False,14720,14848
16,116,0.0012408989111477862,0.0003055885087390876,0.0022257875367985873,8,True,0.046875,0.26666666666666666,False,14848,14976
16,117,2.713901515410494e-05,-0.0003478501820683942,0.0004812293040976728,8,False,0.90625,0.9563066776586975,False,14976,15104
16,118,0.000752386001811696,-0.00024973270211768844,0.0018038270771934249,8,False,0.1640625,0.42084168336673344,False,15104,15232
16,119,0.0017009092146233092,0.00015156347865734744,0.0041765000159737255,8,True,0.078125,0.31347962382445144,False,15232,15360
16,120,0.000557328732763365,-0.0018196555745618299,0.002241530402086541,8,False,0.6640625,0.8252427184466019,False,15360,15488
16,121,0.0012571673783676363,0.00046290138869843536,0.002069591043918463,8,True,0.03125,0.22727272727272727,False,15488,15616
16,122,0.001970021949444494,-0.0005647794830913706,0.005862888675422358,8,False,0.4140625,0.6658291457286433,False,15616,15744
16,123,0.0029455071340237227,0.000393601429897196,0.006362095766141041,8,True,0.1171875,0.36231884057971014,False,15744,15872
16,124,0.003834712117626763,0.0007796381268782474,0.00806345831942684,8,True,0.046875,0.26666666666666666,False,15872,16000
16,125,0.00249434137324074,-0.0012274731120266514,0.0073956361515679124,8,False,0.3984375,0.6546854942233633,False,16000,16128
16,126,0.0047567002166237545,-0.0013921209737414422,0.012343179883047334,8,False,0.2890625,0.5530642750373692,False,16128,16256
16,127,-0.03415923428306538,-0.05110297924331725,-0.01739012149069462,8,True,0.015625,0.16806722689075632,False,16256,16320
20,0,0.03155153702085967,0.012221425167781724,0.0501888815458028,8,True,0.03125,0.22727272727272727,False,0,128
20,1,9.882100397319313e-05,4.704532430672486e-05,0.0001512167448669403,8,True,0.0234375,0.2054794520547945,False,128,256
20,2,0.00019975594513244488,7.597809796085853e-07,0.0005267135275924169,8,True,0.15625,0.4106776180698152,False,256,384
20,3,0.00019739355395333272,4.223761617552971e-05,0.0004658442293021185,8,True,0.015625,0.16806722689075632,False,384,512
20,4,4.474056234124817e-05,-3.8492239846874244e-05,0.00013127940447265363,8,False,0.390625,0.648508430609598,False,512,640
20,5,8.619420052353317e-05,1.4241605954221195e-05,0.00019331421986810513,8,True,0.0546875,0.2777777777777778,False,640,768
20,6,5.5360254914210426e-05,-1.7975965374858147e-05,0.00016896594080829946,8,False,0.421875,0.6716417910447762,False,768,896
20,7,9.067490833258893e-05,-0.0001196862018607375,0.00038309195389932645,8,False,0.71875,0.8654750705550329,False,896,1024
20,8,0.00019171875978374504,5.7601389175464295e-05,0.00033921057379968534,8,True,0.0390625,0.25,False,1024,1152
20,9,5.535543640174036e-05,1.5374260504166624e-05,9.130946668191744e-05,8,True,0.0390625,0.25,False,1152,1280
20,10,0.0001466666354270147,1.323371250168012e-05,0.000290337219458712,8,True,0.109375,0.35175879396984927,False,1280,1408
20,11,7.473310243765193e-05,-6.539039923387099e-05,0.0002141098928041579,8,False,0.3203125,0.5823863636363636,False,1408,1536
20,12,-6.91242639064344e-06,-6.655244890464212e-05,5.801653288759967e-05,8,False,0.84375,0.9302325581395349,False,1536,1664
20,13,4.303760226743715e-06,-0.00011756821166753834,0.00019650724117887506,8,False,1.0,1.0,False,1664,1792
20,14,-5.456876560069205e-05,-0.00010840971319905934,5.793403076027911e-06,8,False,0.125,0.37383177570093457,False,1792,1920
20,15,-1.9003446611269682e-05,-0.00010212533686885324,0.00010008718536228567,8,False,0.7734375,0.8918918918918919,False,1920,2048
20,16,4.977146931521391e-05,-3.3128721430811847e-06,0.00011370929646980608,8,False,0.15625,0.4106776180698152,False,2048,2176
20,17,-6.413443024110963e-05,-0.00014458801721328483,1.324849476190776e-05,8,False,0.1875,0.4436229205175601,False,2176,2304
20,18,-4.1630813010291034e-05,-8.233006988224929e-05,-3.950859078909175e-06,8,True,0.1015625,0.34759358288770054,False,2304,2432
20,19,3.954140406357021e-05,-4.85569159163763e-05,0.00015760500620648382,8,False,0.65625,0.8195121951219512,False,2432,2560
20,20,0.00010318669231994197,-5.564280177919571e-05,0.00028261787959189366,8,False,0.2890625,0.5530642750373692,False,2560,2688
20,21,0.00011194130626757451,-1.3579754983640265e-05,0.0002944520185627101,8,False,0.203125,0.4626334519572954,False,2688,2816
20,22,-7.205318266252066e-05,-0.00020697873712724365,8.901419637780627e-05,8,False,0.4140625,0.6658291457286433,False,2816,2944
20,23,3.512564608436648e-05,-8.880046551555125e-05,0.0001993767720858336,8,False,0.78125,0.8936550491510277,False,2944,3072
20,24,1.4108628187703672e-05,-0.00012905452409717552,0.0001939461956026453,8,False,0.8828125,0.947986577181208,False,3072,3200
20,25,-1.4322658473531875e-05,-0.00012072222832248414,8.688206653233667e-05,8,False,0.796875,0.9018567639257294,False,3200,3328
20,26,-2.2938400860613478e-05,-0.00013931021022211564,8.425881386294217e-05,8,False,0.7109375,0.8576814326107446,False,3328,3456
20,27,-0.00012782512634932345,-0.00031643997253360195,7.070260981413528e-06,8,False,0.15625,0.4106776180698152,False,3456,3584
20,28,-4.991905143722104e-05,-0.0001876752726226741,0.00012620739068096022,8,False,0.609375,0.7934893184130214,False,3584,3712
20,29,2.4749198002771503e-05,-0.0001201076832646503,0.00019999263826264905,8,False,0.8359375,0.9302325581395349,False,3712,3840
20,30,-5.198315628284698e-06,-8.927855466467534e-05,8.082969782970993e-05,8,False,0.9296875,0.967479674796748,False,3840,3968
20,31,-3.294116479996939e-07,-0.00017997981509577655,0.0001959647452638042,8,False,1.0,1.0,False,3968,4096
20,32,-0.0001094487313048254,-0.00022103276127223865,1.8536488745946936e-05,8,False,0.1328125,0.38288288288288286,False,4096,4224
20,33,3.709319292573966e-06,-6.0755936268545505e-05,6.622698782304753e-05,8,False,0.921875,0.9624796084828712,False,4224,4352
20,34,0.0001004294237020043,-1.9008480134236106e-05,0.00023719460742449084,8,False,0.21875,0.4827586206896552,False,4352,4480
20,35,-1.951491723767978e-06,-8.709089373235804e-05,6.435928470450961e-05,8,False,0.96875,0.9849086576648134,False,4480,4608
20,36,-6.70025818267889e-06,-5.106056067016623e-05,3.5993995140218004e-05,8,False,0.7890625,0.8977777777777778,False,4608,4736
20,37,4.179997680412054e-05,-1.5228615512538774e-05,0.00010783065441571922,8,False,0.2734375,0.546875,False,4736,4864
20,38,3.39603583841125e-05,-3.226750188778008e-05,8.761453715494295e-05,8,False,0.3359375,0.5972222222222222,False,4864,4992
20,39,5.728530342766528e-05,-6.704040492882381e-05,0.00022101823808986078,8,False,0.6484375,0.816125860373648,False,4992,5120
20,40,5.295230684390672e-05,-7.705442667424537e-05,0.00019173469951561513,8,False,0.5078125,0.7352941176470589,False,5120,5248
20,41,-0.0001139632251336284,-0.0002697401682261915,2.4103665476306852e-05,8,False,0.2421875,0.5081967213114754,False,5248,5376
20,42,5.634289019371655e-06,-8.551148676708918e-05,9.910240808107685e-05,8,False,0.90625,0.9563066776586975,False,5376,5504
20,43,-3.956476151881104e-05,-0.00019013365877813048,0.0001144105225182264,8,False,0.640625,0.8094768015794669,False,5504,5632
20,44,0.00012798907863367348,4.745920287411682e-06,0.0002764823388091742,8,True,0.1171875,0.36231884057971014,False,5632,5760
20,45,6.116161290986158e-05,-3.6285358608106876e-05,0.00016273126029385965,8,False,0.296875,0.5621301775147929,False,5760,5888
20,46,-7.461439922027403e-05,-0.00020839911508060643,4.191605001487384e-05,8,False,0.34375,0.6027397260273972,False,5888,6016
20,47,4.573505452076366e-05,-5.516309165643923e-05,0.00014988554248748632,8,False,0.4765625,0.71849234393404,False,6016,6144
20,48,4.5050395670286205e-06,-9.818210794980906e-05,0.00011283776250622803,8,False,0.953125,0.9791332263242376,False,6144,6272
20,49,-2.449933842197467e-05,-9.823489255005841e-05,6.028253019149001e-05,8,False,0.53125,0.748898678414097,False,6272,6400
20,50,0.00017769909914425712,9.370847208884075e-06,0.0004450756851879139,8,True,0.078125,0.31347962382445144,False,6400,6528
20,51,7.482522526906319e-05,-5.895419580312375e-05,0.00026541764309494275,8,False,0.625,0.7984031936127745,False,6528,6656
20,52,1.0725800930987351e-05,-1.818785214356558e-05,3.8823182929908015e-05,8,False,0.5,0.7289293849658315,False,6656,6784
20,53,2.8896742181921178e-05,-1.1507626220437224e-05,7.447837315273866e-05,8,False,0.28125,0.5504587155963303,False,6784,6912
20,54,4.2823197200377806e-05,-1.2792585404675107e-05,9.843557296305899e-05,8,False,0.2109375,0.47619047619047616,False,6912,7040
20,55,4.6453269707605124e-05,1.7782329838525325e-05,8.76996872464562e-05,8,True,0.015625,0.16806722689075632,False,7040,7168
20,56,3.7160114097675694e-05,-6.154771651674356e-06,9.290373037974819e-05,8,False,0.1953125,0.45454545454545453,False,7168,7296
20,57,-3.5836872478012106e-05,-7.295835740138646e-05,-1.9533726475417676e-06,8,True,0.1640625,0.42084168336673344,False,7296,7424
20,58,3.565200446761492e-05,-6.858521930988526e-05,0.000179516332940016,8,False,0.75,0.8807339449541285,False,7424,7552
20,59,-7.341427272100276e-05,-0.00014311542844018898,-1.348685261999459e-05,8,True,0.0703125,0.30612244897959184,False,7552,7680
20,60,6.776192543827802e-05,-0.0002783895158598445,0.0004846637581472366,8,False,0.7109375,0.8576814326107446,False,7680,7808
20,61,1.9149546921102895e-05,-4.5867562266426086e-05,9.787847868059654e-05,8,False,0.6875,0.8437200383509108,False,7808,7936
20,62,-2.1950840784929524e-06,-4.434925561264239e-05,4.328515174417221e-05,8,False,0.9140625,0.9605911330049262,False,7936,8064
20,63,7.84768754165896e-05,-4.067743973973387e-05,0.0001890372758223406,8,False,0.2421875,0.5081967213114754,False,8064,8192
20,64,-8.093000620826726e-07,-3.5516234046334685e-05,3.982004305013924e-05,8,False,0.9765625,0.9904912836767037,False,8192,8320
20,65,-3.126635717185894e-05,-8.316567053912308e-05,1.4921027031457232e-05,8,False,0.34375,0.6027397260273972,False,8320,8448
20,66,-6.107618982285941e-05,-0.00014060426251865472,1.4369367208075502e-05,8,False,0.21875,0.4827586206896552,False,8448,8576
20,67,1.648813582395217e-05,-4.35077645599636e-05,7.329891663975928e-05,8,False,0.6171875,0.797979797979798,False,8576,8704
20,68,-1.878763762338087e-05,-7.946224559989566e-05,3.0584624871265575e-05,8,False,0.53125,0.748898678414097,False,8704,8832
20,69,0.0013138776706277944,-3.7138981798345615e-05,0.003965457746197896,8,False,0.578125,0.7789473684210526,False,8832,8960
20,70,-1.6744252200284027e-06,-3.884872434754626e-05,3.679963844592606e-05,8,False,0.9375,0.9693053311793215,False,8960,9088
20,71,-2.8347141652206645e-05,-0.0001263337012928325,6.216920781853917e-05,8,False,0.640625,0.8094768015794669,False,9088,9216
20,72,0.0013409157849957698,-7.80184211825998e-05,0.004107826324741501,8,False,0.8359375,0.9302325581395349,False,9216,9344
20,73,-0.00016988489517202565,-0.0006456344449623564,0.00011297937134661183,8,False,0.8671875,0.9414758269720102,False,9344,9472
20,74,3.957321279296575e-05,-1.9219755663011515e-05,0.00010593924393137571,8,False,0.2890625,0.5530642750373692,False,9472,9600
20,75,-0.0005502870763557449,-0.0015005859440351682,5.6415160771958864e-05,8,False,0.3046875,0.5652173913043478,False,9600,9728
20,76,0.0005794225330450567,2.298652475412716e-06,0.001643092470113967,8,True,0.125,0.37383177570093457,False,9728,9856
20,77,5.7348812679842835e-06,-0.00024569645477980583,0.0002457418388226216,8,False,0.9921875,0.997643362136685,False,9856,9984
20,78,-3.116172188383509e-05,-0.00013426350499224778,7.184978248446376e-05,8,False,0.5859375,0.7836990595611285,False,9984,10112
20,79,4.188549496593607e-05,-9.843989420805115e-05,0.00021210666258165306,8,False,0.7109375,0.8576814326107446,False,10112,10240
20,80,0.00013437221036772,7.070094508517072e-07,0.0002637310851636358,8,True,0.109375,0.35175879396984927,False,10240,10368
20,81,0.001351219239622045,-0.0002466549740574992,0.004134325853352131,8,False,0.484375,0.7217694994179278,False,10368,10496
20,82,0.00016407618587059448,4.938710432638001e-05,0.0002788579482112543,8,True,0.0390625,0.25,False,10496,10624
20,83,4.1260450170651415e-05,-6.420804330560859e-05,0.00013850023205848805,8,False,0.453125,0.7004830917874396,False,10624,10752
20,84,-4.9798073402781446e-05,-0.00024858756434021105,0.00010246735395459532,8,False,0.734375,0.871177015755329,False,10752,10880
20,85,0.00019611612189566633,-5.692866823350176e-05,0.0004371694909807775,8,False,0.1953125,0.45454545454545453,False,10880,11008
20,86,4.727305521474072e-05,-7.063772652312635e-05,0.00016226240014910532,8,False,0.4609375,0.7040572792362768,False,11008,11136
20,87,-0.00023196036038835305,-0.0007390472589448013,6.977875357431484e-05,8,False,0.609375,0.7934893184130214,False,11136,11264
20,88,6.491302186552151e-07,-0.0001247238467118509,0.00011784707164236683,8,False,0.9921875,0.997643362136685,False,11264,11392
20,89,0.0014240242273078725,1.4231378588530803e-05,0.004180819737748073,8,True,0.0859375,0.3235294117647059,False,11392,11520
20,90,-2.3853242256127055e-06,-0.0001129406979281618,9.717342605514569e-05,8,False,0.9609375,0.9800796812749004,False,11520,11648
20,91,6.0495779968428476e-05,-0.00017725501111369137,0.0003234883284435595,8,False,0.65625,0.8195121951219512,False,11648,11776
20,92,-0.00011195631655793106,-0.000225239477317526,2.8019792319942e-06,8,False,0.125,0.37383177570093457,False,11776,11904
20,93,6.0324610452343216e-05,-0.00015292030841119718,0.0002575671955281637,8,False,0.625,0.7984031936127745,False,11904,12032
20,94,2.2120054560963276e-05,-0.00024014646122105544,0.00025738969006685507,8,False,0.890625,0.9484193011647255,False,12032,12160
20,95,5.036900369835074e-05,-0.000343423933292624,0.0003780044526887148,8,False,0.828125,0.9265734265734266,False,12160,12288
20,96,-0.0001411371765771013,-0.00029657176260369127,3.065243360964782e-05,8,False,0.1640625,0.42084168336673344,False,12288,12416
20,97,2.257224248729864e-05,-9.260399070686326e-05,0.00010556953113928134,8,False,0.7421875,0.8739650413983441,False,12416,12544
20,98,-9.307295851272155e-06,-0.0002040462800298838,0.00018688565359563174,8,False,0.9296875,0.967479674796748,False,12544,12672
20,99,-5.5902947753136775e-05,-0.0003581303639004194,0.000289467870031757,8,False,0.734375,0.871177015755329,False,12672,12800
20,100,1.079305264351966e-05,-0.00017995320885548906,0.00018980836873261751,8,False,0.890625,0.9484193011647255,False,12800,12928
20,101,-0.00013030976334028934,-0.0003218785299153042,3.688452901361789e-05,8,False,0.2734375,0.546875,False,12928,13056
20,102,3.01287650948905e-05,-0.00010247428277835474,0.0001641875674026119,8,False,0.6640625,0.8252427184466019,False,13056,13184
20,103,3.326278362915292e-05,-6.0309078950348044e-05,0.00012404690229875608,8,False,0.6015625,0.7905544147843943,False,13184,13312
20,104,7.987482312886334e-05,-6.165718439773956e-05,0.00022085908439767592,8,False,0.328125,0.5898876404494382,False,13312,13440
20,105,8.938151042163316e-05,-0.00019206035026328924,0.0003859438941394126,8,False,0.6015625,0.7905544147843943,False,13440,13568
20,106,1.1936988583304535e-05,-0.000155594064233512,0.00014355398740530665,8,False,0.9140625,0.9605911330049262,False,13568,13696
20,107,-0.00016891064923696397,-0.0005533508593801769,0.0001325841380020414,8,False,0.4921875,0.7258064516129032,False,13696,13824
20,108,-2.668815696649579e-05,-0.00039352027774051213,0.0003623302663066508,8,False,0.8828125,0.947986577181208,False,13824,13952
20,109,0.00019951310856543432,-0.00019393710655001605,0.0006552394435389447,8,False,0.4921875,0.7258064516129032,False,13952,14080
20,110,-0.00017757599404788342,-0.0009120566916081122,0.0004956589475865146,8,False,0.5859375,0.7836990595611285,False,14080,14208
20,111,-0.0010600837960425336,-0.0035027290770988963,0.00042408552997123046,8,False,0.6328125,0.805168986083499,False,14208,14336
20,112,4.1618089291888804e-05,-0.00018929911759575275,0.0002585633398446754,8,False,0.7421875,0.8739650413983441,False,14336,14464
20,113,-8.19883116182421e-05,-0.0003576419924540638,0.0001901116970232108,8,False,0.671875,0.8317214700193424,False,14464,14592
20,114,0.00027560280079327106,-0.0001806472896302699,0.0007047511297497725,8,False,0.3046875,0.5652173913043478,False,14592,14720
20,115,-6.826437678404519e-05,-0.00039733064975454855,0.00020603551569621598,8,False,0.671875,0.8317214700193424,False,14720,14848
20,116,0.0004829835338920689,-0.00039273423541394593,0.0013241733700016822,8,False,0.3125,0.5738880918220947,False,14848,14976
20,117,0.0007456990942541515,-0.00040361176108169735,0.002570686752802432,8,False,0.6953125,0.8476190476190476,False,14976,15104
20,118,0.0005653045624400109,-0.00024764398020984295,0.0013757901508194554,8,False,0.234375,0.5,False,15104,15232
20,119,0.00020017433911980777,-0.0005424803762053944,0.0010565330621627603,8,False,0.6953125,0.8476190476190476,False,15232,15360
20,120,0.0007421505925705263,-0.0005619059500349061,0.0022156023638049615,8,False,0.3828125,0.6422018348623854,False,15360,15488
20,121,0.0003059614944751097,-0.00040699118010572725,0.001065885165825948,8,False,0.4609375,0.7040572792362768,False,15488,15616
20,122,0.000935427508322214,-0.00039374957768498686,0.003019662593008529,8,False,0.5625,0.7700534759358288,False,15616,15744
20,123,0.0007928309753990243,-0.00037228998959611093,0.0019849918765889765,8,False,0.28125,0.5504587155963303,False,15744,15872
20,124,0.0014832505266767636,0.0003338403104444052,0.002922915688662111,8,True,0.0390625,0.25,False,15872,16000
20,125,0.000521683851352693,-0.0017484532452025567,0.0022999880015706214,8,False,0.671875,0.8317214700193424,False,16000,16128
20,126,0.004312990299441752,0.0014935107274123374,0.007526899579011832,8,True,0.03125,0.22727272727272727,False,16128,16256
20,127,-0.04893321606204056,-0.07239969177864913,-0.023525825475112106,8,True,0.015625,0.16806722689075632,False,16256,16320
24,0,0.019361390366367692,0.0033405576724980816,0.03449832901397274,8,True,0.0625,0.28776978417266186,False,0,128
24,1,0.00010323798785378478,-6.086475209872692e-06,0.0002389553513137752,8,False,0.140625,0.391304347826087,False,128,256
24,2,0.0002603848911487322,-6.645332405899269e-06,0.0006390636886792105,8,False,0.203125,0.4626334519572954,False,256,384
24,3,3.38670984589668e-05,-0.0002836294825260747,0.00032933704020541877,8,False,0.796875,0.9018567639257294,False,384,512
24,4,6.913788099723553e-05,-8.593069320460335e-05,0.0002129932194570938,8,False,0.4140625,0.6658291457286433,False,512,640
24,5,-8.831560382169865e-05,-0.0004011793460157565,0.00013482361222818485,8,False,0.7890625,0.8977777777777778,False,640,768
24,6,-0.00011558342380888623,-0.00025664264088977383,-1.1531318020795714e-05,8,True,0.1015625,0.34759358288770054,False,768,896
24,7,-0.0001683817408906877,-0.0005294999083940334,0.0001836969296657894,8,False,0.4140625,0.6658291457286433,False,896,1024
24,8,-0.0003177568098178919,-0.0006528415180423018,1.2159840105153302e-05,8,False,0.125,0.37383177570093457,False,1024,1152
24,9,-6.136324968986243e-05,-0.00026581535699533214,0.00013554374710874565,8,False,0.578125,0.7789473684210526,False,1152,1280
24,10,9.92551079684686e-05,-0.00010323328164746646,0.0003099845070929651,8,False,0.40625,0.6607369758576874,False,1280,1408
24,11,-1.2281048975818362e-05,-0.0001364763293268155,0.00012614684835635144,8,False,0.8671875,0.9414758269720102,False,1408,1536
24,12,-0.00016972834429882042,-0.00032791205156839807,-2.8126946264227536e-05,8,True,0.078125,0.31347962382445144,False,1536,1664
24,13,-0.0004288199612154567,-0.0007132838669296069,-0.00015659104676863652,8,True,0.03125,0.22727272727272727,False,1664,1792
24,14,-0.00014936599770784087,-0.00031109760457979284,2.6982023212952312e-05,8,False,0.140625,0.391304347826087,False,1792,1920
24,15,-0.00011992222373464807,-0.0002685331048496004,4.195875643652275e-05,8,False,0.203125,0.4626334519572954,False,1920,2048
24,16,-4.653082783272952e-05,-0.00017791653929439437,6.508498962474939e-05,8,False,0.5703125,0.7749469214437368,False,2048,2176
24,17,-6.734728988058014e-05,-0.00016431805915695044,4.095150829418168e-05,8,False,0.1640625,0.42084168336673344,False,2176,2304
24,18,-6.139813157838645e-05,-0.0001251880886237214,2.3263848177148867e-06,8,False,0.1328125,0.38288288288288286,False,2304,2432
24,19,-0.00016878589960168014,-0.00027364462868183735,-5.8338692921049216e-05,8,True,0.0390625,0.25,False,2432,2560
24,20,-0.00019872895306979465,-0.00040546038830650355,1.2389142455800109e-05,8,False,0.1328125,0.38288288288288286,False,2560,2688
24,21,-0.0001218186827123922,-0.00025274944548167176,1.5349365172607283e-05,8,False,0.140625,0.391304347826087,False,2688,2816
24,22,-0.0001723161126685216,-0.000322160948938132,-3.9765843190012396e-05,8,True,0.1171875,0.36231884057971014,False,2816,2944
24,23,-0.00014923303293752974,-0.0003620525286669744,5.082842081984281e-05,8,False,0.2265625,0.48986486486486486,False,2944,3072
24,24,-0.00016652696462105354,-0.00043112619828021917,8.983775565728089e-05,8,False,0.296875,0.5621301775147929,False,3072,3200
24,25,-0.00021931394832236546,-0.00036242544611108925,-7.26839899520152e-05,8,True,0.0625,0.28776978417266186,False,3200,3328
24,26,-2.225327474507556e-05,-0.0003403397051102329,0.00026848957993901945,8,False,0.875,0.9467455621301775,False,3328,3456
24,27,-0.00022177815686995073,-0.00041899993552808667,-1.9751970392021954e-05,8,True,0.109375,0.35175879396984927,False,3456,3584
24,28,-0.00023695318626651733,-0.0003204053074993331,-0.00014054682333849614,8,True,0.015625,0.16806722689075632,False,3584,3712
24,29,-0.0002095106472862866,-0.00041578230087972116,-7.353506043693246e-05,8,True,0.0078125,0.14925373134328357,False,3712,3840
24,30,-0.00024606941750097804,-0.00036757765773257056,-0.00013572189567445637,8,True,0.0078125,0.14925373134328357,False,3840,3968
24,31,-0.0003140825505096928,-0.0005063090352576509,-0.00012159143583779014,8,True,0.046875,0.26666666666666666,False,3968,4096
24,32,-0.0002897853734633802,-0.0006344581139824388,1.7155139937079862e-05,8,False,0.1484375,0.4051172707889126,False,4096,4224
24,33,-6.643966060474166e-05,-0.0002595901811168382,0.0001399255119185306,8,False,0.546875,0.7608695652173914,False,4224,4352
24,34,-9.696453416236686e-05,-0.00023162390087007318,5.649573945525467e-05,8,False,0.28125,0.5504587155963303,False,4352,4480
24,35,-0.00012583619293699786,-0.00020308706767975315,-3.616459739457539e-05,8,True,0.0390625,0.25,False,4480,4608
24,36,-7.849041270174606e-05,-0.0001982223613217246,3.0455873462169162e-05,8,False,0.265625,0.5371248025276462,False,4608,4736
24,37,-2.6625503765669083e-05,-0.00011764158031086961,6.397947988457195e-05,8,False,0.5625,0.7700534759358288,False,4736,4864
24,38,-0.00012077343282072902,-0.0001552983675857833,-8.101655428671456e-05,8,True,0.0078125,0.14925373134328357,False,4864,4992
24,39,-3.244575216994236e-05,-0.00026715815190545797,0.00023464084177608044,8,False,0.8046875,0.9074889867841409,False,4992,5120
24,40,-0.0001806997523336524,-0.0002656787273485312,-9.537431249870377e-05,8,True,0.015625,0.16806722689075632,False,5120,5248
24,41,-0.00031985374266135097,-0.00047371297188930503,-0.00017807238950232204,8,True,0.0078125,0.14925373134328357,False,5248,5376
24,42,-0.00014680252319835852,-0.00043180574270157245,0.0001299238389034045,8,False,0.3828125,0.6422018348623854,False,5376,5504
24,43,-0.0001056465981407599,-0.0002729142318265015,4.670711848425669e-05,8,False,0.2890625,0.5530642750373692,False,5504,5632
24,44,-4.73991296219138e-05,-0.00016042761151205406,9.929891360558555e-05,8,False,0.5390625,0.755750273822563,False,5632,5760
24,45,-0.00021730473983522588,-0.00047486573505705964,1.5154993645845228e-05,8,False,0.140625,0.391304347826087,False,5760,5888
24,46,-0.00030064804261093197,-0.0004789287914626937,-0.00015119289122237118,8,True,0.0078125,0.14925373134328357,False,5888,6016
24,47,-0.00011590044897780548,-0.00020000466307502427,-4.692126279897249e-05,8,True,0.0078125,0.14925373134328357,False,6016,6144
24,48,-0.0002750972067166135,-0.00043196155339906303,-0.00013240338559260641,8,True,0.015625,0.16806722689075632,False,6144,6272
24,49,-0.0003856962383672857,-0.0006522340041893264,-0.0001667246637274275,8,True,0.0078125,0.14925373134328357,False,6272,6400
24,50,-0.00014316091853124358,-0.00024446564227708343,-5.14518080488943e-05,8,True,0.03125,0.22727272727272727,False,6400,6528
24,51,9.264202235464839e-05,-0.0002062429970185009,0.0005597482026734397,8,False,0.9765625,0.9904912836767037,False,6528,6656
24,52,-0.00015402638937537597,-0.0002794698065562137,-2.9411601268632485e-05,8,True,0.078125,0.31347962382445144,False,6656,6784
24,53,-0.00014093797946476146,-0.00021162163517875258,-7.887185917332347e-05,8,True,0.0078125,0.14925373134328357,False,6784,6912
24,54,-0.0001562776233091261,-0.0002871009489885933,-4.9340084652367546e-05,8,True,0.03125,0.22727272727272727,False,6912,7040
24,55,-9.00030138302333e-05,-0.0001515903980517261,-3.1564253756064465e-05,8,True,0.046875,0.26666666666666666,False,7040,7168
24,56,-0.00012606342168055556,-0.00032840694872590984,2.4338518551620693e-05,8,False,0.2578125,0.5263157894736842,False,7168,7296
24,57,-0.00031292970710426315,-0.0006306330246975265,1.6149149135276798e-05,8,False,0.1171875,0.36231884057971014,False,7296,7424
24,58,-0.0003977251106533164,-0.0006319583457936612,-0.00017867949241122126,8,True,0.015625,0.16806722689075632,False,7424,7552
24,59,-0.0002474259579294215,-0.0003671722798373605,-0.00013390142216979198,8,True,0.0078125,0.14925373134328357,False,7552,7680
24,60,7.759013871800345e-05,-8.950719216487065e-05,0.00033965677179194104,8,False,0.8671875,0.9414758269720102,False,7680,7808
24,61,-0.0001966758824577606,-0.0003729995045088434,-3.0252329571601686e-05,8,True,0.0703125,0.30612244897959184,False,7808,7936
24,62,-0.00020916267410184077,-0.00036284706570570066,-3.0370574134634334e-05,8,True,0.0703125,0.30612244897959184,False,7936,8064
24,63,-0.00020693795988461117,-0.00037259633072141786,-3.1809436089057924e-05,8,True,0.0703125,0.30612244897959184,False,8064,8192
24,64,-0.0004055188973952537,-0.00073430073943674,-0.00015254967801264687,8,True,0.0078125,0.14925373134328357,False,8192,8320
24,65,-0.00016966608660270907,-0.00035297284231556767,-4.934588771800361e-06,8,True,0.1171875,0.36231884057971014,False,8320,8448
24,66,-0.00023883668522349755,-0.0004076383959105749,-0.00010068181105057722,8,True,0.015625,0.16806722689075632,False,8448,8576
24,67,-0.0002901416163132038,-0.0004829284578485283,-0.00011097096575824203,8,True,0.015625,0.16806722689075632,False,8576,8704
24,68,-0.00031551814632319454,-0.0006269957468857439,-8.14186605646869e-05,8,True,0.03125,0.22727272727272727,False,8704,8832
24,69,-0.00020041815225920956,-0.00037457976411451205,-4.3952696914290195e-05,8,True,0.0859375,0.3235294117647059,False,8832,8960
24,70,-9.090240401447085e-05,-0.0002189296578022874,1.3628567144700112e-05,8,False,0.1875,0.4436229205175601,False,8960,9088
24,71,-0.00011538351812799021,-0.00033747241751016946,4.0226046295251924e-05,8,False,0.375,0.631578947368421,False,9088,9216
24,72,-0.00020766539795862292,-0.0003997147303915132,-3.418357577131249e-05,8,True,0.078125,0.31347962382445144,False,9216,9344
24,73,-0.00018819272564645515,-0.0004250780888943147,1.0160711789985322e-05,8,False,0.1796875,0.4380952380952381,False,9344,9472
24,74,-9.393898238697093e-05,-0.00018364028262348478,3.1169453860561437e-06,8,False,0.1171875,0.36231884057971014,False,9472,9600
24,75,-0.000125403824502031,-0.00026222365706835807,-1.7771211812355651e-06,8,True,0.1640625,0.42084168336673344,False,9600,9728
24,76,-0.0001728387134309543,-0.00033980878598784884,-5.030529745273414e-06,8,True,0.125,0.37383177570093457,False,9728,9856
24,77,-0.00018477662607973652,-0.00033515813842429205,-2.7785177058459642e-05,8,True,0.0859375,0.3235294117647059,False,9856,9984
24,78,-0.00017658425605246415,-0.0002925593478428136,-8.15215786820659e-05,8,True,0.0078125,0.14925373134328357,False,9984,10112
24,79,-9.220370377287931e-05,-0.00020678589591754726,2.163644161574939e-05,8,False,0.1796875,0.4380952380952381,False,10112,10240
24,80,-0.00015806375591027893,-0.0002645456029262277,-6.523295593518129e-05,8,True,0.015625,0.16806722689075632,False,10240,10368
24,81,-0.000125680602059168,-0.00020709515365877092,-4.973913424398616e-05,8,True,0.0078125,0.14925373134328357,False,10368,10496
24,82,-0.0001390653662896957,-0.00025609293290972335,-2.8035301666331094e-05,8,True,0.0546875,0.2777777777777778,False,10496,10624
24,83,-0.0003087751452034204,-0.0004649203806949165,-0.0001459336332996582,8,True,0.0234375,0.2054794520547945,False,10624,10752
24,84,-0.0003443841860330464,-0.0005197775331467333,-0.00018294964717053237,8,True,0.0078125,0.14925373134328357,False,10752,10880
24,85,-0.00016342797639079732,-0.00039188695775696486,3.2620726896740393e-05,8,False,0.2421875,0.5081967213114754,False,10880,11008
24,86,-0.0002541945189006478,-0.0004770803886924406,-7.604219055809449e-05,8,True,0.03125,0.22727272727272727,False,11008,11136
24,87,-0.00041544550158549457,-0.0006944313239105358,-0.00016627406763808475,8,True,0.0234375,0.2054794520547945,False,11136,11264
24,88,-0.00014426119724290817,-0.00031464285873495897,1.0214998222176978e-05,8,False,0.21875,0.4827586206896552,False,11264,11392
24,89,-7.018525476759915e-05,-0.00019360235218501243,5.513322187626021e-05,8,False,0.3203125,0.5823863636363636,False,11392,11520
24,90,-0.0002280134840059519,-0.0004051374944104316,-7.041712663660956e-05,8,True,0.0234375,0.2054794520547945,False,11520,11648
24,91,-0.0004373299382448246,-0.0007306889291776857,-0.00012806424171761316,8,True,0.046875,0.26666666666666666,False,11648,11776
24,92,-0.0003595225573879505,-0.0008103831850161229,4.503141921718925e-05,8,False,0.1875,0.4436229205175601,False,11776,11904
24,93,-0.0004403344985888432,-0.0006724199219596672,-0.00021908652679441938,8,True,0.015625,0.16806722689075632,False,11904,12032
24,94,-0.0005552931584331044,-0.0008755099274720485,-0.00028732435391758625,8,True,0.0078125,0.14925373134328357,False,12032,12160
24,95,-0.0003262834696922737,-0.0005892723616999448,-7.483525106124377e-05,8,True,0.0546875,0.2777777777777778,False,12160,12288
24,96,-2.073095271121317e-05,-0.00028291463913617204,0.0003459397967042455,8,False,0.96875,0.9849086576648134,False,12288,12416
24,97,-0.0001596568263044868,-0.00036093546728735356,4.9176586423967686e-05,8,False,0.21875,0.4827586206896552,False,12416,12544
24,98,-0.0002161557158049727,-0.0004283046749798557,8.49672857816008e-06,8,False,0.1171875,0.36231884057971014,False,12544,12672
24,99,-0.0002279518268573854,-0.0003767151552388684,-6.556156749803594e-05,8,True,0.046875,0.26666666666666666,False,12672,12800
24,100,-0.0003233913946021242,-0.0005651532646069304,-6.96324757395137e-05,8,True,0.0546875,0.2777777777777778,False,12800,12928
24,101,-0.00020080611284423888,-0.000463699478898883,6.320785478072487e-05,8,False,0.203125,0.4626334519572954,False,12928,13056
24,102,-0.00045865831288474803,-0.0005842213835314775,-0.00032663920481061,8,True,0.0078125,0.14925373134328357,False,13056,13184
24,103,-7.133033303583885e-05,-0.00018688529246466397,4.034686048979126e-05,8,False,0.3046875,0.5652173913043478,False,13184,13312
24,104,-0.00031029940907796935,-0.0005968831112690496,-3.498484728039817e-05,8,True,0.109375,0.35175879396984927,False,13312,13440
24,105,-0.00017797895378027733,-0.00041272038736271205,4.938855488534387e-05,8,False,0.2265625,0.48986486486486486,False,13440,13568
24,106,-0.0001200637331026438,-0.00030369231731259655,9.399927434242527e-05,8,False,0.3046875,0.5652173913043478,False,13568,13696
24,107,-0.00017378325080886895,-0.000328672926733414,-2.4612597814647964e-05,8,True,0.078125,0.31347962382445144,False,13696,13824
24,108,2.7605898116263533e-05,-0.00028939727196312026,0.00048492300136564903,8,False,0.9609375,0.9800796812749004,False,13824,13952
24,109,-0.000273239014748307,-0.000637227469501853,8.906284462224505e-05,8,False,0.234375,0.5,False,13952,14080
24,110,-0.0006282215722488674,-0.0011550686505341174,4.716078426611612e-05,8,False,0.09375,0.33707865168539325,False,14080,14208
24,111,-0.00048397433479019196,-0.0010756691549405008,3.7128116097815675e-05,8,False,0.140625,0.391304347826087,False,14208,14336
24,112,-0.0004367853366566043,-0.0006942960433809243,-0.0001768175786747864,8,True,0.046875,0.26666666666666666,False,14336,14464
24,113,-0.00022050932002110797,-0.00045526004378506897,6.492730936412112e-05,8,False,0.171875,0.43052837573385516,False,14464,14592
24,114,-0.0001598481503551897,-0.00047164389226363624,0.00010502060106804133,8,False,0.3671875,0.625,False,14592,14720
24,115,-0.00030719065896170177,-0.0006995698933033309,0.0001837889021160548,8,False,0.2265625,0.48986486486486486,False,14720,14848
24,116,-0.0002428818862243847,-0.0006858514508345623,0.00017713734455812436,8,False,0.3515625,0.6089309878213802,False,14848,14976
24,117,-0.00022736232703152653,-0.0009445729876762007,0.0006952013059357582,8,False,0.6484375,0.816125860373648,False,14976,15104
24,118,-0.0003968237148452067,-0.0008405614963010277,2.2911632376965732e-05,8,False,0.15625,0.4106776180698152,False,15104,15232
24,119,-0.0006702153059812364,-0.0012953681481194027,1.6647170476935904e-05,8,False,0.109375,0.35175879396984927,False,15232,15360
24,120,-0.0005957097220274107,-0.0008464870299012035,-0.0003346516227709815,8,True,0.0078125,0.14925373134328357,False,15360,15488
24,121,-0.0005769671832078914,-0.0008602993688730533,-0.00025181985635410874,8,True,0.03125,0.22727272727272727,False,15488,15616
24,122,-0.00033792210050553667,-0.001025929893677119,0.0003007579680828881,8,False,0.359375,0.6166219839142091,False,15616,15744
24,123,-0.0008959059403567125,-0.001569132928654553,-0.00028776418653257067,8,True,0.0546875,0.2777777777777778,False,15744,15872
24,124,-0.0008812120534745871,-0.0022381076139112686,0.00047031797906409406,8,False,0.28125,0.5504587155963303,False,15872,16000
24,125,-0.0020653217508328882,-0.0038055007904772738,-0.0005181992061959418,8,True,0.0625,0.28776978417266186,False,16000,16128
24,126,-0.0026232639278489806,-0.00478478420306642,-0.00025454323403826325,8,True,0.078125,0.31347962382445144,False,16128,16256
24,127,0.011465199869601029,0.0024202029800198263,0.02231762665144308,8,True,0.0546875,0.2777777777777778,False,16256,16320
27,0,0.06784394335930198,0.053456152137658225,0.08235878462924245,8,True,0.0078125,0.14925373134328357,False,0,128
27,1,0.0002390504259472202,-9.913316069233215e-05,0.0006343836791758746,8,False,0.296875,0.5621301775147929,False,128,256
27,2,0.00039180901978599415,-0.0001002672431901417,0.0011965228222035383,8,False,0.4921875,0.7258064516129032,False,256,384
27,3,0.00039063658517549484,-0.00014940381748935599,0.0012424756691621658,8,False,0.4921875,0.7258064516129032,False,384,512
27,4,0.00019135814005974376,-0.00019319259234950892,0.0006954269674434342,8,False,0.5859375,0.7836990595611285,False,512,640
27,5,-0.00023265984966920944,-0.0005057668275289118,-9.52000695404421e-06,8,True,0.15625,0.4106776180698152,False,640,768
27,6,-0.0002707022125994324,-0.0006363645326190867,8.845156816260256e-05,8,False,0.2265625,0.48986486486486486,False,768,896
27,7,1.00505648805906e-05,-0.0009204202063303296,0.001302056963859289,8,False,1.0,1.0,False,896,1024
27,8,-0.00020034487320858013,-0.0006956150268066137,0.0003913255811485124,8,False,0.5234375,0.7486033519553073,False,1024,1152
27,9,-0.00031535237586930646,-0.0007918903117560842,0.00021633690795118247,8,False,0.28125,0.5504587155963303,False,1152,1280
27,10,0.0002375448429342948,-0.00014939819109287516,0.0006513877168498181,8,False,0.3515625,0.6089309878213802,False,1280,1408
27,11,-4.4759624332708914e-05,-0.0004515357133561288,0.00036212800373861887,8,False,0.84375,0.9302325581395349,False,1408,1536
27,12,-0.00027139468869042543,-0.0006048767996626088,1.7160701957404186e-05,8,False,0.2421875,0.5081967213114754,False,1536,1664
27,13,-0.00023883626764249595,-0.0004783672205847888,-4.761362146189905e-06,8,True,0.1328125,0.38288288288288286,False,1664,1792
27,14,-0.00028643714694905146,-0.0005646331512815692,1.460228660824932e-05,8,False,0.109375,0.35175879396984927,False,1792,1920
27,15,-0.00039719827660231503,-0.0005921522507197331,-0.00016328522488016033,8,True,0.03125,0.22727272727272727,False,1920,2048
27,16,-9.448562920271157e-05,-0.0004052975485144099,0.00016114035855109094,8,False,0.625,0.7984031936127745,False,2048,2176
27,17,-0.0004945112050312255,-0.000819504134704025,-0.000192245404252025,8,True,0.0234375,0.2054794520547945,False,2176,2304
27,18,-0.00032414811283253966,-0.00045377818112537344,-0.00019983782470700613,8,True,0.0078125,0.14925373134328357,False,2304,2432
27,19,-0.00020619436346556048,-0.0006635573757500884,0.00043456361002364055,8,False,0.5234375,0.7486033519553073,False,2432,2560
27,20,-0.0004525049074852614,-0.0007462873743957006,-0.00018090914559116606,8,True,0.03125,0.22727272727272727,False,2560,2688
27,21,-0.0003546565425466749,-0.0005484251422593556,-0.00018899049830298743,8,True,0.015625,0.16806722689075632,False,2688,2816
27,22,-0.0007053297775528413,-0.0011920027870267445,-0.0002380297908061579,8,True,0.0390625,0.25,False,2816,2944
27,23,-0.0004356230254167076,-0.0007226789872341651,-0.00014704316114952438,8,True,0.03125,0.22727272727272727,False,2944,3072
27,24,-0.00022299569863469009,-0.0004059693901728138,-2.366317813921873e-05,8,True,0.0859375,0.3235294117647059,False,3072,3200
27,25,-0.0007083044135434532,-0.0012692089854855538,-0.00015324071993409,8,True,0.0703125,0.30612244897959184,False,3200,3328
27,26,0.000353834422173011,-0.0001613932655312644,0.001011948692605062,8,False,0.4453125,0.692588092345079,False,3328,3456
27,27,-0.0003899043950810973,-0.0009643802593262081,-2.2024802483497325e-05,8,True,0.09375,0.33707865168539325,False,3456,3584
27,28,-0.00047721742519059237,-0.0007433089352039433,-0.00021567640407189724,8,True,0.015625,0.16806722689075632,False,3584,3712
27,29,-0.00031052140353174775,-0.0006580133560391975,-4.8948982313716066e-05,8,True,0.0546875,0.2777777777777778,False,3712,3840
27,30,-0.0003237187004147201,-0.000521696797022269,-0.00013825137773844508,8,True,0.03125,0.22727272727272727,False,3840,3968
27,31,-0.0001914169179086532,-0.0004630602629568156,0.00011403054400760591,8,False,0.2421875,0.5081967213114754,False,3968,4096
27,32,-0.00027412065524879466,-0.000504484503001052,-7.29112438368977e-05,8,True,0.0625,0.28776978417266186,False,4096,4224
27,33,-9.486997396449066e-05,-0.0006637794641390061,0.00044622122803839726,8,False,0.625,0.7984031936127745,False,4224,4352
27,34,2.1726487236431555e-06,-0.00026737352151247345,0.0003914728937325009,8,False,1.0,1.0,False,4352,4480
27,35,-7.636912227343836e-05,-0.00021522975002292923,4.220654744077985e-05,8,False,0.3515625,0.6089309878213802,False,4480,4608
27,36,-0.0002692885601383588,-0.0006695253497563798,0.00018143395390564663,8,False,0.3125,0.5738880918220947,False,4608,4736
27,37,-0.0001348841000623835,-0.0004087794486966954,0.00013610542676977167,8,False,0.3984375,0.6546854942233633,False,4736,4864
27,38,-0.00015991564710671752,-0.0005004717827372832,0.0002517777124903039,8,False,0.453125,0.7004830917874396,False,4864,4992
27,39,0.000361653547077068,-0.0002997009778519365,0.0011948143651853637,8,False,0.4765625,0.71849234393404,False,4992,5120
27,40,-0.00021796351427035053,-0.0005238819020923758,4.280623725113036e-05,8,False,0.21875,0.4827586206896552,False,5120,5248
27,41,-0.000639689562399179,-0.0011584475774629,-0.0002992980398533662,8,True,0.0078125,0.14925373134328357,False,5248,5376
27,42,-0.0006406700111935822,-0.001106975263354787,-0.00019298401379334846,8,True,0.0546875,0.2777777777777778,False,5376,5504
27,43,-0.0003488462195670661,-0.0006252071450370141,-8.935172740770217e-05,8,True,0.046875,0.26666666666666666,False,5504,5632
27,44,-0.0006088245667779399,-0.001273528181729894,4.798334547119938e-05,8,False,0.1484375,0.4051172707889126,False,5632,5760
27,45,-0.0009719672941412078,-0.0015077766338718128,-0.0005617270849882568,8,True,0.0078125,0.14925373134328357,False,5760,5888
27,46,-0.0007412931420432741,-0.0011654713058906877,-0.00035765015643269866,8,True,0.0078125,0.14925373134328357,False,5888,6016
27,47,-0.00031104251842604833,-0.0005661644407299926,-8.358197945262243e-05,8,True,0.0390625,0.25,False,6016,6144
27,48,-0.0011608424958649507,-0.002017597634617486,-0.0004733179072954659,8,True,0.0078125,0.14925373134328357,False,6144,6272
27,49,-0.0008446977843566473,-0.0011447973849873663,-0.0005631400598926484,8,True,0.0078125,0.14925373134328357,False,6272,6400
27,50,-0.00048396430489323764,-0.0009008631796300473,-0.0001266163375673866,8,True,0.0078125,0.14925373134328357,False,6400,6528
27,51,-0.00021378923044963288,-0.0005499194120252585,0.00021657618587443927,8,False,0.3359375,0.5972222222222222,False,6528,6656
27,52,-0.00045899135177188946,-0.0008892035557084892,-8.15271203852064e-05,8,True,0.0703125,0.30612244897959184,False,6656,6784
27,53,-0.0002466838619322112,-0.00043862882233179005,-3.4363185613051265e-05,8,True,0.078125,0.31347962382445144,False,6784,6912
27,54,-0.00034043902306773316,-0.000570156464799314,-0.00011997973066273954,8,True,0.0390625,0.25,False,6912,7040
27,55,-0.0004614023053543632,-0.0007987838259909199,-0.00019557184821032643,8,True,0.0078125,0.14925373134328357,False,7040,7168
27,56,-0.00026415279116622187,-0.0005259576580036335,-2.6504670449517083e-05,8,True,0.1484375,0.4051172707889126,False,7168,7296
27,57,-0.00025213980007261354,-0.0005938095557603778,-1.0329171873868804e-05,8,True,0.09375,0.33707865168539325,False,7296,7424
27,58,-0.0005650740824151514,-0.0011865951087248446,-9.996768531831908e-05,8,True,0.046875,0.26666666666666666,False,7424,7552
27,59,-0.0007986288539512706,-0.001579233605385649,-0.00031528478672682825,8,True,0.0078125,0.14925373134328357,False,7552,7680
27,60,-0.0003531429083729035,-0.0010295212408133114,0.00023458839403865133,8,False,0.421875,0.6716417910447762,False,7680,7808
27,61,-0.000452332956392102,-0.0009712032993973431,-8.01761871987949e-05,8,True,0.0625,0.28776978417266186,False,7808,7936
27,62,-5.732686274288691e-05,-0.0003344896217432995,0.00031640239556662625,8,False,0.765625,0.8876811594202898,False,7936,8064
27,63,-0.0003536668673944297,-0.0007892809619157844,7.862351813825891e-05,8,False,0.1875,0.4436229205175601,False,8064,8192
27,64,-0.0005751744466419868,-0.001038461062638291,-0.00020773838844063088,8,True,0.015625,0.16806722689075632,False,8192,8320
27,65,-0.0003378089345360513,-0.0008412068816202965,0.00012154609886538369,8,False,0.265625,0.5371248025276462,False,8320,8448
27,66,-0.0005741665967380011,-0.0010109636347989213,-0.00022444277460148665,8,True,0.0078125,0.14925373134328357,False,8448,8576
27,67,-0.00010638798875831846,-0.0006061759324415525,0.0002447909447192515,8,False,0.84375,0.9302325581395349,False,8576,8704
27,68,-0.00011974735809303234,-0.0005810261830749584,0.000341521635926825,8,False,0.625,0.7984031936127745,False,8704,8832
27,69,-0.00023690191494297856,-0.0005080069343805361,2.7197648749717566e-05,8,False,0.1328125,0.38288288288288286,False,8832,8960
27,70,-0.00013383519092690892,-0.0004399192577364309,0.00021034382760644558,8,False,0.484375,0.7217694994179278,False,8960,9088
27,71,-0.0001806189923583862,-0.00045456696222808307,7.099358740837731e-05,8,False,0.28125,0.5504587155963303,False,9088,9216
27,72,-0.00037334962707179535,-0.0007202778844430326,-1.0562237258507706e-05,8,True,0.1171875,0.36231884057971014,False,9216,9344
27,73,-0.00029320766511702794,-0.0007257130143710549,2.4762952347175337e-05,8,False,0.1640625,0.42084168336673344,False,9344,9472
27,74,-3.3468639597407615e-05,-0.00022323474052839387,0.0001726583859081067,8,False,0.7578125,0.886654478976234,False,9472,9600
27,75,-0.0003292023913448167,-0.0006268633208680734,-3.278488614654242e-05,8,True,0.0859375,0.3235294117647059,False,9600,9728
27,76,-5.000839927099669e-05,-0.0003372294169521451,0.000374966903275895,8,False,0.8671875,0.9414758269720102,False,9728,9856
27,77,-0.0003958258781974796,-0.0007764241005518775,-3.71426619034538e-05,8,True,0.1015625,0.34759358288770054,False,9856,9984
27,78,-0.0002084196592062489,-0.0007965119204277711,0.00039619685957478654,8,False,0.546875,0.7608695652173914,False,9984,10112
27,79,-0.00021021961576600837,-0.0007635974768799882,0.00042013669223629107,8,False,0.484375,0.7217694994179278,False,10112,10240
27,80,-0.0002738993046066299,-0.0005393528771306273,-1.8723821732637268e-05,8,True,0.109375,0.35175879396984927,False,10240,10368
27,81,0.00019434476443447868,-0.00026519014293110657,0.0007367195863807875,8,False,0.5,0.7289293849658315,False,10368,10496
27,82,5.929469524696673e-05,-0.00021310080305569337,0.0003716892206704549,8,False,0.765625,0.8876811594202898,False,10496,10624
27,83,3.0209292756999898e-05,-0.0003709505492668152,0.0004081639907013844,8,False,0.890625,0.9484193011647255,False,10624,10752
27,84,-0.0003782597208715989,-0.0005015228514119432,-0.00023488114696469507,8,True,0.0078125,0.14925373134328357,False,10752,10880
27,85,-0.0002485395098953751,-0.0004904389358659053,1.538556560352788e-05,8,False,0.125,0.37383177570093457,False,10880,11008
27,86,-0.0006323576683340582,-0.0011176566183157743,-0.00019574586918898087,8,True,0.0234375,0.2054794520547945,False,11008,11136
27,87,-0.0011522491492224948,-0.0017732621323712804,-0.0006232782387972297,8,True,0.0078125,0.14925373134328357,False,11136,11264
27,88,-0.0004246903335147718,-0.000871579787315707,5.660662744349738e-05,8,False,0.1484375,0.4051172707889126,False,11264,11392
27,89,-0.00030106564875365463,-0.0005507351971680242,-1.2678162738391335e-05,8,True,0.0859375,0.3235294117647059,False,11392,11520
27,90,-0.0006797057200657248,-0.0011231245784157082,-0.00021617924604623652,8,True,0.0234375,0.2054794520547945,False,11520,11648
27,91,-0.0008091202250144619,-0.0016169154507703258,-2.1383491025062226e-05,8,True,0.0859375,0.3235294117647059,False,11648,11776
27,92,-0.001047970642299001,-0.0019952791025678097,-0.0002530867396773558,8,True,0.0390625,0.25,False,11776,11904
27,93,-0.000763709717765242,-0.0011894228439582532,-0.00031493810317473976,8,True,0.0234375,0.2054794520547945,False,11904,12032
27,94,-0.000605122442938635,-0.0009233690653362112,-0.00026537205089217675,8,True,0.0234375,0.2054794520547945,False,12032,12160
27,95,-0.00038730790592990356,-0.0007414102673943144,2.059311630500577e-05,8,False,0.1015625,0.34759358288770054,False,12160,12288
27,96,-0.0003367793532262126,-0.0010744732147171011,0.00043811918555081706,8,False,0.4921875,0.7258064516129032,False,12288,12416
27,97,7.357994584599972e-05,-0.0006441262379971804,0.0009910058312635895,8,False,0.8828125,0.947986577181208,False,12416,12544
27,98,-0.0006024528619939995,-0.0014993131871908526,0.0001704670800469434,8,False,0.21875,0.4827586206896552,False,12544,12672
27,99,-0.000533258883457412,-0.0010155103344418783,-0.00010273149845898297,8,True,0.0625,0.28776978417266186,False,12672,12800
27,100,-0.000830095020113263,-0.0015894610068441324,-3.7039977100108434e-05,8,True,0.0859375,0.3235294117647059,False,12800,12928
27,101,-0.0002515524323661003,-0.0008790693029303298,0.00035869474407152543,8,False,0.5,0.7289293849658315,False,12928,13056
27,102,-0.0002933479290687791,-0.0009640354268589944,0.00035302279696175504,8,False,0.4609375,0.7040572792362768,False,13056,13184
27,103,-3.971633661680699e-05,-0.0003272126266728983,0.00021998164932298506,8,False,0.796875,0.9018567639257294,False,13184,13312
27,104,-0.00022634899260859219,-0.0006415544602928127,0.0001845039123395146,8,False,0.34375,0.6027397260273972,False,13312,13440
27,105,-0.0008897236609382191,-0.0018360145921069463,-0.00016518043372635568,8,True,0.0546875,0.2777777777777778,False,13440,13568
27,106,-0.000167469546947941,-0.0007453703681752796,0.00047459478170994466,8,False,0.6328125,0.805168986083499,False,13568,13696
27,107,-0.0006501326091292712,-0.001152626153995153,-0.00022210775214084403,8,True,0.0078125,0.14925373134328357,False,13696,13824
27,108,-0.000472905526396177,-0.001669106622986314,0.0011277829048973308,8,False,0.5859375,0.7836990595611285,False,13824,13952
27,109,-6.756849376255596e-05,-0.0006638795249911227,0.0004859907921201039,8,False,0.8359375,0.9302325581395349,False,13952,14080
27,110,-0.0008457115764617575,-0.001712974496437237,0.00018757013135629723,8,False,0.140625,0.391304347826087,False,14080,14208
27,111,-0.0011171661250767564,-0.002603082014885784,0.0002691438148085716,8,False,0.1875,0.4436229205175601,False,14208,14336
27,112,-0.0005047423610631586,-0.0012834331130612288,0.00022343698689726747,8,False,0.265625,0.5371248025276462,False,14336,14464
27,113,-0.0004895246344627743,-0.0010993707160380137,7.126894332270808e-05,8,False,0.1640625,0.42084168336673344,False,14464,14592
27,114,-0.00043088367871978915,-0.0013541432196647256,0.0003724050127858056,8,False,0.4296875,0.6781750924784217,False,14592,14720
27,115,-0.00036622324347036127,-0.0012358755471304013,0.0006286304253634082,8,False,0.515625,0.7424071991001124,False,14720,14848
27,116,-0.0003999961184529413,-0.001169086206599657,0.00035698128127298394,8,False,0.3515625,0.6089309878213802,False,14848,14976
27,117,-0.0005344321404891885,-0.002086264980557762,0.0012232569339275907,8,False,0.5703125,0.7749469214437368,False,14976,15104
27,118,-0.0011530269865090742,-0.002865912790168484,0.00038903154084497213,8,False,0.265625,0.5371248025276462,False,15104,15232
27,119,-0.000565624148549503,-0.0014443845966051016,0.0004600543090592664,8,False,0.328125,0.5898876404494382,False,15232,15360
27,120,-0.0008101959725008111,-0.0015104828984262996,-0.00023592817007526078,8,True,0.03125,0.22727272727272727,False,15360,15488
27,121,-0.0008813320252713748,-0.001991752986267697,9.732809226550691e-05,8,False,0.203125,0.4626334519572954,False,15488,15616
27,122,-0.002269532464852504,-0.003913436315582875,-0.0006994671857136752,8,True,0.0390625,0.25,False,15616,15744
27,123,-0.002695209821063969,-0.003986497573091627,-0.001365045422613801,8,True,0.015625,0.16806722689075632,False,15744,15872
27,124,-0.0027715816389378557,-0.005435405028517172,-0.000250755945120063,8,True,0.109375,0.35175879396984927,False,15872,16000
27,125,-0.005994272975417223,-0.011492420805548412,-0.0018056098278958577,8,True,0.0234375,0.2054794520547945,False,16000,16128
27,126,-0.00603797824107922,-0.011354194333458596,-0.0024047992121362907,8,True,0.0078125,0.14925373134328357,False,16128,16256
27,127,-0.004542120787365149,-0.011552945212406247,0.002084041989147316,8,False,0.28125,0.5504587155963303,False,16256,16320
