layer,head,region,content_minus_function,ci_low,ci_high,documents,ci_excludes_zero,permutation_p_value,fdr_q_value,fdr_significant_0.05
0,0,recent_mass,0.0027612690013699877,-0.017312845362167782,0.022252321122648484,8,False,0.796875,0.9009084791386271,False
0,0,remote_middle_mass,-0.0028145893711483128,-0.021950036146445084,0.01684795950198528,8,False,0.7890625,0.8956925675675675,False
0,0,sink_block_mass,5.331543641069671e-05,-0.00028651588411532163,0.0004765721175624078,8,False,0.84375,0.9264705882352942,False
0,1,recent_mass,-0.012491359842828495,-0.018435921922358097,-0.006365026111058347,8,True,0.015625,0.09051724137931035,False
0,1,remote_middle_mass,0.012491208507566208,0.00645736883819156,0.018495179846853685,8,True,0.015625,0.09051724137931035,False
0,1,sink_block_mass,1.443792401240917e-07,1.0087487663558828e-07,1.9025611618184204e-07,8,True,0.0078125,0.06433823529411764,False
0,2,recent_mass,-0.011870821958592528,-0.06132978262550712,0.03494405341954267,8,False,0.703125,0.8510446685878963,False
0,2,remote_middle_mass,0.011864646252809356,-0.03623424494636882,0.061562607420465446,8,False,0.703125,0.8510446685878963,False
0,2,sink_block_mass,6.1699144448833015e-06,-2.782959739728396e-05,4.201648803169038e-05,8,False,0.734375,0.8676160337552743,False
0,3,recent_mass,0.09894793472365282,0.029262690956831747,0.16781217497799084,8,True,0.0546875,0.18229166666666666,False
0,3,remote_middle_mass,-0.09894765932162726,-0.16695753011327655,-0.027999196348367464,8,True,0.0546875,0.18229166666666666,False
0,3,sink_block_mass,-2.81464849652242e-07,-4.4529595744427883e-07,-1.365252231322857e-07,8,True,0.015625,0.09051724137931035,False
0,4,recent_mass,-0.016202336721992082,-0.053061410188629955,0.016490636779874453,8,False,0.453125,0.6772686832740213,False
0,4,remote_middle_mass,0.01605683167366534,-0.01608912224801018,0.053210997044063665,8,False,0.453125,0.6772686832740213,False
0,4,sink_block_mass,0.00014550465694396144,-4.1412501844806e-05,0.00036410605648223247,8,False,0.2578125,0.46672952586206895,False
0,5,recent_mass,-0.006645864944821611,-0.011762876499929839,-0.00104502007027007,8,True,0.0703125,0.20944148936170212,False
0,5,remote_middle_mass,0.006645820480992877,0.0010089534640248003,0.01172190607156971,8,True,0.0703125,0.20944148936170212,False
0,5,sink_block_mass,4.540320754760239e-08,7.698904639106606e-09,9.733572672650457e-08,8,True,0.0625,0.19444444444444445,False
0,6,recent_mass,-0.0029122750652604834,-0.009683518572782004,0.004282675572518641,8,False,0.453125,0.6772686832740213,False
0,6,remote_middle_mass,0.002912264574507057,-0.004342446583545314,0.009752589476894277,8,False,0.453125,0.6772686832740213,False
0,6,sink_block_mass,7.318450595216647e-09,-4.781227066471627e-08,6.77714224375725e-08,8,False,0.8125,0.9087882822902796,False
0,7,recent_mass,-0.020135074204394032,-0.03863433234091515,-0.006605642096834702,8,True,0.0234375,0.10998603351955308,False
0,7,remote_middle_mass,0.020134537728605635,0.006752187558943554,0.03820112895310943,8,True,0.0234375,0.10998603351955308,False
0,7,sink_block_mass,5.309814981693328e-07,-2.335403282165779e-06,4.545728265798327e-06,8,False,0.90625,0.9587531486146096,False
0,8,recent_mass,-0.019656445645345494,-0.04690619860401092,0.009531758052342632,8,False,0.2265625,0.4364965596330275,False
0,8,remote_middle_mass,0.019651522441324946,-0.009656745407068295,0.04659019906551703,8,False,0.2265625,0.4364965596330275,False
0,8,sink_block_mass,4.936076370364639e-06,-4.800679484594594e-06,1.5416167971749553e-05,8,False,0.4453125,0.6739864864864865,False
0,9,recent_mass,-0.00969459698420417,-0.029056932778932322,0.007640496614942741,8,False,0.40625,0.6402439024390244,False
0,9,remote_middle_mass,0.009623963704365343,-0.00766571439021714,0.02910414637417708,8,False,0.40625,0.6402439024390244,False
0,9,sink_block_mass,7.063719353095298e-05,2.0199908934036402e-05,0.0001321841000677903,8,True,0.03125,0.13125,False
0,10,recent_mass,-0.03917788753716586,-0.06246639602946834,-0.014753688588515182,8,True,0.03125,0.13125,False
0,10,remote_middle_mass,0.03917809678781789,0.015373983385025125,0.06306489127679361,8,True,0.03125,0.13125,False
0,10,sink_block_mass,-2.1048986176596554e-07,-8.436884230157433e-07,3.4369259131122347e-07,8,False,0.5859375,0.7666471962616822,False
0,11,recent_mass,-0.0038768977980205427,-0.02155399806810178,0.0168275512104954,8,False,0.7109375,0.853125,False
0,11,remote_middle_mass,0.003886633162145929,-0.01601600654670161,0.022250732425832954,8,False,0.7109375,0.853125,False
0,11,sink_block_mass,-9.730342784664026e-06,-2.535731498571886e-05,6.037851972914714e-06,8,False,0.28125,0.5005296610169492,False
0,12,recent_mass,-0.013887631772749764,-0.04454099629108925,0.012902089788018423,8,False,0.4375,0.6681818181818182,False
0,12,remote_middle_mass,0.013876445428436163,-0.012713317593144641,0.04515189713283435,8,False,0.4375,0.6681818181818182,False
0,12,sink_block_mass,1.1185858631326633e-05,-6.794860935295109e-06,3.406317555106943e-05,8,False,0.4296875,0.6622706422018348,False
0,13,recent_mass,-0.036459387979056776,-0.0743776636204897,0.0012731068385715416,8,False,0.171875,0.36550632911392406,False
0,13,remote_middle_mass,0.0363882769649059,-0.0010188123417213396,0.07485684429149589,8,False,0.171875,0.36550632911392406,False
0,13,sink_block_mass,7.11210641314306e-05,5.554233551081559e-07,0.0001470693513359907,8,True,0.125,0.29829545454545453,False
0,14,recent_mass,-0.0016197258539617163,-0.011552080641224573,0.007891938423631693,8,False,0.75,0.8725761772853186,False
0,14,remote_middle_mass,0.0016154966957358102,-0.007671526995192898,0.011582814421895076,8,False,0.75,0.8725761772853186,False
0,14,sink_block_mass,4.23226259530044e-06,-0.00015771854436214474,0.00017801613355705032,8,False,0.984375,1.0,False
0,15,recent_mass,-0.02708716839124445,-0.09881155721600295,0.045662603094647564,8,False,0.46875,0.68717277486911,False
0,15,remote_middle_mass,0.027087173849136368,-0.044764835228112684,0.09694010989524232,8,False,0.46875,0.68717277486911,False
0,15,sink_block_mass,5.845192132699883e-10,-6.586665635972391e-11,1.4467545374384048e-09,8,False,0.296875,0.5163043478260869,False
0,16,recent_mass,-0.00020545950183191442,-0.00190249803395319,0.0017470722090255893,8,False,0.8671875,0.938708118556701,False
0,16,remote_middle_mass,0.0002031862858016681,-0.0017298872290073385,0.0019392462726942486,8,False,0.8515625,0.9301853055916776,False
0,16,sink_block_mass,2.2803863404040824e-06,-3.406787700136852e-05,3.965407160223127e-05,8,False,0.90625,0.9587531486146096,False
0,17,recent_mass,-0.009077311780655281,-0.020803789377986787,0.0036563194768339663,8,False,0.1953125,0.39917883211678834,False
0,17,remote_middle_mass,0.00896984260776659,-0.0035776586170533746,0.020220593304711508,8,False,0.1875,0.39081885856079407,False
0,17,sink_block_mass,0.00010747466454407478,-3.368349698099467e-05,0.0002622966058364631,8,False,0.21875,0.4263341067285383,False
0,18,recent_mass,-0.029923564487945864,-0.0540892824232504,-0.007683425895256266,8,True,0.0625,0.19444444444444445,False
0,18,remote_middle_mass,0.029959279847726207,0.008049957135709251,0.05370771250508652,8,True,0.0625,0.19444444444444445,False
0,18,sink_block_mass,-3.571495943004068e-05,-0.00030144861131927217,0.00021529992445608705,8,False,0.8046875,0.9048694779116466,False
0,19,recent_mass,-0.015661030625312336,-0.031450947200894225,-0.00015429495573376152,8,True,0.15625,0.3391472868217054,False
0,19,remote_middle_mass,0.015372330349222318,0.0003669736444428008,0.031321590912262644,8,True,0.15625,0.3391472868217054,False
0,19,sink_block_mass,0.00028870430101523296,0.00017501387830881512,0.00040559439293438003,8,True,0.0078125,0.06433823529411764,False
0,20,recent_mass,-0.00029778444078204513,-0.03807698345563752,0.031075162433981077,8,False,0.9921875,1.0,False
0,20,remote_middle_mass,0.00031248306649329927,-0.0312891705106248,0.039092336399606756,8,False,0.9921875,1.0,False
0,20,sink_block_mass,-1.470200181260143e-05,-0.0002323685548178212,0.00020804473834281763,8,False,0.84375,0.9264705882352942,False
0,21,recent_mass,-0.03853305675408794,-0.05001543749302187,-0.026372154514881854,8,True,0.0078125,0.06433823529411764,False
0,21,remote_middle_mass,0.038532736181100743,0.02630928585537065,0.050060360598672846,8,True,0.0078125,0.06433823529411764,False
0,21,sink_block_mass,3.080533746764486e-07,2.4562198108702224e-07,3.933639670049022e-07,8,True,0.0078125,0.06433823529411764,False
0,22,recent_mass,0.008409237795079294,-0.009961345056470486,0.024855172607315283,8,False,0.40625,0.6402439024390244,False
0,22,remote_middle_mass,-0.008417591060500669,-0.024513028349508637,0.010183291761895,8,False,0.40625,0.6402439024390244,False
0,22,sink_block_mass,8.35591270657137e-06,-6.161642001125341e-06,2.138454026834554e-05,8,False,0.296875,0.5163043478260869,False
0,23,recent_mass,-0.007503887079857011,-0.022828555500368632,0.008536321947795236,8,False,0.4140625,0.647695530726257,False
0,23,remote_middle_mass,0.0075038017302320945,-0.008476125659957458,0.023107686930038448,8,False,0.4140625,0.647695530726257,False
0,23,sink_block_mass,8.875290502171034e-08,1.9430185704187652e-08,1.645441457835959e-07,8,True,0.0546875,0.18229166666666666,False
0,24,recent_mass,-0.0031938490028462913,-0.011952310868902786,0.00440423041408425,8,False,0.546875,0.7433252427184466,False
0,24,remote_middle_mass,0.0031937733233796534,-0.004396767319281587,0.012116749130295154,8,False,0.546875,0.7433252427184466,False
0,24,sink_block_mass,7.575735214259663e-08,-2.3125778843044507e-08,1.6510463530038485e-07,8,False,0.1796875,0.37734375,False
0,25,recent_mass,-0.007649009017668684,-0.015326168168257284,0.0004647678035989422,8,False,0.125,0.29829545454545453,False
0,25,remote_middle_mass,0.007648877200514166,-0.0003989641703381272,0.015080438083000478,8,False,0.125,0.29829545454545453,False
0,25,sink_block_mass,1.2261346796186514e-07,5.2913977329774215e-08,1.9544706999243767e-07,8,True,0.0234375,0.10998603351955308,False
0,26,recent_mass,0.005569172474969242,-0.01346394780759362,0.02438600684210618,8,False,0.6015625,0.7814885496183206,False
0,26,remote_middle_mass,-0.0055692587986560585,-0.024602516689590046,0.013406996886983843,8,False,0.6015625,0.7814885496183206,False
0,26,sink_block_mass,8.186172249104257e-08,8.25973657271047e-10,1.6634720447096175e-07,8,True,0.1171875,0.28952205882352944,False
0,27,recent_mass,-0.002060314794507939,-0.01822883155925119,0.013302980077464345,8,False,0.8359375,0.9264705882352942,False
0,27,remote_middle_mass,0.0020602931283575654,-0.013072665459888784,0.017752748601102555,8,False,0.8359375,0.9264705882352942,False
0,27,sink_block_mass,1.730899670413465e-08,-1.0564618960057261e-07,1.2912034832382186e-07,8,False,0.8046875,0.9048694779116466,False
1,0,recent_mass,0.00020543133344008702,-0.00034444985453926935,0.0008446177593937759,8,False,0.578125,0.7623626373626373,False
1,0,remote_middle_mass,-0.00020541712270853664,-0.0008459613161124452,0.000360412070982447,8,False,0.578125,0.7623626373626373,False
1,0,sink_block_mass,-1.2626699200606143e-08,-2.551113643516392e-08,4.617337289919738e-10,8,False,0.125,0.29829545454545453,False
1,1,recent_mass,-0.0009930986421007417,-0.001595337755807574,-0.00034669298072886667,8,True,0.0390625,0.146484375,False
1,1,remote_middle_mass,-0.0011668836636308105,-0.002859791271023381,0.0006048767910518781,8,False,0.2890625,0.5090408805031447,False
1,1,sink_block_mass,0.002159979786347846,-0.00012778529496204963,0.004263580465289863,8,False,0.125,0.29829545454545453,False
1,2,recent_mass,-1.4298948234070519e-05,-0.00011023716194153987,5.646085648973764e-05,8,False,0.8515625,0.9301853055916776,False
1,2,remote_middle_mass,1.4296724755408198e-05,-5.6689056389026016e-05,0.0001095970003084755,8,False,0.8515625,0.9301853055916776,False
1,2,sink_block_mass,-1.1652243946503765e-15,-7.435395843998054e-14,8.028793612911505e-14,8,False,0.9921875,1.0,False
1,3,recent_mass,0.000704380238176816,0.0001260709742770677,0.0013243464235219715,8,True,0.0625,0.19444444444444445,False
1,3,remote_middle_mass,-0.0007043819136490923,-0.0013309839190883462,-0.0001205010796565271,8,True,0.0625,0.19444444444444445,False
1,3,sink_block_mass,9.130968575804898e-10,-1.2145174381504193e-08,1.3824334001348449e-08,8,False,0.9140625,0.959765625,False
1,4,recent_mass,0.001230776654094573,0.00010402941895413797,0.002704764234596105,8,True,0.1171875,0.28952205882352944,False
1,4,remote_middle_mass,-0.0012307630400152608,-0.0026686144007272285,-0.00010381197087847489,8,True,0.1171875,0.28952205882352944,False
1,4,sink_block_mass,-1.5518945997194744e-08,-1.499108252926923e-07,7.909927288357345e-08,8,False,0.921875,0.9667602996254682,False
1,5,recent_mass,0.00010675784877921257,5.115824263129953e-05,0.00016060610519329766,8,True,0.015625,0.09051724137931035,False
1,5,remote_middle_mass,-0.0001067812910097241,-0.00016000404859204352,-5.27821215286032e-05,8,True,0.015625,0.09051724137931035,False
1,5,sink_block_mass,1.4886805222013576e-12,-4.20634528582247e-12,7.536353236822761e-12,8,False,0.65625,0.8130530973451328,False
1,6,recent_mass,0.0022361612533425834,-0.005379585922957566,0.00934461115270022,8,False,0.5859375,0.7666471962616822,False
1,6,remote_middle_mass,-0.0022361590614346956,-0.009529526279298381,0.005231856790589264,8,False,0.5859375,0.7666471962616822,False
1,6,sink_block_mass,-9.376788495792091e-10,-5.175390853051272e-09,2.2778585091335717e-09,8,False,0.78125,0.8928571428571429,False
1,7,recent_mass,-0.00840467246189841,-0.02757818174853012,0.011082459756826282,8,False,0.4296875,0.6622706422018348,False
1,7,remote_middle_mass,0.008675526976463975,-0.010712307417883702,0.02755182664315428,8,False,0.4140625,0.647695530726257,False
1,7,sink_block_mass,-0.00027084965481881677,-0.0005939634184465311,3.9052873598361895e-05,8,False,0.1796875,0.37734375,False
1,8,recent_mass,0.0017329310730917896,-0.015668380591672786,0.017933634142047898,8,False,0.84375,0.9264705882352942,False
1,8,remote_middle_mass,-0.001710185072367372,-0.017732763116320667,0.015759798520091607,8,False,0.84375,0.9264705882352942,False
1,8,sink_block_mass,-2.2751592783280496e-05,-7.916246429354194e-05,4.074658174584379e-05,8,False,0.5078125,0.7133152173913043,False
1,9,recent_mass,-0.06224999326055003,-0.09845884547353802,-0.02717419462894343,8,True,0.03125,0.13125,False
1,9,remote_middle_mass,0.06164685902186487,0.026772729287170293,0.09816409537118712,8,True,0.0234375,0.10998603351955308,False
1,9,sink_block_mass,0.0006031279331900054,0.00013600754072940434,0.0010568846142962828,8,True,0.0859375,0.23745888157894737,False
1,10,recent_mass,0.0049975051015854755,-0.006848219951351459,0.017389519388092564,8,False,0.4765625,0.6937824956672444,False
1,10,remote_middle_mass,-0.004995882149398511,-0.017697824255958037,0.00695303908573403,8,False,0.4765625,0.6937824956672444,False
1,10,sink_block_mass,-1.6300439871223334e-06,-2.8242093388118326e-06,-5.903300150629638e-07,8,True,0.03125,0.13125,False
1,11,recent_mass,-0.01003211661311619,-0.02811054470242412,0.007172542382765782,8,False,0.3203125,0.5392034068136272,False
1,11,remote_middle_mass,0.010202362917365301,-0.006741245752965121,0.02814924800030454,8,False,0.296875,0.5163043478260869,False
1,11,sink_block_mass,-0.00017025520020104526,-0.00042745365451092777,6.50835225548418e-05,8,False,0.28125,0.5005296610169492,False
1,12,recent_mass,0.009928784972806068,-0.005141150403194643,0.022947787202817326,8,False,0.234375,0.4454185520361991,False
1,12,remote_middle_mass,-0.009927173182296828,-0.023240874933352182,0.005030473689749298,8,False,0.234375,0.4454185520361991,False
1,12,sink_block_mass,-1.6075636480552368e-06,-4.530699656606457e-06,1.1500024944527162e-06,8,False,0.328125,0.546875,False
1,13,recent_mass,0.017201657306021273,0.004698463574555997,0.03170496612447101,8,True,0.0390625,0.146484375,False
1,13,remote_middle_mass,-0.017141684315331765,-0.03171311703950749,-0.004512831957581058,8,True,0.0390625,0.146484375,False
1,13,sink_block_mass,-5.9975817578034984e-05,-0.00010170746965528082,-1.7097630412277064e-05,8,True,0.0390625,0.146484375,False
1,14,recent_mass,0.07462267413282146,0.023779159488645018,0.12864696921203414,8,True,0.0390625,0.146484375,False
1,14,remote_middle_mass,-0.07423926688340558,-0.1275393620009605,-0.022130998912116912,8,True,0.0390625,0.146484375,False
1,14,sink_block_mass,-0.0003833880533607451,-0.0006799054147026129,-0.00011121234127257546,8,True,0.046875,0.16544117647058823,False
1,15,recent_mass,-0.012702804121743877,-0.023458244976978713,-0.0020614635796024627,8,True,0.0859375,0.23745888157894737,False
1,15,remote_middle_mass,0.012693580636214629,0.002244676577296512,0.0231653368562705,8,True,0.0859375,0.23745888157894737,False
1,15,sink_block_mass,9.226258032140206e-06,4.686055095100611e-06,1.3612659461333287e-05,8,True,0.015625,0.09051724137931035,False
1,16,recent_mass,-0.005083303013706561,-0.03502141418105838,0.02642669109843285,8,False,0.75,0.8725761772853186,False
1,16,remote_middle_mass,0.005125896100751703,-0.025923773622634212,0.03464596518588097,8,False,0.7421875,0.8719405594405595,False
1,16,sink_block_mass,-4.259072042061537e-05,-0.0002614795890343749,0.0001644952656743543,8,False,0.7265625,0.8656914893617021,False
1,17,recent_mass,-0.007646590154701871,-0.02362330830708953,0.006313894283952488,8,False,0.421875,0.6538284132841329,False
1,17,remote_middle_mass,0.007637260110431363,-0.006236954898087553,0.02346206147061862,8,False,0.421875,0.6538284132841329,False
1,17,sink_block_mass,9.31058075671805e-06,-2.7276908783171533e-05,4.02386115765727e-05,8,False,0.609375,0.7814885496183206,False
1,18,recent_mass,-0.01777700695327722,-0.04586851548377069,0.008119786447324235,8,False,0.3125,0.5324543610547667,False
1,18,remote_middle_mass,0.017728887552925073,-0.007631400623618496,0.04612534449729236,8,False,0.3046875,0.5266203703703703,False
1,18,sink_block_mass,4.812095159522831e-05,-0.00048046202442195,0.0005986799986691511,8,False,0.8828125,0.9470785440613027,False
1,19,recent_mass,0.010197301599731104,-0.015755779620532623,0.03807344230278914,8,False,0.5234375,0.7243616144975288,False
1,19,remote_middle_mass,-0.010214163278384097,-0.0379264038544556,0.015423505607418725,8,False,0.5234375,0.7243616144975288,False
1,19,sink_block_mass,1.686433901815993e-05,-8.203323859111838e-05,0.0001152939942597296,8,False,0.75,0.8725761772853186,False
1,20,recent_mass,-0.019814492122665672,-0.035932953345862315,-0.003172858578118048,8,True,0.078125,0.22551546391752578,False
1,20,remote_middle_mass,0.019754785859753765,0.002520746399735296,0.03578196426519298,8,True,0.078125,0.22551546391752578,False
1,20,sink_block_mass,5.9700360948722816e-05,-1.2058229826767147e-05,0.00013398679300499275,8,False,0.171875,0.36550632911392406,False
1,21,recent_mass,-0.0001648183752148702,-0.009205172600490641,0.00850389367185967,8,False,0.984375,1.0,False
1,21,remote_middle_mass,-0.002539226783795173,-0.011675495483949723,0.007068584991890822,8,False,0.625,0.7954545454545454,False
1,21,sink_block_mass,0.0027040424532466744,0.0008947273594607434,0.005079831280863728,8,True,0.03125,0.13125,False
1,22,recent_mass,-0.008788603174226195,-0.02067016489560396,0.0030636993744708923,8,False,0.203125,0.4081937799043062,False
1,22,remote_middle_mass,0.008438302899906484,-0.0036168524816441935,0.020263764524711868,8,False,0.2109375,0.41691176470588237,False
1,22,sink_block_mass,0.0003503006772448122,2.759507510425316e-05,0.0006654352924352523,8,True,0.0703125,0.20944148936170212,False
1,23,recent_mass,0.02640185031308774,-0.005444435808377449,0.05547860235286575,8,False,0.140625,0.3158422459893048,False
1,23,remote_middle_mass,-0.026001164508395205,-0.054256327927979006,0.0048087526393856515,8,False,0.1328125,0.3048155737704918,False
1,23,sink_block_mass,-0.0004006802522582631,-0.0013618557961151423,0.0005945645293572075,8,False,0.4609375,0.6816681338028169,False
1,24,recent_mass,0.015492162249717355,-0.030063186555247094,0.058149616272772243,8,False,0.6015625,0.7814885496183206,False
1,24,remote_middle_mass,-0.015049439923996648,-0.055460042845961205,0.02941464847097061,8,False,0.609375,0.7814885496183206,False
1,24,sink_block_mass,-0.0004427258216228216,-0.0014593371641651194,0.0006339435837413778,8,False,0.4921875,0.703125,False
1,25,recent_mass,-0.0007423116489109483,-0.022367349857943725,0.020026084801171296,8,False,0.96875,0.9972426470588235,False
1,25,remote_middle_mass,6.418123960648392e-05,-0.020609310660190634,0.021102353493939022,8,False,0.9921875,1.0,False
1,25,sink_block_mass,0.0006781320192890996,-6.501507919264224e-05,0.0014635323597621454,8,False,0.15625,0.3391472868217054,False
1,26,recent_mass,0.007716071216848294,-0.0063438431091583005,0.021247674975582956,8,False,0.328125,0.546875,False
1,26,remote_middle_mass,-0.008241327848579366,-0.021649850830352813,0.005175527666453384,8,False,0.3125,0.5324543610547667,False
1,26,sink_block_mass,0.0005252508482612946,0.00021792542014328529,0.0008643747128711746,8,True,0.015625,0.09051724137931035,False
1,27,recent_mass,-0.026766696693187104,-0.06526260130154744,0.007663768816563395,8,False,0.2421875,0.4500829646017699,False
1,27,remote_middle_mass,0.02654816301860987,-0.006879287874758986,0.06378007558238645,8,False,0.234375,0.4454185520361991,False
1,27,sink_block_mass,0.0002185350138399915,-0.000941810871855178,0.0013149098947089354,8,False,0.734375,0.8676160337552743,False
2,0,recent_mass,0.022255094190331698,0.009429318619412335,0.03564174307286161,8,True,0.0234375,0.10998603351955308,False
2,0,remote_middle_mass,-0.017971622675795773,-0.02835472279492643,-0.007157870953826732,8,True,0.03125,0.13125,False
2,0,sink_block_mass,-0.004283462116276988,-0.008422192265475003,-1.5277284953101218e-05,8,True,0.109375,0.2835648148148148,False
2,1,recent_mass,-0.02685615995274255,-0.06467420534804072,0.015568194552361633,8,False,0.28125,0.5005296610169492,False
2,1,remote_middle_mass,0.02572389980745901,-0.015368302130502968,0.06282071220077917,8,False,0.28125,0.5005296610169492,False
2,1,sink_block_mass,0.0011322562600313852,-0.00034868358996900694,0.00262945580579273,8,False,0.1953125,0.39917883211678834,False
2,2,recent_mass,0.018170901661303557,-0.007774197832243701,0.04430195876626911,8,False,0.2265625,0.4364965596330275,False
2,2,remote_middle_mass,-0.01744521312219778,-0.04182245191518744,0.007461079574668303,8,False,0.234375,0.4454185520361991,False
2,2,sink_block_mass,-0.0007256881863273185,-0.0023112350728990362,0.0008319562420573638,8,False,0.4375,0.6681818181818182,False
2,3,recent_mass,0.0018090766062257013,-0.0066569172243442915,0.011174893389796157,8,False,0.7109375,0.853125,False
2,3,remote_middle_mass,-0.0001871058331686104,-0.00786255236729255,0.0058734180316615875,8,False,0.953125,0.9884259259259259,False
2,3,sink_block_mass,-0.0016219811674105583,-0.006284037657214662,0.002406818100770133,8,False,0.5625,0.75,False
2,4,recent_mass,0.04376987976461256,0.01774119369813786,0.07605115647237322,8,True,0.015625,0.09051724137931035,False
2,4,remote_middle_mass,-0.04121701288314953,-0.0707289421859709,-0.018008839229155235,8,True,0.015625,0.09051724137931035,False
2,4,sink_block_mass,-0.0025528661446205278,-0.005960561209372561,0.0007125096904045714,8,False,0.203125,0.4081937799043062,False
2,5,recent_mass,0.014293731947814761,-0.007615936680404181,0.0371183082816691,8,False,0.296875,0.5163043478260869,False
2,5,remote_middle_mass,-0.015039091593438338,-0.03652029719079006,0.00548401143708957,8,False,0.2421875,0.4500829646017699,False
2,5,sink_block_mass,0.000745364753361794,-0.0009944407973192903,0.0024224818629030318,8,False,0.4609375,0.6816681338028169,False
2,6,recent_mass,-0.011123059827733067,-0.03935579868367198,0.017766420763925605,8,False,0.484375,0.7015086206896551,False
2,6,remote_middle_mass,0.010314077426799073,-0.017222502670099574,0.037953906825880304,8,False,0.5,0.7094594594594594,False
2,6,sink_block_mass,0.0008089772569365206,-0.0006855768994628282,0.0023831878713599,8,False,0.3828125,0.6148422562141491,False
2,7,recent_mass,-0.06395210246129514,-0.08575220573452141,-0.03961850081461387,8,True,0.015625,0.09051724137931035,False
2,7,remote_middle_mass,0.06260055455484528,0.040025860295066856,0.08393227679734656,8,True,0.015625,0.09051724137931035,False
2,7,sink_block_mass,0.001351546124372542,-0.0007423070931356573,0.003298621578884277,8,False,0.265625,0.4798387096774194,False
2,8,recent_mass,-0.055426961755432935,-0.09966146296786697,-0.019345295935651985,8,True,0.015625,0.09051724137931035,False
2,8,remote_middle_mass,0.051825859645820004,0.01701638623000742,0.09272275751587486,8,True,0.0234375,0.10998603351955308,False
2,8,sink_block_mass,0.003601114025048352,0.0021074423973884795,0.005637214627743786,8,True,0.0078125,0.06433823529411764,False
2,9,recent_mass,-0.06580169121427794,-0.10013385273131209,-0.03353678220015174,8,True,0.015625,0.09051724137931035,False
2,9,remote_middle_mass,0.06381241698398007,0.03278712674596581,0.09723923296722212,8,True,0.015625,0.09051724137931035,False
2,9,sink_block_mass,0.001989247892540937,0.0004495397912795775,0.0035265677925217275,8,True,0.0625,0.19444444444444445,False
2,10,recent_mass,-0.052203741598152636,-0.08307371213267113,-0.024783441339493534,8,True,0.015625,0.09051724137931035,False
2,10,remote_middle_mass,0.05094974701327163,0.024113639311119647,0.0812874092867045,8,True,0.015625,0.09051724137931035,False
2,10,sink_block_mass,0.0012540011032540193,0.000298153202857057,0.0022111520686577896,8,True,0.0390625,0.146484375,False
2,11,recent_mass,0.04225190646755522,0.009444183040993884,0.07474710343477664,8,True,0.0390625,0.146484375,False
2,11,remote_middle_mass,-0.04010455365355642,-0.06952498023626703,-0.008980492726305758,8,True,0.0390625,0.146484375,False
2,11,sink_block_mass,-0.0021473531920213006,-0.004361692587197511,7.433705190513327e-06,8,False,0.1171875,0.28952205882352944,False
2,12,recent_mass,-0.037847298033401075,-0.06685018791172906,-0.0061934670861911005,8,True,0.0625,0.19444444444444445,False
2,12,remote_middle_mass,0.03133328169158395,0.0018512639746872325,0.059454261841270686,8,True,0.109375,0.2835648148148148,False
2,12,sink_block_mass,0.006514030627302219,0.002719063946721375,0.011917380548389254,8,True,0.0078125,0.06433823529411764,False
2,13,recent_mass,-0.03761779797937212,-0.06786973620404496,-0.0052039517096742404,8,True,0.078125,0.22551546391752578,False
2,13,remote_middle_mass,0.03387095506492997,0.004291249689036117,0.06245058811424296,8,True,0.0859375,0.23745888157894737,False
2,13,sink_block_mass,0.00374685044550896,-0.0004905354082798948,0.0096966692678131,8,False,0.2109375,0.41691176470588237,False
2,14,recent_mass,-0.007343180422408398,-0.023945298425442782,0.009404519239656593,8,False,0.453125,0.6772686832740213,False
2,14,remote_middle_mass,0.005624916470612695,-0.010212553782240563,0.021121107461760574,8,False,0.5078125,0.7133152173913043,False
2,14,sink_block_mass,0.001718258243052316,0.00013291163212157957,0.0032551826454866803,8,True,0.0859375,0.23745888157894737,False
2,15,recent_mass,0.005808866908479718,-0.012294041264524502,0.022271326850857615,8,False,0.5390625,0.7411006546644845,False
2,15,remote_middle_mass,-0.005802581918779016,-0.022279057990859025,0.01253343184369601,8,False,0.546875,0.7433252427184466,False
2,15,sink_block_mass,-6.282850798654949e-06,-0.0005189563711864388,0.0005618442217158041,8,False,1.0,1.0,False
2,16,recent_mass,0.01800433470097766,0.003451757778489676,0.030563560658941738,8,True,0.0546875,0.18229166666666666,False
2,16,remote_middle_mass,-0.01821062458908251,-0.030297361829951682,-0.0036906895535783954,8,True,0.0546875,0.18229166666666666,False
2,16,sink_block_mass,0.00020628467510612708,6.66655947819087e-05,0.00035338018638693603,8,True,0.0390625,0.146484375,False
2,17,recent_mass,0.009477488469143557,-0.008795171518908608,0.02821145831206954,8,False,0.3828125,0.6148422562141491,False
2,17,remote_middle_mass,-0.010416680615278041,-0.028624418741266734,0.007207169330364548,8,False,0.328125,0.546875,False
2,17,sink_block_mass,0.0009391831271407276,0.0003856060821312712,0.0015780908862837045,8,True,0.0234375,0.10998603351955308,False
2,18,recent_mass,-0.0015262794051171327,-0.020131853939533324,0.01620315859519427,8,False,0.8671875,0.938708118556701,False
2,18,remote_middle_mass,0.001015415138522803,-0.016942356220123914,0.018765908256195916,8,False,0.9140625,0.959765625,False
2,18,sink_block_mass,0.00051087201263289,-4.3231353234533766e-05,0.0010945659999483791,8,False,0.1328125,0.3048155737704918,False
2,19,recent_mass,-0.02823175615376411,-0.06472568163131641,0.008397427015527023,8,False,0.1953125,0.39917883211678834,False
2,19,remote_middle_mass,0.027229355553935318,-0.007656750405038139,0.06255169297148638,8,False,0.2109375,0.41691176470588237,False
2,19,sink_block_mass,0.0010024088105872577,5.6890755860099445e-05,0.002167545745596771,8,True,0.125,0.29829545454545453,False
2,20,recent_mass,-0.0008762108016402426,-0.019278548754493863,0.019758122385278513,8,False,0.9296875,0.972524906600249,False
2,20,remote_middle_mass,-0.0038440279536783514,-0.022532617457771104,0.012526513534971431,8,False,0.671875,0.825109649122807,False
2,20,sink_block_mass,0.004720229316561549,0.0014029168243494682,0.00810866427292457,8,True,0.046875,0.16544117647058823,False
2,21,recent_mass,0.014722935735356962,-0.014580695453288037,0.04435435634588174,8,False,0.390625,0.6238117870722434,False
2,21,remote_middle_mass,-0.014672079661536795,-0.04466489338197767,0.01524014005409445,8,False,0.390625,0.6238117870722434,False
2,21,sink_block_mass,-5.0855575205542716e-05,-0.00025656403136419984,0.00018330471444976667,8,False,0.65625,0.8130530973451328,False
2,22,recent_mass,0.014811328599404143,-0.009074508455315225,0.041096619898797634,8,False,0.328125,0.546875,False
2,22,remote_middle_mass,-0.014986938395677614,-0.0411039153041161,0.008945331943134651,8,False,0.328125,0.546875,False
2,22,sink_block_mass,0.00017560428237282645,6.835829920927972e-05,0.00027223380621374424,8,True,0.046875,0.16544117647058823,False
2,23,recent_mass,-0.030068576304507627,-0.05198205991661662,-0.009083537009383203,8,True,0.0625,0.19444444444444445,False
2,23,remote_middle_mass,0.02989169351492305,0.008100017106942872,0.05173547294001069,8,True,0.0625,0.19444444444444445,False
2,23,sink_block_mass,0.00017688537451344738,2.28539572489858e-05,0.00035981726596927136,8,True,0.1015625,0.26827830188679247,False
2,24,recent_mass,-0.02183163106556986,-0.05083172747381565,0.0061083393411718034,8,False,0.203125,0.4081937799043062,False
2,24,remote_middle_mass,0.021737619821872032,-0.005284712693098768,0.049788922601320396,8,False,0.203125,0.4081937799043062,False
2,24,sink_block_mass,9.401443079174682e-05,-0.00016944639047784918,0.00037058011146686164,8,False,0.546875,0.7433252427184466,False
2,25,recent_mass,-0.03867072030912322,-0.07723255691940621,-0.0028285107231555556,8,True,0.1328125,0.3048155737704918,False
2,25,remote_middle_mass,0.03832724193849288,0.0028525814017766465,0.07627360602648925,8,True,0.1328125,0.3048155737704918,False
2,25,sink_block_mass,0.00034348285027619406,-0.00011106263088664943,0.0007717748341479877,8,False,0.171875,0.36550632911392406,False
2,26,recent_mass,0.000385517147824449,-0.024745189923534347,0.023479575339282174,8,False,0.984375,1.0,False
2,26,remote_middle_mass,-0.0009487041531824891,-0.023488787152837143,0.023971888917742358,8,False,0.9375,0.9746287128712872,False
2,26,sink_block_mass,0.0005631960407783567,0.0002204894135904798,0.0008731597466047293,8,True,0.03125,0.13125,False
2,27,recent_mass,-0.020758699422584972,-0.04454444093332077,0.003575149297042682,8,False,0.140625,0.3158422459893048,False
2,27,remote_middle_mass,0.020669591385700178,-0.003335486035473321,0.04500403168216227,8,False,0.140625,0.3158422459893048,False
2,27,sink_block_mass,8.9106646348361e-05,3.2499596101541922e-06,0.00017891645808567559,8,True,0.1171875,0.28952205882352944,False
4,0,recent_mass,0.01778540611137909,-0.0035814265712220896,0.03674212581294938,8,False,0.1328125,0.3048155737704918,False
4,0,remote_middle_mass,0.006923856868206478,-0.010490241794383227,0.02251955325471476,8,False,0.453125,0.6772686832740213,False
4,0,sink_block_mass,-0.024709269412263334,-0.05498068117173099,0.008494455066069828,8,False,0.203125,0.4081937799043062,False
4,1,recent_mass,0.004594043770999576,-0.06303247799976294,0.06777140641816401,8,False,0.8984375,0.9553006329113924,False
4,1,remote_middle_mass,0.00018088023885053182,-0.027496111876912324,0.03152672734926287,8,False,0.984375,1.0,False
4,1,sink_block_mass,-0.004774896060111576,-0.09628487733448288,0.08661602235813848,8,False,0.9609375,0.9928505535055351,False
4,2,recent_mass,-0.01449641941608261,-0.0600848322112855,0.025262621925320028,8,False,0.5859375,0.7666471962616822,False
4,2,remote_middle_mass,-0.0030806126185212706,-0.015654367494907437,0.010626325380713522,8,False,0.7109375,0.853125,False
4,2,sink_block_mass,0.017577032325487407,-0.012730113143614052,0.05912390732656256,8,False,0.5546875,0.7455,False
4,3,recent_mass,0.010995196411402348,-0.02714070184559165,0.05106013698099783,8,False,0.6171875,0.7890981735159818,False
4,3,remote_middle_mass,-0.000734903619903601,-0.010153481038070948,0.009158798089856765,8,False,0.90625,0.9587531486146096,False
4,3,sink_block_mass,-0.01026031300463219,-0.05925969471654639,0.036777752399117306,8,False,0.6953125,0.8464673913043478,False
4,4,recent_mass,0.03251027432437184,-0.028389177741831355,0.09418011630660793,8,False,0.3671875,0.6000729571984436,False
4,4,remote_middle_mass,-0.004916910910279191,-0.023231896072260578,0.015526243122456727,8,False,0.65625,0.8130530973451328,False
4,4,sink_block_mass,-0.027593354378628598,-0.10101507397338239,0.047001473907461164,8,False,0.4921875,0.703125,False
4,5,recent_mass,-0.04700357773888182,-0.07630051260939588,-0.01856697839554427,8,True,0.0234375,0.10998603351955308,False
4,5,remote_middle_mass,0.0016311678966910211,-0.010132893270818816,0.013509706610426867,8,False,0.8125,0.9087882822902796,False
4,5,sink_block_mass,0.0453724149902983,0.02097348505223765,0.07436750142508922,8,True,0.015625,0.09051724137931035,False
4,6,recent_mass,-0.013398170610108989,-0.039944899684313334,0.006144988136111584,8,False,0.3828125,0.6148422562141491,False
4,6,remote_middle_mass,-0.001704427437346237,-0.01373144683995775,0.008352714422570531,8,False,0.8203125,0.9163065159574468,False
4,6,sink_block_mass,0.015102610513601348,-0.008573177000084213,0.046512562435343976,8,False,0.4609375,0.6816681338028169,False
4,7,recent_mass,3.981158401803218e-06,-0.00023396504935220436,0.0002363679358541953,8,False,0.984375,1.0,False
4,7,remote_middle_mass,0.00043039612004927184,-0.0007726659416567267,0.0016943096519728812,8,False,0.546875,0.7433252427184466,False
4,7,sink_block_mass,-0.00043438787052554884,-0.0018456410588704377,0.0009015634769767627,8,False,0.609375,0.7814885496183206,False
4,8,recent_mass,0.009705119425851103,-0.010964685702274693,0.030530462830506134,8,False,0.421875,0.6538284132841329,False
4,8,remote_middle_mass,-0.012032788983465983,-0.04126088101420248,0.011219161609509016,8,False,0.546875,0.7433252427184466,False
4,8,sink_block_mass,0.0023276837008146534,-0.03795935051216488,0.041982491440270095,8,False,0.9140625,0.959765625,False
4,9,recent_mass,0.019737074834926566,-0.014159909881022406,0.05648271405871741,8,False,0.3828125,0.6148422562141491,False
4,9,remote_middle_mass,-0.001300415390718184,-0.0027459147385198797,-3.2387155278863484e-05,8,True,0.125,0.29829545454545453,False
4,9,sink_block_mass,-0.018436704156377673,-0.05724072850281436,0.01673642914353168,8,False,0.40625,0.6402439024390244,False
4,10,recent_mass,2.6308635053372146e-05,-0.0012707028504329147,0.0010567591613846227,8,False,0.96875,0.9972426470588235,False
4,10,remote_middle_mass,-0.002425576053818747,-0.029349889209662534,0.027786471385052615,8,False,0.890625,0.9506035578144854,False
4,10,sink_block_mass,0.0023992659261119903,-0.02641443300257468,0.0289823035282743,8,False,0.8828125,0.9470785440613027,False
4,11,recent_mass,0.022548119519775797,0.008930801109189656,0.0376406639104649,8,True,0.0234375,0.10998603351955308,False
4,11,remote_middle_mass,0.0009499608341706227,0.000281031876953839,0.001610238993319551,8,True,0.0625,0.19444444444444445,False
4,11,sink_block_mass,-0.023498078106268847,-0.038298691141960065,-0.009938700612969475,8,True,0.0234375,0.10998603351955308,False
4,12,recent_mass,0.005263163681965451,-0.005390570077738089,0.017354071991508926,8,False,0.4375,0.6681818181818182,False
4,12,remote_middle_mass,8.971186564241698e-05,-0.001031335108868148,0.000877999578431009,8,False,0.9375,0.9746287128712872,False
4,12,sink_block_mass,-0.005352857670430589,-0.017515795252530407,0.00551007130365036,8,False,0.3984375,0.6338778409090909,False
4,13,recent_mass,-0.00037191533486431196,-0.0013176636052382473,0.0005663031970823359,8,False,0.515625,0.7182835820895522,False
4,13,remote_middle_mass,-0.00042845242115495397,-0.018305721262816516,0.01771917298427446,8,False,0.9609375,0.9928505535055351,False
4,13,sink_block_mass,0.0008003889510764806,-0.016915065469728874,0.018012043100391357,8,False,0.9375,0.9746287128712872,False
4,14,recent_mass,-0.06213863199023811,-0.09756012150584174,-0.027472845584623838,8,True,0.0234375,0.10998603351955308,False
4,14,remote_middle_mass,0.002060983516792457,-0.004232172536407445,0.007443341975656936,8,False,0.5390625,0.7411006546644845,False
4,14,sink_block_mass,0.060077651118312154,0.023565761016580318,0.09925632501395827,8,True,0.0234375,0.10998603351955308,False
4,15,recent_mass,-0.0035591734389170543,-0.03297428346601001,0.027830388678856288,8,False,0.84375,0.9264705882352942,False
4,15,remote_middle_mass,-0.005767121426808156,-0.01872992514717129,0.008034996440917954,8,False,0.4453125,0.6739864864864865,False
4,15,sink_block_mass,0.009326296727027922,-0.019974339767967753,0.03936251879901782,8,False,0.5703125,0.7556190851735016,False
4,16,recent_mass,-0.04065996056784971,-0.07320997910103885,0.0031660129653980212,8,False,0.1015625,0.26827830188679247,False
4,16,remote_middle_mass,-0.0017958848238585489,-0.0064066356179971395,0.0029544822987259225,8,False,0.515625,0.7182835820895522,False
4,16,sink_block_mass,0.042455850663727236,0.0007286459733674353,0.07178097399840642,8,True,0.09375,0.2532154340836013,False
4,17,recent_mass,-0.0013027631684598348,-0.01795856788757343,0.013135276793437498,8,False,0.8984375,0.9553006329113924,False
4,17,remote_middle_mass,-0.006576452146775678,-0.022001173657121027,0.007555342945761122,8,False,0.46875,0.68717277486911,False
4,17,sink_block_mass,0.007879203268738854,-0.00686811837010913,0.022682775065460584,8,False,0.359375,0.5919117647058824,False
4,18,recent_mass,-0.015610290361830582,-0.02817617063019435,-0.0028741521914215176,8,True,0.0625,0.19444444444444445,False
4,18,remote_middle_mass,-0.0028580557286177278,-0.009839215963947157,0.002323385602622268,8,False,0.609375,0.7814885496183206,False
4,18,sink_block_mass,0.018468349921196656,0.003181537052009399,0.03374439069538998,8,True,0.0703125,0.20944148936170212,False
4,19,recent_mass,-0.07274452052976094,-0.14289633271697694,-0.012774260207410982,8,True,0.0625,0.19444444444444445,False
4,19,remote_middle_mass,-0.002076705704043944,-0.008750427456904075,0.0054948762486083476,8,False,0.609375,0.7814885496183206,False
4,19,sink_block_mass,0.07482121507002878,0.015951749315135638,0.14202425215133124,8,True,0.0546875,0.18229166666666666,False
4,20,recent_mass,-0.06380115547881565,-0.1227814312199665,-0.006289930006962735,8,True,0.1171875,0.28952205882352944,False
4,20,remote_middle_mass,-0.002429402580383507,-0.008914935538904545,0.004387546477784608,8,False,0.5078125,0.7133152173913043,False
4,20,sink_block_mass,0.0662305812491697,0.006679978894997635,0.12954852073316006,8,True,0.1171875,0.28952205882352944,False
4,21,recent_mass,-0.05555485369799541,-0.08540388277814066,-0.02795133241373394,8,True,0.0078125,0.06433823529411764,False
4,21,remote_middle_mass,0.013258679162569276,0.005554144855040816,0.021634077479605513,8,True,0.015625,0.09051724137931035,False
4,21,sink_block_mass,0.0422961795824106,0.018575408736567378,0.06880458534020503,8,True,0.0078125,0.06433823529411764,False
4,22,recent_mass,-0.056921645449926714,-0.0845239265525587,-0.025226051103275405,8,True,0.0234375,0.10998603351955308,False
4,22,remote_middle_mass,0.0073394004330401726,-0.0007796115233304011,0.015605777587657643,8,False,0.15625,0.3391472868217054,False
4,22,sink_block_mass,0.049582242867526355,0.022681618149402345,0.07491232611705902,8,True,0.0234375,0.10998603351955308,False
4,23,recent_mass,-0.008520021410657386,-0.03374249931418257,0.018871684779315407,8,False,0.578125,0.7623626373626373,False
4,23,remote_middle_mass,0.0028917954735370064,-0.001699517547440651,0.00725568799168595,8,False,0.2578125,0.46672952586206895,False
4,23,sink_block_mass,0.005628235028426881,-0.02404496144977567,0.031112149492176243,8,False,0.734375,0.8676160337552743,False
4,24,recent_mass,0.024902740265697353,-0.013067446992371985,0.05843651497439439,8,False,0.2421875,0.4500829646017699,False
4,24,remote_middle_mass,0.02445385630303708,-0.0014029849759414155,0.052850889118609266,8,False,0.1328125,0.3048155737704918,False
4,24,sink_block_mass,-0.049356590524653556,-0.0809426751581889,-0.020135599532970692,8,True,0.015625,0.09051724137931035,False
4,25,recent_mass,-0.06636799189646607,-0.13012482425146887,-0.009499099744688641,8,True,0.0703125,0.20944148936170212,False
4,25,remote_middle_mass,0.0005298543769098178,-0.010281243128861469,0.010049428301454912,8,False,0.9140625,0.959765625,False
4,25,sink_block_mass,0.06583814396749058,0.007919980338431653,0.13070981322291395,8,True,0.1015625,0.26827830188679247,False
4,26,recent_mass,0.027330201802136765,0.0067786950751341415,0.05034618785251038,8,True,0.0546875,0.18229166666666666,False
4,26,remote_middle_mass,-0.004297201729114434,-0.023543898241185364,0.019486231241805672,8,False,0.7421875,0.8719405594405595,False
4,26,sink_block_mass,-0.023033009567458566,-0.053351195716713366,0.007425070663877744,8,False,0.203125,0.4081937799043062,False
4,27,recent_mass,-0.04622219017203979,-0.09504491470148753,0.0036218013576534737,8,False,0.140625,0.3158422459893048,False
4,27,remote_middle_mass,-0.0010783995219519685,-0.005081116364402819,0.003530973908689381,8,False,0.6796875,0.8310589519650655,False
4,27,sink_block_mass,0.047300597527640494,-0.0026518522086978356,0.0969421578454665,8,False,0.1328125,0.3048155737704918,False
8,0,recent_mass,0.005806526273441217,-0.024913633660028047,0.030643544622578324,8,False,0.71875,0.8600427350427351,False
8,0,remote_middle_mass,0.010319555046641223,0.0045224487959468415,0.016265998100184642,8,True,0.0234375,0.10998603351955308,False
8,0,sink_block_mass,-0.01612610464468195,-0.04459235840379093,0.01902368497908664,8,False,0.3828125,0.6148422562141491,False
8,1,recent_mass,-0.007696996660416122,-0.037638735205164524,0.030397375478370334,8,False,0.703125,0.8510446685878963,False
8,1,remote_middle_mass,0.0015690235237893267,-0.0015842057887212862,0.004447239233685216,8,False,0.3515625,0.5824704142011834,False
8,1,sink_block_mass,0.006127978809348254,-0.032399830652183735,0.036993762908285974,8,False,0.7890625,0.8956925675675675,False
8,2,recent_mass,0.025235577999669204,-0.011521087919805634,0.058684744832646886,8,False,0.2265625,0.4364965596330275,False
8,2,remote_middle_mass,0.005273636117900615,-0.0021820560381779434,0.012609751787362502,8,False,0.21875,0.4263341067285383,False
8,2,sink_block_mass,-0.030509213530408502,-0.06894369179053685,0.012436658482443621,8,False,0.21875,0.4263341067285383,False
8,3,recent_mass,-0.003769981218387612,-0.01782241058161109,0.009391841048249014,8,False,0.6328125,0.7993421052631579,False
8,3,remote_middle_mass,0.02440900691624372,0.0043693231407503814,0.04731357187864611,8,True,0.0546875,0.18229166666666666,False
8,3,sink_block_mass,-0.020639021531576974,-0.037829948862014,-0.003357224822707015,8,True,0.0546875,0.18229166666666666,False
8,4,recent_mass,-0.028687299279769214,-0.0537600283291426,-0.004980622247136718,8,True,0.1015625,0.26827830188679247,False
8,4,remote_middle_mass,-0.0005462134049527487,-0.01562892478490906,0.013697713222454585,8,False,1.0,1.0,False
8,4,sink_block_mass,0.02923351410769304,0.011136852088079283,0.04686401418251307,8,True,0.046875,0.16544117647058823,False
8,5,recent_mass,-0.031639833116947534,-0.05897480909910215,-0.004275033286777176,8,True,0.0859375,0.23745888157894737,False
8,5,remote_middle_mass,-0.0026542399612465048,-0.009850986103999686,0.0029988105357006325,8,False,0.6171875,0.7890981735159818,False
8,5,sink_block_mass,0.0342940804349383,0.002522745775781321,0.06319255414166695,8,True,0.09375,0.2532154340836013,False
8,6,recent_mass,-0.002182932276881433,-0.0316753984254826,0.02129272892843176,8,False,0.9140625,0.959765625,False
8,6,remote_middle_mass,0.014605891525861699,0.004077310562069999,0.02436308932165685,8,True,0.0390625,0.146484375,False
8,6,sink_block_mass,-0.012422959151326959,-0.03221591281577653,0.011851731031537086,8,False,0.34375,0.5706521739130435,False
8,7,recent_mass,-0.07131976109873994,-0.10094117779420282,-0.038214410117168404,8,True,0.015625,0.09051724137931035,False
8,7,remote_middle_mass,0.008749724651025977,-0.0028906486248959622,0.020962643297636408,8,False,0.234375,0.4454185520361991,False
8,7,sink_block_mass,0.06257002258275596,0.02589911748052351,0.09633045633892523,8,True,0.0234375,0.10998603351955308,False
8,8,recent_mass,-0.048237472139530314,-0.09347724557415876,-0.008054172219332493,8,True,0.1171875,0.28952205882352944,False
8,8,remote_middle_mass,0.006860430080563126,0.000996610735275831,0.01410395038476166,8,True,0.0625,0.19444444444444445,False
8,8,sink_block_mass,0.0413770524396853,0.0034800874266735296,0.08176830001164437,8,True,0.1328125,0.3048155737704918,False
8,9,recent_mass,-0.007342581826729672,-0.02633533639087507,0.013122683528186338,8,False,0.5,0.7094594594594594,False
8,9,remote_middle_mass,0.0021320060614179025,-0.0067916977316688385,0.010344048988820168,8,False,0.625,0.7954545454545454,False
8,9,sink_block_mass,0.005210589906426602,-0.015622245890928026,0.026674701873432072,8,False,0.6328125,0.7993421052631579,False
8,10,recent_mass,-0.02015007480345278,-0.0750244293699256,0.03701785231615966,8,False,0.515625,0.7182835820895522,False
8,10,remote_middle_mass,-0.004334373008683761,-0.010684235727028809,0.0019218287383310935,8,False,0.25,0.455531453362256,False
8,10,sink_block_mass,0.02448446711632897,-0.028967935002238543,0.07807354233687984,8,False,0.421875,0.6538284132841329,False
8,11,recent_mass,0.034293700758431356,-0.0019933285977720844,0.06495938974867083,8,False,0.1015625,0.26827830188679247,False
8,11,remote_middle_mass,0.013878635183983065,0.006836782399666297,0.021886216008661384,8,True,0.0078125,0.06433823529411764,False
8,11,sink_block_mass,-0.04817235968033549,-0.07674499030812611,-0.013644197134799169,8,True,0.046875,0.16544117647058823,False
8,12,recent_mass,-0.04007918482620021,-0.0743384742023313,-0.0073748318517325995,8,True,0.0703125,0.20944148936170212,False
8,12,remote_middle_mass,0.00977024107752534,0.005129349429261497,0.014237122595199327,8,True,0.015625,0.09051724137931035,False
8,12,sink_block_mass,0.030308952110697552,-0.0003318597388808041,0.06288730770332043,8,False,0.1328125,0.3048155737704918,False
8,13,recent_mass,-0.012683921894239891,-0.04844084588247888,0.017750322717479554,8,False,0.5859375,0.7666471962616822,False
8,13,remote_middle_mass,0.009816343295225594,0.001133660778403279,0.01944196441003471,8,True,0.078125,0.22551546391752578,False
8,13,sink_block_mass,0.0028675751008190274,-0.027817255768568052,0.03419655293226094,8,False,0.8828125,0.9470785440613027,False
8,14,recent_mass,0.013702746108913384,-0.044304041493356074,0.06290429363688907,8,False,0.65625,0.8130530973451328,False
8,14,remote_middle_mass,0.004286152643755226,-0.0043401863642007505,0.011176356989517525,8,False,0.3203125,0.5392034068136272,False
8,14,sink_block_mass,-0.017988896383146907,-0.06694622703412559,0.03852789964982849,8,False,0.5546875,0.7455,False
8,15,recent_mass,-0.007955405626326476,-0.05408680631135699,0.03625103341817735,8,False,0.7890625,0.8956925675675675,False
8,15,remote_middle_mass,-0.00030803028960478714,-0.01169705700428849,0.009363378218653745,8,False,0.96875,0.9972426470588235,False
8,15,sink_block_mass,0.008263440326365022,-0.032898906651953504,0.053217513571366545,8,False,0.7421875,0.8719405594405595,False
8,16,recent_mass,-0.08934420099582314,-0.13579929281741887,-0.038386846869271844,8,True,0.03125,0.13125,False
8,16,remote_middle_mass,0.00994620983471741,-0.004417380059761078,0.024130475521732177,8,False,0.2421875,0.4500829646017699,False
8,16,sink_block_mass,0.07939799911471347,0.026320325628538074,0.13096320358676894,8,True,0.03125,0.13125,False
8,17,recent_mass,-0.06993439749271196,-0.10563358838057202,-0.03670062121107283,8,True,0.015625,0.09051724137931035,False
8,17,remote_middle_mass,-0.005219693407743931,-0.01299492538623537,0.0022667033219667633,8,False,0.25,0.455531453362256,False
8,17,sink_block_mass,0.07515408390244957,0.03918331127612453,0.11623539719233188,8,True,0.0078125,0.06433823529411764,False
8,18,recent_mass,-0.037133511742256174,-0.09904447018086276,0.02344513346805828,8,False,0.3125,0.5324543610547667,False
8,18,remote_middle_mass,-0.0011323582515326324,-0.008342356800337588,0.0064799420368926,8,False,0.7734375,0.8912037037037037,False
8,18,sink_block_mass,0.03826587668184718,-0.021323200037140416,0.0984036168746405,8,False,0.2890625,0.5090408805031447,False
8,19,recent_mass,-0.07752650889791919,-0.11951431170760915,-0.03214711919066608,8,True,0.0234375,0.10998603351955308,False
8,19,remote_middle_mass,0.004561920720817852,-0.002132525281342206,0.01211540035780873,8,False,0.3125,0.5324543610547667,False
8,19,sink_block_mass,0.07296459376133896,0.026806211993763405,0.11680582763855113,8,True,0.0390625,0.146484375,False
8,20,recent_mass,-0.07984387142081893,-0.15229103598838314,-0.024271054098594376,8,True,0.0234375,0.10998603351955308,False
8,20,remote_middle_mass,-0.004616238246705723,-0.015375302692823355,0.004997538807774083,8,False,0.4453125,0.6739864864864865,False
8,20,sink_block_mass,0.08446011481594604,0.020088651453161223,0.1663875307507539,8,True,0.0390625,0.146484375,False
8,21,recent_mass,0.021083031095176733,-0.031205198509043245,0.07985832246645887,8,False,0.5625,0.75,False
8,21,remote_middle_mass,-0.0011625765441656138,-0.004984451697435043,0.002133958414244171,8,False,0.6328125,0.7993421052631579,False
8,21,sink_block_mass,-0.019920451316522245,-0.08183632453310587,0.033455408234216874,8,False,0.609375,0.7814885496183206,False
8,22,recent_mass,0.012659613336512398,-0.017602633696245665,0.04647463977741305,8,False,0.4921875,0.703125,False
8,22,remote_middle_mass,-0.006643095775091541,-0.028698393750095173,0.01680018555594995,8,False,0.609375,0.7814885496183206,False
8,22,sink_block_mass,-0.006016525085668793,-0.051859247285930936,0.033745882198250636,8,False,0.7890625,0.8956925675675675,False
8,23,recent_mass,-0.002087029913204261,-0.007104470723090182,0.002973027341102307,8,False,0.46875,0.68717277486911,False
8,23,remote_middle_mass,0.00391964929113402,-0.0227126022564388,0.0287294871265289,8,False,0.7890625,0.8956925675675675,False
8,23,sink_block_mass,-0.0018326063559836112,-0.031180525441272977,0.028213323864033392,8,False,0.8984375,0.9553006329113924,False
8,24,recent_mass,0.028625784118395087,-0.017409829513716713,0.07190712484711231,8,False,0.2734375,0.49183618843683086,False
8,24,remote_middle_mass,-0.0011027013977015427,-0.006260934808735915,0.00290264189597268,8,False,0.65625,0.8130530973451328,False
8,24,sink_block_mass,-0.027523102120809162,-0.07173436329900168,0.018116959797170956,8,False,0.3046875,0.5266203703703703,False
8,25,recent_mass,0.030184186115744856,-0.004257706168806,0.06368861726818331,8,False,0.15625,0.3391472868217054,False
8,25,remote_middle_mass,0.00020347582299145087,-0.015837206027400123,0.017051780800405168,8,False,1.0,1.0,False
8,25,sink_block_mass,-0.03038765470368847,-0.07580722845643328,0.01703236439969907,8,False,0.2578125,0.46672952586206895,False
8,26,recent_mass,0.03629786648574879,-0.0013310533131123264,0.07366068068079258,8,False,0.125,0.29829545454545453,False
8,26,remote_middle_mass,-0.004784739665655201,-0.02461219814539405,0.014227053834816547,8,False,0.6640625,0.8191079295154186,False
8,26,sink_block_mass,-0.031513116677134606,-0.07451160254399532,0.007589539282699127,8,False,0.2109375,0.41691176470588237,False
8,27,recent_mass,0.023788187549766766,-0.01473670746482415,0.07027741533410078,8,False,0.3984375,0.6338778409090909,False
8,27,remote_middle_mass,0.0043150207234397935,-0.026708453072627387,0.03213906015814233,8,False,0.78125,0.8928571428571429,False
8,27,sink_block_mass,-0.028103220038022597,-0.0797241362466919,0.015428169067500233,8,False,0.375,0.6081081081081081,False
12,0,recent_mass,-0.020279657522595876,-0.024579525646500733,-0.015570514508335433,8,True,0.0078125,0.06433823529411764,False
12,0,remote_middle_mass,0.01444759934960255,0.0106320299164635,0.01808575989003842,8,True,0.0078125,0.06433823529411764,False
12,0,sink_block_mass,0.005832050132610196,0.004196396765406082,0.007337627054790092,8,True,0.0078125,0.06433823529411764,False
12,1,recent_mass,-0.020754321999396252,-0.04995166867845413,0.007532050432026691,8,False,0.25,0.455531453362256,False
12,1,remote_middle_mass,0.001445656802334265,-0.0027368081483452734,0.005623445870302172,8,False,0.546875,0.7433252427184466,False
12,1,sink_block_mass,0.01930867417624285,-0.006436256338419069,0.046141905701611315,8,False,0.2421875,0.4500829646017699,False
12,2,recent_mass,-0.03197829612658076,-0.05195075424130395,-0.012985610545961595,8,True,0.03125,0.13125,False
12,2,remote_middle_mass,0.016596857404210595,0.0024118763667127265,0.02987224716585144,8,True,0.0703125,0.20944148936170212,False
12,2,sink_block_mass,0.015381441834010351,0.0057918312758618775,0.026778872609587584,8,True,0.015625,0.09051724137931035,False
12,3,recent_mass,-0.016973567338294276,-0.054481148046335845,0.022758071146525227,8,False,0.453125,0.6772686832740213,False
12,3,remote_middle_mass,0.0038046067011358988,-0.005277611038695434,0.01301875305695391,8,False,0.4453125,0.6739864864864865,False
12,3,sink_block_mass,0.013168975817698051,-0.01949906690119217,0.043076307267148665,8,False,0.4453125,0.6739864864864865,False
12,4,recent_mass,-0.021984183749921754,-0.03243213559774363,-0.010667246400962931,8,True,0.015625,0.09051724137931035,False
12,4,remote_middle_mass,0.002124787991042417,-0.0060388206430280296,0.008456151981639752,8,False,0.65625,0.8130530973451328,False
12,4,sink_block_mass,0.019859409804060358,0.013467570816463045,0.026656626560493765,8,True,0.0078125,0.06433823529411764,False
12,5,recent_mass,-0.018645038798209362,-0.05022793181054793,0.01143019636360988,8,False,0.3203125,0.5392034068136272,False
12,5,remote_middle_mass,-0.002597788595951055,-0.01149244134612277,0.005915960293649564,8,False,0.6328125,0.7993421052631579,False
12,5,sink_block_mass,0.02124282942575252,-0.0046840496431087555,0.049262498696665234,8,False,0.234375,0.4454185520361991,False
12,6,recent_mass,-0.002694136472781293,-0.01838358690558029,0.014599085440690862,8,False,0.8046875,0.9048694779116466,False
12,6,remote_middle_mass,0.00895942842402828,-0.0014976645132785335,0.021658149950249624,8,False,0.1953125,0.39917883211678834,False
12,6,sink_block_mass,-0.006265289395910551,-0.020476444555260005,0.006611634431531582,8,False,0.4375,0.6681818181818182,False
12,7,recent_mass,-0.0037229790033562332,-0.03418662406125673,0.02166276135751321,8,False,0.84375,0.9264705882352942,False
12,7,remote_middle_mass,0.019892614767186526,-0.0020784594212067964,0.04306876123224125,8,False,0.1796875,0.37734375,False
12,7,sink_block_mass,-0.01616963161439048,-0.044860245551220694,0.012621493181980652,8,False,0.34375,0.5706521739130435,False
12,8,recent_mass,-0.011984836148584269,-0.02385659522372747,0.0003268794415880266,8,False,0.1171875,0.28952205882352944,False
12,8,remote_middle_mass,0.009579120056327044,0.003730219719224365,0.01440688599803226,8,True,0.0234375,0.10998603351955308,False
12,8,sink_block_mass,0.002405717383823676,-0.007476464565753058,0.011167231837077012,8,False,0.6875,0.8381712626995645,False
12,9,recent_mass,-0.012804460170893872,-0.042654462398054926,0.018724550875136886,8,False,0.484375,0.7015086206896551,False
12,9,remote_middle_mass,0.018018166404352647,0.00351711261380659,0.03241413843891315,8,True,0.078125,0.22551546391752578,False
12,9,sink_block_mass,-0.0052136992749193395,-0.02419967340233606,0.01237278363312349,8,False,0.65625,0.8130530973451328,False
12,10,recent_mass,-0.014434555275135118,-0.05510018115915809,0.023191077684264497,8,False,0.5546875,0.7455,False
12,10,remote_middle_mass,0.006349840974616555,-0.002813152530225165,0.01691071394390575,8,False,0.3125,0.5324543610547667,False
12,10,sink_block_mass,0.008084718338388086,-0.022139406174984163,0.03937906019093637,8,False,0.671875,0.825109649122807,False
12,11,recent_mass,-0.0028335612316312472,-0.03891613865932282,0.02853059832547193,8,False,0.875,0.9435173299101413,False
12,11,remote_middle_mass,0.007522014010720765,-0.004121238823483152,0.019328540338896666,8,False,0.2890625,0.5090408805031447,False
12,11,sink_block_mass,-0.00468845336775393,-0.02751174116883722,0.020223889264929646,8,False,0.734375,0.8676160337552743,False
12,12,recent_mass,-0.022741409581426758,-0.044512052223210245,0.0023324895118813555,8,False,0.125,0.29829545454545453,False
12,12,remote_middle_mass,0.023064462495208344,0.016580569437937582,0.030461728988860435,8,True,0.0078125,0.06433823529411764,False
12,12,sink_block_mass,-0.0003230521246520013,-0.020948095888235898,0.01730700703088492,8,False,0.9765625,1.0,False
12,13,recent_mass,0.0073279527696112,-0.026876867805241463,0.03954912024237628,8,False,0.6796875,0.8310589519650655,False
12,13,remote_middle_mass,0.003745516959209716,-0.006251899960332354,0.016024625364565673,8,False,0.5703125,0.7556190851735016,False
12,13,sink_block_mass,-0.01107345487517147,-0.03493621781468357,0.012644442713680537,8,False,0.4609375,0.6816681338028169,False
12,14,recent_mass,0.015688569621626923,-0.022887364178373473,0.05805213716175119,8,False,0.515625,0.7182835820895522,False
12,14,remote_middle_mass,-0.0022360864998869773,-0.010187071842503143,0.004638099816750179,8,False,0.6484375,0.8130530973451328,False
12,14,sink_block_mass,-0.013452487295410851,-0.05223901513849673,0.02215838888073335,8,False,0.5546875,0.7455,False
12,15,recent_mass,0.009612931519707747,-0.004644824054957461,0.026819577202497766,8,False,0.3671875,0.6000729571984436,False
12,15,remote_middle_mass,0.017297829389598528,0.0067632249879626734,0.026567517109361432,8,True,0.0234375,0.10998603351955308,False
12,15,sink_block_mass,-0.026910742749858402,-0.045498023295501566,-0.010598082274822061,8,True,0.0078125,0.06433823529411764,False
12,16,recent_mass,-0.003125257677540981,-0.02917275199280577,0.01896996152647005,8,False,0.828125,0.922579575596817,False
12,16,remote_middle_mass,0.016263305952698953,-0.0037097315350825555,0.03330735269531818,8,False,0.125,0.29829545454545453,False
12,16,sink_block_mass,-0.013138057372656392,-0.03877834883947251,0.010044125600553398,8,False,0.359375,0.5919117647058824,False
12,17,recent_mass,-0.009889284371924573,-0.03368691080334788,0.00947632559538465,8,False,0.5234375,0.7243616144975288,False
12,17,remote_middle_mass,0.025905525988110738,0.012543281344268306,0.044247195509904164,8,True,0.0078125,0.06433823529411764,False
12,17,sink_block_mass,-0.016016254907849803,-0.029393217825075875,-0.003567521572394386,8,True,0.0625,0.19444444444444445,False
12,18,recent_mass,0.046115742706907784,0.00298551890172179,0.09142494049897504,8,True,0.1171875,0.28952205882352944,False
12,18,remote_middle_mass,-0.001142943682514508,-0.00928209950922388,0.007690143134263784,8,False,0.796875,0.9009084791386271,False
12,18,sink_block_mass,-0.04497280909355348,-0.08307889354560387,-0.009914122151202636,8,True,0.0703125,0.20944148936170212,False
12,19,recent_mass,0.006075351008540238,-0.030537000244362816,0.03406862898964168,8,False,0.78125,0.8928571428571429,False
12,19,remote_middle_mass,0.015118725627479894,0.00473548079238913,0.026656694691583032,8,True,0.0078125,0.06433823529411764,False
12,19,sink_block_mass,-0.021194089970179998,-0.042796279292112466,0.00982648216514967,8,False,0.1953125,0.39917883211678834,False
12,20,recent_mass,0.003527559191176567,-0.03213198441603045,0.03521210052162259,8,False,0.859375,0.9326550387596899,False
12,20,remote_middle_mass,0.00402598915941597,-0.013193950258828874,0.020937397348195174,8,False,0.65625,0.8130530973451328,False
12,20,sink_block_mass,-0.007553548946269197,-0.036680155901698444,0.021442762736650862,8,False,0.640625,0.806784107946027,False
12,21,recent_mass,-0.027603867245412188,-0.06157655406265613,0.01327691633908231,8,False,0.25,0.455531453362256,False
12,21,remote_middle_mass,0.0033128107180444687,-0.004373323610532042,0.010788603849386954,8,False,0.4609375,0.6816681338028169,False
12,21,sink_block_mass,0.02429103362674354,-0.013204839426315628,0.05325881382969108,8,False,0.21875,0.4263341067285383,False
12,22,recent_mass,-0.02931664998133511,-0.051452711339725524,-0.009584029033064725,8,True,0.0234375,0.10998603351955308,False
12,22,remote_middle_mass,0.014312021418310734,0.0052173043789936965,0.0244575713975215,8,True,0.0234375,0.10998603351955308,False
12,22,sink_block_mass,0.015004625734865155,0.0006209809556010672,0.028888913913114884,8,True,0.09375,0.2532154340836013,False
12,23,recent_mass,-0.008744020112990698,-0.04735465043696018,0.03236539330277015,8,False,0.6640625,0.8191079295154186,False
12,23,remote_middle_mass,0.004775952935819209,-0.0035538340960576623,0.01215171471614361,8,False,0.2890625,0.5090408805031447,False
12,23,sink_block_mass,0.00396806962959647,-0.032614126266477035,0.03708329457254743,8,False,0.78125,0.8928571428571429,False
12,24,recent_mass,-0.020904172421857208,-0.05082758857825835,0.004533275163911936,8,False,0.25,0.455531453362256,False
12,24,remote_middle_mass,0.024958301883856896,0.008329043022365899,0.04291037430911968,8,True,0.03125,0.13125,False
12,24,sink_block_mass,-0.004054138807555393,-0.02844799602751384,0.026314768201273726,8,False,0.8125,0.9087882822902796,False
12,25,recent_mass,-0.03268264921505997,-0.08203313912739417,0.008998976078544642,8,False,0.2421875,0.4500829646017699,False
12,25,remote_middle_mass,-0.00018273104550226883,-0.005952954317532768,0.0056310742675106246,8,False,0.9453125,0.981535846724351,False
12,25,sink_block_mass,0.032865387382281994,-0.00832509764644642,0.07668489637977424,8,False,0.1796875,0.37734375,False
12,26,recent_mass,-0.012584553107656084,-0.05627231418490466,0.0172757672963975,8,False,0.78125,0.8928571428571429,False
12,26,remote_middle_mass,0.012474688675484498,0.0021762457272802775,0.025364335607349724,8,True,0.0703125,0.20944148936170212,False
12,26,sink_block_mass,0.00010987896415792092,-0.021169894463701523,0.030922048315151454,8,False,1.0,1.0,False
12,27,recent_mass,-0.0014400613429937231,-0.0568795591555433,0.04602136061490022,8,False,0.9609375,0.9928505535055351,False
12,27,remote_middle_mass,0.005203254145745696,-0.006014993508155838,0.016916094631112988,8,False,0.421875,0.6538284132841329,False
12,27,sink_block_mass,-0.0037631989513516664,-0.04561759270157543,0.043887298299736505,8,False,0.859375,0.9326550387596899,False
16,0,recent_mass,-0.014480784738045344,-0.07265030782268217,0.05232353327577499,8,False,0.6875,0.8381712626995645,False
16,0,remote_middle_mass,0.0357148267810104,0.0001367770641961794,0.07338516198834408,8,True,0.125,0.29829545454545453,False
16,0,sink_block_mass,-0.021234041353547194,-0.058440968219775964,0.012687957662406144,8,False,0.3203125,0.5392034068136272,False
16,1,recent_mass,0.0047801319787294655,-0.056563419232679914,0.06644558296897557,8,False,0.8125,0.9087882822902796,False
16,1,remote_middle_mass,0.008965417320046559,-0.02118280164357623,0.04749261440480523,8,False,0.734375,0.8676160337552743,False
16,1,sink_block_mass,-0.013745549397283154,-0.05290703411656793,0.021690864549622338,8,False,0.5,0.7094594594594594,False
16,2,recent_mass,-0.006226840659612126,-0.03762751169156437,0.0235652274739679,8,False,0.671875,0.825109649122807,False
16,2,remote_middle_mass,0.016968576877916308,-0.0018321563501972635,0.04265131173423915,8,False,0.203125,0.4081937799043062,False
16,2,sink_block_mass,-0.010741733689018082,-0.027256670952231745,0.0026218677199764708,8,False,0.3203125,0.5392034068136272,False
16,3,recent_mass,0.002629868534813895,-0.02322469636835267,0.029444120175468963,8,False,0.8515625,0.9301853055916776,False
16,3,remote_middle_mass,0.008010251229285392,-0.004940050998426267,0.020717902475739725,8,False,0.296875,0.5163043478260869,False
16,3,sink_block_mass,-0.010640115338193283,-0.025819375776127796,0.004028416175543764,8,False,0.2265625,0.4364965596330275,False
16,4,recent_mass,0.0039251696414636245,-0.04535142303530675,0.05219736996460704,8,False,0.875,0.9435173299101413,False
16,4,remote_middle_mass,0.009699693410521352,-0.006999350463521903,0.03283765638889936,8,False,0.5703125,0.7556190851735016,False
16,4,sink_block_mass,-0.013624865381891827,-0.050763428180702765,0.020762072470865173,8,False,0.4921875,0.703125,False
16,5,recent_mass,-0.004345966042616951,-0.039653000480993454,0.033784459222761985,8,False,0.859375,0.9326550387596899,False
16,5,remote_middle_mass,0.01967362771263564,0.003153542656949837,0.03641551805513163,8,True,0.078125,0.22551546391752578,False
16,5,sink_block_mass,-0.015327659422505347,-0.04272840375549117,0.0074396307524156905,8,False,0.375,0.6081081081081081,False
16,6,recent_mass,0.03071587281110788,-0.006289045124362569,0.07063921775193628,8,False,0.21875,0.4263341067285383,False
16,6,remote_middle_mass,-0.009769752520767717,-0.027182286666643875,0.006158679448336153,8,False,0.3125,0.5324543610547667,False
16,6,sink_block_mass,-0.02094611933739863,-0.046662030965092985,0.002480695656929725,8,False,0.1484375,0.32899076517150394,False
16,7,recent_mass,0.0059790344186964745,-0.03133665267997448,0.048789127640581145,8,False,0.796875,0.9009084791386271,False
16,7,remote_middle_mass,0.004891464472658881,-0.012241721657042612,0.02193304470514471,8,False,0.625,0.7954545454545454,False
16,7,sink_block_mass,-0.010870488671817773,-0.062009113880847254,0.03521292841833738,8,False,0.703125,0.8510446685878963,False
16,8,recent_mass,-0.03666201509040535,-0.05089531548142326,-0.018195159529205036,8,True,0.0234375,0.10998603351955308,False
16,8,remote_middle_mass,0.007332144853506957,-0.0015470468650878632,0.014932253291699848,8,False,0.140625,0.3158422459893048,False
16,8,sink_block_mass,0.029329874427623227,0.013026512476013889,0.04294699308866441,8,True,0.0234375,0.10998603351955308,False
16,9,recent_mass,-0.006939930005252049,-0.030341740307010628,0.017761185947630747,8,False,0.609375,0.7814885496183206,False
16,9,remote_middle_mass,0.028405279685243486,-0.0002825757735870121,0.055342825445329535,8,False,0.109375,0.2835648148148148,False
16,9,sink_block_mass,-0.021465355221524034,-0.054058557145715995,0.010302088807104271,8,False,0.2734375,0.49183618843683086,False
16,10,recent_mass,-0.011204964227565607,-0.029341371674918987,0.008957774280660143,8,False,0.2890625,0.5090408805031447,False
16,10,remote_middle_mass,-0.008351763149288215,-0.021191804336218364,0.003395147602716408,8,False,0.28125,0.5005296610169492,False
16,10,sink_block_mass,0.019556728299533848,0.010527197178865251,0.02909206016048701,8,True,0.015625,0.09051724137931035,False
16,11,recent_mass,-0.007307756941442294,-0.027811524452433536,0.015036245083527185,8,False,0.5390625,0.7411006546644845,False
16,11,remote_middle_mass,0.01828763381769355,-0.00022744817993355926,0.03767651696092773,8,False,0.15625,0.3391472868217054,False
16,11,sink_block_mass,-0.01097987741453255,-0.037774880898402835,0.005979139603933479,8,False,0.6640625,0.8191079295154186,False
16,12,recent_mass,-0.020644588122861095,-0.05699673477934722,0.013157341000695558,8,False,0.359375,0.5919117647058824,False
16,12,remote_middle_mass,0.010119944379487052,-0.010547633254557544,0.035141757158259665,8,False,0.53125,0.7339638157894737,False
16,12,sink_block_mass,0.01052464128996028,-0.017265348440530313,0.028907672964476636,8,False,0.4921875,0.703125,False
16,13,recent_mass,-0.03043830007245246,-0.07782609261482565,0.002732955123219409,8,False,0.1484375,0.32899076517150394,False
16,13,remote_middle_mass,-0.01136660022233782,-0.04515686255770722,0.0257952500485448,8,False,0.5625,0.75,False
16,13,sink_block_mass,0.04180489851137156,0.003864831450102132,0.06976606704675192,8,True,0.0703125,0.20944148936170212,False
16,14,recent_mass,0.007310078201744286,-0.025131083953224175,0.04633904866367236,8,False,0.75,0.8725761772853186,False
16,14,remote_middle_mass,0.01754458878816152,0.0002524649934044221,0.03604172937244609,8,True,0.109375,0.2835648148148148,False
16,14,sink_block_mass,-0.02485468772437787,-0.05359682535069864,-0.0020535177169819906,8,True,0.09375,0.2532154340836013,False
16,15,recent_mass,0.0133253100727741,-0.04816082910452317,0.07418054624719385,8,False,0.71875,0.8600427350427351,False
16,15,remote_middle_mass,0.005807137689778646,-0.012364855001266925,0.025438534194223483,8,False,0.5703125,0.7556190851735016,False
16,15,sink_block_mass,-0.019132456350648683,-0.06628042555689465,0.02558547802577498,8,False,0.46875,0.68717277486911,False
16,16,recent_mass,-0.0025822832108536448,-0.03806927907183829,0.038178177736275645,8,False,0.9140625,0.959765625,False
16,16,remote_middle_mass,-0.0009378076803353806,-0.032949273962776894,0.020275808588659745,8,False,0.9921875,1.0,False
16,16,sink_block_mass,0.00352009774560242,-0.01615737588427216,0.021458646349417108,8,False,0.7578125,0.8804460580912863,False
16,17,recent_mass,0.02413542531337534,-0.007099254765765121,0.0537694352701967,8,False,0.171875,0.36550632911392406,False
16,17,remote_middle_mass,-0.007122925144283154,-0.03295548595969579,0.011401684289422596,8,False,0.78125,0.8928571428571429,False
16,17,sink_block_mass,-0.01701251110066375,-0.039649817161388164,0.006199560453534417,8,False,0.2109375,0.41691176470588237,False
16,18,recent_mass,-0.012282515564256302,-0.054092002263740724,0.022984799911778764,8,False,0.65625,0.8130530973451328,False
16,18,remote_middle_mass,0.0024310114243490874,-0.015099720152134352,0.02310364486117269,8,False,0.7734375,0.8912037037037037,False
16,18,sink_block_mass,0.009851507419710262,-0.01641468390710911,0.03587501647292597,8,False,0.5078125,0.7133152173913043,False
16,19,recent_mass,-0.024283201972318175,-0.05058970355668404,-0.00021109367895381546,8,True,0.1875,0.39081885856079407,False
16,19,remote_middle_mass,0.0261622409657081,0.010688200176065143,0.041162648512146835,8,True,0.03125,0.13125,False
16,19,sink_block_mass,-0.0018790312913143188,-0.016655570625968785,0.01363997444655643,8,False,0.859375,0.9326550387596899,False
16,20,recent_mass,-0.0050811864990584835,-0.03486326015363664,0.024367166396888927,8,False,0.765625,0.8858471074380165,False
16,20,remote_middle_mass,0.0021151330898632487,-0.022062058420620933,0.020014619127353698,8,False,0.859375,0.9326550387596899,False
16,20,sink_block_mass,0.0029660604088644765,-0.020620114906592966,0.0236652805504972,8,False,0.8046875,0.9048694779116466,False
16,21,recent_mass,-0.027877164766133805,-0.0619697238309016,0.004191823314680682,8,False,0.1875,0.39081885856079407,False
16,21,remote_middle_mass,0.008754918608761776,0.0027841253309081834,0.01594349525524666,8,True,0.0078125,0.06433823529411764,False
16,21,sink_block_mass,0.019122243699781914,-0.008829237766981355,0.047287507013971816,8,False,0.25,0.455531453362256,False
16,22,recent_mass,-0.07189806609229318,-0.12093551130502876,-0.023185704173815668,8,True,0.046875,0.16544117647058823,False
16,22,remote_middle_mass,0.019083250698830732,0.009671260456420973,0.02859230070854601,8,True,0.015625,0.09051724137931035,False
16,22,sink_block_mass,0.05281481357697839,0.011664048748505473,0.09476938562640272,8,True,0.0625,0.19444444444444445,False
16,23,recent_mass,-0.05796886641931002,-0.1013884812919144,-0.019392604224265073,8,True,0.03125,0.13125,False
16,23,remote_middle_mass,0.013399995624794984,0.00585375697010454,0.02069447682543501,8,True,0.03125,0.13125,False
16,23,sink_block_mass,0.044568859554347404,0.011718363687922584,0.0821286958767481,8,True,0.046875,0.16544117647058823,False
16,24,recent_mass,-0.0019108384467141984,-0.030181017613798676,0.027074387015085462,8,False,0.875,0.9435173299101413,False
16,24,remote_middle_mass,0.006405290155807018,-0.0006341367719778009,0.013511905405006044,8,False,0.140625,0.3158422459893048,False
16,24,sink_block_mass,-0.004494440975785573,-0.027334004589949404,0.01822769912743276,8,False,0.7265625,0.8656914893617021,False
16,25,recent_mass,-0.045525253309380787,-0.07840207483142589,-0.012657914479959616,8,True,0.0390625,0.146484375,False
16,25,remote_middle_mass,0.010947331104149294,0.0043274235351322575,0.018595877523739035,8,True,0.0078125,0.06433823529411764,False
16,25,sink_block_mass,0.03457792236995766,0.00812525299614667,0.06022915616505233,8,True,0.046875,0.16544117647058823,False
16,26,recent_mass,-0.022783119310602867,-0.040659464217998986,9.223376084568363e-05,8,False,0.078125,0.22551546391752578,False
16,26,remote_middle_mass,0.015197454983523866,0.003208375356751763,0.024604316947291226,8,True,0.0546875,0.18229166666666666,False
16,26,sink_block_mass,0.007585654010985483,-0.0029963319052327044,0.016539705582210355,8,False,0.1953125,0.39917883211678834,False
16,27,recent_mass,0.004555291368249455,-0.06238324157330132,0.0723167447510441,8,False,0.9296875,0.972524906600249,False
16,27,remote_middle_mass,0.015470452123429535,-0.0009906196064283536,0.03468870774929129,8,False,0.15625,0.3391472868217054,False
16,27,sink_block_mass,-0.020025761547090737,-0.07307738629345752,0.028833267622428597,8,False,0.5078125,0.7133152173913043,False
20,0,recent_mass,0.038032662698504076,-0.0020613543851202808,0.07956139782604313,8,False,0.1171875,0.28952205882352944,False
20,0,remote_middle_mass,-0.006050852735830867,-0.01137023141956203,-0.0012188583989624878,8,True,0.0703125,0.20944148936170212,False
20,0,sink_block_mass,-0.031981816461405264,-0.07144857365710262,0.005835530755821251,8,False,0.171875,0.36550632911392406,False
20,1,recent_mass,0.0020674842221462125,-0.023031487876534876,0.02617808209465082,8,False,0.890625,0.9506035578144854,False
20,1,remote_middle_mass,-0.0008508462273815794,-0.006651884327126355,0.006238152812497363,8,False,0.828125,0.922579575596817,False
20,1,sink_block_mass,-0.001216624569197031,-0.020124966465171607,0.01732292635006701,8,False,0.890625,0.9506035578144854,False
20,2,recent_mass,0.03084096722415665,0.011745838578080385,0.05011075635992834,8,True,0.0234375,0.10998603351955308,False
20,2,remote_middle_mass,-0.014426060070541981,-0.030445773515733136,1.5657573324414503e-05,8,False,0.140625,0.3158422459893048,False
20,2,sink_block_mass,-0.016414911520044304,-0.027686228358469393,-0.00428236057712418,8,True,0.046875,0.16544117647058823,False
20,3,recent_mass,-0.06030841645460252,-0.12758296468773722,0.004554070049387695,8,False,0.1484375,0.32899076517150394,False
20,3,remote_middle_mass,0.010941479577848634,-0.0013754836569635966,0.020720831822680096,8,False,0.1171875,0.28952205882352944,False
20,3,sink_block_mass,0.049366911791788294,-0.013784062102069942,0.1108263805747815,8,False,0.1796875,0.37734375,False
20,4,recent_mass,-0.042889395862413936,-0.08999840442069634,0.0010948332107332953,8,False,0.1484375,0.32899076517150394,False
20,4,remote_middle_mass,0.01209950588432394,-0.0012889250245988206,0.024747559908938753,8,False,0.140625,0.3158422459893048,False
20,4,sink_block_mass,0.03078990044479142,-0.002730811151813975,0.06663219913616203,8,False,0.15625,0.3391472868217054,False
20,5,recent_mass,-0.005197209143261307,-0.06463390163087801,0.060759791178117036,8,False,0.890625,0.9506035578144854,False
20,5,remote_middle_mass,0.008272471213869991,-0.008624436027219547,0.023005553432679425,8,False,0.375,0.6081081081081081,False
20,5,sink_block_mass,-0.003075254629875318,-0.06366171990751483,0.04869862119839917,8,False,0.9375,0.9746287128712872,False
20,6,recent_mass,-0.033846183125848105,-0.07806066070318901,0.008253912479639455,8,False,0.21875,0.4263341067285383,False
20,6,remote_middle_mass,0.01583767556582756,0.0013295580808482827,0.03403334506894218,8,True,0.1171875,0.28952205882352944,False
20,6,sink_block_mass,0.01800850621219869,-0.010928509869246438,0.04797229854318721,8,False,0.3046875,0.5266203703703703,False
20,7,recent_mass,-0.1076025534147576,-0.15902955429071491,-0.05502465529201796,8,True,0.015625,0.09051724137931035,False
20,7,remote_middle_mass,0.026429424195294357,0.011504708746630034,0.04108958528173178,8,True,0.03125,0.13125,False
20,7,sink_block_mass,0.08117312830269226,0.0433370965397491,0.12074616784229952,8,True,0.015625,0.09051724137931035,False
20,8,recent_mass,0.0017265777039639323,-0.04759670115903605,0.05245062882311127,8,False,0.9375,0.9746287128712872,False
20,8,remote_middle_mass,0.010743703123484329,-0.02495551951957533,0.044370397754086015,8,False,0.59375,0.7756609642301711,False
20,8,sink_block_mass,-0.012470286815308672,-0.08138120546433342,0.044891993879690895,8,False,0.7734375,0.8912037037037037,False
20,9,recent_mass,-0.0182542367469174,-0.060757380616469216,0.018901533249223904,8,False,0.5,0.7094594594594594,False
20,9,remote_middle_mass,0.019198031129907235,-0.01608390292604648,0.05811498742124378,8,False,0.390625,0.6238117870722434,False
20,9,sink_block_mass,-0.0009437919334479433,-0.05358220840416906,0.041267277028065215,8,False,0.984375,1.0,False
20,10,recent_mass,-0.12095015864972009,-0.18635885886166365,-0.05700699672395321,8,True,0.015625,0.09051724137931035,False
20,10,remote_middle_mass,0.019675483657275433,0.009833225902890834,0.03146689004954687,8,True,0.0078125,0.06433823529411764,False
20,10,sink_block_mass,0.10127468615848384,0.04235323254341749,0.16108345354216919,8,True,0.015625,0.09051724137931035,False
20,11,recent_mass,-0.04798703810614041,-0.08828038122767892,-0.008073487630843784,8,True,0.0625,0.19444444444444445,False
20,11,remote_middle_mass,-0.023608223084751974,-0.058758165347849146,0.0113321957469705,8,False,0.25,0.455531453362256,False
20,11,sink_block_mass,0.07159525201330386,0.0032284826715037987,0.13434963976318076,8,True,0.0859375,0.23745888157894737,False
20,12,recent_mass,-0.025947844871928832,-0.04654598604943455,-0.004636749581853606,8,True,0.078125,0.22551546391752578,False
20,12,remote_middle_mass,-0.040647276622525985,-0.052423644459813706,-0.026724600875388724,8,True,0.0078125,0.06433823529411764,False
20,12,sink_block_mass,0.06659511233077864,0.04686550028541521,0.08465686634890114,8,True,0.0078125,0.06433823529411764,False
20,13,recent_mass,-0.11472826960337792,-0.18180923607421526,-0.05238269385825331,8,True,0.015625,0.09051724137931035,False
20,13,remote_middle_mass,-0.004176170183318327,-0.02072353456338313,0.009168583352540286,8,False,0.7421875,0.8719405594405595,False
20,13,sink_block_mass,0.11890443848522061,0.06661908596518637,0.17982797192623268,8,True,0.0078125,0.06433823529411764,False
20,14,recent_mass,-0.04277660090277084,-0.06544621885121736,-0.01990281590873945,8,True,0.03125,0.13125,False
20,14,remote_middle_mass,0.021064666577496408,0.007191367504995844,0.03820661853440662,8,True,0.0234375,0.10998603351955308,False
20,14,sink_block_mass,0.021711928519682414,0.009205332873322617,0.032154576763429824,8,True,0.0234375,0.10998603351955308,False
20,15,recent_mass,-0.05791134412679903,-0.10457692952269017,-0.011951772290538473,8,True,0.0625,0.19444444444444445,False
20,15,remote_middle_mass,0.01973100447372799,0.0051659134638302115,0.03780727821899821,8,True,0.046875,0.16544117647058823,False
20,15,sink_block_mass,0.03818034855965451,0.004739939549133834,0.06983754826266982,8,True,0.078125,0.22551546391752578,False
20,16,recent_mass,-0.09522091132831498,-0.1355338713098604,-0.05711346844185002,8,True,0.0078125,0.06433823529411764,False
20,16,remote_middle_mass,0.026900051590314535,0.01729064382870418,0.03629953303427136,8,True,0.0078125,0.06433823529411764,False
20,16,sink_block_mass,0.06832085421166237,0.03711270670419313,0.10393416814696993,8,True,0.0078125,0.06433823529411764,False
20,17,recent_mass,-0.009772995147179567,-0.04120414770788358,0.0212922416262686,8,False,0.5546875,0.7455,False
20,17,remote_middle_mass,0.000250335327416331,-0.0191112638004002,0.016180997333807182,8,False,0.9921875,1.0,False
20,17,sink_block_mass,0.00952266398244861,-0.006356137917952927,0.028616597747017174,8,False,0.4296875,0.6622706422018348,False
20,18,recent_mass,-0.0006770913772693246,-0.08066422548501578,0.08074156208168744,8,False,0.9921875,1.0,False
20,18,remote_middle_mass,0.0024781796542161783,-0.021856257204939146,0.027123591098076365,8,False,0.84375,0.9264705882352942,False
20,18,sink_block_mass,-0.0018010869765939623,-0.05998712428635,0.05551411298942894,8,False,0.9765625,1.0,False
20,19,recent_mass,-0.03320313978252415,-0.06725224134578067,0.00045917303580563645,8,False,0.1328125,0.3048155737704918,False
20,19,remote_middle_mass,-0.015398801128095782,-0.03261203028039367,0.0021744017464803973,8,False,0.1640625,0.3542737789203085,False
20,19,sink_block_mass,0.04860193954423492,0.023581868078325942,0.0705438632849102,8,True,0.015625,0.09051724137931035,False
20,20,recent_mass,-0.06864577861536572,-0.12637579762538403,-0.008089920244189808,8,True,0.0859375,0.23745888157894737,False
20,20,remote_middle_mass,0.017246158718090838,-0.0005303093909482202,0.033409737667226554,8,False,0.1171875,0.28952205882352944,False
20,20,sink_block_mass,0.05139962131185453,0.005977332127125923,0.09569578865596412,8,True,0.0859375,0.23745888157894737,False
20,21,recent_mass,0.022025832633503092,-0.012020635828401419,0.058890715799022,8,False,0.3125,0.5324543610547667,False
20,21,remote_middle_mass,-0.01188937562875666,-0.03084846460296277,0.004441176817366043,8,False,0.3671875,0.6000729571984436,False
20,21,sink_block_mass,-0.01013646124162592,-0.04594657971994546,0.016721715107893848,8,False,0.765625,0.8858471074380165,False
20,22,recent_mass,-0.0439782871832175,-0.09967251306615055,0.015943077985779767,8,False,0.2109375,0.41691176470588237,False
20,22,remote_middle_mass,0.010171594339651157,-0.004504647808126781,0.02492542096950613,8,False,0.2421875,0.4500829646017699,False
20,22,sink_block_mass,0.033806681946533586,-0.01301869822917021,0.07613403722786084,8,False,0.2109375,0.41691176470588237,False
20,23,recent_mass,-0.040168074492888395,-0.08236593474415377,0.00019165433793140213,8,False,0.1171875,0.28952205882352944,False
20,23,remote_middle_mass,0.00836560398032841,-0.00428297155209589,0.022626051371818223,8,False,0.3203125,0.5392034068136272,False
20,23,sink_block_mass,0.03180246586380392,0.0012621744181796797,0.06341914228524292,8,True,0.1328125,0.3048155737704918,False
20,24,recent_mass,-0.08360540427964998,-0.12246670378176504,-0.044515666943815244,8,True,0.015625,0.09051724137931035,False
20,24,remote_middle_mass,0.02577593847380502,0.009464404027400203,0.04227517675540393,8,True,0.03125,0.13125,False
20,24,sink_block_mass,0.05782946709214352,0.03355744825010222,0.08163013477600396,8,True,0.015625,0.09051724137931035,False
20,25,recent_mass,-0.026929550485135546,-0.052462164201081025,-0.0004389553427899609,8,True,0.109375,0.2835648148148148,False
20,25,remote_middle_mass,0.020766240932038944,0.0062101978876989965,0.0349174238743847,8,True,0.0390625,0.146484375,False
20,25,sink_block_mass,0.006163303425322687,-0.009366918903903123,0.02183732398359761,8,False,0.4609375,0.6816681338028169,False
20,26,recent_mass,-0.006307716872181152,-0.031797364888399,0.020149391589894233,8,False,0.640625,0.806784107946027,False
20,26,remote_middle_mass,-0.002942978283766589,-0.010149115951649648,0.0035223631723798887,8,False,0.484375,0.7015086206896551,False
20,26,sink_block_mass,0.00925068887685881,-0.014434522997453169,0.030457589001488455,8,False,0.4765625,0.6937824956672444,False
20,27,recent_mass,-0.06276348938963902,-0.0879157269195315,-0.03464128815951177,8,True,0.015625,0.09051724137931035,False
20,27,remote_middle_mass,0.015578125364819034,-0.00034219720882105314,0.03300868019424284,8,False,0.1328125,0.3048155737704918,False
20,27,sink_block_mass,0.047185364446799216,0.031557329410806315,0.060484697793071085,8,True,0.0078125,0.06433823529411764,False
24,0,recent_mass,0.04899252097868497,0.01538264261918807,0.08668805809737211,8,True,0.046875,0.16544117647058823,False
24,0,remote_middle_mass,-0.04003630316529893,-0.06659081604561637,-0.013459273187267319,8,True,0.046875,0.16544117647058823,False
24,0,sink_block_mass,-0.008956210942238207,-0.058822874610753445,0.03274654714496499,8,False,0.75,0.8725761772853186,False
24,1,recent_mass,-0.04874535782256301,-0.09813800643911519,-9.931722312979396e-05,8,True,0.125,0.29829545454545453,False
24,1,remote_middle_mass,-0.007325098178916889,-0.014249455705493632,-0.00035681336275617545,8,True,0.1015625,0.26827830188679247,False
24,1,sink_block_mass,0.05607047030979453,0.009096601082383407,0.10591916895325201,8,True,0.0859375,0.23745888157894737,False
24,2,recent_mass,0.09067440671162792,0.06419041227387062,0.11835078266979272,8,True,0.0078125,0.06433823529411764,False
24,2,remote_middle_mass,-0.012609526500090118,-0.02160010211982666,-0.0018260976163907833,8,True,0.0703125,0.20944148936170212,False
24,2,sink_block_mass,-0.0780648775589877,-0.10131934847111919,-0.05588332569546865,8,True,0.0078125,0.06433823529411764,False
24,3,recent_mass,-0.05204928404725377,-0.12570359466883452,0.03202085406792157,8,False,0.25,0.455531453362256,False
24,3,remote_middle_mass,-0.003972437985915232,-0.006829540143264707,-0.0012350514973719987,8,True,0.0390625,0.146484375,False
24,3,sink_block_mass,0.05602171845360746,-0.028758521594910533,0.13023276447585685,8,False,0.2421875,0.4500829646017699,False
24,4,recent_mass,-0.013519261339958382,-0.05496570466776366,0.015791003750179472,8,False,0.7265625,0.8656914893617021,False
24,4,remote_middle_mass,-0.005263770958971264,-0.015161165268842626,0.00419865256091322,8,False,0.3671875,0.6000729571984436,False
24,4,sink_block_mass,0.018783019705840363,-0.014331564181661621,0.06019964157610951,8,False,0.4765625,0.6937824956672444,False
24,5,recent_mass,0.02318467553094789,-0.019016426588164097,0.057163593432411675,8,False,0.296875,0.5163043478260869,False
24,5,remote_middle_mass,-0.007670393505027459,-0.01611998076919539,-0.00039089115797910233,8,True,0.1640625,0.3542737789203085,False
24,5,sink_block_mass,-0.015514285378170123,-0.052811256070709384,0.028247110089747382,8,False,0.5078125,0.7133152173913043,False
24,6,recent_mass,0.1703591643495722,0.11962401437421102,0.21006597076635056,8,True,0.0078125,0.06433823529411764,False
24,6,remote_middle_mass,-0.013305956223707319,-0.02060292471577011,-0.006321279653492835,8,True,0.0078125,0.06433823529411764,False
24,6,sink_block_mass,-0.15705321164854946,-0.19341221735654165,-0.10694909263881465,8,True,0.0078125,0.06433823529411764,False
24,7,recent_mass,-0.07049082150232577,-0.09612098855317751,-0.04799208576327447,8,True,0.0078125,0.06433823529411764,False
24,7,remote_middle_mass,-0.1349292298009187,-0.18912323227138014,-0.08600327004299167,8,True,0.0078125,0.06433823529411764,False
24,7,sink_block_mass,0.20542005958091814,0.13987749531186827,0.28140601272713905,8,True,0.0078125,0.06433823529411764,False
24,8,recent_mass,-0.07431443342676189,-0.0971867728644577,-0.04637492000085551,8,True,0.015625,0.09051724137931035,False
24,8,remote_middle_mass,-0.08622323488730488,-0.1133148332408408,-0.05371238790291015,8,True,0.0078125,0.06433823529411764,False
24,8,sink_block_mass,0.16053767461288693,0.1105317357542077,0.20154433528561794,8,True,0.0078125,0.06433823529411764,False
24,9,recent_mass,-0.06930970485688351,-0.0930127405311122,-0.04753679767493049,8,True,0.0078125,0.06433823529411764,False
24,9,remote_middle_mass,-0.030516147013007623,-0.051342058770166434,-0.01113303572888031,8,True,0.03125,0.13125,False
24,9,sink_block_mass,0.09982585101481582,0.06563842143498341,0.13448934596553172,8,True,0.0078125,0.06433823529411764,False
24,10,recent_mass,-0.06979784157781414,-0.0863416995989828,-0.05433616853506448,8,True,0.0078125,0.06433823529411764,False
24,10,remote_middle_mass,-0.11563145604243098,-0.15546068520495535,-0.07548066933605259,8,True,0.0078125,0.06433823529411764,False
24,10,sink_block_mass,0.1854292874070853,0.14252439212068285,0.23515129095994475,8,True,0.0078125,0.06433823529411764,False
24,11,recent_mass,-0.04314498212734183,-0.07501576692351518,-0.013774001632950804,8,True,0.0390625,0.146484375,False
24,11,remote_middle_mass,-0.03281509195553865,-0.04778356238262343,-0.01838222256495812,8,True,0.0078125,0.06433823529411764,False
24,11,sink_block_mass,0.07596006303024846,0.055603624280893986,0.0977066768805178,8,True,0.0078125,0.06433823529411764,False
24,12,recent_mass,-0.11301865086000931,-0.1494317060031058,-0.07732074129329974,8,True,0.0078125,0.06433823529411764,False
24,12,remote_middle_mass,-0.040591571885164934,-0.06483327635963547,-0.023691820865064522,8,True,0.0078125,0.06433823529411764,False
24,12,sink_block_mass,0.15361023348966896,0.10527901584831284,0.20708337457683473,8,True,0.0078125,0.06433823529411764,False
24,13,recent_mass,-0.04780555743988338,-0.07432234262912449,-0.02513891194527749,8,True,0.0078125,0.06433823529411764,False
24,13,remote_middle_mass,-0.05323210978450343,-0.07824440373818309,-0.030135231425170078,8,True,0.015625,0.09051724137931035,False
24,13,sink_block_mass,0.10103766518281823,0.06249538111585873,0.1405724166879158,8,True,0.0078125,0.06433823529411764,False
24,14,recent_mass,0.047075718704276986,0.00358571830979907,0.09406141628914873,8,True,0.0859375,0.23745888157894737,False
24,14,remote_middle_mass,-0.005455925521446765,-0.020972608308435173,0.007519065155760284,8,False,0.609375,0.7814885496183206,False
24,14,sink_block_mass,-0.04161978947130387,-0.08495323865641016,-0.001613073748071745,8,True,0.1328125,0.3048155737704918,False
24,15,recent_mass,0.10519712681737377,0.06608914837453697,0.14674715249408965,8,True,0.0078125,0.06433823529411764,False
24,15,remote_middle_mass,-0.006264070530087659,-0.01592818378764371,0.0024182075765718757,8,False,0.2421875,0.4500829646017699,False
24,15,sink_block_mass,-0.09893308685394708,-0.13488926832501358,-0.06119291041535895,8,True,0.0078125,0.06433823529411764,False
24,16,recent_mass,-0.10657005185543728,-0.17729178017029296,-0.045887075665863225,8,True,0.0078125,0.06433823529411764,False
24,16,remote_middle_mass,-0.0031595019861303556,-0.012147955810028341,0.004818823918760085,8,False,0.5546875,0.7455,False
24,16,sink_block_mass,0.10972958456797192,0.050301995195486275,0.17596517608487164,8,True,0.015625,0.09051724137931035,False
24,17,recent_mass,0.01658825281382873,-0.030354577046203434,0.06220969621432979,8,False,0.5234375,0.7243616144975288,False
24,17,remote_middle_mass,0.014381812304489077,-0.0003171835790703216,0.0358527187549666,8,False,0.1484375,0.32899076517150394,False
24,17,sink_block_mass,-0.030970070902413452,-0.07027858270638186,4.8566320849121464e-05,8,False,0.1171875,0.28952205882352944,False
24,18,recent_mass,0.027942861174124235,0.008165159403268757,0.04906095712627301,8,True,0.0390625,0.146484375,False
24,18,remote_middle_mass,0.024008954375343047,0.008730953079383246,0.04329449100590511,8,True,0.0078125,0.06433823529411764,False
24,18,sink_block_mass,-0.05195179037168834,-0.08203814347643461,-0.022679558965432847,8,True,0.015625,0.09051724137931035,False
24,19,recent_mass,0.06294007885530814,0.020489136092675726,0.10623898180339973,8,True,0.0390625,0.146484375,False
24,19,remote_middle_mass,-0.001129843048713078,-0.011747318211584486,0.00976875871852468,8,False,0.84375,0.9264705882352942,False
24,19,sink_block_mass,-0.061810237242580564,-0.10633882475826774,-0.017331111048821898,8,True,0.0546875,0.18229166666666666,False
24,20,recent_mass,0.1453158473459214,0.08231784273175376,0.19833844973752235,8,True,0.015625,0.09051724137931035,False
24,20,remote_middle_mass,-0.0026809555575697166,-0.010378489335583045,0.006268678056523809,8,False,0.5625,0.75,False
24,20,sink_block_mass,-0.14263490986589691,-0.19816156867591472,-0.0792725586874184,8,True,0.015625,0.09051724137931035,False
24,21,recent_mass,0.006127784292226867,-0.015585928401138002,0.03272543687786138,8,False,0.734375,0.8676160337552743,False
24,21,remote_middle_mass,-0.017025808948147772,-0.04229474125252621,0.0087775959131517,8,False,0.2421875,0.4500829646017699,False
24,21,sink_block_mass,0.010898029924084954,-0.02552845276064944,0.04247501089603106,8,False,0.5625,0.75,False
24,22,recent_mass,0.016828781014340002,-0.056201841501730306,0.08480809759587249,8,False,0.6484375,0.8130530973451328,False
24,22,remote_middle_mass,-0.011161348533080916,-0.02198345675919278,-0.0003392403069690528,8,True,0.1015625,0.26827830188679247,False
24,22,sink_block_mass,-0.0056674564130603025,-0.0780175611706728,0.0698751816077059,8,False,0.90625,0.9587531486146096,False
24,23,recent_mass,-0.06579545551138366,-0.11880171269481102,-0.021065717438404637,8,True,0.0234375,0.10998603351955308,False
24,23,remote_middle_mass,0.010013760022601207,-0.01493418593999244,0.035508184910724966,8,False,0.4921875,0.703125,False
24,23,sink_block_mass,0.055781702209690455,0.00471127406288742,0.10368351831250425,8,True,0.09375,0.2532154340836013,False
24,24,recent_mass,-0.00892279727431352,-0.06146195535236277,0.041984314777001944,8,False,0.765625,0.8858471074380165,False
24,24,remote_middle_mass,0.004769844683520619,-0.011426841254304893,0.024067779391415127,8,False,0.7109375,0.853125,False
24,24,sink_block_mass,0.004152952455758658,-0.045606889540175985,0.04847081284953464,8,False,0.8828125,0.9470785440613027,False
24,25,recent_mass,0.031077469930379846,0.022463988059275956,0.03774088408996199,8,True,0.0078125,0.06433823529411764,False
24,25,remote_middle_mass,0.017208387811784784,0.002800006679871043,0.03541518540393235,8,True,0.0859375,0.23745888157894737,False
24,25,sink_block_mass,-0.04828585851838213,-0.07059318901099307,-0.02869312041282932,8,True,0.0078125,0.06433823529411764,False
24,26,recent_mass,-0.005296954938086931,-0.02825020746205534,0.01754506257961759,8,False,0.6796875,0.8310589519650655,False
24,26,remote_middle_mass,0.005209006722294822,-0.014125183282316763,0.02464547194383865,8,False,0.6328125,0.7993421052631579,False
24,26,sink_block_mass,8.794666892845276e-05,-0.038363421788821975,0.03695927429687191,8,False,1.0,1.0,False
24,27,recent_mass,0.019640318165797005,-0.021848777838979934,0.06226298270329932,8,False,0.4140625,0.647695530726257,False
24,27,remote_middle_mass,-0.009874790713470614,-0.029126300980124906,0.010203905645437442,8,False,0.375,0.6081081081081081,False
24,27,sink_block_mass,-0.009765534844068433,-0.05890550400983586,0.040664779675651824,8,False,0.7109375,0.853125,False
27,0,recent_mass,-0.06059345814761522,-0.1097616190242101,-0.02984555500159085,8,True,0.0078125,0.06433823529411764,False
27,0,remote_middle_mass,-0.04050977837590361,-0.056761584701048036,-0.02727194541583075,8,True,0.0078125,0.06433823529411764,False
27,0,sink_block_mass,0.10110325249311274,0.06911029992816717,0.1452822563952304,8,True,0.0078125,0.06433823529411764,False
27,1,recent_mass,-0.03659375680571511,-0.05856556951968282,-0.014954076125509173,8,True,0.0234375,0.10998603351955308,False
27,1,remote_middle_mass,-0.062440514852956645,-0.08125439235245528,-0.04434313047366463,8,True,0.0078125,0.06433823529411764,False
27,1,sink_block_mass,0.09903427709169163,0.08107533672049767,0.11613596691982414,8,True,0.0078125,0.06433823529411764,False
27,2,recent_mass,-0.033885497918088675,-0.06134355620244109,-0.009446932392064776,8,True,0.046875,0.16544117647058823,False
27,2,remote_middle_mass,-0.05052139962942159,-0.06776451155368601,-0.03267574166782446,8,True,0.0078125,0.06433823529411764,False
27,2,sink_block_mass,0.08440689136029476,0.06630189547522976,0.10251651669291723,8,True,0.0078125,0.06433823529411764,False
27,3,recent_mass,-0.054669572895588145,-0.07966586461509263,-0.03293434424801551,8,True,0.0078125,0.06433823529411764,False
27,3,remote_middle_mass,-0.04190957527420571,-0.0489733051835544,-0.03399547856738415,8,True,0.0078125,0.06433823529411764,False
27,3,sink_block_mass,0.09657916163146674,0.07434456968933059,0.12199379328576695,8,True,0.0078125,0.06433823529411764,False
27,4,recent_mass,-0.04636435416437463,-0.07674355968358328,-0.016374275803177143,8,True,0.0390625,0.146484375,False
27,4,remote_middle_mass,-0.050633492352892655,-0.06293059945226515,-0.03934439400721162,8,True,0.0078125,0.06433823529411764,False
27,4,sink_block_mass,0.09699783392021125,0.0687655617418445,0.1251484393900889,8,True,0.0078125,0.06433823529411764,False
27,5,recent_mass,-0.03211696387642027,-0.05089800315769825,-0.013984181081455783,8,True,0.0234375,0.10998603351955308,False
27,5,remote_middle_mass,-0.05353236886696803,-0.06825114980190333,-0.03805119142065412,8,True,0.0078125,0.06433823529411764,False
27,5,sink_block_mass,0.08564934650615559,0.06799937737428545,0.10361291591650354,8,True,0.0078125,0.06433823529411764,False
27,6,recent_mass,-0.02578306546732593,-0.04477322125855771,-0.008466923808239775,8,True,0.0234375,0.10998603351955308,False
27,6,remote_middle_mass,-0.05763691697004098,-0.06868974605774972,-0.04830030850220729,8,True,0.0078125,0.06433823529411764,False
27,6,sink_block_mass,0.0834199813578878,0.06627449832727406,0.10060055322180726,8,True,0.0078125,0.06433823529411764,False
27,7,recent_mass,-0.00221234938609384,-0.007765331444272412,0.004031041870844597,8,False,0.4921875,0.703125,False
27,7,remote_middle_mass,0.0022123439094681686,-0.004377373218350513,0.007609003974218207,8,False,0.4921875,0.703125,False
27,7,sink_block_mass,-4.152181461021813e-09,-2.0510273311947637e-07,1.4346580624109811e-07,8,False,1.0,1.0,False
27,8,recent_mass,0.003947980379217869,-0.0018412275819912622,0.008793896094546658,8,False,0.1953125,0.39917883211678834,False
27,8,remote_middle_mass,-0.0039482737993816255,-0.00898587282312156,0.001821810466561382,8,False,0.1953125,0.39917883211678834,False
27,8,sink_block_mass,2.846104431465287e-07,-3.182320366778502e-07,9.925911989258338e-07,8,False,0.5546875,0.7455,False
27,9,recent_mass,0.01763826293122621,0.004094158129568452,0.03300384883335712,8,True,0.0546875,0.18229166666666666,False
27,9,remote_middle_mass,-0.017703400572928227,-0.032447797520770996,-0.004091846991811736,8,True,0.0546875,0.18229166666666666,False
27,9,sink_block_mass,6.514272982812214e-05,-3.613560869911098e-05,0.0002204161693853383,8,False,0.515625,0.7182835820895522,False
27,10,recent_mass,-3.7781847095352816e-11,-9.898844383071648e-10,1.095673621276383e-09,8,False,1.0,1.0,False
27,10,remote_middle_mass,-3.7367906616707093e-13,-1.1366221338842828e-12,1.5097727823965808e-14,8,False,0.84375,0.9264705882352942,False
27,10,sink_block_mass,0.0,0.0,0.0,8,False,1.0,1.0,False
27,11,recent_mass,-0.01665825115755966,-0.027427890226667424,-0.006513627895185337,8,True,0.0234375,0.10998603351955308,False
27,11,remote_middle_mass,0.016653999367237583,0.0062611727557302715,0.027425737942515873,8,True,0.0234375,0.10998603351955308,False
27,11,sink_block_mass,4.2355481619940025e-06,4.680300553389511e-07,8.917863130775133e-06,8,True,0.0390625,0.146484375,False
27,12,recent_mass,-0.0007351519782637789,-0.0014055091243407314,-0.00020248458262476905,8,True,0.0390625,0.146484375,False
27,12,remote_middle_mass,0.0007351631739912379,0.00019266605155174207,0.0013960492947380939,8,True,0.0390625,0.146484375,False
27,12,sink_block_mass,3.5592416925548144e-09,8.164312047984431e-11,1.0408249404523705e-08,8,True,0.0078125,0.06433823529411764,False
27,13,recent_mass,-9.607434431346817e-10,-1.9488787250665496e-09,-2.1913472425527658e-10,8,True,0.25,0.455531453362256,False
27,13,remote_middle_mass,-5.363853617734971e-13,-1.7595724058688928e-12,2.4319617310713987e-13,8,False,0.75,0.8725761772853186,False
27,13,sink_block_mass,8.074467217412816e-44,0.0,2.4223401652238448e-43,8,False,1.0,1.0,False
27,14,recent_mass,-0.03734687360013574,-0.04767048505615844,-0.025986315820914138,8,True,0.0078125,0.06433823529411764,False
27,14,remote_middle_mass,-0.04687485664110768,-0.0629814376237005,-0.031232534345928167,8,True,0.0078125,0.06433823529411764,False
27,14,sink_block_mass,0.08422174194245889,0.06617550555638882,0.10128003340121677,8,True,0.0078125,0.06433823529411764,False
27,15,recent_mass,-0.015408908370838859,-0.02492217315428811,-0.004434782048949451,8,True,0.0390625,0.146484375,False
27,15,remote_middle_mass,-0.046054820711226935,-0.059758153543944086,-0.03172380945158052,8,True,0.0078125,0.06433823529411764,False
27,15,sink_block_mass,0.061463722144509673,0.04546056966985198,0.07726742773281868,8,True,0.0078125,0.06433823529411764,False
27,16,recent_mass,-0.06373146253772366,-0.10325142333130474,-0.028089350133332327,8,True,0.0078125,0.06433823529411764,False
27,16,remote_middle_mass,-0.020480331934523064,-0.04304461291603846,0.004609514527986261,8,False,0.1328125,0.3048155737704918,False
27,16,sink_block_mass,0.08421179250455171,0.05787503520952456,0.11157694499420302,8,True,0.0078125,0.06433823529411764,False
27,17,recent_mass,-0.02527602931022635,-0.04305727616948103,-0.004455615023034192,8,True,0.0625,0.19444444444444445,False
27,17,remote_middle_mass,-0.04769492801690381,-0.06759344426542516,-0.028452184910166073,8,True,0.0078125,0.06433823529411764,False
27,17,sink_block_mass,0.07297095263472711,0.05289597541958568,0.09374196014395697,8,True,0.0078125,0.06433823529411764,False
27,18,recent_mass,-0.060975234391947394,-0.08735246153375925,-0.03371358843989382,8,True,0.015625,0.09051724137931035,False
27,18,remote_middle_mass,-0.03827486343806706,-0.049966387641005486,-0.024733766372413233,8,True,0.0078125,0.06433823529411764,False
27,18,sink_block_mass,0.09925009612857516,0.06604481451266053,0.13178699029787866,8,True,0.0078125,0.06433823529411764,False
27,19,recent_mass,-0.0440210799180937,-0.06841514611019336,-0.021454549613894355,8,True,0.015625,0.09051724137931035,False
27,19,remote_middle_mass,-0.019649873840911877,-0.03694590423308186,0.0013747671105434607,8,False,0.109375,0.2835648148148148,False
27,19,sink_block_mass,0.06367095689595223,0.04436350010186566,0.08172173131069516,8,True,0.0078125,0.06433823529411764,False
27,20,recent_mass,-0.019960271922755117,-0.03370841325613732,-0.00794362668923207,8,True,0.0234375,0.10998603351955308,False
27,20,remote_middle_mass,-0.06125771794801971,-0.07662066921767169,-0.04396849906662167,8,True,0.0078125,0.06433823529411764,False
27,20,sink_block_mass,0.08121798069520092,0.06556266722937248,0.09581036839540158,8,True,0.0078125,0.06433823529411764,False
27,21,recent_mass,-0.025186102611480632,-0.043038353863345445,-0.006601861628595461,8,True,0.046875,0.16544117647058823,False
27,21,remote_middle_mass,-0.069869196184559,-0.0839431710845226,-0.05564855896916001,8,True,0.0078125,0.06433823529411764,False
27,21,sink_block_mass,0.09505529519364322,0.08115260962469985,0.10904440497638382,8,True,0.0078125,0.06433823529411764,False
27,22,recent_mass,-0.044588300402337196,-0.07983265261819796,-0.012137548547634904,8,True,0.0546875,0.18229166666666666,False
27,22,remote_middle_mass,-0.057595630995937126,-0.07497351315043967,-0.038615472547131525,8,True,0.0078125,0.06433823529411764,False
27,22,sink_block_mass,0.10218392358171541,0.0801063297246562,0.12855465885703085,8,True,0.0078125,0.06433823529411764,False
27,23,recent_mass,-0.03653735667799256,-0.07423296367688369,-0.003755444989316449,8,True,0.09375,0.2532154340836013,False
27,23,remote_middle_mass,-0.06439744746197505,-0.08608206929305509,-0.046592009956482425,8,True,0.0078125,0.06433823529411764,False
27,23,sink_block_mass,0.10093479325311269,0.0735419046271589,0.13132255120640138,8,True,0.0078125,0.06433823529411764,False
27,24,recent_mass,-0.03396943656405954,-0.06786077754389586,-0.003718671934402302,8,True,0.09375,0.2532154340836013,False
27,24,remote_middle_mass,-0.06614088592804718,-0.08450190982331193,-0.0480663821521589,8,True,0.0078125,0.06433823529411764,False
27,24,sink_block_mass,0.1001103221097253,0.07583961320096101,0.12633964366349362,8,True,0.0078125,0.06433823529411764,False
27,25,recent_mass,-0.055304195085859466,-0.11344327889792752,-0.005434902853148911,8,True,0.0859375,0.23745888157894737,False
27,25,remote_middle_mass,-0.038521250780066955,-0.051243686472179105,-0.026190052633316488,8,True,0.0078125,0.06433823529411764,False
27,25,sink_block_mass,0.09382545164665639,0.05345555159261475,0.14301679945467347,8,True,0.0078125,0.06433823529411764,False
27,26,recent_mass,-0.06777904333453572,-0.11410671731957879,-0.02509133089479548,8,True,0.03125,0.13125,False
27,26,remote_middle_mass,-0.04938973022562877,-0.07159416173495013,-0.028070030727391008,8,True,0.0078125,0.06433823529411764,False
27,26,sink_block_mass,0.11716876495712163,0.08911741251624296,0.15456617223418806,8,True,0.0078125,0.06433823529411764,False
27,27,recent_mass,-0.034396391536177344,-0.06455540230025383,-0.009839792117168178,8,True,0.03125,0.13125,False
27,27,remote_middle_mass,-0.06168776269307369,-0.07557117972509667,-0.047872966616827585,8,True,0.0078125,0.06433823529411764,False
27,27,sink_block_mass,0.09608414577469004,0.07380272326734226,0.11907151967670673,8,True,0.0078125,0.06433823529411764,False
