label_scheme,label,cache_budget,sink_size,metric,mean,documents,tokens,ci_low,ci_high
coarse_category,content,128,0,delta_ce,0.5839277353939647,16,429,0.41395353317320027,0.7626656017341641
coarse_category,content,128,0,kl_full_to_compact,0.47770015015334627,16,429,0.3515712485285689,0.6269909144397552
coarse_category,content,128,0,top1_changed,0.31484262168512184,16,429,0.2611309702847645,0.35815121962727164
coarse_category,function,128,0,delta_ce,0.1011593249172166,16,273,0.023291541868843125,0.1759112449074953
coarse_category,function,128,0,kl_full_to_compact,0.22884656686984758,16,273,0.1762803678621919,0.28400061587663994
coarse_category,function,128,0,top1_changed,0.2123667585910149,16,273,0.1569602397398003,0.2734522341008771
coarse_category,other,128,0,delta_ce,0.08710346205281949,16,83,-0.1070861978276783,0.2830940131880538
coarse_category,other,128,0,kl_full_to_compact,0.22191364320141757,16,83,0.12481962960649706,0.3446321064592426
coarse_category,other,128,0,top1_changed,0.20127615440115443,16,83,0.11728929924242423,0.2800147682178931
coarse_category,special,128,0,delta_ce,0.19185078699263558,16,239,0.09753000550019515,0.2897967986022447
coarse_category,special,128,0,kl_full_to_compact,0.2728422358295907,16,239,0.22286366856599232,0.322568092215585
coarse_category,special,128,0,top1_changed,0.21620984291654932,16,239,0.1573957527006462,0.2736654453083681
coarse_category,content,128,4,delta_ce,0.601286667915286,16,429,0.4253978472708677,0.7855829991970006
coarse_category,content,128,4,kl_full_to_compact,0.48142141531700494,16,429,0.3519386432783414,0.6231798758192275
coarse_category,content,128,4,top1_changed,0.32263106826033316,16,429,0.26732798670904384,0.380852509460271
coarse_category,function,128,4,delta_ce,0.1275642403985204,16,273,0.041587306213864264,0.21618896697301226
coarse_category,function,128,4,kl_full_to_compact,0.23522273817874864,16,273,0.1860275197847915,0.29395462127771876
coarse_category,function,128,4,top1_changed,0.2049278998953627,16,273,0.14873661015519565,0.2664222030611296
coarse_category,other,128,4,delta_ce,0.10004102217142286,16,83,-0.11193485383479931,0.30570058533137395
coarse_category,other,128,4,kl_full_to_compact,0.2209528685573465,16,83,0.12648313774547054,0.338705908879989
coarse_category,other,128,4,top1_changed,0.2075261544011544,16,83,0.12424242424242424,0.2995185110028859
coarse_category,special,128,4,delta_ce,0.19996325012581329,16,239,0.11137493245778889,0.29727445934716856
coarse_category,special,128,4,kl_full_to_compact,0.2775100046697289,16,239,0.2212342250082956,0.3291416352115209
coarse_category,special,128,4,top1_changed,0.21789635085305725,16,239,0.16023500024193327,0.2767507911238103
coarse_category,content,128,16,delta_ce,0.6463416997831822,16,429,0.4708199895225017,0.8213140941168764
coarse_category,content,128,16,kl_full_to_compact,0.5323377402321248,16,429,0.39365539483563866,0.6889685672043496
coarse_category,content,128,16,top1_changed,0.3377583429833959,16,429,0.2796938499648312,0.3913071755144365
coarse_category,function,128,16,delta_ce,0.1448387410462649,16,273,0.052655199049995785,0.24965462380135953
coarse_category,function,128,16,kl_full_to_compact,0.2652909240520245,16,273,0.20705376284236135,0.3265479473380562
coarse_category,function,128,16,top1_changed,0.2138515904623599,16,273,0.14904284574617632,0.2853250276720403
coarse_category,other,128,16,delta_ce,0.16288464298122352,16,83,-0.09728364254449992,0.429375992535708
coarse_category,other,128,16,kl_full_to_compact,0.2611213633671241,16,83,0.13778147107889965,0.40317717125328567
coarse_category,other,128,16,top1_changed,0.21746933621933623,16,83,0.11854324494949495,0.3164502164502163
coarse_category,special,128,16,delta_ce,0.240671464244413,16,239,0.15062172876676452,0.32963642637574453
coarse_category,special,128,16,kl_full_to_compact,0.3144732676028415,16,239,0.2537926258340281,0.3759742772731717
coarse_category,special,128,16,top1_changed,0.24614500153610194,16,239,0.1804822475318799,0.314087818857247
coarse_category,content,512,0,delta_ce,0.2944937360097439,16,429,0.16385488389512132,0.44878469612962374
coarse_category,content,512,0,kl_full_to_compact,0.2469082170603543,16,429,0.14289770522717704,0.368075091929001
coarse_category,content,512,0,top1_changed,0.22308516059015582,16,429,0.17888812222561823,0.26783620072105624
coarse_category,function,512,0,delta_ce,0.05355466034710996,16,273,0.0041041642108183415,0.0979835042444186
coarse_category,function,512,0,kl_full_to_compact,0.09515787213745291,16,273,0.07210074473130781,0.1233102675467507
coarse_category,function,512,0,top1_changed,0.1588768421541591,16,273,0.12344743695175438,0.19251559971163623
coarse_category,other,512,0,delta_ce,0.013370839126644893,16,83,-0.057299421299094024,0.10752442428194275
coarse_category,other,512,0,kl_full_to_compact,0.12425518876917174,16,83,0.039764261341930146,0.23679519016462822
coarse_category,other,512,0,top1_changed,0.143262987012987,16,83,0.06875,0.2169470373376622
coarse_category,special,512,0,delta_ce,0.04871172895369331,16,239,0.0016657660072806623,0.09827960155888
coarse_category,special,512,0,kl_full_to_compact,0.1180395963336302,16,239,0.08587554251425145,0.1573738946387965
coarse_category,special,512,0,top1_changed,0.12571661948880508,16,239,0.07406817230461532,0.18758899969163978
coarse_category,content,512,4,delta_ce,0.2923730090286074,16,429,0.16644973413533942,0.44731399929652477
coarse_category,content,512,4,kl_full_to_compact,0.24535228943943402,16,429,0.14254997121284993,0.3721513664195955
coarse_category,content,512,4,top1_changed,0.23469770892145414,16,429,0.18394581486673078,0.28164354283380016
coarse_category,function,512,4,delta_ce,0.050477626050495064,16,273,0.00017811045777470366,0.09793888516468849
coarse_category,function,512,4,kl_full_to_compact,0.09549635442747381,16,273,0.0699439936863297,0.12670947078067626
coarse_category,function,512,4,top1_changed,0.1604393421541591,16,273,0.12408319405633299,0.1952306016094095
coarse_category,other,512,4,delta_ce,0.012715455552908678,16,83,-0.06613452568356305,0.10128888358446912
coarse_category,other,512,4,kl_full_to_compact,0.12842156128882493,16,83,0.040367863279695756,0.24804255209256607
coarse_category,other,512,4,top1_changed,0.1710407647907648,16,83,0.09895089285714287,0.24481364989177487
coarse_category,special,512,4,delta_ce,0.04981842973509608,16,239,-0.0032947276690271027,0.1040197984192147
coarse_category,special,512,4,kl_full_to_compact,0.1194414440950232,16,239,0.08626928328365428,0.16269150971340085
coarse_category,special,512,4,top1_changed,0.14999832736426297,16,239,0.08645869181809851,0.2190255029518388
coarse_category,content,512,16,delta_ce,0.28870620682935916,16,429,0.16375848714576774,0.4318890827878824
coarse_category,content,512,16,kl_full_to_compact,0.24466515616232482,16,429,0.14302134927533536,0.36768055111934855
coarse_category,content,512,16,top1_changed,0.2215329945848648,16,429,0.17381035073240558,0.26922984197685484
coarse_category,function,512,16,delta_ce,0.051214190027097636,16,273,0.006372859048933577,0.09517674776458991
coarse_category,function,512,16,kl_full_to_compact,0.09503570718235904,16,273,0.06986174311542628,0.12430900791508182
coarse_category,function,512,16,top1_changed,0.15540461993193688,16,273,0.11382673452199339,0.18970799961861173
coarse_category,other,512,16,delta_ce,0.007722579033148888,16,83,-0.06330933759619552,0.0907734644105432
coarse_category,other,512,16,kl_full_to_compact,0.12568974374282454,16,83,0.041253022076802336,0.23707732544928684
coarse_category,other,512,16,top1_changed,0.137012987012987,16,83,0.06647727272727273,0.21018871753246754
coarse_category,special,512,16,delta_ce,0.06595164046918758,16,239,0.010385663328648756,0.12627476045117844
coarse_category,special,512,16,kl_full_to_compact,0.1222722544732693,16,239,0.08640753540388639,0.1706003181925447
coarse_category,special,512,16,top1_changed,0.13166900044118604,16,239,0.07021616064941369,0.2037018747439242
coarse_category,content,2048,0,delta_ce,0.11232271893077314,16,429,0.03819536247110113,0.20246427533900033
coarse_category,content,2048,0,kl_full_to_compact,0.13060319239959056,16,429,0.06500143212462493,0.2197701594319174
coarse_category,content,2048,0,top1_changed,0.17356990443427467,16,429,0.13144369553376906,0.21542868754420663
coarse_category,function,2048,0,delta_ce,-0.0014065962979567838,16,273,-0.02086337216375818,0.019189107893008595
coarse_category,function,2048,0,kl_full_to_compact,0.04239427327186557,16,273,0.031548121124097425,0.05488334720795013
coarse_category,function,2048,0,top1_changed,0.0927590017406951,16,273,0.05695153588227815,0.1327651748518453
coarse_category,other,2048,0,delta_ce,0.025830215096269513,16,83,-0.04809904508772357,0.11404804375963887
coarse_category,other,2048,0,kl_full_to_compact,0.07615228115314282,16,83,0.021063030404051043,0.1534230452411857
coarse_category,other,2048,0,top1_changed,0.09127435064935066,16,83,0.03125,0.15905133928571424
coarse_category,special,2048,0,delta_ce,0.02947012816588182,16,239,-0.01860645034748634,0.09251122565583467
coarse_category,special,2048,0,kl_full_to_compact,0.07609293656711233,16,239,0.04284481922862529,0.1182133018892031
coarse_category,special,2048,0,top1_changed,0.1056892914810004,16,239,0.0656652685866365,0.14600239345572444
coarse_category,content,2048,4,delta_ce,0.11636319743036103,16,429,0.038491841034125215,0.20713373684345082
coarse_category,content,2048,4,kl_full_to_compact,0.1308616598683094,16,429,0.06456812907745237,0.21549639191795392
coarse_category,content,2048,4,top1_changed,0.17339904282039834,16,429,0.13073293484408813,0.21849918786959227
coarse_category,function,2048,4,delta_ce,-0.0013321078742858962,16,273,-0.02109861434178913,0.01922358120003866
coarse_category,function,2048,4,kl_full_to_compact,0.04271668329579249,16,273,0.03135233549548708,0.05579432927018262
coarse_category,function,2048,4,top1_changed,0.09617083748948738,16,273,0.0609290627780956,0.13589541817632844
coarse_category,other,2048,4,delta_ce,0.025569352573101247,16,83,-0.049272251980996495,0.1139881842302907
coarse_category,other,2048,4,kl_full_to_compact,0.07395824552921171,16,83,0.019770644414109702,0.14579690298206985
coarse_category,other,2048,4,top1_changed,0.09127435064935066,16,83,0.028125,0.16047077922077924
coarse_category,special,2048,4,delta_ce,0.030828254156971647,16,239,-0.015219440053265258,0.08845507092772893
coarse_category,special,2048,4,kl_full_to_compact,0.07645213633841277,16,239,0.04260691835572669,0.11776941384107634
coarse_category,special,2048,4,top1_changed,0.11263373592544484,16,239,0.07274456297695713,0.15116633303309268
coarse_category,content,2048,16,delta_ce,0.11211362593587841,16,429,0.03357578612153497,0.20641278612972372
coarse_category,content,2048,16,kl_full_to_compact,0.13101412433443346,16,429,0.0654203525730492,0.21780788996333694
coarse_category,content,2048,16,top1_changed,0.17328945571632592,16,429,0.13013301648406944,0.21441547097692196
coarse_category,function,2048,16,delta_ce,-0.004887010216605205,16,273,-0.027789985758918907,0.016462562044884006
coarse_category,function,2048,16,kl_full_to_compact,0.04231635293938668,16,273,0.03158111721579509,0.054189766889195204
coarse_category,function,2048,16,top1_changed,0.10028408535273522,16,273,0.0641013050323691,0.14061663879598654
coarse_category,other,2048,16,delta_ce,0.030803559053244486,16,83,-0.03828839668747832,0.106611069161122
coarse_category,other,2048,16,kl_full_to_compact,0.07525856118584337,16,83,0.020403891194902997,0.14874449862592068
coarse_category,other,2048,16,top1_changed,0.07564935064935066,16,83,0.017613636363636366,0.1405894886363636
coarse_category,special,2048,16,delta_ce,0.029720479285126687,16,239,-0.015770929072617536,0.09610747152159496
coarse_category,special,2048,16,kl_full_to_compact,0.07351611201791962,16,239,0.04200230322817787,0.11617594768464991
coarse_category,special,2048,16,top1_changed,0.1056892914810004,16,239,0.06331579356031054,0.1489768686403606
coarse_category,content,8192,0,delta_ce,0.007167077983172142,16,429,-0.02744802503256784,0.04877448183350705
coarse_category,content,8192,0,kl_full_to_compact,0.0330991697978789,16,429,0.022543997439661116,0.043855408910534605
coarse_category,content,8192,0,top1_changed,0.10931910128181707,16,429,0.0733015708460781,0.1458550378327892
coarse_category,function,8192,0,delta_ce,0.010454319789785525,16,273,-0.007439663861740757,0.028637412167770437
coarse_category,function,8192,0,kl_full_to_compact,0.017066223165160745,16,273,0.012952411713923744,0.021350768488365163
coarse_category,function,8192,0,top1_changed,0.07151805971170959,16,273,0.042792751392311604,0.10769303349126717
coarse_category,other,8192,0,delta_ce,0.023878962361433394,16,83,-0.0115276121149804,0.06945660296724014
coarse_category,other,8192,0,kl_full_to_compact,0.01845453903150956,16,83,0.005080849374630758,0.037172431835090766
coarse_category,other,8192,0,top1_changed,0.051095779220779215,16,83,0.011363636363636364,0.10020292207792207
coarse_category,special,8192,0,delta_ce,-0.004504499072102692,16,239,-0.02119424713003204,0.012771756378022314
coarse_category,special,8192,0,kl_full_to_compact,0.018584914059404437,16,239,0.014094193765347367,0.023964113220490944
coarse_category,special,8192,0,top1_changed,0.05009597242260781,16,239,0.016234815830721002,0.09230831941416849
coarse_category,content,8192,4,delta_ce,0.005610619386336266,16,429,-0.03336454924995616,0.050253137842069306
coarse_category,content,8192,4,kl_full_to_compact,0.0336603636592637,16,429,0.024070929475522237,0.044285607286701306
coarse_category,content,8192,4,top1_changed,0.11082436684958265,16,429,0.07307507554245685,0.1500013886953425
coarse_category,function,8192,4,delta_ce,0.013497954545637311,16,273,-0.004234466307290661,0.031067517653220092
coarse_category,function,8192,4,kl_full_to_compact,0.017152058714493636,16,273,0.012726638197811052,0.021815969893148098
coarse_category,function,8192,4,top1_changed,0.061161779518472875,16,273,0.03223128019323671,0.09794117384153318
coarse_category,other,8192,4,delta_ce,0.026692214979713254,16,83,-0.00955872053303905,0.07050354301442191
coarse_category,other,8192,4,kl_full_to_compact,0.019233959589251354,16,83,0.004947409689925241,0.039646666927167264
coarse_category,other,8192,4,top1_changed,0.04484577922077922,16,83,0.0,0.09415584415584416
coarse_category,special,8192,4,delta_ce,-0.006602212385081038,16,239,-0.023133456785005346,0.011491688506801228
coarse_category,special,8192,4,kl_full_to_compact,0.01882262252947752,16,239,0.014602767649238086,0.023652747622256474
coarse_category,special,8192,4,top1_changed,0.06696688745528756,16,239,0.028943657841271304,0.10797727191549292
coarse_category,content,8192,16,delta_ce,0.004907400146970777,16,429,-0.03435595757337353,0.048615027253787774
coarse_category,content,8192,16,kl_full_to_compact,0.03312402544621187,16,429,0.023034221458644383,0.043682133324807006
coarse_category,content,8192,16,top1_changed,0.10500998447270027,16,429,0.0696299346989934,0.14246600323111872
coarse_category,function,8192,16,delta_ce,0.010361899535431747,16,273,-0.007328725239475142,0.027496095720350288
coarse_category,function,8192,16,kl_full_to_compact,0.017103588711717795,16,273,0.012693735970319439,0.02167451601319477
coarse_category,function,8192,16,top1_changed,0.06897427951847288,16,273,0.03592821359331298,0.11021609594420485
coarse_category,other,8192,16,delta_ce,0.027010477156002834,16,83,-0.01090987624035139,0.06881186946388398
coarse_category,other,8192,16,kl_full_to_compact,0.018555428176270757,16,83,0.00504390369207289,0.03787362858656333
coarse_category,other,8192,16,top1_changed,0.04484577922077922,16,83,0.0,0.09618506493506493
coarse_category,special,8192,16,delta_ce,-0.0034173503303877497,16,239,-0.01960059924774835,0.012804858751537524
coarse_category,special,8192,16,kl_full_to_compact,0.018461363736095623,16,239,0.013885495487977777,0.02392557031720657
coarse_category,special,8192,16,top1_changed,0.06991427689957101,16,239,0.029167512175324675,0.12021970446832576
fine_category,adjective,128,0,delta_ce,0.33092398605914203,14,66,0.08142529199471182,0.6293128729470919
fine_category,adjective,128,0,kl_full_to_compact,0.33382449295145705,14,66,0.2295296937570368,0.4461400295298769
fine_category,adjective,128,0,top1_changed,0.4412414965986394,14,66,0.28255739795918366,0.6063605442176867
fine_category,adposition,128,0,delta_ce,0.07181110935030127,16,94,-0.04009882803481296,0.1965789180461247
fine_category,adposition,128,0,kl_full_to_compact,0.2081335487897314,16,94,0.15477971519661618,0.2674117966891068
fine_category,adposition,128,0,top1_changed,0.1946248196248196,16,94,0.12760078463203461,0.26719398223304464
fine_category,adverb,128,0,delta_ce,0.6019915580181546,11,31,0.08953851127790667,1.2302592858021977
fine_category,adverb,128,0,kl_full_to_compact,0.37616809132177326,11,31,0.1960517366474431,0.6090803261300122
fine_category,adverb,128,0,top1_changed,0.22575757575757577,11,31,0.09090909090909091,0.3848863636363634
fine_category,auxiliary,128,0,delta_ce,0.16489260287949067,14,52,0.05932178295367131,0.2720352144675886
fine_category,auxiliary,128,0,kl_full_to_compact,0.2254129182132354,14,52,0.14534830073378566,0.3234639765867458
fine_category,auxiliary,128,0,top1_changed,0.23886054421768707,14,52,0.08840136054421768,0.40478103741496585
fine_category,common_noun,128,0,delta_ce,0.5884921089036603,16,168,0.42226594297438036,0.762107591097711
fine_category,common_noun,128,0,kl_full_to_compact,0.4713910690157937,16,168,0.3524457077720723,0.6090203050450879
fine_category,common_noun,128,0,top1_changed,0.28270853780722205,16,168,0.21746321889002812,0.34605108250667455
fine_category,coordinating_conjunction,128,0,delta_ce,-0.06451219752456785,15,37,-0.3164523458315267,0.16497120655752934
fine_category,coordinating_conjunction,128,0,kl_full_to_compact,0.21433627510107017,15,37,0.15457189569191543,0.2881627507944358
fine_category,coordinating_conjunction,128,0,top1_changed,0.3055555555555556,15,37,0.15,0.4833333333333333
fine_category,determiner,128,0,delta_ce,0.1908223170559203,16,65,0.038853788226938385,0.3825580017086929
fine_category,determiner,128,0,kl_full_to_compact,0.36160181989984747,16,65,0.1817752752956585,0.6283128222801169
fine_category,determiner,128,0,top1_changed,0.22559523809523807,16,65,0.09910714285714287,0.3767931547619047
fine_category,interjection,128,0,delta_ce,0.7726008892059326,2,2,0.31981706619262695,1.2253847122192383
fine_category,interjection,128,0,kl_full_to_compact,0.16685695201158524,2,2,0.1580316722393036,0.17568223178386688
fine_category,interjection,128,0,top1_changed,0.5,2,2,0.0,1.0
fine_category,negation,128,0,delta_ce,-0.20458812146207492,10,14,-0.5633651264732634,0.07881772926532897
fine_category,negation,128,0,kl_full_to_compact,0.28077350278672386,10,14,0.10026563794385311,0.502796410610558
fine_category,negation,128,0,top1_changed,0.2,10,14,0.0,0.5
fine_category,number,128,0,delta_ce,0.5766170801509968,6,19,0.13352476360855184,1.2039797918664086
fine_category,number,128,0,kl_full_to_compact,0.47040543791614864,6,19,0.12084462565544526,0.9741233556220928
fine_category,number,128,0,top1_changed,0.38888888888888884,6,19,0.13888888888888887,0.6666666666666666
fine_category,other,128,0,delta_ce,0.07621804567263155,16,81,-0.132363927304579,0.27733891835953806
fine_category,other,128,0,kl_full_to_compact,0.22040174072130653,16,81,0.12100079635329697,0.35599870987013543
fine_category,other,128,0,top1_changed,0.1978670634920635,16,81,0.11979166666666667,0.28150545634920626
fine_category,particle,128,0,delta_ce,-0.09054764477574888,9,12,-0.378060854681664,0.2066876314932108
fine_category,particle,128,0,kl_full_to_compact,0.17442998992111017,9,12,0.0861481691335535,0.26156185601244536
fine_category,particle,128,0,top1_changed,0.2777777777777778,9,12,0.0,0.5555555555555556
fine_category,pronoun,128,0,delta_ce,0.19166285893645035,15,101,0.10706569680076992,0.28535257132082475
fine_category,pronoun,128,0,kl_full_to_compact,0.21683674519081494,15,101,0.15815286048115784,0.2734308523866396
fine_category,pronoun,128,0,top1_changed,0.1488546529723,15,101,0.07398692810457516,0.2264945533769063
fine_category,proper_noun,128,0,delta_ce,2.208584118695975,13,41,0.6694086590724241,4.023508978081688
fine_category,proper_noun,128,0,kl_full_to_compact,1.6834678291112157,13,41,0.5059898104369106,3.201035726700165
fine_category,proper_noun,128,0,top1_changed,0.3816849816849817,13,41,0.20376373626373628,0.5511034798534798
fine_category,punctuation,128,0,delta_ce,0.24329468412518807,16,105,0.10321468856269753,0.39021881151092763
fine_category,punctuation,128,0,kl_full_to_compact,0.322970587105882,16,105,0.25053063288689287,0.39714690235633276
fine_category,punctuation,128,0,top1_changed,0.285515873015873,16,105,0.21011594742063489,0.35553075396825395
fine_category,question_word,128,0,delta_ce,-0.019230505624419133,11,19,-0.25462663287418597,0.21745966475661554
fine_category,question_word,128,0,kl_full_to_compact,0.275649188830743,11,19,0.12676459775442103,0.46334168761307143
fine_category,question_word,128,0,top1_changed,0.18181818181818182,11,19,0.0,0.45454545454545453
fine_category,subordinating_conjunction,128,0,delta_ce,0.42271578864892945,8,13,0.17387755309173372,0.69046930053737
fine_category,subordinating_conjunction,128,0,kl_full_to_compact,0.3426701242957885,8,13,0.13800372717766246,0.6707394637206258
fine_category,subordinating_conjunction,128,0,top1_changed,0.1875,8,13,0.0,0.4375
fine_category,verb,128,0,delta_ce,0.36489110202149816,16,104,0.20141559255912958,0.53517424775315
fine_category,verb,128,0,kl_full_to_compact,0.30406448900870425,16,104,0.23766491626956482,0.3743034827709319
fine_category,verb,128,0,top1_changed,0.2683982683982684,16,104,0.16332623106060606,0.3735328733766234
fine_category,adjective,128,4,delta_ce,0.32888142593183645,14,66,0.09600819106056004,0.5979475174484197
fine_category,adjective,128,4,kl_full_to_compact,0.32343348354680795,14,66,0.22674605954414415,0.4309952598073056
fine_category,adjective,128,4,top1_changed,0.4412414965986394,14,66,0.28745535714285714,0.603575680272109
fine_category,adposition,128,4,delta_ce,0.09433926412611916,16,94,-0.023124781649796106,0.21813142750710138
fine_category,adposition,128,4,kl_full_to_compact,0.20188268280852772,16,94,0.15553710379825836,0.2534679829864407
fine_category,adposition,128,4,top1_changed,0.1915471681096681,16,94,0.12261932945526695,0.2605406746031746
fine_category,adverb,128,4,delta_ce,0.6808878539521671,11,31,0.16414601124558514,1.340108722302036
fine_category,adverb,128,4,kl_full_to_compact,0.3935171921024889,11,31,0.2122988977888599,0.6322617427643322
fine_category,adverb,128,4,top1_changed,0.3015151515151515,11,31,0.14537878787878789,0.4681818181818182
fine_category,auxiliary,128,4,delta_ce,0.22698616938044627,14,52,0.09614677036336311,0.38671878386865405
fine_category,auxiliary,128,4,kl_full_to_compact,0.23254999416954752,14,52,0.15465268017798003,0.3234209941892067
fine_category,auxiliary,128,4,top1_changed,0.2602891156462585,14,52,0.11785501700680272,0.4246003401360543
fine_category,common_noun,128,4,delta_ce,0.5620129692768301,16,168,0.4010936060473691,0.7199553427654676
fine_category,common_noun,128,4,kl_full_to_compact,0.4688862086189708,16,168,0.354852271573801,0.6117039039007015
fine_category,common_noun,128,4,top1_changed,0.2962593419007893,16,168,0.22190960629282996,0.3682251819361194
fine_category,coordinating_conjunction,128,4,delta_ce,-0.05686585681590562,15,37,-0.2838865907831091,0.16037307827400374
fine_category,coordinating_conjunction,128,4,kl_full_to_compact,0.22251160414889454,15,37,0.16135579589857824,0.29380931631235085
fine_category,coordinating_conjunction,128,4,top1_changed,0.2722222222222222,15,37,0.11666666666666665,0.4722222222222222
fine_category,determiner,128,4,delta_ce,0.19954348556371942,16,65,0.04427105414943331,0.3894067417992507
fine_category,determiner,128,4,kl_full_to_compact,0.371853891659118,16,65,0.20055194099314264,0.6113599842746874
fine_category,determiner,128,4,top1_changed,0.23452380952380952,16,65,0.10833333333333334,0.37709077380952377
fine_category,interjection,128,4,delta_ce,0.8706934452056885,2,2,0.5832295417785645,1.1581573486328125
fine_category,interjection,128,4,kl_full_to_compact,0.1864626333117485,2,2,0.1822495013475418,0.1906757652759552
fine_category,interjection,128,4,top1_changed,0.5,2,2,0.0,1.0
fine_category,negation,128,4,delta_ce,-0.18427448060210735,10,14,-0.5536428457898638,0.09519638696581727
fine_category,negation,128,4,kl_full_to_compact,0.23600630280434415,10,14,0.09306543032038463,0.4350733100973684
fine_category,negation,128,4,top1_changed,0.2,10,14,0.0,0.5
fine_category,number,128,4,delta_ce,0.5662065476749073,6,19,0.14567539800086202,1.1561146738628547
fine_category,number,128,4,kl_full_to_compact,0.474916619710954,6,19,0.12463673402388345,0.9664367595460374
fine_category,number,128,4,top1_changed,0.38888888888888884,6,19,0.13888888888888887,0.6666666666666666
fine_category,other,128,4,delta_ce,0.08631592835630697,16,81,-0.13098082252028145,0.2777992079023979
fine_category,other,128,4,kl_full_to_compact,0.21917441607824587,16,81,0.12376054567104329,0.33845291788818066
fine_category,other,128,4,top1_changed,0.2041170634920635,16,81,0.12321428571428572,0.2904464285714285
fine_category,particle,128,4,delta_ce,-0.049026046818148136,9,12,-0.3303440402260296,0.20296453145953516
fine_category,particle,128,4,kl_full_to_compact,0.16151540633452693,9,12,0.0822678119374258,0.24455136556126592
fine_category,particle,128,4,top1_changed,0.2222222222222222,9,12,0.0,0.5555555555555556
fine_category,pronoun,128,4,delta_ce,0.18832850587007646,15,101,0.09679708679284145,0.28108375624550874
fine_category,pronoun,128,4,kl_full_to_compact,0.22014044115023643,15,101,0.15914984681088679,0.2783253558267901
fine_category,pronoun,128,4,top1_changed,0.1688546529723,15,101,0.09888849984438218,0.24838375350140054
fine_category,proper_noun,128,4,delta_ce,2.175788613446644,13,41,0.7393925101578562,3.9046537729399278
fine_category,proper_noun,128,4,kl_full_to_compact,1.676874451142378,13,41,0.49291736250842566,3.184531269776916
fine_category,proper_noun,128,4,top1_changed,0.3816849816849817,13,41,0.20762820512820515,0.5522206959706959
fine_category,punctuation,128,4,delta_ce,0.24678986087507965,16,105,0.08783227480728999,0.3967024282834193
fine_category,punctuation,128,4,kl_full_to_compact,0.33689960620656156,16,105,0.25840393849752247,0.42065233719785783
fine_category,punctuation,128,4,top1_changed,0.28229166666666666,16,105,0.20009548611111108,0.36246155753968246
fine_category,question_word,128,4,delta_ce,0.08605176790716183,11,19,-0.22961870387679842,0.518803121893275
fine_category,question_word,128,4,kl_full_to_compact,0.26250654422663944,11,19,0.13040669197913357,0.4090221978480589
fine_category,question_word,128,4,top1_changed,0.09090909090909091,11,19,0.0,0.2727272727272727
fine_category,subordinating_conjunction,128,4,delta_ce,0.47459593539436656,8,13,0.21181229705301421,0.7725504334627961
fine_category,subordinating_conjunction,128,4,kl_full_to_compact,0.3546204299297339,8,13,0.15048166506070024,0.6859594234100466
fine_category,subordinating_conjunction,128,4,top1_changed,0.1875,8,13,0.0,0.4375
fine_category,verb,128,4,delta_ce,0.43442784719428895,16,104,0.2506715179429647,0.643768586138517
fine_category,verb,128,4,kl_full_to_compact,0.3120220445810886,16,104,0.2428465782120629,0.3827041146550204
fine_category,verb,128,4,top1_changed,0.2611810064935065,16,104,0.17082403273809524,0.3626564191017316
fine_category,adjective,128,16,delta_ce,0.3586116700185979,14,66,0.11850154140609923,0.6147922927110616
fine_category,adjective,128,16,kl_full_to_compact,0.38600605273795524,14,66,0.25571699774159934,0.5291601323729013
fine_category,adjective,128,16,top1_changed,0.4365646258503401,14,66,0.2875467687074829,0.6056207482993197
fine_category,adposition,128,16,delta_ce,0.13173906521293735,16,94,0.009705169228863114,0.2622804082904035
fine_category,adposition,128,16,kl_full_to_compact,0.22721612849066872,16,94,0.17812830278389966,0.2821790798238595
fine_category,adposition,128,16,top1_changed,0.21151244588744586,16,94,0.1359772389069264,0.2991164434523809
fine_category,adverb,128,16,delta_ce,0.6141827773535624,11,31,0.11955682755871253,1.22035934982054
fine_category,adverb,128,16,kl_full_to_compact,0.39123063476819714,11,31,0.2168449732789304,0.6127886980677827
fine_category,adverb,128,16,top1_changed,0.3015151515151515,11,31,0.1424242424242424,0.4606060606060606
fine_category,auxiliary,128,16,delta_ce,0.1768066107738941,14,52,0.06240655502171388,0.2961284545707028
fine_category,auxiliary,128,16,kl_full_to_compact,0.2578737396294676,14,52,0.16305840794479343,0.36202272553429254
fine_category,auxiliary,128,16,top1_changed,0.22525510204081636,14,52,0.08654974489795918,0.4020450680272109
fine_category,common_noun,128,16,delta_ce,0.5837028021244198,16,168,0.413580823037688,0.7539617792340578
fine_category,common_noun,128,16,kl_full_to_compact,0.5206454408587796,16,168,0.37167314232989446,0.7117691641092836
fine_category,common_noun,128,16,top1_changed,0.2927519757289494,16,168,0.21776406273733576,0.3647717528268515
fine_category,coordinating_conjunction,128,16,delta_ce,-0.049702084778497614,15,37,-0.2850457251465155,0.1923454459337517
fine_category,coordinating_conjunction,128,16,kl_full_to_compact,0.24412692465961702,15,37,0.17063699636545304,0.3377443479289811
fine_category,coordinating_conjunction,128,16,top1_changed,0.31666666666666665,15,37,0.13333333333333333,0.5222222222222221
fine_category,determiner,128,16,delta_ce,0.21662565076864365,16,65,0.04801331179205416,0.4499967163685409
fine_category,determiner,128,16,kl_full_to_compact,0.414556583954213,16,65,0.22468753969957886,0.6865259821055835
fine_category,determiner,128,16,top1_changed,0.2901785714285714,16,65,0.12678571428571428,0.4589434523809523
fine_category,interjection,128,16,delta_ce,0.6176998615264893,2,2,0.30435705184936523,0.9310426712036133
fine_category,interjection,128,16,kl_full_to_compact,0.2108793631196022,2,2,0.207705557346344,0.2140531688928604
fine_category,interjection,128,16,top1_changed,0.0,2,2,0.0,0.0
fine_category,negation,128,16,delta_ce,-0.1855618161134771,10,14,-0.5031831624743427,0.06624835040263839
fine_category,negation,128,16,kl_full_to_compact,0.2593608249822864,10,14,0.09823936972035881,0.46627511421429496
fine_category,negation,128,16,top1_changed,0.2,10,14,0.0,0.5
fine_category,number,128,16,delta_ce,0.6105218809237057,6,19,0.12039462871584367,1.2380706665969532
fine_category,number,128,16,kl_full_to_compact,0.5151874810269671,6,19,0.14054007253273285,1.0330253805344303
fine_category,number,128,16,top1_changed,0.5,6,19,0.27777777777777773,0.75
fine_category,other,128,16,delta_ce,0.15404412081790347,16,81,-0.08471053256595908,0.43141497317253985
fine_category,other,128,16,kl_full_to_compact,0.2591673762648353,16,81,0.13978464852257477,0.4046735723178589
fine_category,other,128,16,top1_changed,0.2197420634920635,16,81,0.12393229166666667,0.31697048611111106
fine_category,particle,128,16,delta_ce,-0.1042239610881855,9,12,-0.4222968423202272,0.1821574227813269
fine_category,particle,128,16,kl_full_to_compact,0.18107005741977547,9,12,0.10073453712199504,0.2627942717737621
fine_category,particle,128,16,top1_changed,0.2222222222222222,9,12,0.0,0.5555555555555556
fine_category,pronoun,128,16,delta_ce,0.2452007712420479,15,101,0.14583153921417502,0.3598827200500896
fine_category,pronoun,128,16,kl_full_to_compact,0.2584114958488989,15,101,0.18447696635631042,0.3344756406996811
fine_category,pronoun,128,16,top1_changed,0.21022408963585434,15,101,0.10683800186741364,0.3193576097105507
fine_category,proper_noun,128,16,delta_ce,2.2174100536773973,13,41,0.7925004355314796,4.044033421978026
fine_category,proper_noun,128,16,kl_full_to_compact,1.7915358648372552,13,41,0.6699985354717494,3.1434231131445483
fine_category,proper_noun,128,16,top1_changed,0.43553113553113554,13,41,0.2496336996336996,0.6342582417582419
fine_category,punctuation,128,16,delta_ce,0.26777528469665124,16,105,0.11347724610520618,0.41955413768591815
fine_category,punctuation,128,16,kl_full_to_compact,0.3700159071928485,16,105,0.2782521808562611,0.45512573141664137
fine_category,punctuation,128,16,top1_changed,0.29791666666666666,16,105,0.21972842261904763,0.375782490079365
fine_category,question_word,128,16,delta_ce,0.26554836946271476,11,19,-0.1492609802389228,0.8794948518937666
fine_category,question_word,128,16,kl_full_to_compact,0.31522651600023505,11,19,0.13808237553488598,0.5360034584114501
fine_category,question_word,128,16,top1_changed,0.18181818181818182,11,19,0.0,0.45454545454545453
fine_category,subordinating_conjunction,128,16,delta_ce,0.6251994087554825,8,13,0.2565850755893431,1.0512901511392556
fine_category,subordinating_conjunction,128,16,kl_full_to_compact,0.43671693101835746,8,13,0.17624571091631272,0.7866384278313489
fine_category,subordinating_conjunction,128,16,top1_changed,0.3125,8,13,0.0625,0.625
fine_category,verb,128,16,delta_ce,0.5200839743284522,16,104,0.3110927349192169,0.7517400669046295
fine_category,verb,128,16,kl_full_to_compact,0.35413893427325066,16,104,0.27101870985849036,0.4354327371394433
fine_category,verb,128,16,top1_changed,0.29617153679653685,16,104,0.18114938446969697,0.40147490530303026
fine_category,adjective,512,0,delta_ce,0.23503376585599375,14,66,0.0042425933543134295,0.5499122208902661
fine_category,adjective,512,0,kl_full_to_compact,0.14895832727578492,14,66,0.09171630648937762,0.21882393533940542
fine_category,adjective,512,0,top1_changed,0.3156462585034014,14,66,0.18024234693877553,0.45850340136054424
fine_category,adposition,512,0,delta_ce,0.09857865955189929,16,94,0.02030175640677968,0.18174328108642826
fine_category,adposition,512,0,kl_full_to_compact,0.08571990523891035,16,94,0.05617392714324701,0.12561471200129387
fine_category,adposition,512,0,top1_changed,0.1782783189033189,16,94,0.10109831574675325,0.27604166666666663
fine_category,adverb,512,0,delta_ce,-0.02470967546916764,11,31,-0.21169996064498486,0.17725527441344266
fine_category,adverb,512,0,kl_full_to_compact,0.12552426232652963,11,31,0.07830748086824976,0.18885875186765827
fine_category,adverb,512,0,top1_changed,0.13484848484848483,11,31,0.045454545454545456,0.2409090909090909
fine_category,auxiliary,512,0,delta_ce,0.047106127544990446,14,52,-0.05972927717314986,0.1629843887978797
fine_category,auxiliary,512,0,kl_full_to_compact,0.08697125666598997,14,52,0.04754728017927649,0.13860061372646526
fine_category,auxiliary,512,0,top1_changed,0.14591836734693878,14,52,0.03809523809523809,0.3044302721088435
fine_category,common_noun,512,0,delta_ce,0.3842704553636496,16,168,0.24777887846351443,0.541352872526363
fine_category,common_noun,512,0,kl_full_to_compact,0.29261313636883657,16,168,0.17227266377471512,0.4393909235935688
fine_category,common_noun,512,0,top1_changed,0.21384673440594493,16,168,0.1405896221377307,0.2938328940796046
fine_category,coordinating_conjunction,512,0,delta_ce,-0.02072896354062929,15,37,-0.11327624833088117,0.0793719739102248
fine_category,coordinating_conjunction,512,0,kl_full_to_compact,0.10393614640278329,15,37,0.07133619361107572,0.14074844557717572
fine_category,coordinating_conjunction,512,0,top1_changed,0.16666666666666666,15,37,0.05541666666666667,0.3166666666666666
fine_category,determiner,512,0,delta_ce,0.06600971711798029,16,65,-0.007221434716390639,0.13685451905312607
fine_category,determiner,512,0,kl_full_to_compact,0.1921011101684707,16,65,0.07587503935597878,0.40293060009934584
fine_category,determiner,512,0,top1_changed,0.21726190476190474,16,65,0.08452380952380951,0.36735119047619
fine_category,interjection,512,0,delta_ce,0.6180455684661865,2,2,0.12474870681762695,1.111342430114746
fine_category,interjection,512,0,kl_full_to_compact,0.11388624459505081,2,2,0.07463563978672028,0.15313684940338135
fine_category,interjection,512,0,top1_changed,0.5,2,2,0.0,1.0
fine_category,negation,512,0,delta_ce,-0.07712009487636351,10,14,-0.17175321806316787,-0.003216806372041685
fine_category,negation,512,0,kl_full_to_compact,0.08490930387924892,10,14,0.03279525132489653,0.15456241590941316
fine_category,negation,512,0,top1_changed,0.1,10,14,0.0,0.3
fine_category,number,512,0,delta_ce,0.6220558163808366,6,19,0.12484249435264144,1.2472822724779684
fine_category,number,512,0,kl_full_to_compact,0.4110433331149074,6,19,0.0749116981998668,0.8890280881896615
fine_category,number,512,0,top1_changed,0.5,6,19,0.25,0.75
fine_category,other,512,0,delta_ce,0.004541340981809876,16,81,-0.07626924982731233,0.09069696537835299
fine_category,other,512,0,kl_full_to_compact,0.12265373279707573,16,81,0.037497993579112106,0.23298443922292383
fine_category,other,512,0,top1_changed,0.1392857142857143,16,81,0.065625,0.21919642857142857
fine_category,particle,512,0,delta_ce,-0.10828136898756686,9,12,-0.2831617633374764,0.04144008291230214
fine_category,particle,512,0,kl_full_to_compact,0.05574227846156848,9,12,0.0222835314115855,0.10623601887297505
fine_category,particle,512,0,top1_changed,0.0,9,12,0.0,0.0
fine_category,pronoun,512,0,delta_ce,0.042695807518882016,15,101,-0.0016709832531323773,0.08689847276237375
fine_category,pronoun,512,0,kl_full_to_compact,0.08932126051865523,15,101,0.059751735388611206,0.12236988485411458
fine_category,pronoun,512,0,top1_changed,0.1480750077808901,15,101,0.06424902738873327,0.24770463741051973
fine_category,proper_noun,512,0,delta_ce,0.9095225657777988,13,41,0.000553804910036587,2.174397356099804
fine_category,proper_noun,512,0,kl_full_to_compact,0.7041887959972897,13,41,0.1203326824022284,1.68631720181981
fine_category,proper_noun,512,0,top1_changed,0.2322344322344322,13,41,0.0912087912087912,0.3860897435897436
fine_category,punctuation,512,0,delta_ce,0.03979775030168221,16,105,-0.03435598850118583,0.10730220955936919
fine_category,punctuation,512,0,kl_full_to_compact,0.13201253255163983,16,105,0.07515385075376323,0.20753366498645273
fine_category,punctuation,512,0,top1_changed,0.1142113095238095,16,105,0.05034412202380953,0.19060639880952376
fine_category,question_word,512,0,delta_ce,0.06998851833949712,11,19,-0.1406952374657108,0.3181299174770665
fine_category,question_word,512,0,kl_full_to_compact,0.1667451586990589,11,19,0.0752846919036749,0.299406602279685
fine_category,question_word,512,0,top1_changed,0.045454545454545456,11,19,0.0,0.13636363636363635
fine_category,subordinating_conjunction,512,0,delta_ce,0.023116411355052456,8,13,-0.00966616882033122,0.05710273626064
fine_category,subordinating_conjunction,512,0,kl_full_to_compact,0.2266114163042706,8,13,0.04633198871063845,0.5399390257662162
fine_category,subordinating_conjunction,512,0,top1_changed,0.22916666666666666,8,13,0.041666666666666664,0.5
fine_category,verb,512,0,delta_ce,0.15598714753403298,16,104,0.06024059625674153,0.260258392253119
fine_category,verb,512,0,kl_full_to_compact,0.13168314749223747,16,104,0.08725626839217097,0.1864070879907401
fine_category,verb,512,0,top1_changed,0.10755546536796537,16,104,0.053456439393939396,0.16868709415584413
fine_category,adjective,512,4,delta_ce,0.23344029642643685,14,66,0.0071570825513095505,0.5414047113797459
fine_category,adjective,512,4,kl_full_to_compact,0.15106766815200176,14,66,0.0956970278933935,0.2266175138793013
fine_category,adjective,512,4,top1_changed,0.3258503401360544,14,66,0.17736819727891154,0.4794387755102039
fine_category,adposition,512,4,delta_ce,0.09677400595206541,16,94,0.008530010351000195,0.1937515078245083
fine_category,adposition,512,4,kl_full_to_compact,0.08714670503579908,16,94,0.055250410239070756,0.1296013654658187
fine_category,adposition,512,4,top1_changed,0.1704658189033189,16,94,0.09147079049422799,0.27004419191919193
fine_category,adverb,512,4,delta_ce,-0.039786685127579734,11,31,-0.22900242997944253,0.14563200331746443
fine_category,adverb,512,4,kl_full_to_compact,0.1254809880987247,11,31,0.07649487554638075,0.18825230739706017
fine_category,adverb,512,4,top1_changed,0.13484848484848483,11,31,0.04090909090909091,0.23939393939393944
fine_category,auxiliary,512,4,delta_ce,0.04163609240457517,14,52,-0.06938042845071743,0.15179720822393858
fine_category,auxiliary,512,4,kl_full_to_compact,0.08527319271079437,14,52,0.04799388675731496,0.13343366302759302
fine_category,auxiliary,512,4,top1_changed,0.1548469387755102,14,52,0.049394132653061223,0.3072448979591836
fine_category,common_noun,512,4,delta_ce,0.38333475684825974,16,168,0.23441175181404733,0.5242728121719067
fine_category,common_noun,512,4,kl_full_to_compact,0.2933388387329639,16,168,0.1703279426853471,0.4295910705126727
fine_category,common_noun,512,4,top1_changed,0.22990902555047293,16,168,0.15546038391433128,0.31649392274392263
fine_category,coordinating_conjunction,512,4,delta_ce,-0.031057583119480925,15,37,-0.12884915620916418,0.0674576482361548
fine_category,coordinating_conjunction,512,4,kl_full_to_compact,0.10222991918922668,15,37,0.07157564247850738,0.139700374029828
fine_category,coordinating_conjunction,512,4,top1_changed,0.18888888888888886,15,37,0.0611111111111111,0.35
fine_category,determiner,512,4,delta_ce,0.06641562542297703,16,65,-0.00849850564001523,0.14172123896710911
fine_category,determiner,512,4,kl_full_to_compact,0.19568035334185488,16,65,0.07831301403151278,0.40948840614628135
fine_category,determiner,512,4,top1_changed,0.20476190476190476,16,65,0.08450892857142858,0.35696428571428507
fine_category,interjection,512,4,delta_ce,0.6198768615722656,2,2,0.2126483917236328,1.0271053314208984
fine_category,interjection,512,4,kl_full_to_compact,0.11230963096022606,2,2,0.07419934123754501,0.1504199206829071
fine_category,interjection,512,4,top1_changed,0.5,2,2,0.0,1.0
fine_category,negation,512,4,delta_ce,-0.09024082431601528,10,14,-0.18378408670893803,-0.011591247166870752
fine_category,negation,512,4,kl_full_to_compact,0.08520494057988799,10,14,0.03637626092776145,0.15347319977136617
fine_category,negation,512,4,top1_changed,0.1,10,14,0.0,0.3
fine_category,number,512,4,delta_ce,0.6277232533773308,6,19,0.16953390541242996,1.210432182169623
fine_category,number,512,4,kl_full_to_compact,0.39796483848937086,6,19,0.0794674355192669,0.8320836702672142
fine_category,number,512,4,top1_changed,0.5,6,19,0.24999999999999997,0.75
fine_category,other,512,4,delta_ce,0.0032342075092618126,16,81,-0.07672944650040828,0.0950150647360397
fine_category,other,512,4,kl_full_to_compact,0.12685016234790333,16,81,0.03757239239795549,0.2407722552248762
fine_category,other,512,4,top1_changed,0.16706349206349208,16,81,0.1,0.23973958333333334
fine_category,particle,512,4,delta_ce,-0.10576673112478198,9,12,-0.27709394064214493,0.026159609657608624
fine_category,particle,512,4,kl_full_to_compact,0.05580231172239615,9,12,0.023342199716070253,0.10368389232705034
fine_category,particle,512,4,top1_changed,0.0,9,12,0.0,0.0
fine_category,pronoun,512,4,delta_ce,0.04246670576371994,15,101,-0.00170894507426867,0.08978187587750201
fine_category,pronoun,512,4,kl_full_to_compact,0.08884236070694507,15,101,0.06041390742898776,0.120276815877546
fine_category,pronoun,512,4,top1_changed,0.15982103952692187,15,101,0.08201038748832867,0.2445107376283846
fine_category,proper_noun,512,4,delta_ce,0.8864927219338508,13,41,0.007641177393247586,2.001426320626648
fine_category,proper_noun,512,4,kl_full_to_compact,0.67476195390082,13,41,0.12182377575872333,1.6483157485327962
fine_category,proper_noun,512,4,top1_changed,0.2322344322344322,13,41,0.08974358974358973,0.3773168498168496
fine_category,punctuation,512,4,delta_ce,0.040738499197022826,16,105,-0.03569896302085245,0.1110095487763005
fine_category,punctuation,512,4,kl_full_to_compact,0.1350067388280184,16,105,0.07750094580013764,0.2148067346466222
fine_category,punctuation,512,4,top1_changed,0.14605654761904763,16,105,0.0672513640873016,0.2291691468253968
fine_category,question_word,512,4,delta_ce,0.07367941752344258,11,19,-0.13445159796798234,0.32064027190711136
fine_category,question_word,512,4,kl_full_to_compact,0.1677252399033133,11,19,0.07121475737309965,0.30593383902623
fine_category,question_word,512,4,top1_changed,0.045454545454545456,11,19,0.0,0.13636363636363635
fine_category,subordinating_conjunction,512,4,delta_ce,0.02967045413000354,8,13,-0.0006139278490688107,0.06258197404883202
fine_category,subordinating_conjunction,512,4,kl_full_to_compact,0.22665335198689718,8,13,0.045997025899850996,0.5429678250286087
fine_category,subordinating_conjunction,512,4,top1_changed,0.22916666666666666,8,13,0.041666666666666664,0.47916666666666663
fine_category,verb,512,4,delta_ce,0.15924990067699807,16,104,0.06972925830348439,0.2591959904667405
fine_category,verb,512,4,kl_full_to_compact,0.13406233844448065,16,104,0.0906040328352874,0.194393383983276
fine_category,verb,512,4,top1_changed,0.11536796536796537,16,104,0.05780894886363637,0.17784801136363634
fine_category,adjective,512,16,delta_ce,0.218333788507505,14,66,-0.00743048686196483,0.49928050368075205
fine_category,adjective,512,16,kl_full_to_compact,0.15062817546548815,14,66,0.09606488574675455,0.22302476358477738
fine_category,adjective,512,16,top1_changed,0.3217687074829932,14,66,0.1960671768707483,0.465174319727891
fine_category,adposition,512,16,delta_ce,0.08883003417187083,16,94,0.005509682564373944,0.18526738437994644
fine_category,adposition,512,16,kl_full_to_compact,0.08586891432411867,16,94,0.0541130068576801,0.12831561068340902
fine_category,adposition,512,16,top1_changed,0.2017158189033189,16,94,0.12854183576839825,0.3005952380952381
fine_category,adverb,512,16,delta_ce,-0.03202413756655667,11,31,-0.23542598179096205,0.17031096760877262
fine_category,adverb,512,16,kl_full_to_compact,0.1274133410116602,11,31,0.0790187166381855,0.19151286555729297
fine_category,adverb,512,16,top1_changed,0.13030303030303028,11,31,0.0303030303030303,0.23939393939393938
fine_category,auxiliary,512,16,delta_ce,0.03627918361128644,14,52,-0.060012263374816514,0.13237086022591055
fine_category,auxiliary,512,16,kl_full_to_compact,0.08647794550012315,14,52,0.04678276921797869,0.14155750790964905
fine_category,auxiliary,512,16,top1_changed,0.12142857142857143,14,52,0.014285714285714287,0.2857738095238092
fine_category,common_noun,512,16,delta_ce,0.37967806298522194,16,168,0.24648014929549722,0.533724746703401
fine_category,common_noun,512,16,kl_full_to_compact,0.2872752685763625,16,168,0.17104664265342676,0.4356433316023964
fine_category,common_noun,512,16,top1_changed,0.21186260742181795,16,168,0.1396890219155844,0.29553696714469735
fine_category,coordinating_conjunction,512,16,delta_ce,-0.0423970265847149,15,37,-0.1400097271319646,0.05091287949068317
fine_category,coordinating_conjunction,512,16,kl_full_to_compact,0.10314475114036112,15,37,0.07212473232434402,0.14087430116368016
fine_category,coordinating_conjunction,512,16,top1_changed,0.2,15,37,0.07777777777777777,0.3499999999999999
fine_category,determiner,512,16,delta_ce,0.08932095227084921,16,65,0.013855101572763229,0.1622135756867899
fine_category,determiner,512,16,kl_full_to_compact,0.20225134832411037,16,65,0.07872787331098585,0.4279034669934558
fine_category,determiner,512,16,top1_changed,0.20476190476190476,16,65,0.07708333333333334,0.33958333333333335
fine_category,interjection,512,16,delta_ce,0.6014256477355957,2,2,0.20353126525878906,0.9993200302124023
fine_category,interjection,512,16,kl_full_to_compact,0.11382800340652466,2,2,0.07614624500274658,0.15150976181030273
fine_category,interjection,512,16,top1_changed,0.5,2,2,0.0,1.0
fine_category,negation,512,16,delta_ce,-0.11025917934907739,10,14,-0.19041499555407995,-0.034178462625422984
fine_category,negation,512,16,kl_full_to_compact,0.08727436722754192,10,14,0.03316152133155811,0.1603460787465155
fine_category,negation,512,16,top1_changed,0.1,10,14,0.0,0.3
fine_category,number,512,16,delta_ce,0.608491289845612,6,19,0.16082167016561472,1.1215594758590062
fine_category,number,512,16,kl_full_to_compact,0.40199468669043953,6,19,0.086838500936973,0.8248761526179083
fine_category,number,512,16,top1_changed,0.4166666666666667,6,19,0.13888888888888887,0.6944444444444443
fine_category,other,512,16,delta_ce,-0.0014270977531991563,16,81,-0.08204526922647715,0.08936196292462874
fine_category,other,512,16,kl_full_to_compact,0.12415935698779858,16,81,0.0371086778825222,0.24023317241555905
fine_category,other,512,16,top1_changed,0.13303571428571428,16,81,0.0625,0.20357142857142857
fine_category,particle,512,16,delta_ce,-0.10698847020759988,9,12,-0.2731651266519394,0.03260348763457284
fine_category,particle,512,16,kl_full_to_compact,0.05205736541423297,9,12,0.021429923417316685,0.09472177279854399
fine_category,particle,512,16,top1_changed,0.0,9,12,0.0,0.0
fine_category,pronoun,512,16,delta_ce,0.05403393578039032,15,101,0.011406394838594482,0.09815846507649031
fine_category,pronoun,512,16,kl_full_to_compact,0.09101114296070488,15,101,0.060585175345736715,0.12548794530215324
fine_category,pronoun,512,16,top1_changed,0.136963896669779,15,101,0.05674568160597571,0.22679905851229368
fine_category,proper_noun,512,16,delta_ce,0.8704704322404144,13,41,-0.01985161735221681,2.0361344631537857
fine_category,proper_noun,512,16,kl_full_to_compact,0.6884558138773282,13,41,0.13111637012804456,1.6269430114149435
fine_category,proper_noun,512,16,top1_changed,0.30915750915750917,13,41,0.14284798534798535,0.5014926739926738
fine_category,punctuation,512,16,delta_ce,0.05625107138234491,16,105,-0.03174265404535531,0.13935563716533664
fine_category,punctuation,512,16,kl_full_to_compact,0.13738230237729676,16,105,0.07767748902084666,0.21804905789536252
fine_category,punctuation,512,16,top1_changed,0.12462797619047619,16,105,0.0523313492063492,0.20947110615079353
fine_category,question_word,512,16,delta_ce,0.08522120170351682,11,19,-0.11314237208430174,0.31852158005243497
fine_category,question_word,512,16,kl_full_to_compact,0.15797725445141128,11,19,0.06721560810917501,0.2971453872425627
fine_category,question_word,512,16,top1_changed,0.045454545454545456,11,19,0.0,0.13636363636363635
fine_category,subordinating_conjunction,512,16,delta_ce,0.028306716650452778,8,13,-0.024260254049659126,0.09608292918225439
fine_category,subordinating_conjunction,512,16,kl_full_to_compact,0.22423459204946994,8,13,0.044949418668056754,0.5305133720466984
fine_category,subordinating_conjunction,512,16,top1_changed,0.22916666666666666,8,13,0.04062500000000006,0.47916666666666663
fine_category,verb,512,16,delta_ce,0.1473065220193423,16,104,0.05337964821442779,0.24372258650919348
fine_category,verb,512,16,kl_full_to_compact,0.13265744233432242,16,104,0.09063941235992398,0.1855988617570729
fine_category,verb,512,16,top1_changed,0.09718614718614718,16,104,0.04895664231601732,0.14846810741341987
fine_category,adjective,2048,0,delta_ce,0.12356811404435242,14,66,-0.07137122666717931,0.4267362227404878
fine_category,adjective,2048,0,kl_full_to_compact,0.0996276052133332,14,66,0.043439141896098335,0.17057073860147823
fine_category,adjective,2048,0,top1_changed,0.2095238095238095,14,66,0.12941326530612243,0.2921811224489796
fine_category,adposition,2048,0,delta_ce,-0.012156764849426892,16,94,-0.04985551586293024,0.02575400507252787
fine_category,adposition,2048,0,kl_full_to_compact,0.0366661072511027,16,94,0.024560414146584504,0.05200648388927414
fine_category,adposition,2048,0,top1_changed,0.06274801587301587,16,94,0.026041666666666664,0.10417286706349202
fine_category,adverb,2048,0,delta_ce,-0.042493235776000254,11,31,-0.21406457970889498,0.14990212617888815
fine_category,adverb,2048,0,kl_full_to_compact,0.13097688460041107,11,31,0.05057514468810516,0.2600683444508649
fine_category,adverb,2048,0,top1_changed,0.23787878787878788,11,31,0.06363636363636363,0.4454545454545455
fine_category,auxiliary,2048,0,delta_ce,-0.019627700185523605,14,52,-0.11461903304417959,0.06126695470296426
fine_category,auxiliary,2048,0,kl_full_to_compact,0.04490697312879148,14,52,0.019941918655992787,0.08046273797413799
fine_category,auxiliary,2048,0,top1_changed,0.09523809523809523,14,52,0.0,0.2619047619047619
fine_category,common_noun,2048,0,delta_ce,0.19873785369229433,16,168,0.08481050826397073,0.3500889388355377
fine_category,common_noun,2048,0,kl_full_to_compact,0.14593479613909716,16,168,0.07062145048316625,0.25674222033430205
fine_category,common_noun,2048,0,top1_changed,0.18931952550373604,16,168,0.12193197838345865,0.2643323293117699
fine_category,coordinating_conjunction,2048,0,delta_ce,-0.05853710236143443,15,37,-0.14299358977120494,-0.0004531005397439271
fine_category,coordinating_conjunction,2048,0,kl_full_to_compact,0.05570019037835058,15,37,0.03686787954949573,0.07738557834873466
fine_category,coordinating_conjunction,2048,0,top1_changed,0.1611111111111111,15,37,0.03888888888888888,0.31111111111111106
fine_category,determiner,2048,0,delta_ce,0.007736069669074037,16,65,-0.05660782956274502,0.06908032999444297
fine_category,determiner,2048,0,kl_full_to_compact,0.05565643872168326,16,65,0.040336406367881,0.070735498455338
fine_category,determiner,2048,0,top1_changed,0.1125,16,65,0.025,0.225
fine_category,interjection,2048,0,delta_ce,0.03462851047515869,2,2,-0.21228623390197754,0.2815432548522949
fine_category,interjection,2048,0,kl_full_to_compact,0.03171914676204324,2,2,0.0063093723729252815,0.057128921151161194
fine_category,interjection,2048,0,top1_changed,0.0,2,2,0.0,0.0
fine_category,negation,2048,0,delta_ce,-0.05425025668505441,10,14,-0.13548299119903276,0.025013482235244727
fine_category,negation,2048,0,kl_full_to_compact,0.025156291335616743,10,14,0.012088559897189696,0.03908074725305681
fine_category,negation,2048,0,top1_changed,0.1,10,14,0.0,0.3
fine_category,number,2048,0,delta_ce,0.31093170848895774,6,19,-0.025572792872925573,0.8664349496213031
fine_category,number,2048,0,kl_full_to_compact,0.17632712283397675,6,19,0.04083438288665396,0.3381341851264652
fine_category,number,2048,0,top1_changed,0.3333333333333333,6,19,0.08333333333333333,0.6388888888888888
fine_category,other,2048,0,delta_ce,0.025978389348788662,16,81,-0.050553638891204095,0.10935020097924637
fine_category,other,2048,0,kl_full_to_compact,0.07612407088573611,16,81,0.01892979937930818,0.14952838441424243
fine_category,other,2048,0,top1_changed,0.09241071428571429,16,81,0.034375,0.16339285714285712
fine_category,particle,2048,0,delta_ce,-0.0583438245121215,9,12,-0.17451475421629664,0.05486193914585872
fine_category,particle,2048,0,kl_full_to_compact,0.02534114409501045,9,12,0.01038264313293161,0.046976366903066315
fine_category,particle,2048,0,top1_changed,0.1111111111111111,9,12,0.0,0.3333333333333333
fine_category,pronoun,2048,0,delta_ce,0.03679960101432093,15,101,-0.01136173207261582,0.0835785627930293
fine_category,pronoun,2048,0,kl_full_to_compact,0.04898128451364844,15,101,0.024905634392857347,0.08027107696800545
fine_category,pronoun,2048,0,top1_changed,0.11267195767195767,15,101,0.043783068783068785,0.19482142857142853
fine_category,proper_noun,2048,0,delta_ce,0.28342669792232417,13,41,-0.20730597966992947,1.1194496452110032
fine_category,proper_noun,2048,0,kl_full_to_compact,0.4487527627263591,13,41,0.04471222090149765,1.2290395858123608
fine_category,proper_noun,2048,0,top1_changed,0.15714285714285714,13,41,0.04761904761904762,0.29230769230769227
fine_category,punctuation,2048,0,delta_ce,0.0024101269138410587,16,105,-0.08759724605270786,0.08571432347195912
fine_category,punctuation,2048,0,kl_full_to_compact,0.09334673637939352,16,105,0.040221542486545955,0.16613774945586607
fine_category,punctuation,2048,0,top1_changed,0.11941964285714285,16,105,0.05207403273809524,0.20238095238095238
fine_category,question_word,2048,0,delta_ce,-0.13635809239878488,11,19,-0.3363173308829904,0.06340106767337662
fine_category,question_word,2048,0,kl_full_to_compact,0.08899924420631689,11,19,0.04054892328805925,0.1425220928567631
fine_category,question_word,2048,0,top1_changed,0.0303030303030303,11,19,0.0,0.09090909090909091
fine_category,subordinating_conjunction,2048,0,delta_ce,-0.04131976443750318,8,13,-0.13545666575046197,0.039602702422780495
fine_category,subordinating_conjunction,2048,0,kl_full_to_compact,0.030593538846005686,8,13,0.01558523164021608,0.046782363344027536
fine_category,subordinating_conjunction,2048,0,top1_changed,0.22916666666666666,8,13,0.041666666666666664,0.49999999999999994
fine_category,verb,2048,0,delta_ce,0.06323081851243874,16,104,0.011237041657317313,0.11898879392294212
fine_category,verb,2048,0,kl_full_to_compact,0.0545660925862337,16,104,0.03605394024509273,0.07607318690050599
fine_category,verb,2048,0,top1_changed,0.0921672077922078,16,104,0.03380681818181818,0.16293120941558428
fine_category,adjective,2048,4,delta_ce,0.1298885356280573,14,66,-0.06499952533196782,0.43174609601692154
fine_category,adjective,2048,4,kl_full_to_compact,0.09948908707645701,14,66,0.044986480984752254,0.16983363212395136
fine_category,adjective,2048,4,top1_changed,0.19931972789115646,14,66,0.1112202380952381,0.2831845238095237
fine_category,adposition,2048,4,delta_ce,-0.018611750351210918,16,94,-0.06001949233062243,0.020650780533838887
fine_category,adposition,2048,4,kl_full_to_compact,0.03695304863039417,16,94,0.025224321875906727,0.05298211799815626
fine_category,adposition,2048,4,top1_changed,0.05381944444444444,16,94,0.017361111111111112,0.09722222222222222
fine_category,adverb,2048,4,delta_ce,-0.04537898970522678,11,31,-0.21206000144938258,0.12688780039816425
fine_category,adverb,2048,4,kl_full_to_compact,0.12716500449729473,11,31,0.04861708905531843,0.25581253744981314
fine_category,adverb,2048,4,top1_changed,0.2075757575757576,11,31,0.05450757575757577,0.4075757575757576
fine_category,auxiliary,2048,4,delta_ce,-0.01695139125119388,14,52,-0.11570148560085468,0.0649972534145594
fine_category,auxiliary,2048,4,kl_full_to_compact,0.04451163297104902,14,52,0.02117625831243254,0.0804022884916286
fine_category,auxiliary,2048,4,top1_changed,0.11607142857142858,14,52,0.011904761904761904,0.28273809523809523
fine_category,common_noun,2048,4,delta_ce,0.20921658747257113,16,168,0.09057728514711802,0.3515784035162415
fine_category,common_noun,2048,4,kl_full_to_compact,0.1465791340898801,16,168,0.07158439990476002,0.25394650756694015
fine_category,common_noun,2048,4,top1_changed,0.19145627764048817,16,168,0.12499980419799497,0.25610924574329175
fine_category,coordinating_conjunction,2048,4,delta_ce,-0.05867531953486428,15,37,-0.1460615412260025,0.005544131464478386
fine_category,coordinating_conjunction,2048,4,kl_full_to_compact,0.055680261401135384,15,37,0.03701219107010628,0.07672647225636914
fine_category,coordinating_conjunction,2048,4,top1_changed,0.1611111111111111,15,37,0.03888888888888888,0.3168055555555548
fine_category,determiner,2048,4,delta_ce,0.011975844531569982,16,65,-0.046368069852053724,0.06908249675670436
fine_category,determiner,2048,4,kl_full_to_compact,0.053635167375097804,16,65,0.038480578715613195,0.06922887818034809
fine_category,determiner,2048,4,top1_changed,0.1125,16,65,0.025,0.21875
fine_category,interjection,2048,4,delta_ce,0.07819080352783203,2,2,-0.19404983520507812,0.3504314422607422
fine_category,interjection,2048,4,kl_full_to_compact,0.031281971372663975,2,2,0.008185165002942085,0.054378777742385864
fine_category,interjection,2048,4,top1_changed,0.0,2,2,0.0,0.0
fine_category,negation,2048,4,delta_ce,-0.07270479433045693,10,14,-0.14639765912226724,-0.007483751763657044
fine_category,negation,2048,4,kl_full_to_compact,0.0245495806662575,10,14,0.012425028098145958,0.038304221985254114
fine_category,negation,2048,4,top1_changed,0.1,10,14,0.0,0.3
fine_category,number,2048,4,delta_ce,0.3391781008740155,6,19,-0.02762926802040258,0.9372998649875323
fine_category,number,2048,4,kl_full_to_compact,0.1857145452728547,6,19,0.040187544292333156,0.37404056831211263
fine_category,number,2048,4,top1_changed,0.3333333333333333,6,19,0.08333333333333333,0.6111111111111112
fine_category,other,2048,4,delta_ce,0.025011672927883494,16,81,-0.049833603085346755,0.11224884417205899
fine_category,other,2048,4,kl_full_to_compact,0.07391638099645553,16,81,0.019043975308241937,0.1451920224284948
fine_category,other,2048,4,top1_changed,0.09241071428571429,16,81,0.034375,0.16160714285714287
fine_category,particle,2048,4,delta_ce,-0.045486886549295176,9,12,-0.1663560540539101,0.05515412327738418
fine_category,particle,2048,4,kl_full_to_compact,0.022495842032134936,9,12,0.010025820597509968,0.03895288664433691
fine_category,particle,2048,4,top1_changed,0.1111111111111111,9,12,0.0,0.3333333333333333
fine_category,pronoun,2048,4,delta_ce,0.04169312971647853,15,101,-0.004054409114125075,0.08683672531963806
fine_category,pronoun,2048,4,kl_full_to_compact,0.049241876720400445,15,101,0.0262823054899576,0.0805021366466935
fine_category,pronoun,2048,4,top1_changed,0.121005291005291,15,101,0.05099603174603175,0.19969179894179892
fine_category,proper_noun,2048,4,delta_ce,0.30354230007354055,13,41,-0.18726163885037755,1.139404716434941
fine_category,proper_noun,2048,4,kl_full_to_compact,0.45122668649912256,13,41,0.04374503583550572,1.2352551675097136
fine_category,proper_noun,2048,4,top1_changed,0.12967032967032965,13,41,0.02564102564102564,0.25939560439560405
fine_category,punctuation,2048,4,delta_ce,0.0005321261201811818,16,105,-0.09153800942286598,0.0829052439836911
fine_category,punctuation,2048,4,kl_full_to_compact,0.09357645488913181,16,105,0.039774623817211516,0.16928995035583572
fine_category,punctuation,2048,4,top1_changed,0.1220238095238095,16,105,0.05988653273809524,0.19582093253968247
fine_category,question_word,2048,4,delta_ce,-0.130745085403429,11,19,-0.33701534509309566,0.07266644788330512
fine_category,question_word,2048,4,kl_full_to_compact,0.0897969747536329,11,19,0.04517383231468557,0.14036288534920127
fine_category,question_word,2048,4,top1_changed,0.0303030303030303,11,19,0.0,0.09090909090909091
fine_category,subordinating_conjunction,2048,4,delta_ce,-0.0458084787921204,8,13,-0.1470368195186893,0.03981442252794901
fine_category,subordinating_conjunction,2048,4,kl_full_to_compact,0.031808705613608865,8,13,0.016452017745905323,0.04914388001100936
fine_category,subordinating_conjunction,2048,4,top1_changed,0.22916666666666666,8,13,0.041666666666666664,0.47916666666666663
fine_category,verb,2048,4,delta_ce,0.05957306586059062,16,104,0.006107235210682286,0.11482801283679035
fine_category,verb,2048,4,kl_full_to_compact,0.05491905466810853,16,104,0.03748640982842458,0.07625054507538945
fine_category,verb,2048,4,top1_changed,0.11508387445887447,16,104,0.04517045454545455,0.21094020562770552
fine_category,adjective,2048,16,delta_ce,0.12801070012483312,14,66,-0.06576949807767178,0.41548369644967315
fine_category,adjective,2048,16,kl_full_to_compact,0.09966018269012336,14,66,0.04425883792545472,0.16700573942688962
fine_category,adjective,2048,16,top1_changed,0.2095238095238095,14,66,0.12243622448979594,0.29864795918367343
fine_category,adposition,2048,16,delta_ce,-0.020395230648641106,16,94,-0.05598973684494795,0.017952040028362582
fine_category,adposition,2048,16,kl_full_to_compact,0.03710853226793426,16,94,0.02495175453098989,0.05217451102503432
fine_category,adposition,2048,16,top1_changed,0.06274801587301587,16,94,0.024553571428571428,0.10590277777777776
fine_category,adverb,2048,16,delta_ce,-0.049486554865275555,11,31,-0.2071708971814455,0.11508801571812491
fine_category,adverb,2048,16,kl_full_to_compact,0.13101042894682824,11,31,0.049373458427033314,0.25587890087703313
fine_category,adverb,2048,16,top1_changed,0.23787878787878788,11,31,0.06818181818181818,0.4621212121212121
fine_category,auxiliary,2048,16,delta_ce,-0.012421073804476431,14,52,-0.10766727427940906,0.07655656545944062
fine_category,auxiliary,2048,16,kl_full_to_compact,0.04411225450117471,14,52,0.020630489830674083,0.08078025578765302
fine_category,auxiliary,2048,16,top1_changed,0.10714285714285714,14,52,0.0,0.2619047619047619
fine_category,common_noun,2048,16,delta_ce,0.1967844955179136,16,168,0.0789525763929002,0.34064285750600215
fine_category,common_noun,2048,16,kl_full_to_compact,0.14706761254737594,16,168,0.07193542295831547,0.2529477519994176
fine_category,common_noun,2048,16,top1_changed,0.18931952550373604,16,168,0.1244511341180749,0.2668970393641446
fine_category,coordinating_conjunction,2048,16,delta_ce,-0.0636211780221351,15,37,-0.1395955172699865,-0.004513823295906861
fine_category,coordinating_conjunction,2048,16,kl_full_to_compact,0.05545421446490259,15,37,0.03674829574478255,0.07594505126665431
fine_category,coordinating_conjunction,2048,16,top1_changed,0.18333333333333332,15,37,0.06111111111111111,0.33347222222222145
fine_category,determiner,2048,16,delta_ce,0.010163015163181214,16,65,-0.05316648074813146,0.07077909378629821
fine_category,determiner,2048,16,kl_full_to_compact,0.05624706699467359,16,65,0.04110638868312378,0.07317103342023774
fine_category,determiner,2048,16,top1_changed,0.1125,16,65,0.0125,0.21875
fine_category,interjection,2048,16,delta_ce,0.397743821144104,2,2,-0.22509264945983887,1.0205802917480469
fine_category,interjection,2048,16,kl_full_to_compact,0.03412568988278508,2,2,0.0076393382623791695,0.060612041503190994
fine_category,interjection,2048,16,top1_changed,0.0,2,2,0.0,0.0
fine_category,negation,2048,16,delta_ce,-0.056948364354275326,10,14,-0.13277623539708544,0.015242715086735584
fine_category,negation,2048,16,kl_full_to_compact,0.025633024485711076,10,14,0.014388307234790006,0.03808988899982068
fine_category,negation,2048,16,top1_changed,0.1,10,14,0.0,0.3
fine_category,number,2048,16,delta_ce,0.3177915928035014,6,19,-0.032688087665570464,0.8885048437449666
fine_category,number,2048,16,kl_full_to_compact,0.18265703195353733,6,19,0.04629094989886653,0.35945582514007884
fine_category,number,2048,16,top1_changed,0.3333333333333333,6,19,0.08333333333333333,0.638888888888889
fine_category,other,2048,16,delta_ce,0.02693797372242169,16,81,-0.046539743647765086,0.11154863727336323
fine_category,other,2048,16,kl_full_to_compact,0.07525792159216299,16,81,0.019674199134687646,0.14906436967969425
fine_category,other,2048,16,top1_changed,0.07678571428571429,16,81,0.021875,0.14242187499999992
fine_category,particle,2048,16,delta_ce,-0.049049329092516324,9,12,-0.14660664272184173,0.04691551160011978
fine_category,particle,2048,16,kl_full_to_compact,0.022954884014173633,9,12,0.010224934037984844,0.039996987990646896
fine_category,particle,2048,16,top1_changed,0.1111111111111111,9,12,0.0,0.3333333333333333
fine_category,pronoun,2048,16,delta_ce,0.0359907753347544,15,101,-0.010442135259706848,0.08128857753197802
fine_category,pronoun,2048,16,kl_full_to_compact,0.04814715831047254,15,101,0.026010731375383747,0.07839013122274475
fine_category,pronoun,2048,16,top1_changed,0.12378306878306877,15,101,0.054589285714285715,0.2040773809523809
fine_category,proper_noun,2048,16,delta_ce,0.2993671283006394,13,41,-0.17596773814773267,1.1405019466652617
fine_category,proper_noun,2048,16,kl_full_to_compact,0.44631241018744167,13,41,0.04459386924543968,1.221915372979624
fine_category,proper_noun,2048,16,top1_changed,0.15714285714285714,13,41,0.04945054945054945,0.28534798534798533
fine_category,punctuation,2048,16,delta_ce,0.0036364225707291704,16,105,-0.0763418735763414,0.08661120622674352
fine_category,punctuation,2048,16,kl_full_to_compact,0.08468220242882182,16,105,0.04008752077913412,0.14481242790823107
fine_category,punctuation,2048,16,top1_changed,0.11049107142857142,16,105,0.046496775793650795,0.19100012400793634
fine_category,question_word,2048,16,delta_ce,-0.1327339621026168,11,19,-0.32585928983570545,0.04014940189345822
fine_category,question_word,2048,16,kl_full_to_compact,0.08572829742192743,11,19,0.04017901712140883,0.13638661975719238
fine_category,question_word,2048,16,top1_changed,0.0303030303030303,11,19,0.0,0.09090909090909091
fine_category,subordinating_conjunction,2048,16,delta_ce,-0.04838224486835922,8,13,-0.13271544972230914,0.025020237537682972
fine_category,subordinating_conjunction,2048,16,kl_full_to_compact,0.030898002126680996,8,13,0.015901943441713227,0.047225049153954986
fine_category,subordinating_conjunction,2048,16,top1_changed,0.22916666666666666,8,13,0.041666666666666664,0.5
fine_category,verb,2048,16,delta_ce,0.06152720644519046,16,104,0.004157856198323409,0.11457257898736861
fine_category,verb,2048,16,kl_full_to_compact,0.05460966003261003,16,104,0.035228954232941305,0.07680548369261506
fine_category,verb,2048,16,top1_changed,0.0874323593073593,16,104,0.036335227272727276,0.14564393939393938
fine_category,adjective,8192,0,delta_ce,0.16064233211366377,14,66,-0.014907321836576648,0.45179287936375884
fine_category,adjective,8192,0,kl_full_to_compact,0.04948632773112636,14,66,0.02212232462718285,0.0874806487955112
fine_category,adjective,8192,0,top1_changed,0.15034013605442179,14,66,0.07345663265306124,0.23452380952380952
fine_category,adposition,8192,0,delta_ce,0.01210402333438006,16,94,-0.018128130076262624,0.04023399566117542
fine_category,adposition,8192,0,kl_full_to_compact,0.013744029402212102,16,94,0.010012043751652933,0.017986520854205105
fine_category,adposition,8192,0,top1_changed,0.010416666666666666,16,94,0.0,0.03125
fine_category,adverb,8192,0,delta_ce,-0.0023458588640289353,11,31,-0.12334162267679774,0.10058035510415135
fine_category,adverb,8192,0,kl_full_to_compact,0.039771997469225336,11,31,0.01613831997177799,0.07894189681357561
fine_category,adverb,8192,0,top1_changed,0.11666666666666665,11,31,0.022727272727272728,0.22727272727272727
fine_category,auxiliary,8192,0,delta_ce,0.026615070053978136,14,52,-0.025706240218956358,0.0846090101112523
fine_category,auxiliary,8192,0,kl_full_to_compact,0.017502598498111824,14,52,0.010838436203042144,0.025074584709904486
fine_category,auxiliary,8192,0,top1_changed,0.13988095238095238,14,52,0.017857142857142856,0.318452380952381
fine_category,common_noun,8192,0,delta_ce,-0.0032216196182861864,16,168,-0.03862051412629786,0.03513933247680364
fine_category,common_noun,8192,0,kl_full_to_compact,0.03130844607037498,16,168,0.02162493905604799,0.041230829297488475
fine_category,common_noun,8192,0,top1_changed,0.12096988355212039,16,168,0.06776683659907344,0.17462988377667654
fine_category,coordinating_conjunction,8192,0,delta_ce,0.005576016682314529,15,37,-0.03727861157120666,0.04701907239476718
fine_category,coordinating_conjunction,8192,0,kl_full_to_compact,0.018035189602619538,15,37,0.013013261447045467,0.02312513482004255
fine_category,coordinating_conjunction,8192,0,top1_changed,0.12777777777777777,15,37,0.02222222222222222,0.2833333333333333
fine_category,determiner,8192,0,delta_ce,-0.0037327651431031048,16,65,-0.041796267852702046,0.03057628351441825
fine_category,determiner,8192,0,kl_full_to_compact,0.03121300336921111,16,65,0.015256131103024272,0.054908759998118804
fine_category,determiner,8192,0,top1_changed,0.0875,16,65,0.0125,0.175
fine_category,interjection,8192,0,delta_ce,-0.030238866806030273,2,2,-0.052852630615234375,-0.007625102996826172
fine_category,interjection,8192,0,kl_full_to_compact,0.012530352920293808,2,2,0.0031476933509111404,0.021913012489676476
fine_category,interjection,8192,0,top1_changed,0.5,2,2,0.0,1.0
fine_category,negation,8192,0,delta_ce,-0.028711234920410788,10,14,-0.0701352639049037,0.005244842767006044
fine_category,negation,8192,0,kl_full_to_compact,0.008688404155037688,10,14,0.0047277417059588345,0.01348424658591284
fine_category,negation,8192,0,top1_changed,0.0,10,14,0.0,0.0
fine_category,number,8192,0,delta_ce,0.006387372611806718,6,19,-0.04144331087783384,0.05938694389252403
fine_category,number,8192,0,kl_full_to_compact,0.02768880924232033,6,19,0.008698391376194398,0.04802788903648937
fine_category,number,8192,0,top1_changed,0.05555555555555555,6,19,0.0,0.16666666666666666
fine_category,other,8192,0,delta_ce,0.0238450144646145,16,81,-0.014521630557332577,0.07104676732423018
fine_category,other,8192,0,kl_full_to_compact,0.01836287535832242,16,81,0.004732365550391941,0.037068694749584394
fine_category,other,8192,0,top1_changed,0.04598214285714285,16,81,0.00625,0.09598214285714285
fine_category,particle,8192,0,delta_ce,-0.04171991122924131,9,12,-0.12690719997878608,0.0406326757364417
fine_category,particle,8192,0,kl_full_to_compact,0.012878197362220413,9,12,0.0051709803931923185,0.021467858968551606
fine_category,particle,8192,0,top1_changed,0.2222222222222222,9,12,0.0,0.4444444444444444
fine_category,pronoun,8192,0,delta_ce,0.0050277425302286795,15,101,-0.02844144660470608,0.037407747071694857
fine_category,pronoun,8192,0,kl_full_to_compact,0.014117566955400106,15,101,0.00951106855019453,0.02022013670853218
fine_category,pronoun,8192,0,top1_changed,0.060925925925925925,15,101,0.01111111111111111,0.12444907407407405
fine_category,proper_noun,8192,0,delta_ce,-0.07914648610584672,13,41,-0.15195004154695746,-0.01404573670442421
fine_category,proper_noun,8192,0,kl_full_to_compact,0.03664168154706701,13,41,0.013845299737527456,0.06643924286397254
fine_category,proper_noun,8192,0,top1_changed,0.09688644688644689,13,41,0.015384615384615385,0.20384615384615384
fine_category,punctuation,8192,0,delta_ce,-0.01327980153161358,16,105,-0.037472618342621354,0.009709516289510372
fine_category,punctuation,8192,0,kl_full_to_compact,0.01986011401153833,16,105,0.014950109413804757,0.02558277531114986
fine_category,punctuation,8192,0,top1_changed,0.0445188492063492,16,105,0.006944444444444444,0.0951140873015873
fine_category,question_word,8192,0,delta_ce,-0.02335108406436065,11,19,-0.09721248511153989,0.05208708634447909
fine_category,question_word,8192,0,kl_full_to_compact,0.025853552807485827,11,19,0.01343620961124543,0.0415028220043799
fine_category,question_word,8192,0,top1_changed,0.09090909090909091,11,19,0.0,0.2727272727272727
fine_category,subordinating_conjunction,8192,0,delta_ce,-0.036805863073823275,8,13,-0.08650033428566531,0.01012242375845744
fine_category,subordinating_conjunction,8192,0,kl_full_to_compact,0.013106876100209774,8,13,0.006612181740365486,0.022099174874892925
fine_category,subordinating_conjunction,8192,0,top1_changed,0.22916666666666666,8,13,0.041666666666666664,0.4791666666666667
fine_category,verb,8192,0,delta_ce,0.006581778354276532,16,104,-0.02803128507926942,0.040713972415304896
fine_category,verb,8192,0,kl_full_to_compact,0.01984903902088125,16,104,0.015074384903518569,0.02477180733456288
fine_category,verb,8192,0,top1_changed,0.060443722943722945,16,104,0.0125,0.11428571428571428
fine_category,adjective,8192,4,delta_ce,0.13700814899187078,14,66,-0.030411386953166804,0.41784674961914187
fine_category,adjective,8192,4,kl_full_to_compact,0.04940011689860272,14,66,0.022854567974514718,0.0882225793003623
fine_category,adjective,8192,4,top1_changed,0.15034013605442179,14,66,0.07551020408163266,0.2350382653061224
fine_category,adposition,8192,4,delta_ce,0.015398566663075154,16,94,-0.015589012114251875,0.0435821636101131
fine_category,adposition,8192,4,kl_full_to_compact,0.013759253490758605,16,94,0.010027862358568356,0.018049007342644807
fine_category,adposition,8192,4,top1_changed,0.010416666666666666,16,94,0.0,0.03125
fine_category,adverb,8192,4,delta_ce,0.00029515442948842665,11,31,-0.1258115051181228,0.11412507926894579
fine_category,adverb,8192,4,kl_full_to_compact,0.03994509370401802,11,31,0.015124380051496784,0.08043487959861852
fine_category,adverb,8192,4,top1_changed,0.0712121212121212,11,31,0.0,0.14696969696969694
fine_category,auxiliary,8192,4,delta_ce,0.02821594581647846,14,52,-0.021031855700155845,0.07898330694184076
fine_category,auxiliary,8192,4,kl_full_to_compact,0.0169284221134594,14,52,0.010273675642448838,0.024919447898982545
fine_category,auxiliary,8192,4,top1_changed,0.13095238095238096,14,52,0.0,0.29761904761904756
fine_category,common_noun,8192,4,delta_ce,-0.0009659021280945465,16,168,-0.03556528122336686,0.036307280630536086
fine_category,common_noun,8192,4,kl_full_to_compact,0.03201248744118591,16,168,0.022269563273117143,0.0414507619075239
fine_category,common_noun,8192,4,top1_changed,0.12314328580775949,16,168,0.07495884004518873,0.17239100857110723
fine_category,coordinating_conjunction,8192,4,delta_ce,0.014517307075736122,15,37,-0.033531171206424105,0.05822178972885006
fine_category,coordinating_conjunction,8192,4,kl_full_to_compact,0.018002895670178987,15,37,0.012822681439586429,0.02327582625804047
fine_category,coordinating_conjunction,8192,4,top1_changed,0.1111111111111111,15,37,0.0,0.26666666666666666
fine_category,determiner,8192,4,delta_ce,-0.004744513612277908,16,65,-0.04112635296573513,0.02980608245856793
fine_category,determiner,8192,4,kl_full_to_compact,0.03182188575177417,16,65,0.01607157091914675,0.05803163992743902
fine_category,determiner,8192,4,top1_changed,0.075,16,65,0.0,0.16875
fine_category,interjection,8192,4,delta_ce,0.009576559066772461,2,2,-0.005549907684326172,0.024703025817871094
fine_category,interjection,8192,4,kl_full_to_compact,0.013159609865397215,2,2,0.0039506154134869576,0.022368604317307472
fine_category,interjection,8192,4,top1_changed,0.5,2,2,0.0,1.0
fine_category,negation,8192,4,delta_ce,-0.06516082207936051,10,14,-0.11045458152696255,-0.023792594004833127
fine_category,negation,8192,4,kl_full_to_compact,0.009002572059711157,10,14,0.005014750197138937,0.013484770066642964
fine_category,negation,8192,4,top1_changed,0.0,10,14,0.0,0.0
fine_category,number,8192,4,delta_ce,0.008553815943249296,6,19,-0.033153496075343965,0.052869364619255066
fine_category,number,8192,4,kl_full_to_compact,0.027633996781875992,6,19,0.007936114082415064,0.04921138180361595
fine_category,number,8192,4,top1_changed,0.05555555555555555,6,19,0.0,0.16666666666666666
fine_category,other,8192,4,delta_ce,0.026166065783979238,16,81,-0.009670051391681714,0.06955064716056406
fine_category,other,8192,4,kl_full_to_compact,0.019128109968159848,16,81,0.004774984247678324,0.03895279976579922
fine_category,other,8192,4,top1_changed,0.039732142857142855,16,81,0.0,0.08660714285714285
fine_category,particle,8192,4,delta_ce,-0.04806923517602021,9,12,-0.11831110660562748,0.027158168310501763
fine_category,particle,8192,4,kl_full_to_compact,0.011987596652337137,9,12,0.005902945654899365,0.019351611148726987
fine_category,particle,8192,4,top1_changed,0.2222222222222222,9,12,0.0,0.5555555555555556
fine_category,pronoun,8192,4,delta_ce,0.01121040130590726,15,101,-0.023825029303932977,0.042308918381606456
fine_category,pronoun,8192,4,kl_full_to_compact,0.01418751524787685,15,101,0.009578580264716108,0.01970911121699568
fine_category,pronoun,8192,4,top1_changed,0.047592592592592596,15,101,0.008333333333333333,0.09055555555555556
fine_category,proper_noun,8192,4,delta_ce,-0.07067260766633252,13,41,-0.13906269227546622,-0.009257947728939583
fine_category,proper_noun,8192,4,kl_full_to_compact,0.037196339669089994,13,41,0.015427692998936907,0.06813408557660224
fine_category,proper_noun,8192,4,top1_changed,0.11611721611721612,13,41,0.03457417582417583,0.22455586080586076
fine_category,punctuation,8192,4,delta_ce,-0.01612071919825111,16,105,-0.0381621105781876,0.007908750546886566
fine_category,punctuation,8192,4,kl_full_to_compact,0.019995575536461814,16,105,0.015309981173985444,0.0256826758522522
fine_category,punctuation,8192,4,top1_changed,0.08097718253968253,16,105,0.03819444444444445,0.12983630952380953
fine_category,question_word,8192,4,delta_ce,-0.03703647347653962,11,19,-0.12687240489321994,0.05098597725683992
fine_category,question_word,8192,4,kl_full_to_compact,0.027478138123556026,11,19,0.0138754416606389,0.04496501543704433
fine_category,question_word,8192,4,top1_changed,0.09090909090909091,11,19,0.0,0.2727272727272727
fine_category,subordinating_conjunction,8192,4,delta_ce,-0.059202024534897646,8,13,-0.12797406215686352,0.005393151497446514
fine_category,subordinating_conjunction,8192,4,kl_full_to_compact,0.013840836173282392,8,13,0.007566493149261077,0.023124819776664175
fine_category,subordinating_conjunction,8192,4,top1_changed,0.22916666666666666,8,13,0.041666666666666664,0.47916666666666663
fine_category,verb,8192,4,delta_ce,0.004281188087048042,16,104,-0.03105082868038375,0.04052329413871719
fine_category,verb,8192,4,kl_full_to_compact,0.02030474382647212,16,104,0.015395737671201667,0.025492111696337916
fine_category,verb,8192,4,top1_changed,0.07294372294372295,16,104,0.017045454545454544,0.14172077922077922
fine_category,adjective,8192,16,delta_ce,0.14686212994251976,14,66,-0.02957733665929785,0.43556406971301476
fine_category,adjective,8192,16,kl_full_to_compact,0.04982918040495308,14,66,0.02238638692877522,0.09287969807142678
fine_category,adjective,8192,16,top1_changed,0.15034013605442179,14,66,0.07227891156462585,0.23555272108843528
fine_category,adposition,8192,16,delta_ce,0.013495401660601699,16,94,-0.01400989391256247,0.040924082616116256
fine_category,adposition,8192,16,kl_full_to_compact,0.01374072277152541,16,94,0.009931061782911083,0.017762010063157276
fine_category,adposition,8192,16,top1_changed,0.010416666666666666,16,94,0.0,0.03125
fine_category,adverb,8192,16,delta_ce,0.007850480473577842,11,31,-0.12412370772396325,0.12505829942998048
fine_category,adverb,8192,16,kl_full_to_compact,0.039732913478374855,11,31,0.016551406035361076,0.07908012199485957
fine_category,adverb,8192,16,top1_changed,0.13939393939393938,11,31,0.03636363636363637,0.2636363636363636
fine_category,auxiliary,8192,16,delta_ce,0.021167300925368355,14,52,-0.025547899437979575,0.07270815489636288
fine_category,auxiliary,8192,16,kl_full_to_compact,0.01702760049001572,14,52,0.010445027238092488,0.02447325110471172
fine_category,auxiliary,8192,16,top1_changed,0.13095238095238096,14,52,0.0,0.29761904761904756
fine_category,common_noun,8192,16,delta_ce,-0.0055437805113644975,16,168,-0.03994190238731877,0.031338652752063906
fine_category,common_noun,8192,16,kl_full_to_compact,0.031052868242781438,16,168,0.02203108714099514,0.04065554774242831
fine_category,common_noun,8192,16,top1_changed,0.11501975728949412,16,168,0.06932917457177326,0.1604759937613556
fine_category,coordinating_conjunction,8192,16,delta_ce,0.00845058648522657,15,37,-0.03248772743821013,0.04971744149702415
fine_category,coordinating_conjunction,8192,16,kl_full_to_compact,0.01802352494048844,15,37,0.013130652486284413,0.023029704764187753
fine_category,coordinating_conjunction,8192,16,top1_changed,0.14444444444444443,15,37,0.02222222222222222,0.3
fine_category,determiner,8192,16,delta_ce,-0.014013893973328992,16,65,-0.05094283270773303,0.02344811376779986
fine_category,determiner,8192,16,kl_full_to_compact,0.03152693466423779,16,65,0.015574454259103258,0.05610119666509919
fine_category,determiner,8192,16,top1_changed,0.0875,16,65,0.0,0.18125
fine_category,interjection,8192,16,delta_ce,0.017105817794799805,2,2,0.016158103942871094,0.018053531646728516
fine_category,interjection,8192,16,kl_full_to_compact,0.012163697741925716,2,2,0.0031826477497816086,0.021144747734069824
fine_category,interjection,8192,16,top1_changed,0.5,2,2,0.0,1.0
fine_category,negation,8192,16,delta_ce,-0.03406337959168013,10,14,-0.07046203701244849,-0.00794736115870365
fine_category,negation,8192,16,kl_full_to_compact,0.008803379262923272,10,14,0.004882362580026296,0.013423397353933521
fine_category,negation,8192,16,top1_changed,0.0,10,14,0.0,0.0
fine_category,number,8192,16,delta_ce,0.018310125133419005,6,19,-0.02869434637371139,0.0744825498538123
fine_category,number,8192,16,kl_full_to_compact,0.028988231707230878,6,19,0.008820613216697823,0.055787733559959134
fine_category,number,8192,16,top1_changed,0.05555555555555555,6,19,0.0,0.16666666666666666
fine_category,other,8192,16,delta_ce,0.026210180931588226,16,81,-0.011449813912317953,0.06685930168727347
fine_category,other,8192,16,kl_full_to_compact,0.018476108041475498,16,81,0.005051727262546801,0.03683794700704351
fine_category,other,8192,16,top1_changed,0.039732142857142855,16,81,0.0,0.0911160714285712
fine_category,particle,8192,16,delta_ce,-0.04097963336822533,9,12,-0.11780377943068743,0.03376513192669737
fine_category,particle,8192,16,kl_full_to_compact,0.01128712659985038,9,12,0.004993324739443968,0.01833842431361381
fine_category,particle,8192,16,top1_changed,0.2222222222222222,9,12,0.0,0.5555555555555556
fine_category,pronoun,8192,16,delta_ce,0.00898776890792226,15,101,-0.02258730668940471,0.03929838787297171
fine_category,pronoun,8192,16,kl_full_to_compact,0.013851502380223276,15,101,0.00924850904369656,0.01967160239462039
fine_category,pronoun,8192,16,top1_changed,0.08037037037037037,15,101,0.02666666666666667,0.1503888888888888
fine_category,proper_noun,8192,16,delta_ce,-0.06785097794864459,13,41,-0.12906304010303374,-0.011017219806303033
fine_category,proper_noun,8192,16,kl_full_to_compact,0.038475633118452736,13,41,0.014170951819531454,0.06939907605577733
fine_category,proper_noun,8192,16,top1_changed,0.07124542124542123,13,41,0.015384615384615385,0.1379120879120879
fine_category,punctuation,8192,16,delta_ce,-0.012780760962773672,16,105,-0.03725117466224262,0.010199872790666888
fine_category,punctuation,8192,16,kl_full_to_compact,0.019393063362959616,16,105,0.014552774918652613,0.025283856346195184
fine_category,punctuation,8192,16,top1_changed,0.05927579365079365,16,105,0.014756944444444444,0.12290736607142848
fine_category,question_word,8192,16,delta_ce,-0.017938866824172717,11,19,-0.09101431094968575,0.05864361388991131
fine_category,question_word,8192,16,kl_full_to_compact,0.02690202400624526,11,19,0.013353697072880371,0.0442321071943628
fine_category,question_word,8192,16,top1_changed,0.09090909090909091,11,19,0.0,0.2727272727272727
fine_category,subordinating_conjunction,8192,16,delta_ce,-0.04142912313667087,8,13,-0.09349873295286672,0.006213379952290172
fine_category,subordinating_conjunction,8192,16,kl_full_to_compact,0.013737500263838834,8,13,0.007228242298742771,0.023068710855901977
fine_category,subordinating_conjunction,8192,16,top1_changed,0.22916666666666666,8,13,0.0,0.5
fine_category,verb,8192,16,delta_ce,0.004122897712215404,16,104,-0.035348599606974306,0.040772329986155875
fine_category,verb,8192,16,kl_full_to_compact,0.01910163913451565,16,104,0.014442201868415303,0.024009046150714846
fine_category,verb,8192,16,top1_changed,0.060443722943722945,16,104,0.01461038961038961,0.11136363636363636
pos,ADJ,128,0,delta_ce,0.33092398605914203,14,66,0.076334680106347,0.6373952590510442
pos,ADJ,128,0,kl_full_to_compact,0.33382449295145705,14,66,0.23287274583751985,0.44402899861611556
pos,ADJ,128,0,top1_changed,0.4412414965986394,14,66,0.2851126700680272,0.6091921768707482
pos,ADP,128,0,delta_ce,0.07181110935030127,16,94,-0.04134915160517886,0.1874829946471263
pos,ADP,128,0,kl_full_to_compact,0.2081335487897314,16,94,0.15747574523977312,0.26547715426136664
pos,ADP,128,0,top1_changed,0.1946248196248196,16,94,0.12485880005411255,0.26636566558441555
pos,ADV,128,0,delta_ce,0.6019915580181546,11,31,0.09920543906903317,1.2526962821698606
pos,ADV,128,0,kl_full_to_compact,0.37616809132177326,11,31,0.20007225426485425,0.6286067983068375
pos,ADV,128,0,top1_changed,0.22575757575757577,11,31,0.09090909090909091,0.3772727272727273
pos,AUX,128,0,delta_ce,0.16489260287949067,14,52,0.06257896087348595,0.27642081454320994
pos,AUX,128,0,kl_full_to_compact,0.2254129182132354,14,52,0.14528133746681632,0.3214300726705981
pos,AUX,128,0,top1_changed,0.23886054421768707,14,52,0.09343112244897958,0.4069387755102038
pos,CCONJ,128,0,delta_ce,-0.10022075211034259,15,38,-0.35690664215291484,0.14814139865710654
pos,CCONJ,128,0,kl_full_to_compact,0.2449868952635572,15,38,0.16629811965171634,0.3336288933724993
pos,CCONJ,128,0,top1_changed,0.3055555555555556,15,38,0.14444444444444443,0.4888888888888889
pos,DET,128,0,delta_ce,0.1270023129918627,16,68,0.02875520974313986,0.24468804476359288
pos,DET,128,0,kl_full_to_compact,0.3698162485315693,16,68,0.18843189920528627,0.6125095975645499
pos,DET,128,0,top1_changed,0.2348958333333333,16,68,0.10833333333333334,0.38697916666666665
pos,INTJ,128,0,delta_ce,0.7726008892059326,2,2,0.31981706619262695,1.2253847122192383
pos,INTJ,128,0,kl_full_to_compact,0.16685695201158524,2,2,0.1580316722393036,0.17568223178386688
pos,INTJ,128,0,top1_changed,0.5,2,2,0.0,1.0
pos,NOUN,128,0,delta_ce,0.5884921089036603,16,168,0.4258519005093281,0.7537284751340172
pos,NOUN,128,0,kl_full_to_compact,0.4713910690157937,16,168,0.35393716308008155,0.6091047894264503
pos,NOUN,128,0,top1_changed,0.28270853780722205,16,168,0.2189858257148553,0.348403210230924
pos,NUM,128,0,delta_ce,0.5766170801509968,6,19,0.13976561826922182,1.2115335663159688
pos,NUM,128,0,kl_full_to_compact,0.47040543791614864,6,19,0.12095027341371557,0.9628832533179457
pos,NUM,128,0,top1_changed,0.38888888888888884,6,19,0.13888888888888887,0.6666666666666666
pos,PART,128,0,delta_ce,-0.06286112208520839,11,24,-0.3093768423246762,0.15382997953468772
pos,PART,128,0,kl_full_to_compact,0.18585798238464948,11,24,0.1031875545332613,0.27528136954294463
pos,PART,128,0,top1_changed,0.16666666666666666,11,24,0.0,0.36363636363636365
pos,PRON,128,0,delta_ce,0.17688171999393304,15,113,0.09000123381638334,0.25936617890716035
pos,PRON,128,0,kl_full_to_compact,0.2292884667946258,15,113,0.1705357148667882,0.2849695291859295
pos,PRON,128,0,top1_changed,0.1502327193503664,15,113,0.08406528520499108,0.22588730441671617
pos,PROPN,128,0,delta_ce,2.0189064450601,14,44,0.611019734840013,3.6719395174047444
pos,PROPN,128,0,kl_full_to_compact,1.5342788335453164,14,44,0.47274741470487364,3.047000845545924
pos,PROPN,128,0,top1_changed,0.34370748299319726,14,44,0.18570578231292517,0.5160034013605441
pos,PUNCT,128,0,delta_ce,0.24806312366604938,16,101,0.09905998593565615,0.3938071698208137
pos,PUNCT,128,0,kl_full_to_compact,0.31732467777310086,16,101,0.23956343570784416,0.3930573986330561
pos,PUNCT,128,0,top1_changed,0.29035218253968254,16,101,0.21661458333333333,0.3587562003968254
pos,SCONJ,128,0,delta_ce,0.23902222804838058,11,19,-0.033066915331944606,0.5376137886753753
pos,SCONJ,128,0,kl_full_to_compact,0.29890143284291937,11,19,0.1486709011570466,0.54516211646736
pos,SCONJ,128,0,top1_changed,0.22727272727272727,11,19,0.0,0.45568181818181197
pos,SPACE,128,0,delta_ce,0.0789857387038258,16,79,-0.12646551499713116,0.2804319587815726
pos,SPACE,128,0,kl_full_to_compact,0.20553333099755947,16,79,0.12153105937935568,0.3105917896775623
pos,SPACE,128,0,top1_changed,0.18645833333333334,16,79,0.109375,0.26145833333333335
pos,VERB,128,0,delta_ce,0.36489110202149816,16,104,0.19970240582648674,0.5281505556838088
pos,VERB,128,0,kl_full_to_compact,0.30406448900870425,16,104,0.23723483785925323,0.37357732604832805
pos,VERB,128,0,top1_changed,0.2683982683982684,16,104,0.16034547483766234,0.36969527867965346
pos,X,128,0,delta_ce,0.02156764268875122,2,2,-1.9142541885375977,1.9573894739151
pos,X,128,0,kl_full_to_compact,1.2851319313049316,2,2,0.4257946014404297,2.1444692611694336
pos,X,128,0,top1_changed,1.0,2,2,1.0,1.0
pos,ADJ,128,4,delta_ce,0.32888142593183645,14,66,0.09406974853506599,0.5969383768561539
pos,ADJ,128,4,kl_full_to_compact,0.32343348354680795,14,66,0.22695574903501245,0.4279503891056085
pos,ADJ,128,4,top1_changed,0.4412414965986394,14,66,0.2800956632653061,0.6014965986394554
pos,ADP,128,4,delta_ce,0.09433926412611916,16,94,-0.020391222433643247,0.22469131626836877
pos,ADP,128,4,kl_full_to_compact,0.20188268280852772,16,94,0.1547370170900018,0.2523462786359998
pos,ADP,128,4,top1_changed,0.1915471681096681,16,94,0.1249906994047619,0.2588927782287157
pos,ADV,128,4,delta_ce,0.6808878539521671,11,31,0.16106491962823466,1.2961358576325896
pos,ADV,128,4,kl_full_to_compact,0.3935171921024889,11,31,0.206450569399061,0.6225221456544981
pos,ADV,128,4,top1_changed,0.3015151515151515,11,31,0.13636363636363635,0.4606060606060606
pos,AUX,128,4,delta_ce,0.22698616938044627,14,52,0.092029364628806,0.39305788594719365
pos,AUX,128,4,kl_full_to_compact,0.23254999416954752,14,52,0.1546453858531701,0.3234657160181461
pos,AUX,128,4,top1_changed,0.2602891156462585,14,52,0.11520195578231293,0.4150616496598639
pos,CCONJ,128,4,delta_ce,-0.09081680950475857,15,38,-0.3341586914203234,0.1588839907009969
pos,CCONJ,128,4,kl_full_to_compact,0.25142796657358607,15,38,0.17825340955932106,0.3345732494734691
pos,CCONJ,128,4,top1_changed,0.2722222222222222,15,38,0.12222222222222222,0.45
pos,DET,128,4,delta_ce,0.13247747946293853,16,68,0.016060041741929928,0.2515300002986035
pos,DET,128,4,kl_full_to_compact,0.3699522525245725,16,68,0.19875630525721935,0.6256239895663862
pos,DET,128,4,top1_changed,0.2427083333333333,16,68,0.11458333333333333,0.3885416666666667
pos,INTJ,128,4,delta_ce,0.8706934452056885,2,2,0.5832295417785645,1.1581573486328125
pos,INTJ,128,4,kl_full_to_compact,0.1864626333117485,2,2,0.1822495013475418,0.1906757652759552
pos,INTJ,128,4,top1_changed,0.5,2,2,0.0,1.0
pos,NOUN,128,4,delta_ce,0.5620129692768301,16,168,0.40035045229311617,0.7365421878491212
pos,NOUN,128,4,kl_full_to_compact,0.4688862086189708,16,168,0.35114443442044263,0.6122760198303536
pos,NOUN,128,4,top1_changed,0.2962593419007893,16,168,0.22783070342486458,0.3680340851126213
pos,NUM,128,4,delta_ce,0.5662065476749073,6,19,0.14563056859897391,1.1667402742637527
pos,NUM,128,4,kl_full_to_compact,0.474916619710954,6,19,0.12693778884268492,0.9476821464452465
pos,NUM,128,4,top1_changed,0.38888888888888884,6,19,0.13888888888888887,0.6666666666666666
pos,PART,128,4,delta_ce,-0.03241685105136694,11,24,-0.25807087735561557,0.17503332951948583
pos,PART,128,4,kl_full_to_compact,0.1737081945995063,11,24,0.09928479318739955,0.25153938288038424
pos,PART,128,4,top1_changed,0.1212121212121212,11,24,0.0,0.30303030303030304
pos,PRON,128,4,delta_ce,0.19218888392446704,15,113,0.10361098968670504,0.2819640961821122
pos,PRON,128,4,kl_full_to_compact,0.23027892842572698,15,113,0.16617491691067768,0.29351566290418846
pos,PRON,128,4,top1_changed,0.1562933254109725,15,113,0.08684677658942365,0.22981914735591194
pos,PROPN,128,4,delta_ce,1.9945739745912938,14,44,0.7075846311241705,3.7351809645021015
pos,PROPN,128,4,kl_full_to_compact,1.5281646542019616,14,44,0.4892441946149089,2.990327141837274
pos,PROPN,128,4,top1_changed,0.34370748299319726,14,44,0.1868877551020408,0.5035841836734694
pos,PUNCT,128,4,delta_ce,0.25074093884544535,16,101,0.09223207097805461,0.4061287122525804
pos,PUNCT,128,4,kl_full_to_compact,0.3307287473640856,16,101,0.2465301331806589,0.41763213049601217
pos,PUNCT,128,4,top1_changed,0.2845238095238095,16,101,0.19818204365079367,0.3657291666666666
pos,SCONJ,128,4,delta_ce,0.28305965944221523,11,19,-0.005138240892891638,0.5857849759416596
pos,SCONJ,128,4,kl_full_to_compact,0.30944640892134473,11,19,0.15824067832930297,0.5516264572898347
pos,SCONJ,128,4,top1_changed,0.22727272727272727,11,19,0.0,0.5
pos,SPACE,128,4,delta_ce,0.08585204421175754,16,79,-0.1187771122875832,0.27687066370793145
pos,SPACE,128,4,kl_full_to_compact,0.20231982330496218,16,79,0.12273840402525008,0.29691039902230004
pos,SPACE,128,4,top1_changed,0.19270833333333331,16,79,0.1125,0.2719010416666665
pos,VERB,128,4,delta_ce,0.43442784719428895,16,104,0.24203702979510253,0.6286557584519036
pos,VERB,128,4,kl_full_to_compact,0.3120220445810886,16,104,0.24308247673037878,0.38168220667006103
pos,VERB,128,4,top1_changed,0.2611810064935065,16,104,0.16230823863636362,0.36260890151515146
pos,X,128,4,delta_ce,0.1456460952758789,2,2,-2.3223953247070312,2.613687515258789
pos,X,128,4,kl_full_to_compact,1.4034544974565506,2,2,0.4779001772403717,2.3290088176727295
pos,X,128,4,top1_changed,1.0,2,2,1.0,1.0
pos,ADJ,128,16,delta_ce,0.3586116700185979,14,66,0.12161778347983117,0.6164388632415423
pos,ADJ,128,16,kl_full_to_compact,0.38600605273795524,14,66,0.2596173915642827,0.5277885281072963
pos,ADJ,128,16,top1_changed,0.4365646258503401,14,66,0.2861862244897959,0.6054549319727891
pos,ADP,128,16,delta_ce,0.13173906521293735,16,94,0.016672407965552926,0.2706240200509439
pos,ADP,128,16,kl_full_to_compact,0.22721612849066872,16,94,0.17952407893187644,0.27764793722109704
pos,ADP,128,16,top1_changed,0.21151244588744586,16,94,0.13764880952380953,0.2967151988636363
pos,ADV,128,16,delta_ce,0.6141827773535624,11,31,0.12752628301862967,1.2053736107690598
pos,ADV,128,16,kl_full_to_compact,0.39123063476819714,11,31,0.22049619191879172,0.6282484423172057
pos,ADV,128,16,top1_changed,0.3015151515151515,11,31,0.14545454545454545,0.4651515151515151
pos,AUX,128,16,delta_ce,0.1768066107738941,14,52,0.06398293108867836,0.30058999435554834
pos,AUX,128,16,kl_full_to_compact,0.2578737396294676,14,52,0.1682303531064203,0.3645392631450636
pos,AUX,128,16,top1_changed,0.22525510204081636,14,52,0.08034226190476192,0.39193664965986386
pos,CCONJ,128,16,delta_ce,-0.07752183747167389,15,38,-0.34265358820557595,0.17702560122926797
pos,CCONJ,128,16,kl_full_to_compact,0.27494787602206794,15,38,0.18894889026610248,0.37130597843531477
pos,CCONJ,128,16,top1_changed,0.31666666666666665,15,38,0.13333333333333333,0.5222222222222223
pos,DET,128,16,delta_ce,0.14373244939956098,16,68,0.033373931748174074,0.27027802968005443
pos,DET,128,16,kl_full_to_compact,0.4134385503525988,16,68,0.2296508456051878,0.6914631352322235
pos,DET,128,16,top1_changed,0.2994791666666667,16,68,0.14322916666666669,0.47930989583333256
pos,INTJ,128,16,delta_ce,0.6176998615264893,2,2,0.30435705184936523,0.9310426712036133
pos,INTJ,128,16,kl_full_to_compact,0.2108793631196022,2,2,0.207705557346344,0.2140531688928604
pos,INTJ,128,16,top1_changed,0.0,2,2,0.0,0.0
pos,NOUN,128,16,delta_ce,0.5837028021244198,16,168,0.417836513668368,0.756448565124543
pos,NOUN,128,16,kl_full_to_compact,0.5206454408587796,16,168,0.37812468423426204,0.7228862003381413
pos,NOUN,128,16,top1_changed,0.2927519757289494,16,168,0.21649165458992758,0.3666909262612388
pos,NUM,128,16,delta_ce,0.6105218809237057,6,19,0.13949134929737836,1.2380706665969532
pos,NUM,128,16,kl_full_to_compact,0.5151874810269671,6,19,0.15064262479103893,1.0117188118934979
pos,NUM,128,16,top1_changed,0.5,6,19,0.25,0.75
pos,PART,128,16,delta_ce,-0.05000675490873895,11,24,-0.2770113761507938,0.15916191739755128
pos,PART,128,16,kl_full_to_compact,0.18756839184603782,11,24,0.11183288258818556,0.2567142808471214
pos,PART,128,16,top1_changed,0.1212121212121212,11,24,0.0,0.33333333333333326
pos,PRON,128,16,delta_ce,0.2553057010737479,15,113,0.14708631529604296,0.37007511967122264
pos,PRON,128,16,kl_full_to_compact,0.272097665762418,15,113,0.1973800874590737,0.3516401164016116
pos,PRON,128,16,top1_changed,0.20279263220439692,15,113,0.09997549019607845,0.3078431372549019
pos,PROPN,128,16,delta_ce,2.0600477372089654,14,44,0.7645861869443996,3.636882825201887
pos,PROPN,128,16,kl_full_to_compact,1.6365166333725567,14,44,0.5942526282723063,3.009545233497887
pos,PROPN,128,16,top1_changed,0.3937074829931973,14,44,0.20883078231292515,0.582155612244898
pos,PUNCT,128,16,delta_ce,0.2673440102142252,16,101,0.104239741581518,0.42312270890556386
pos,PUNCT,128,16,kl_full_to_compact,0.3642819983583029,16,101,0.27844239536156357,0.44954700607461695
pos,PUNCT,128,16,top1_changed,0.3038690476190476,16,101,0.22504712301587299,0.38413318452380946
pos,SCONJ,128,16,delta_ce,0.4147935678166422,11,19,0.06881417145628031,0.8128497733134827
pos,SCONJ,128,16,kl_full_to_compact,0.36922607000804314,11,19,0.1713610910450701,0.6174024416133761
pos,SCONJ,128,16,top1_changed,0.3181818181818182,11,19,0.09090909090909091,0.5909090909090909
pos,SPACE,128,16,delta_ce,0.14004973140811974,16,79,-0.08176904861370228,0.3844453511780497
pos,SPACE,128,16,kl_full_to_compact,0.2395326731234339,16,79,0.1323355391609698,0.3676440726448374
pos,SPACE,128,16,top1_changed,0.20833333333333331,16,79,0.11455729166666666,0.3083333333333333
pos,VERB,128,16,delta_ce,0.5200839743284522,16,104,0.30391954394592774,0.7408916056209504
pos,VERB,128,16,kl_full_to_compact,0.35413893427325066,16,104,0.27190736182738123,0.4411210694744418
pos,VERB,128,16,top1_changed,0.29617153679653685,16,104,0.19198880546536798,0.4037175324675324
pos,X,128,16,delta_ce,0.9346218109130859,2,2,-1.9936246871948242,3.862868309020996
pos,X,128,16,kl_full_to_compact,1.6398029029369354,2,2,0.6570433974266052,2.6225624084472656
pos,X,128,16,top1_changed,1.0,2,2,1.0,1.0
pos,ADJ,512,0,delta_ce,0.23503376585599375,14,66,-0.0037451761287030077,0.5293252438292645
pos,ADJ,512,0,kl_full_to_compact,0.14895832727578492,14,66,0.09201685900741019,0.2251266734581131
pos,ADJ,512,0,top1_changed,0.3156462585034014,14,66,0.17755102040816326,0.4755739795918364
pos,ADP,512,0,delta_ce,0.09857865955189929,16,94,0.01378287763101794,0.1888560643335439
pos,ADP,512,0,kl_full_to_compact,0.08571990523891035,16,94,0.054245100613219514,0.12749467479127644
pos,ADP,512,0,top1_changed,0.1782783189033189,16,94,0.10006707702020202,0.2740631764069261
pos,ADV,512,0,delta_ce,-0.02470967546916764,11,31,-0.21751836543281877,0.17178925588219
pos,ADV,512,0,kl_full_to_compact,0.12552426232652963,11,31,0.07546842136987834,0.18784579446587119
pos,ADV,512,0,top1_changed,0.13484848484848483,11,31,0.04090909090909091,0.24393939393939393
pos,AUX,512,0,delta_ce,0.047106127544990446,14,52,-0.06132850910569019,0.16391851472762978
pos,AUX,512,0,kl_full_to_compact,0.08697125666598997,14,52,0.04797790353459451,0.13975422389046835
pos,AUX,512,0,top1_changed,0.14591836734693878,14,52,0.03809523809523809,0.31020408163265306
pos,CCONJ,512,0,delta_ce,-0.01012806686424786,15,38,-0.10108282543856553,0.08584662053694744
pos,CCONJ,512,0,kl_full_to_compact,0.11262421528938124,15,38,0.07788783682639606,0.15245848218506175
pos,CCONJ,512,0,top1_changed,0.16666666666666666,15,38,0.05555555555555555,0.31111111111111106
pos,DET,512,0,delta_ce,0.048575871439325485,16,68,-0.01891155840340107,0.11761068552523099
pos,DET,512,0,kl_full_to_compact,0.19296786072914943,16,68,0.07655196750881309,0.40354378447200656
pos,DET,512,0,top1_changed,0.22142857142857142,16,68,0.08808035714285714,0.3687648809523809
pos,INTJ,512,0,delta_ce,0.6180455684661865,2,2,0.12474870681762695,1.111342430114746
pos,INTJ,512,0,kl_full_to_compact,0.11388624459505081,2,2,0.07463563978672028,0.15313684940338135
pos,INTJ,512,0,top1_changed,0.5,2,2,0.0,1.0
pos,NOUN,512,0,delta_ce,0.3842704553636496,16,168,0.2415639974841742,0.5376359816964736
pos,NOUN,512,0,kl_full_to_compact,0.29261313636883657,16,168,0.1734742973908318,0.4300551607618455
pos,NOUN,512,0,top1_changed,0.21384673440594493,16,168,0.13970811261107313,0.3007941448628126
pos,NUM,512,0,delta_ce,0.6220558163808366,6,19,0.13300335719717013,1.1871538926117864
pos,NUM,512,0,kl_full_to_compact,0.4110433331149074,6,19,0.0749116981998668,0.869168934223611
pos,NUM,512,0,top1_changed,0.5,6,19,0.27777777777777773,0.75
pos,PART,512,0,delta_ce,-0.07389907253437107,11,24,-0.15460555635319737,-0.006539271359665918
pos,PART,512,0,kl_full_to_compact,0.061766478661339726,11,24,0.029444568002001247,0.10462713894092303
pos,PART,512,0,top1_changed,0.0,11,24,0.0,0.0
pos,PRON,512,0,delta_ce,0.04089330114626333,15,113,-0.01146170786124334,0.09495768760470435
pos,PRON,512,0,kl_full_to_compact,0.10149297492290695,15,113,0.0684596099418267,0.13593191148445302
pos,PRON,512,0,top1_changed,0.13414042384630617,15,113,0.053290131709249365,0.2247095959595957
pos,PROPN,512,0,delta_ce,0.7913868212617654,14,44,0.005297020589774417,1.8082824539211801
pos,PROPN,512,0,kl_full_to_compact,0.641719572625816,14,44,0.12135430717860961,1.5001813814455718
pos,PROPN,512,0,top1_changed,0.20850340136054418,14,44,0.08469387755102041,0.3523894557823129
pos,PUNCT,512,0,delta_ce,0.042024030189407764,16,101,-0.031647421199208076,0.11100127358154413
pos,PUNCT,512,0,kl_full_to_compact,0.1289846356032372,16,101,0.0732589273690783,0.20560338979013312
pos,PUNCT,512,0,top1_changed,0.11681547619047618,16,101,0.05059523809523809,0.19122023809523808
pos,SCONJ,512,0,delta_ce,0.00980745059099387,11,19,-0.07687259974349714,0.10246098313470024
pos,SCONJ,512,0,kl_full_to_compact,0.20674287775975905,11,19,0.06830797680119179,0.4364136805506528
pos,SCONJ,512,0,top1_changed,0.18181818181818182,11,19,0.0,0.36363636363636365
pos,SPACE,512,0,delta_ce,0.024173692364100434,16,79,-0.06132799402980709,0.12911603288797613
pos,SPACE,512,0,kl_full_to_compact,0.11516394815272027,16,79,0.036368902507599894,0.22054951385780006
pos,SPACE,512,0,top1_changed,0.13333333333333333,16,79,0.065625,0.20210937499999987
pos,VERB,512,0,delta_ce,0.15598714753403298,16,104,0.06551967962064534,0.261988204367739
pos,VERB,512,0,kl_full_to_compact,0.13168314749223747,16,104,0.08711965167330032,0.1848682332375958
pos,VERB,512,0,top1_changed,0.10755546536796537,16,104,0.04895833333333333,0.17084178841991338
pos,X,512,0,delta_ce,-0.9340125918388367,2,2,-1.375762939453125,-0.49226224422454834
pos,X,512,0,kl_full_to_compact,0.715266153216362,2,2,0.12583276629447937,1.3046995401382446
pos,X,512,0,top1_changed,0.5,2,2,0.0,1.0
pos,ADJ,512,4,delta_ce,0.23344029642643685,14,66,0.014098004694732656,0.5395916661454196
pos,ADJ,512,4,kl_full_to_compact,0.15106766815200176,14,66,0.09515694863625655,0.2253722436773196
pos,ADJ,512,4,top1_changed,0.3258503401360544,14,66,0.18383503401360543,0.48912414965986395
pos,ADP,512,4,delta_ce,0.09677400595206541,16,94,0.00970217150149307,0.19690094019246193
pos,ADP,512,4,kl_full_to_compact,0.08714670503579908,16,94,0.05447175338937079,0.12852146949580875
pos,ADP,512,4,top1_changed,0.1704658189033189,16,94,0.09058723394660895,0.26769846906565653
pos,ADV,512,4,delta_ce,-0.039786685127579734,11,31,-0.22521132190402235,0.14129864287335117
pos,ADV,512,4,kl_full_to_compact,0.1254809880987247,11,31,0.07413754393425982,0.18972908375014372
pos,ADV,512,4,top1_changed,0.13484848484848483,11,31,0.04090909090909091,0.23795454545454506
pos,AUX,512,4,delta_ce,0.04163609240457517,14,52,-0.06590691831624958,0.153352120922701
pos,AUX,512,4,kl_full_to_compact,0.08527319271079437,14,52,0.04772968502045446,0.13494010911052087
pos,AUX,512,4,top1_changed,0.1548469387755102,14,52,0.046598639455782305,0.30954081632653047
pos,CCONJ,512,4,delta_ce,-0.01802126847307793,15,38,-0.10283395976065043,0.07344244823557444
pos,CCONJ,512,4,kl_full_to_compact,0.110639718824637,15,38,0.07645972991479336,0.14851772277958739
pos,CCONJ,512,4,top1_changed,0.18888888888888886,15,38,0.0611111111111111,0.3499999999999999
pos,DET,512,4,delta_ce,0.04792467624854345,16,68,-0.02387784439077076,0.1194492202187668
pos,DET,512,4,kl_full_to_compact,0.19666173522566083,16,68,0.07861919721388316,0.4098898484851018
pos,DET,512,4,top1_changed,0.2089285714285714,16,68,0.0875,0.35684523809523805
pos,INTJ,512,4,delta_ce,0.6198768615722656,2,2,0.2126483917236328,1.0271053314208984
pos,INTJ,512,4,kl_full_to_compact,0.11230963096022606,2,2,0.07419934123754501,0.1504199206829071
pos,INTJ,512,4,top1_changed,0.5,2,2,0.0,1.0
pos,NOUN,512,4,delta_ce,0.38333475684825974,16,168,0.2446709432000059,0.5289869827825936
pos,NOUN,512,4,kl_full_to_compact,0.2933388387329639,16,168,0.17725077702611355,0.4407284606003234
pos,NOUN,512,4,top1_changed,0.22990902555047293,16,168,0.1524254825036075,0.3169880261368747
pos,NUM,512,4,delta_ce,0.6277232533773308,6,19,0.16962368526336727,1.20184996103247
pos,NUM,512,4,kl_full_to_compact,0.39796483848937086,6,19,0.07949255292655329,0.8277815299160363
pos,NUM,512,4,top1_changed,0.5,6,19,0.25,0.75
pos,PART,512,4,delta_ce,-0.07819113482675234,11,24,-0.15842230440034516,-0.008447482130122565
pos,PART,512,4,kl_full_to_compact,0.0623209017763243,11,24,0.028665317457924475,0.10610197919595847
pos,PART,512,4,top1_changed,0.0,11,24,0.0,0.0
pos,PRON,512,4,delta_ce,0.040758295360210806,15,113,-0.01079349389991325,0.09903219234453134
pos,PRON,512,4,kl_full_to_compact,0.10104063177282087,15,113,0.06953130151545937,0.1370996128186997
pos,PRON,512,4,top1_changed,0.1452515349574173,15,113,0.07279919290948703,0.2307971875618934
pos,PROPN,512,4,delta_ce,0.7718892749635575,14,44,0.023903989059780157,1.846798342650789
pos,PROPN,512,4,kl_full_to_compact,0.6146930165398944,14,44,0.12845005608489773,1.463762455472772
pos,PROPN,512,4,top1_changed,0.20850340136054418,14,44,0.08318877551020408,0.35138605442176857
pos,PUNCT,512,4,delta_ce,0.04370862175323602,16,101,-0.03532386917985389,0.11760391193414327
pos,PUNCT,512,4,kl_full_to_compact,0.13186631505821078,16,101,0.07102380014989605,0.21228585096648792
pos,PUNCT,512,4,top1_changed,0.14866071428571428,16,101,0.075,0.23214533730158726
pos,SCONJ,512,4,delta_ce,0.019711460360805646,11,19,-0.06256733085169937,0.10537605920372611
pos,SCONJ,512,4,kl_full_to_compact,0.20752357850980127,11,19,0.0703595671107795,0.44398745178125065
pos,SCONJ,512,4,top1_changed,0.18181818181818182,11,19,0.0,0.4090909090909091
pos,SPACE,512,4,delta_ce,0.021908462507523537,16,79,-0.06605587435721114,0.13277936957639488
pos,SPACE,512,4,kl_full_to_compact,0.1190096017187519,16,79,0.037610623413957094,0.22631614767472122
pos,SPACE,512,4,top1_changed,0.15416666666666667,16,79,0.084375,0.22291666666666665
pos,VERB,512,4,delta_ce,0.15924990067699807,16,104,0.07003476973987674,0.25014505435265305
pos,VERB,512,4,kl_full_to_compact,0.13406233844448065,16,104,0.09151887321332657,0.1915205832199513
pos,VERB,512,4,top1_changed,0.11536796536796537,16,104,0.05978084415584416,0.17452465503246753
pos,X,512,4,delta_ce,-0.877702534198761,2,2,-1.2600955963134766,-0.4953094720840454
pos,X,512,4,kl_full_to_compact,0.7318256199359894,2,2,0.12864762544631958,1.3350036144256592
pos,X,512,4,top1_changed,1.0,2,2,1.0,1.0
pos,ADJ,512,16,delta_ce,0.218333788507505,14,66,-0.011294606305968574,0.48012411560228707
pos,ADJ,512,16,kl_full_to_compact,0.15062817546548815,14,66,0.09406026407802338,0.2255705648438558
pos,ADJ,512,16,top1_changed,0.3217687074829932,14,66,0.19181972789115645,0.4627551020408163
pos,ADP,512,16,delta_ce,0.08883003417187083,16,94,0.0018390609339325901,0.18478936147971792
pos,ADP,512,16,kl_full_to_compact,0.08586891432411867,16,94,0.05576509655965031,0.13042419542866598
pos,ADP,512,16,top1_changed,0.2017158189033189,16,94,0.12564371392496393,0.29971619092712837
pos,ADV,512,16,delta_ce,-0.03202413756655667,11,31,-0.22876221271274105,0.1844197937826654
pos,ADV,512,16,kl_full_to_compact,0.1274133410116602,11,31,0.07970961844577026,0.18747559941761457
pos,ADV,512,16,top1_changed,0.13030303030303028,11,31,0.0303030303030303,0.2484848484848485
pos,AUX,512,16,delta_ce,0.03627918361128644,14,52,-0.055627469872829315,0.12807731819879198
pos,AUX,512,16,kl_full_to_compact,0.08647794550012315,14,52,0.044467274664933255,0.1437560169407298
pos,AUX,512,16,top1_changed,0.12142857142857143,14,52,0.014285714285714287,0.2928571428571428
pos,CCONJ,512,16,delta_ce,-0.0369050824306113,15,38,-0.12509455115719395,0.05408473579518607
pos,CCONJ,512,16,kl_full_to_compact,0.1126539825388641,15,38,0.0776851652534323,0.15410438487497022
pos,CCONJ,512,16,top1_changed,0.2,15,38,0.07777777777777777,0.35
pos,DET,512,16,delta_ce,0.07303300519837909,16,68,0.007095863543533078,0.1430119354487397
pos,DET,512,16,kl_full_to_compact,0.20266336514326952,16,68,0.07867929138712584,0.42640077928256814
pos,DET,512,16,top1_changed,0.2089285714285714,16,68,0.07973958333333332,0.3625
pos,INTJ,512,16,delta_ce,0.6014256477355957,2,2,0.20353126525878906,0.9993200302124023
pos,INTJ,512,16,kl_full_to_compact,0.11382800340652466,2,2,0.07614624500274658,0.15150976181030273
pos,INTJ,512,16,top1_changed,0.5,2,2,0.0,1.0
pos,NOUN,512,16,delta_ce,0.37967806298522194,16,168,0.24317377966439738,0.5309710578445771
pos,NOUN,512,16,kl_full_to_compact,0.2872752685763625,16,168,0.16804270667850466,0.42704700540663604
pos,NOUN,512,16,top1_changed,0.21186260742181795,16,168,0.13651415402032177,0.29469247743302013
pos,NUM,512,16,delta_ce,0.608491289845612,6,19,0.16764446410504916,1.1240118940671284
pos,NUM,512,16,kl_full_to_compact,0.40199468669043953,6,19,0.08835899366846307,0.8399215189982662
pos,NUM,512,16,top1_changed,0.4166666666666667,6,19,0.16666666666666666,0.6944444444444443
pos,PART,512,16,delta_ce,-0.08325459621115497,11,24,-0.15464094800895167,-0.018108839392328834
pos,PART,512,16,kl_full_to_compact,0.05967535213867037,11,24,0.029428003685463174,0.09983833768797035
pos,PART,512,16,top1_changed,0.0,11,24,0.0,0.0
pos,PRON,512,16,delta_ce,0.05298856507018856,15,113,0.002604535000135833,0.10427884393719758
pos,PRON,512,16,kl_full_to_compact,0.10174032979480585,15,113,0.06805919977246484,0.136169606569638
pos,PRON,512,16,top1_changed,0.12580709051297287,15,113,0.050935333729451374,0.21066399286987517
pos,PROPN,512,16,delta_ce,0.7651511518999523,14,44,0.025015854570130842,1.7822420096698175
pos,PROPN,512,16,kl_full_to_compact,0.6270650746945166,14,44,0.12635597475420746,1.4807161590320994
pos,PROPN,512,16,top1_changed,0.2799319727891156,14,44,0.1251700680272109,0.46227040816326515
pos,PUNCT,512,16,delta_ce,0.05664245902216718,16,101,-0.03149337895912184,0.13773619702064277
pos,PUNCT,512,16,kl_full_to_compact,0.13461908405744388,16,101,0.0733227080397176,0.21592496670764752
pos,PUNCT,512,16,top1_changed,0.12723214285714285,16,101,0.054309275793650795,0.21431051587301575
pos,SCONJ,512,16,delta_ce,0.018443631622093646,11,19,-0.06834558931807282,0.10805124972354277
pos,SCONJ,512,16,kl_full_to_compact,0.20528011402303958,11,19,0.069863297572837,0.4316753860242898
pos,SCONJ,512,16,top1_changed,0.18181818181818182,11,19,0.0,0.4090909090909091
pos,SPACE,512,16,delta_ce,0.014165333280053953,16,79,-0.06837719738753056,0.11323092079318196
pos,SPACE,512,16,kl_full_to_compact,0.11599531849526745,16,79,0.03829381636886453,0.220719142198098
pos,SPACE,512,16,top1_changed,0.12708333333333333,16,79,0.06765625,0.19270833333333331
pos,VERB,512,16,delta_ce,0.1473065220193423,16,104,0.059556003034740006,0.24087008103708388
pos,VERB,512,16,kl_full_to_compact,0.13265744233432242,16,104,0.09000062602751215,0.18343144305293782
pos,VERB,512,16,top1_changed,0.09718614718614718,16,104,0.045162844967532464,0.15189529220779216
pos,X,512,16,delta_ce,-0.6948519349098206,2,2,-0.9531879425048828,-0.4365159273147583
pos,X,512,16,kl_full_to_compact,0.7278998121619225,2,2,0.10898272693157196,1.346816897392273
pos,X,512,16,top1_changed,0.5,2,2,0.0,1.0
pos,ADJ,2048,0,delta_ce,0.12356811404435242,14,66,-0.07584282365519888,0.4120174738658786
pos,ADJ,2048,0,kl_full_to_compact,0.0996276052133332,14,66,0.04403540691276324,0.16871725413504043
pos,ADJ,2048,0,top1_changed,0.2095238095238095,14,66,0.12907738095238094,0.2887840136054421
pos,ADP,2048,0,delta_ce,-0.012156764849426892,16,94,-0.04971727327334848,0.02638503329442568
pos,ADP,2048,0,kl_full_to_compact,0.0366661072511027,16,94,0.02456347637904399,0.051574077281032624
pos,ADP,2048,0,top1_changed,0.06274801587301587,16,94,0.02252604166666667,0.1063988095238095
pos,ADV,2048,0,delta_ce,-0.042493235776000254,11,31,-0.2158311765201823,0.14906264824719123
pos,ADV,2048,0,kl_full_to_compact,0.13097688460041107,11,31,0.05203275252794045,0.25875492650679904
pos,ADV,2048,0,top1_changed,0.23787878787878788,11,31,0.05909090909090909,0.4424242424242424
pos,AUX,2048,0,delta_ce,-0.019627700185523605,14,52,-0.11255649543067577,0.05907367814091893
pos,AUX,2048,0,kl_full_to_compact,0.04490697312879148,14,52,0.0201685749553629,0.0837198475275492
pos,AUX,2048,0,top1_changed,0.09523809523809523,14,52,0.0,0.2619047619047619
pos,CCONJ,2048,0,delta_ce,-0.055087296783838405,15,38,-0.14024869402961382,0.0068393431267818995
pos,CCONJ,2048,0,kl_full_to_compact,0.055707227793209316,15,38,0.03717160130715709,0.07723337041996928
pos,CCONJ,2048,0,top1_changed,0.1611111111111111,15,38,0.03888888888888888,0.32222222222222213
pos,DET,2048,0,delta_ce,-0.003983198932358052,16,68,-0.06295261844591102,0.05062371181875708
pos,DET,2048,0,kl_full_to_compact,0.05565550446582365,16,68,0.04077988501749707,0.07224073281833591
pos,DET,2048,0,top1_changed,0.11666666666666667,16,68,0.025,0.2375
pos,INTJ,2048,0,delta_ce,0.03462851047515869,2,2,-0.21228623390197754,0.2815432548522949
pos,INTJ,2048,0,kl_full_to_compact,0.03171914676204324,2,2,0.0063093723729252815,0.057128921151161194
pos,INTJ,2048,0,top1_changed,0.0,2,2,0.0,0.0
pos,NOUN,2048,0,delta_ce,0.19873785369229433,16,168,0.08470044653065607,0.346775879305282
pos,NOUN,2048,0,kl_full_to_compact,0.14593479613909716,16,168,0.07148177596352086,0.25227549076092814
pos,NOUN,2048,0,top1_changed,0.18931952550373604,16,168,0.12084797101655655,0.2659764668810721
pos,NUM,2048,0,delta_ce,0.31093170848895774,6,19,-0.036132648348049974,0.8662436673118968
pos,NUM,2048,0,kl_full_to_compact,0.17632712283397675,6,19,0.040834382886653954,0.35151908487185013
pos,NUM,2048,0,top1_changed,0.3333333333333333,6,19,0.08333333333333333,0.638888888888889
pos,PART,2048,0,delta_ce,-0.046747013347144144,11,24,-0.11438744394685561,0.02535194143527839
pos,PART,2048,0,kl_full_to_compact,0.026903721963806634,11,24,0.01354854645977963,0.04086774936619237
pos,PART,2048,0,top1_changed,0.09090909090909091,11,24,0.0,0.2727272727272727
pos,PRON,2048,0,delta_ce,0.026015162792363235,15,113,-0.02953763268421151,0.0810618674514185
pos,PRON,2048,0,kl_full_to_compact,0.05165356386647813,15,113,0.027987937238517925,0.08165667441837482
pos,PRON,2048,0,top1_changed,0.10648148148148147,15,113,0.03888888888888888,0.18425925925925926
pos,PROPN,2048,0,delta_ce,0.2753673474564732,14,44,-0.17729244556736462,1.0537980674904939
pos,PROPN,2048,0,kl_full_to_compact,0.4235480148152595,14,44,0.04989637299788802,1.1456218624728416
pos,PROPN,2048,0,top1_changed,0.14591836734693878,14,44,0.03877551020408164,0.27517006802721083
pos,PUNCT,2048,0,delta_ce,0.0026137709079309393,16,101,-0.09304305783901082,0.08036768144945475
pos,PUNCT,2048,0,kl_full_to_compact,0.09146400322328305,16,101,0.03919891888747456,0.16624984933470535
pos,PUNCT,2048,0,top1_changed,0.12276785714285715,16,101,0.05295138888888888,0.20164620535714278
pos,SCONJ,2048,0,delta_ce,-0.09067976293436279,11,19,-0.23785060413859105,0.05390207060528069
pos,SCONJ,2048,0,kl_full_to_compact,0.07629684996650074,11,19,0.032014729946527175,0.13058901705274667
pos,SCONJ,2048,0,top1_changed,0.25,11,19,0.045454545454545456,0.5
pos,SPACE,2048,0,delta_ce,0.040880642994663194,16,79,-0.04455373129066649,0.1474391450417846
pos,SPACE,2048,0,kl_full_to_compact,0.0703844448035871,16,79,0.02083670006355807,0.13642180194529913
pos,SPACE,2048,0,top1_changed,0.08645833333333333,16,79,0.033281250000000005,0.14583333333333331
pos,VERB,2048,0,delta_ce,0.06323081851243874,16,104,0.00930440043206466,0.11769222340368472
pos,VERB,2048,0,kl_full_to_compact,0.0545660925862337,16,104,0.03635568748557615,0.07730484146629765
pos,VERB,2048,0,top1_changed,0.0921672077922078,16,104,0.03279220779220779,0.16359882305194803
pos,X,2048,0,delta_ce,-0.5474421977996826,2,2,-0.6371445655822754,-0.45773983001708984
pos,X,2048,0,kl_full_to_compact,0.5049650641158223,2,2,0.02165716327726841,0.9882729649543762
pos,X,2048,0,top1_changed,0.5,2,2,0.0,1.0
pos,ADJ,2048,4,delta_ce,0.1298885356280573,14,66,-0.07012738743210563,0.43384112946400083
pos,ADJ,2048,4,kl_full_to_compact,0.09948908707645701,14,66,0.04472771969448022,0.17327319933194335
pos,ADJ,2048,4,top1_changed,0.19931972789115646,14,66,0.11462585034013605,0.2838520408163265
pos,ADP,2048,4,delta_ce,-0.018611750351210918,16,94,-0.058100825880953354,0.019973921288069962
pos,ADP,2048,4,kl_full_to_compact,0.03695304863039417,16,94,0.024957515440841453,0.05303286705085043
pos,ADP,2048,4,top1_changed,0.05381944444444444,16,94,0.017361111111111112,0.09895833333333333
pos,ADV,2048,4,delta_ce,-0.04537898970522678,11,31,-0.2100313723764636,0.12120656666951211
pos,ADV,2048,4,kl_full_to_compact,0.12716500449729473,11,31,0.04780287975130622,0.25568152315508574
pos,ADV,2048,4,top1_changed,0.2075757575757576,11,31,0.048484848484848485,0.39545454545454545
pos,AUX,2048,4,delta_ce,-0.01695139125119388,14,52,-0.11828709858665275,0.06990570856152545
pos,AUX,2048,4,kl_full_to_compact,0.04451163297104902,14,52,0.020799819392312097,0.07939985958020158
pos,AUX,2048,4,top1_changed,0.11607142857142858,14,52,0.011904761904761904,0.2738095238095238
pos,CCONJ,2048,4,delta_ce,-0.05951073028875019,15,38,-0.14298157532179503,0.006058735389071101
pos,CCONJ,2048,4,kl_full_to_compact,0.055907094079056044,15,38,0.036381181267052955,0.0757703679292495
pos,CCONJ,2048,4,top1_changed,0.1611111111111111,15,38,0.03888888888888888,0.31666666666666665
pos,DET,2048,4,delta_ce,0.0012427828164521051,16,68,-0.05279125792420443,0.04932549637008102
pos,DET,2048,4,kl_full_to_compact,0.05359821634702114,16,68,0.03902457924769518,0.07065589900223478
pos,DET,2048,4,top1_changed,0.11666666666666667,16,68,0.025,0.23750000000000002
pos,INTJ,2048,4,delta_ce,0.07819080352783203,2,2,-0.19404983520507812,0.3504314422607422
pos,INTJ,2048,4,kl_full_to_compact,0.031281971372663975,2,2,0.008185165002942085,0.054378777742385864
pos,INTJ,2048,4,top1_changed,0.0,2,2,0.0,0.0
pos,NOUN,2048,4,delta_ce,0.20921658747257113,16,168,0.09125391114695093,0.3640238574110696
pos,NOUN,2048,4,kl_full_to_compact,0.1465791340898801,16,168,0.07553335004533354,0.2459274439468645
pos,NOUN,2048,4,top1_changed,0.19145627764048817,16,168,0.1283553640255943,0.260035428752534
pos,NUM,2048,4,delta_ce,0.3391781008740155,6,19,-0.02362758643098459,0.9253173526624727
pos,NUM,2048,4,kl_full_to_compact,0.1857145452728547,6,19,0.03948740416672081,0.3672856571707926
pos,NUM,2048,4,top1_changed,0.3333333333333333,6,19,0.08333333333333333,0.6388888888888888
pos,PART,2048,4,delta_ce,-0.04602459961010797,11,24,-0.1070065563916191,0.023204291500685554
pos,PART,2048,4,kl_full_to_compact,0.02561679999756217,11,24,0.012873246130889646,0.03961849712174044
pos,PART,2048,4,top1_changed,0.09090909090909091,11,24,0.0,0.2727272727272727
pos,PRON,2048,4,delta_ce,0.029067234566848853,15,113,-0.023671213051786218,0.08124045498045551
pos,PRON,2048,4,kl_full_to_compact,0.05185936936631917,15,113,0.02874969879369635,0.08225154718765136
pos,PRON,2048,4,top1_changed,0.1148148148148148,15,113,0.04537037037037037,0.19166666666666668
pos,PROPN,2048,4,delta_ce,0.2964214898910336,14,44,-0.16074245959871653,1.0768841366514075
pos,PROPN,2048,4,kl_full_to_compact,0.42544843957969886,14,44,0.04764904307951207,1.1523007551985933
pos,PROPN,2048,4,top1_changed,0.12040816326530611,14,44,0.023809523809523808,0.23945578231292516
pos,PUNCT,2048,4,delta_ce,0.001101404861758113,16,101,-0.08760528837232501,0.08613489831102972
pos,PUNCT,2048,4,kl_full_to_compact,0.09155289482250269,16,101,0.0373481999365244,0.16838644855037632
pos,PUNCT,2048,4,top1_changed,0.12425595238095237,16,101,0.0642361111111111,0.19408792162698404
pos,SCONJ,2048,4,delta_ce,-0.0825859532465763,11,19,-0.22431551438163627,0.052539378529851966
pos,SCONJ,2048,4,kl_full_to_compact,0.0782166331367934,11,19,0.03206271729709856,0.13381160560714875
pos,SCONJ,2048,4,top1_changed,0.25,11,19,0.045454545454545456,0.5
pos,SPACE,2048,4,delta_ce,0.0397483630041279,16,79,-0.047824587854519984,0.1444352478493137
pos,SPACE,2048,4,kl_full_to_compact,0.06794669824319233,16,79,0.020706410784068697,0.1333243276178392
pos,SPACE,2048,4,top1_changed,0.08645833333333333,16,79,0.03333333333333333,0.14898437499999986
pos,VERB,2048,4,delta_ce,0.05957306586059062,16,104,0.0054304947707598285,0.1143337064292031
pos,VERB,2048,4,kl_full_to_compact,0.05491905466810853,16,104,0.035553004881143074,0.07595851829176695
pos,VERB,2048,4,top1_changed,0.11508387445887447,16,104,0.042045454545454546,0.20198863636363634
pos,X,2048,4,delta_ce,-0.5367878079414368,2,2,-0.6017357110977173,-0.47183990478515625
pos,X,2048,4,kl_full_to_compact,0.5116238128393888,2,2,0.02254512533545494,1.0007025003433228
pos,X,2048,4,top1_changed,0.5,2,2,0.0,1.0
pos,ADJ,2048,16,delta_ce,0.12801070012483312,14,66,-0.0671987187099921,0.4172857271297815
pos,ADJ,2048,16,kl_full_to_compact,0.09966018269012336,14,66,0.045189597570900394,0.17375809530177105
pos,ADJ,2048,16,top1_changed,0.2095238095238095,14,66,0.12124574829931972,0.30341836734693867
pos,ADP,2048,16,delta_ce,-0.020395230648641106,16,94,-0.05924186718701588,0.02043727109627913
pos,ADP,2048,16,kl_full_to_compact,0.03710853226793426,16,94,0.025345499351727186,0.05108941960290962
pos,ADP,2048,16,top1_changed,0.06274801587301587,16,94,0.026041666666666664,0.10590897817460312
pos,ADV,2048,16,delta_ce,-0.049486554865275555,11,31,-0.20458708553403335,0.12524834450333647
pos,ADV,2048,16,kl_full_to_compact,0.13101042894682824,11,31,0.04994228414632981,0.2607523857978052
pos,ADV,2048,16,top1_changed,0.23787878787878788,11,31,0.06363636363636363,0.45454545454545453
pos,AUX,2048,16,delta_ce,-0.012421073804476431,14,52,-0.1070994425774552,0.06945358239136451
pos,AUX,2048,16,kl_full_to_compact,0.04411225450117471,14,52,0.020718144824315374,0.08065164026511841
pos,AUX,2048,16,top1_changed,0.10714285714285714,14,52,0.0,0.2619047619047619
pos,CCONJ,2048,16,delta_ce,-0.06308096920560678,15,38,-0.13572384204831148,-0.0037128255610598387
pos,CCONJ,2048,16,kl_full_to_compact,0.05589763455840916,15,38,0.037304354937793195,0.0755794759229363
pos,CCONJ,2048,16,top1_changed,0.18333333333333332,15,38,0.0611111111111111,0.3279166666666659
pos,DET,2048,16,delta_ce,-0.0007377461868768066,16,68,-0.06080521136713353,0.05452910125482867
pos,DET,2048,16,kl_full_to_compact,0.056130080396634356,16,68,0.04098381527715793,0.07313638537464794
pos,DET,2048,16,top1_changed,0.11666666666666667,16,68,0.025,0.22927083333333279
pos,INTJ,2048,16,delta_ce,0.397743821144104,2,2,-0.22509264945983887,1.0205802917480469
pos,INTJ,2048,16,kl_full_to_compact,0.03412568988278508,2,2,0.0076393382623791695,0.060612041503190994
pos,INTJ,2048,16,top1_changed,0.0,2,2,0.0,0.0
pos,NOUN,2048,16,delta_ce,0.1967844955179136,16,168,0.08018814892250693,0.3622209048442826
pos,NOUN,2048,16,kl_full_to_compact,0.14706761254737594,16,168,0.07293210498323006,0.25383236337621545
pos,NOUN,2048,16,top1_changed,0.18931952550373604,16,168,0.12096848418394471,0.26427214689550216
pos,NUM,2048,16,delta_ce,0.3177915928035014,6,19,-0.03224258189660658,0.8758964754411611
pos,NUM,2048,16,kl_full_to_compact,0.18265703195353733,6,19,0.04629094989886653,0.344668364773194
pos,NUM,2048,16,top1_changed,0.3333333333333333,6,19,0.08333333333333333,0.6388888888888888
pos,PART,2048,16,delta_ce,-0.04643131513436552,11,24,-0.11205421405747155,0.02985696734782375
pos,PART,2048,16,kl_full_to_compact,0.025917615687992702,11,24,0.013526285360758145,0.039353471540909415
pos,PART,2048,16,top1_changed,0.09090909090909091,11,24,0.0,0.2727272727272727
pos,PRON,2048,16,delta_ce,0.02605323319817524,15,113,-0.02515795718254284,0.07714543907665354
pos,PRON,2048,16,kl_full_to_compact,0.050798909472358655,15,113,0.028183785515115686,0.08213146661928336
pos,PRON,2048,16,top1_changed,0.1148148148148148,15,113,0.04814814814814815,0.19724537037037027
pos,PROPN,2048,16,delta_ce,0.2935724754673573,14,44,-0.1574837886768215,1.0531215650391599
pos,PROPN,2048,16,kl_full_to_compact,0.4211945076112708,14,44,0.047373761917468636,1.139502866989081
pos,PROPN,2048,16,top1_changed,0.14591836734693878,14,44,0.03571428571428571,0.27620748299319714
pos,PUNCT,2048,16,delta_ce,0.0034332747420324204,16,101,-0.07987860406214223,0.08080165372392163
pos,PUNCT,2048,16,kl_full_to_compact,0.08271972851207826,16,101,0.036900145151517655,0.14259679280785326
pos,PUNCT,2048,16,top1_changed,0.11383928571428571,16,101,0.04650297619047619,0.19122333829365076
pos,SCONJ,2048,16,delta_ce,-0.10151971495625647,11,19,-0.2244485254512366,0.015557971892342176
pos,SCONJ,2048,16,kl_full_to_compact,0.07136599829942553,11,19,0.03088147765559949,0.12164719820394755
pos,SCONJ,2048,16,top1_changed,0.25,11,19,0.045454545454545456,0.477840909090906
pos,SPACE,2048,16,delta_ce,0.04170493125660262,16,79,-0.03970986383834391,0.14765769670009604
pos,SPACE,2048,16,kl_full_to_compact,0.06905605322612776,16,79,0.020050077793747127,0.13208839478843779
pos,SPACE,2048,16,top1_changed,0.07083333333333333,16,79,0.018750000000000003,0.12916666666666665
pos,VERB,2048,16,delta_ce,0.06152720644519046,16,104,0.0068742873626888475,0.11565126133682392
pos,VERB,2048,16,kl_full_to_compact,0.05460966003261003,16,104,0.035658247188546315,0.07717293865854354
pos,VERB,2048,16,top1_changed,0.0874323593073593,16,104,0.0370505275974026,0.14425054112554114
pos,X,2048,16,delta_ce,-0.5370686650276184,2,2,-0.6743875741958618,-0.399749755859375
pos,X,2048,16,kl_full_to_compact,0.5294608930125833,2,2,0.02174958772957325,1.0371721982955933
pos,X,2048,16,top1_changed,0.5,2,2,0.0,1.0
pos,ADJ,8192,0,delta_ce,0.16064233211366377,14,66,-0.01383107099410024,0.4570072008334624
pos,ADJ,8192,0,kl_full_to_compact,0.04948632773112636,14,66,0.02214281872807626,0.09049619268789945
pos,ADJ,8192,0,top1_changed,0.15034013605442179,14,66,0.07548469387755101,0.22942176870748296
pos,ADP,8192,0,delta_ce,0.01210402333438006,16,94,-0.017615192954323795,0.03994000011199176
pos,ADP,8192,0,kl_full_to_compact,0.013744029402212102,16,94,0.009789397811421493,0.01825286774293223
pos,ADP,8192,0,top1_changed,0.010416666666666666,16,94,0.0,0.03125
pos,ADV,8192,0,delta_ce,-0.0023458588640289353,11,31,-0.12849343105292807,0.10607711850872625
pos,ADV,8192,0,kl_full_to_compact,0.039771997469225336,11,31,0.015749621103879525,0.07801339466999085
pos,ADV,8192,0,top1_changed,0.11666666666666665,11,31,0.022727272727272728,0.22272727272727275
pos,AUX,8192,0,delta_ce,0.026615070053978136,14,52,-0.02795103627202405,0.08320237572773731
pos,AUX,8192,0,kl_full_to_compact,0.017502598498111824,14,52,0.010587375129026336,0.025100366709131006
pos,AUX,8192,0,top1_changed,0.13988095238095238,14,52,0.008928571428571428,0.29761904761904756
pos,CCONJ,8192,0,delta_ce,0.0017343940118229929,15,38,-0.04311606575010551,0.04452979397817316
pos,CCONJ,8192,0,kl_full_to_compact,0.01795218802377197,15,38,0.012888674750233803,0.023140544845350067
pos,CCONJ,8192,0,top1_changed,0.12777777777777777,15,38,0.02222222222222222,0.28888888888888886
pos,DET,8192,0,delta_ce,-0.008466346379844121,16,68,-0.0398446749901909,0.023673360020066387
pos,DET,8192,0,kl_full_to_compact,0.031086679005249116,16,68,0.015210918936617688,0.056321674477233796
pos,DET,8192,0,top1_changed,0.07083333333333333,16,68,0.0125,0.1375
pos,INTJ,8192,0,delta_ce,-0.030238866806030273,2,2,-0.052852630615234375,-0.007625102996826172
pos,INTJ,8192,0,kl_full_to_compact,0.012530352920293808,2,2,0.0031476933509111404,0.021913012489676476
pos,INTJ,8192,0,top1_changed,0.5,2,2,0.0,1.0
pos,NOUN,8192,0,delta_ce,-0.0032216196182861864,16,168,-0.03813455510962294,0.03372600249659982
pos,NOUN,8192,0,kl_full_to_compact,0.03130844607037498,16,168,0.022307861467863864,0.04137875176486365
pos,NOUN,8192,0,top1_changed,0.12096988355212039,16,168,0.06988975571212414,0.17155517225829717
pos,NUM,8192,0,delta_ce,0.006387372611806718,6,19,-0.040303814820846294,0.057174027028183
pos,NUM,8192,0,kl_full_to_compact,0.02768880924232033,6,19,0.009723545939935054,0.04667922710844626
pos,NUM,8192,0,top1_changed,0.05555555555555555,6,19,0.0,0.16666666666666666
pos,PART,8192,0,delta_ce,-0.013041391745829255,11,24,-0.06282336364727627,0.03813219504099498
pos,PART,8192,0,kl_full_to_compact,0.01085683187496553,11,24,0.005472280885926406,0.017678998961119123
pos,PART,8192,0,top1_changed,0.13636363636363635,11,24,0.0,0.36363636363636365
pos,PRON,8192,0,delta_ce,-0.002275900797471524,15,113,-0.034670812355228335,0.0282881994526149
pos,PRON,8192,0,kl_full_to_compact,0.015393833240043108,15,113,0.010569736250880219,0.02124397508221564
pos,PRON,8192,0,top1_changed,0.05648148148148148,15,113,0.008333333333333333,0.11203703703703702
pos,PROPN,8192,0,delta_ce,-0.09265611680595555,14,44,-0.15694658553845772,-0.031972796879335935
pos,PROPN,8192,0,kl_full_to_compact,0.036944547116468204,14,44,0.016290939558530285,0.06631740261328015
pos,PROPN,8192,0,top1_changed,0.08996598639455781,14,44,0.014285714285714287,0.19186224489795903
pos,PUNCT,8192,0,delta_ce,-0.009600100426676016,16,101,-0.03366822887841235,0.014683539615591488
pos,PUNCT,8192,0,kl_full_to_compact,0.018968585829325202,16,101,0.013610756133321914,0.024801999383510485
pos,PUNCT,8192,0,top1_changed,0.0445188492063492,16,101,0.006944444444444444,0.09228050595238085
pos,SCONJ,8192,0,delta_ce,0.02222312916825159,11,19,-0.0913412487502545,0.1491242914545265
pos,SCONJ,8192,0,kl_full_to_compact,0.019631058000606685,11,19,0.010970602510761554,0.03163580576656385
pos,SCONJ,8192,0,top1_changed,0.25,11,19,0.045454545454545456,0.5
pos,SPACE,8192,0,delta_ce,0.02952140952336322,16,79,-0.012812789358261698,0.07706576007293102
pos,SPACE,8192,0,kl_full_to_compact,0.013510492297392793,16,79,0.004804001360583084,0.027137565571333733
pos,SPACE,8192,0,top1_changed,0.03854166666666666,16,79,0.00625,0.07708333333333334
pos,VERB,8192,0,delta_ce,0.006581778354276532,16,104,-0.02746877934612792,0.038646355733293614
pos,VERB,8192,0,kl_full_to_compact,0.01984903902088125,16,104,0.014967244698656845,0.024752502831549027
pos,VERB,8192,0,top1_changed,0.060443722943722945,16,104,0.01461038961038961,0.11350243506493492
pos,X,8192,0,delta_ce,-0.23556643724441528,2,2,-0.44305384159088135,-0.02807903289794922
pos,X,8192,0,kl_full_to_compact,0.29297592770308256,2,2,0.009700467810034752,0.5762513875961304
pos,X,8192,0,top1_changed,0.5,2,2,0.0,1.0
pos,ADJ,8192,4,delta_ce,0.13700814899187078,14,66,-0.031035579262162365,0.42738553829176756
pos,ADJ,8192,4,kl_full_to_compact,0.04940011689860272,14,66,0.022931741053333687,0.08898635613474246
pos,ADJ,8192,4,top1_changed,0.15034013605442179,14,66,0.07040816326530612,0.23457057823129226
pos,ADP,8192,4,delta_ce,0.015398566663075154,16,94,-0.013544290682077702,0.04328689174345418
pos,ADP,8192,4,kl_full_to_compact,0.013759253490758605,16,94,0.00999328788693097,0.018046142562566616
pos,ADP,8192,4,top1_changed,0.010416666666666666,16,94,0.0,0.03125
pos,ADV,8192,4,delta_ce,0.00029515442948842665,11,31,-0.1157893267546663,0.11641515823094695
pos,ADV,8192,4,kl_full_to_compact,0.03994509370401802,11,31,0.015177514508184439,0.08101980650015071
pos,ADV,8192,4,top1_changed,0.0712121212121212,11,31,0.0,0.14393939393939392
pos,AUX,8192,4,delta_ce,0.02821594581647846,14,52,-0.023996578285250446,0.07973948962063855
pos,AUX,8192,4,kl_full_to_compact,0.0169284221134594,14,52,0.010209033127965979,0.02473895766297239
pos,AUX,8192,4,top1_changed,0.13095238095238096,14,52,0.0,0.3095238095238095
pos,CCONJ,8192,4,delta_ce,0.008595267725862261,15,38,-0.03969816491835647,0.05689804065365454
pos,CCONJ,8192,4,kl_full_to_compact,0.01792044954763696,15,38,0.012938229399018283,0.023090235881545088
pos,CCONJ,8192,4,top1_changed,0.1111111111111111,15,38,0.0,0.24444444444444446
pos,DET,8192,4,delta_ce,-0.012009912608450472,16,68,-0.046346879081425325,0.01815376320314174
pos,DET,8192,4,kl_full_to_compact,0.031763239086152834,16,68,0.01595215474501648,0.05606850755024679
pos,DET,8192,4,top1_changed,0.058333333333333334,16,68,0.0,0.12916666666666665
pos,INTJ,8192,4,delta_ce,0.009576559066772461,2,2,-0.005549907684326172,0.024703025817871094
pos,INTJ,8192,4,kl_full_to_compact,0.013159609865397215,2,2,0.0039506154134869576,0.022368604317307472
pos,INTJ,8192,4,top1_changed,0.5,2,2,0.0,1.0
pos,NOUN,8192,4,delta_ce,-0.0009659021280945465,16,168,-0.03471434480603116,0.036190353110713315
pos,NOUN,8192,4,kl_full_to_compact,0.03201248744118591,16,168,0.022969249340858342,0.04173621886592498
pos,NOUN,8192,4,top1_changed,0.12314328580775949,16,168,0.07556459713532082,0.17208591435976303
pos,NUM,8192,4,delta_ce,0.008553815943249296,6,19,-0.03347946514957351,0.05156394704996122
pos,NUM,8192,4,kl_full_to_compact,0.027633996781875992,6,19,0.007793315867009674,0.04830032194925519
pos,NUM,8192,4,top1_changed,0.05555555555555555,6,19,0.0,0.16666666666666666
pos,PART,8192,4,delta_ce,-0.031029621993360647,11,24,-0.07634060327278072,0.019012759914836818
pos,PART,8192,4,kl_full_to_compact,0.011004278457291452,11,24,0.00571042580129118,0.016252625733024724
pos,PART,8192,4,top1_changed,0.13636363636363635,11,24,0.0,0.36363636363636365
pos,PRON,8192,4,delta_ce,0.0016989360075985505,15,113,-0.03259785826323804,0.031036127212532277
pos,PRON,8192,4,kl_full_to_compact,0.015558607714566264,15,113,0.011251251385285948,0.02069193908269144
pos,PRON,8192,4,top1_changed,0.045370370370370366,15,113,0.01111111111111111,0.08518518518518518
pos,PROPN,8192,4,delta_ce,-0.08792959598856284,14,44,-0.1506726539835008,-0.030298623277818636
pos,PROPN,8192,4,kl_full_to_compact,0.037219037652689746,14,44,0.017505935707086404,0.06370305912020989
pos,PROPN,8192,4,top1_changed,0.1042517006802721,14,44,0.024489795918367346,0.2056505102040814
pos,PUNCT,8192,4,delta_ce,-0.011856055409587875,16,101,-0.03469989719751192,0.010305311298909912
pos,PUNCT,8192,4,kl_full_to_compact,0.01915109018694,16,101,0.014220009108138833,0.025172895234723297
pos,PUNCT,8192,4,top1_changed,0.08209325396825397,16,101,0.040783110119047616,0.13009362599206345
pos,SCONJ,8192,4,delta_ce,0.0026738164173862474,11,19,-0.11400682723443342,0.13907716935112438
pos,SCONJ,8192,4,kl_full_to_compact,0.02046195085153379,11,19,0.011683199540041671,0.032836092890956375
pos,SCONJ,8192,4,top1_changed,0.25,11,19,0.045454545454545456,0.5
pos,SPACE,8192,4,delta_ce,0.032616653768286596,16,79,-0.009605824362286436,0.08259803717640862
pos,SPACE,8192,4,kl_full_to_compact,0.014053534099208773,16,79,0.004347893204645838,0.03015716294042751
pos,SPACE,8192,4,top1_changed,0.03229166666666666,16,79,0.0,0.06979166666666667
pos,VERB,8192,4,delta_ce,0.004281188087048042,16,104,-0.030260359344937315,0.04055145026878097
pos,VERB,8192,4,kl_full_to_compact,0.02030474382647212,16,104,0.015356768849968035,0.025874332452161704
pos,VERB,8192,4,top1_changed,0.07294372294372295,16,104,0.017857142857142856,0.13908279220779213
pos,X,8192,4,delta_ce,-0.28198525309562683,2,2,-0.5017508864402771,-0.06221961975097656
pos,X,8192,4,kl_full_to_compact,0.3032661573961377,2,2,0.011137941852211952,0.5953943729400635
pos,X,8192,4,top1_changed,0.5,2,2,0.0,1.0
pos,ADJ,8192,16,delta_ce,0.14686212994251976,14,66,-0.026979376602823124,0.4438098048747428
pos,ADJ,8192,16,kl_full_to_compact,0.04982918040495308,14,66,0.02253923485897936,0.08997567257518738
pos,ADJ,8192,16,top1_changed,0.15034013605442179,14,66,0.07636054421768708,0.2338562925170067
pos,ADP,8192,16,delta_ce,0.013495401660601699,16,94,-0.013219100529916733,0.04037317583372647
pos,ADP,8192,16,kl_full_to_compact,0.01374072277152541,16,94,0.009820090685918869,0.018176473632915597
pos,ADP,8192,16,top1_changed,0.010416666666666666,16,94,0.0,0.03125
pos,ADV,8192,16,delta_ce,0.007850480473577842,11,31,-0.11859056305749452,0.12692282721957282
pos,ADV,8192,16,kl_full_to_compact,0.039732913478374855,11,31,0.016114751065256314,0.07909942193050565
pos,ADV,8192,16,top1_changed,0.13939393939393938,11,31,0.0303030303030303,0.2606060606060606
pos,AUX,8192,16,delta_ce,0.021167300925368355,14,52,-0.029395483274544987,0.07401945042335199
pos,AUX,8192,16,kl_full_to_compact,0.01702760049001572,14,52,0.010179280712919183,0.024521580570803867
pos,AUX,8192,16,top1_changed,0.13095238095238096,14,52,0.0,0.29761904761904756
pos,CCONJ,8192,16,delta_ce,0.004198120919227222,15,38,-0.03800261577529909,0.04504142507896783
pos,CCONJ,8192,16,kl_full_to_compact,0.01797643154348205,15,38,0.012850963424589785,0.023377429948882814
pos,CCONJ,8192,16,top1_changed,0.14444444444444443,15,38,0.02222222222222222,0.31111111111111106
pos,DET,8192,16,delta_ce,-0.018829331488329142,16,68,-0.05393282005672518,0.016327603176371948
pos,DET,8192,16,kl_full_to_compact,0.03154791128278129,16,68,0.015826710263670437,0.055486327310543426
pos,DET,8192,16,top1_changed,0.07083333333333333,16,68,0.0,0.15000000000000002
pos,INTJ,8192,16,delta_ce,0.017105817794799805,2,2,0.016158103942871094,0.018053531646728516
pos,INTJ,8192,16,kl_full_to_compact,0.012163697741925716,2,2,0.0031826477497816086,0.021144747734069824
pos,INTJ,8192,16,top1_changed,0.5,2,2,0.0,1.0
pos,NOUN,8192,16,delta_ce,-0.0055437805113644975,16,168,-0.04121427770759082,0.030832636790161495
pos,NOUN,8192,16,kl_full_to_compact,0.031052868242781438,16,168,0.021573584075022845,0.040982283147242025
pos,NOUN,8192,16,top1_changed,0.11501975728949412,16,168,0.06751978604363472,0.16312899910761747
pos,NUM,8192,16,delta_ce,0.018310125133419005,6,19,-0.027903259912919667,0.06892822296099944
pos,NUM,8192,16,kl_full_to_compact,0.028988231707230878,6,19,0.008828303438843301,0.054431830285062065
pos,NUM,8192,16,top1_changed,0.05555555555555555,6,19,0.0,0.16666666666666666
pos,PART,8192,16,delta_ce,-0.02099838124312362,11,24,-0.06277276089784271,0.02247859660946521
pos,PART,8192,16,kl_full_to_compact,0.010301786701552717,11,24,0.005606979824956121,0.015825137508287904
pos,PART,8192,16,top1_changed,0.13636363636363635,11,24,0.0,0.3181818181818182
pos,PRON,8192,16,delta_ce,0.002088405215654224,15,113,-0.029079954000957732,0.03151152676754651
pos,PRON,8192,16,kl_full_to_compact,0.015302274435323773,15,113,0.010637273367845637,0.020476940412789246
pos,PRON,8192,16,top1_changed,0.07314814814814816,15,113,0.02222222222222222,0.13335648148148135
pos,PROPN,8192,16,delta_ce,-0.08066977874647949,14,44,-0.13290939626990622,-0.027636756228035082
pos,PROPN,8192,16,kl_full_to_compact,0.038103482592770875,14,44,0.016168054700990718,0.06643785956188923
pos,PROPN,8192,16,top1_changed,0.06615646258503402,14,44,0.014285714285714287,0.12757653061224475
pos,PUNCT,8192,16,delta_ce,-0.009305194214742922,16,101,-0.031157998646138347,0.011623979568792684
pos,PUNCT,8192,16,kl_full_to_compact,0.018720546007733402,16,101,0.01346413487965142,0.024882096346177867
pos,PUNCT,8192,16,top1_changed,0.06039186507936508,16,101,0.015873015873015872,0.126860119047619
pos,SCONJ,8192,16,delta_ce,0.016818319064579115,11,19,-0.09800747409260083,0.1404646794731943
pos,SCONJ,8192,16,kl_full_to_compact,0.020076606263032634,11,19,0.010779270350317484,0.032472512524250444
pos,SCONJ,8192,16,top1_changed,0.25,11,19,0.045454545454545456,0.4772727272727273
pos,SPACE,8192,16,delta_ce,0.03215926625393119,16,79,-0.010094629475149948,0.08092487269957094
pos,SPACE,8192,16,kl_full_to_compact,0.013517753441289906,16,79,0.0048265426007539,0.026716020280034895
pos,SPACE,8192,16,top1_changed,0.03229166666666666,16,79,0.0,0.07395833333333332
pos,VERB,8192,16,delta_ce,0.004122897712215404,16,104,-0.03432647071288616,0.040791817550412196
pos,VERB,8192,16,kl_full_to_compact,0.01910163913451565,16,104,0.014339782340276979,0.023981547965774227
pos,VERB,8192,16,top1_changed,0.060443722943722945,16,104,0.01783685064935065,0.11136363636363636
pos,X,8192,16,delta_ce,-0.23386657238006592,2,2,-0.47067809104919434,0.0029449462890625
pos,X,8192,16,kl_full_to_compact,0.29626101069152355,2,2,0.011846181005239487,0.5806758403778076
pos,X,8192,16,top1_changed,0.5,2,2,0.0,1.0
is_first_subtoken,False,128,0,delta_ce,0.15662499046125006,16,97,0.015249242803861885,0.32226810343730516
is_first_subtoken,False,128,0,kl_full_to_compact,0.23234168639719957,16,97,0.10812360748305497,0.38827424736970567
is_first_subtoken,False,128,0,top1_changed,0.1561896436896437,16,97,0.06647727272727273,0.2561911525974026
is_first_subtoken,True,128,0,delta_ce,0.325591892079519,16,927,0.247652776036945,0.4082337711237223
is_first_subtoken,True,128,0,kl_full_to_compact,0.35023909825041555,16,927,0.27889539844997596,0.4291854110201889
is_first_subtoken,True,128,0,top1_changed,0.26324189302532486,16,927,0.21997670059275012,0.30103730058716743
is_first_subtoken,False,128,4,delta_ce,0.170464296073042,16,97,0.02049618306575628,0.3403825741483621
is_first_subtoken,False,128,4,kl_full_to_compact,0.2376682071142981,16,97,0.10873816424019751,0.38960607899403527
is_first_subtoken,False,128,4,top1_changed,0.15138195138195137,16,97,0.06520635614385616,0.25553717116217106
is_first_subtoken,True,128,4,delta_ce,0.342575394319584,16,927,0.26033585628554845,0.428442668691911
is_first_subtoken,True,128,4,kl_full_to_compact,0.35480634400131494,16,927,0.2818060088557588,0.4347972534184469
is_first_subtoken,True,128,4,top1_changed,0.2640184857131948,16,927,0.2213025247373466,0.30263221783131217
is_first_subtoken,False,128,16,delta_ce,0.17859868422018282,16,97,0.04317823207761503,0.34048303536975527
is_first_subtoken,False,128,16,kl_full_to_compact,0.2401161025246888,16,97,0.11332773662293982,0.4062083378611236
is_first_subtoken,False,128,16,top1_changed,0.13900370462870465,16,97,0.06128551136363637,0.2319011457292705
is_first_subtoken,True,128,16,delta_ce,0.3815114574945647,16,927,0.2930205757754991,0.46781634423200824
is_first_subtoken,True,128,16,kl_full_to_compact,0.39885042872802307,16,927,0.31500829634625777,0.4851393824199778
is_first_subtoken,True,128,16,top1_changed,0.2830002514628312,16,927,0.22900424681978437,0.3332113222240688
is_first_subtoken,False,512,0,delta_ce,0.15399704818560545,16,97,0.02992013947662482,0.3109733014473357
is_first_subtoken,False,512,0,kl_full_to_compact,0.11350767841312323,16,97,0.02445757620735456,0.2568725980919355
is_first_subtoken,False,512,0,top1_changed,0.08111679986679987,16,97,0.026923076923076925,0.14231809856809843
is_first_subtoken,True,512,0,delta_ce,0.15219171629918676,16,927,0.0877231677236137,0.23008136037610447
is_first_subtoken,True,512,0,kl_full_to_compact,0.1744936457638283,16,927,0.11653515889386404,0.25623898916928667
is_first_subtoken,True,512,0,top1_changed,0.18962273315257788,16,927,0.14975963957391203,0.2290170388191296
is_first_subtoken,False,512,4,delta_ce,0.14853693341166072,16,97,0.034441161668388384,0.3012190535306385
is_first_subtoken,False,512,4,kl_full_to_compact,0.10813200574457511,16,97,0.027824802946345453,0.24142325447454097
is_first_subtoken,False,512,4,top1_changed,0.08736679986679986,16,97,0.03526926198801199,0.1483820346320346
is_first_subtoken,True,512,4,delta_ce,0.149715167667058,16,927,0.08683551308278645,0.2230877071840414
is_first_subtoken,True,512,4,kl_full_to_compact,0.1745435171059016,16,927,0.1175496438923901,0.25371518293817896
is_first_subtoken,True,512,4,top1_changed,0.2001740107912106,16,927,0.15843077029223745,0.24151932566698767
is_first_subtoken,False,512,16,delta_ce,0.14593067307239882,16,97,0.0285101311187594,0.30203785878746886
is_first_subtoken,False,512,16,kl_full_to_compact,0.10933652278226194,16,97,0.02858208179580444,0.24255840910901247
is_first_subtoken,False,512,16,top1_changed,0.08736679986679986,16,97,0.035283466533466534,0.14988235722610713
is_first_subtoken,True,512,16,delta_ce,0.15222886130552649,16,927,0.09116136343230118,0.2256582687969137
is_first_subtoken,True,512,16,kl_full_to_compact,0.17425247224712315,16,927,0.11488705145676788,0.25002139618692065
is_first_subtoken,True,512,16,top1_changed,0.1860526478011691,16,927,0.14353354103827018,0.23033149250409268
is_first_subtoken,False,2048,0,delta_ce,0.08904639783372331,16,97,0.000738117234534912,0.20227082246971015
is_first_subtoken,False,2048,0,kl_full_to_compact,0.06633774954189836,16,97,0.01098536190646664,0.15522230912839718
is_first_subtoken,False,2048,0,top1_changed,0.04778346653346653,16,97,0.005681818181818182,0.09673919830169828
is_first_subtoken,True,2048,0,delta_ce,0.05559352395172973,16,927,0.012751341913180567,0.11542176448771943
is_first_subtoken,True,2048,0,kl_full_to_compact,0.09537180140087392,16,927,0.052203263849465664,0.15665805827191856
is_first_subtoken,True,2048,0,top1_changed,0.13527642121406963,16,927,0.10496262232311288,0.16802009720114552
is_first_subtoken,False,2048,4,delta_ce,0.0890024397401886,16,97,-0.0033497519248537923,0.19911818692144234
is_first_subtoken,False,2048,4,kl_full_to_compact,0.06577481749471592,16,97,0.011126722279904395,0.15967696351185798
is_first_subtoken,False,2048,4,top1_changed,0.05739885114885115,16,97,0.008928571428571428,0.1205954982517482
is_first_subtoken,True,2048,4,delta_ce,0.057586886963675976,16,927,0.014670769703750636,0.12214787324772425
is_first_subtoken,True,2048,4,kl_full_to_compact,0.09557754024981144,16,927,0.051908960155405005,0.15840757503361358
is_first_subtoken,True,2048,4,top1_changed,0.13568240963623113,16,927,0.10782415699167236,0.1662744903040591
is_first_subtoken,False,2048,16,delta_ce,0.08148114421916247,16,97,-0.005570944595169535,0.1936387423057022
is_first_subtoken,False,2048,16,kl_full_to_compact,0.06601116405610724,16,97,0.011618858746345087,0.154090774599477
is_first_subtoken,False,2048,16,top1_changed,0.04297577422577423,16,97,0.008928571428571428,0.08526473526473527
is_first_subtoken,True,2048,16,delta_ce,0.05558329179077852,16,927,0.012331739232440419,0.11413029106192993
is_first_subtoken,True,2048,16,kl_full_to_compact,0.09471221014752118,16,927,0.05239373220041708,0.15497140817357563
is_first_subtoken,True,2048,16,top1_changed,0.13776296765070112,16,927,0.10601694180865485,0.17112498439696655
is_first_subtoken,False,8192,0,delta_ce,0.04427675334664548,16,97,-0.020338340256721817,0.12411314060477274
is_first_subtoken,False,8192,0,kl_full_to_compact,0.018639040970154713,16,97,0.005310109035523742,0.03507940385801832
is_first_subtoken,False,8192,0,top1_changed,0.020104895104895104,16,97,0.0,0.054632867132867136
is_first_subtoken,True,8192,0,delta_ce,0.00410274880912674,16,927,-0.011331089015783748,0.020020929482891896
is_first_subtoken,True,8192,0,kl_full_to_compact,0.023844787730980158,16,927,0.017038895634571102,0.03151394827809625
is_first_subtoken,True,8192,0,top1_changed,0.08768770589847966,16,927,0.06298722354325119,0.11178705737166035
is_first_subtoken,False,8192,4,delta_ce,0.04096415918029743,16,97,-0.02435171969387933,0.12078938456554301
is_first_subtoken,False,8192,4,kl_full_to_compact,0.018234976309408853,16,97,0.006045043897528249,0.03403414652029372
is_first_subtoken,False,8192,4,top1_changed,0.020104895104895104,16,97,0.0,0.051573426573426576
is_first_subtoken,True,8192,4,delta_ce,0.004249522254582617,16,927,-0.013148512864644173,0.019306131664672956
is_first_subtoken,True,8192,4,kl_full_to_compact,0.024266670513560573,16,927,0.017083104978319927,0.03208737523881396
is_first_subtoken,True,8192,4,top1_changed,0.08657070655258589,16,927,0.06421294241804017,0.11077645330600489
is_first_subtoken,False,8192,16,delta_ce,0.04064344816960782,16,97,-0.02152004873570561,0.1154636843472798
is_first_subtoken,False,8192,16,kl_full_to_compact,0.01805132185011734,16,97,0.005110449175839508,0.034002524287249
is_first_subtoken,False,8192,16,top1_changed,0.020104895104895104,16,97,0.0,0.054632867132867136
is_first_subtoken,True,8192,16,delta_ce,0.0038191279528184993,16,927,-0.012491137830733728,0.018955029868626416
is_first_subtoken,True,8192,16,kl_full_to_compact,0.023844885256740146,16,927,0.016910057000931348,0.03137007645884082
is_first_subtoken,True,8192,16,top1_changed,0.08786987508472532,16,927,0.06141127687759262,0.11469987199121293
