label_scheme,label,cache_budget,sink_size,metric,contrast,mean_difference,documents,ci_low,ci_high
coarse_category,content,128,0,delta_ce,category_minus_document_mean,0.26784431326728536,16,0.16577161290787995,0.38086746587204046
coarse_category,function,128,0,delta_ce,category_minus_document_mean,-0.21492409720946265,16,-0.3048995114918815,-0.12740735619753354
coarse_category,other,128,0,delta_ce,category_minus_document_mean,-0.22897996007385976,16,-0.4245434596322849,-0.04080220556251936
coarse_category,special,128,0,delta_ce,category_minus_document_mean,-0.1242326351340437,16,-0.21571990497809856,-0.01426659998246763
coarse_category,content,128,4,delta_ce,category_minus_document_mean,0.26740855697770655,16,0.16949634442499487,0.3725337278572163
coarse_category,function,128,4,delta_ce,category_minus_document_mean,-0.20631387053905906,16,-0.3011614377041042,-0.11172990255281948
coarse_category,other,128,4,delta_ce,category_minus_document_mean,-0.2338370887661566,16,-0.42430609905459893,-0.03916557905412534
coarse_category,special,128,4,delta_ce,category_minus_document_mean,-0.13391486081176618,16,-0.23062228484785516,-0.019101958546374215
coarse_category,content,128,16,delta_ce,category_minus_document_mean,0.2759425095959243,16,0.18614626113065214,0.381956831204203
coarse_category,function,128,16,delta_ce,category_minus_document_mean,-0.22556044914099296,16,-0.32028848489479506,-0.1324629716654447
coarse_category,other,128,16,delta_ce,category_minus_document_mean,-0.20751454720603435,16,-0.43845844999518213,0.044277204062066804
coarse_category,special,128,16,delta_ce,category_minus_document_mean,-0.12972772594284485,16,-0.2281438598434016,-0.018237803787963493
coarse_category,content,512,0,delta_ce,category_minus_document_mean,0.13846602742371722,16,0.06848912056827765,0.21562136954318087
coarse_category,function,512,0,delta_ce,category_minus_document_mean,-0.10247304823891668,16,-0.20882278135344232,-0.015544655322520322
coarse_category,other,512,0,delta_ce,category_minus_document_mean,-0.14265686945938177,16,-0.20534822200308664,-0.0781315215575314
coarse_category,special,512,0,delta_ce,category_minus_document_mean,-0.10731597963233336,16,-0.1760548797814226,-0.043664788919459144
coarse_category,content,512,4,delta_ce,category_minus_document_mean,0.13893906299101141,16,0.07378508612682357,0.21963556810600549
coarse_category,function,512,4,delta_ce,category_minus_document_mean,-0.1029563199871009,16,-0.2014965735035349,-0.018440468317934496
coarse_category,other,512,4,delta_ce,category_minus_document_mean,-0.1407184904846873,16,-0.20431254442504682,-0.07247773615415654
coarse_category,special,512,4,delta_ce,category_minus_document_mean,-0.10361551630249989,16,-0.16244984957072264,-0.04158609027812682
coarse_category,content,512,16,delta_ce,category_minus_document_mean,0.13339074174246363,16,0.06362592859708835,0.20900148278012837
coarse_category,function,512,16,delta_ce,category_minus_document_mean,-0.10410127505979791,16,-0.2115322279610203,-0.020728046392620825
coarse_category,other,512,16,delta_ce,category_minus_document_mean,-0.14759288605374665,16,-0.20789993289385678,-0.07781013390270666
coarse_category,special,512,16,delta_ce,category_minus_document_mean,-0.08936382461770796,16,-0.14376712143955028,-0.03345346214609609
coarse_category,content,1024,0,delta_ce,category_minus_document_mean,0.07623159930292706,16,0.04088312105785305,0.11057560549475953
coarse_category,function,1024,0,delta_ce,category_minus_document_mean,-0.08605798917714447,16,-0.17681558373179326,-0.023496705051117946
coarse_category,other,1024,0,delta_ce,category_minus_document_mean,-0.06443486029578055,16,-0.11647330317554941,-0.012353324195771023
coarse_category,special,1024,0,delta_ce,category_minus_document_mean,-0.03288234298100963,16,-0.07021764418438955,0.008450442114462248
coarse_category,content,1024,4,delta_ce,category_minus_document_mean,0.07779454097561292,16,0.04269730148295704,0.11276126076739691
coarse_category,function,1024,4,delta_ce,category_minus_document_mean,-0.08878885703406772,16,-0.17590241996442257,-0.026776513007601716
coarse_category,other,1024,4,delta_ce,category_minus_document_mean,-0.061552170936574405,16,-0.1066127395383165,-0.015399529823204406
coarse_category,special,1024,4,delta_ce,category_minus_document_mean,-0.034206814366194105,16,-0.0732399649530349,0.010018858500437617
coarse_category,content,1024,16,delta_ce,category_minus_document_mean,0.07669038599310611,16,0.04016405668285915,0.11585387122554663
coarse_category,function,1024,16,delta_ce,category_minus_document_mean,-0.08733762963290012,16,-0.1718037898621242,-0.021335555990415724
coarse_category,other,1024,16,delta_ce,category_minus_document_mean,-0.06485364274373878,16,-0.1121163717330865,-0.01701768559045483
coarse_category,special,1024,16,delta_ce,category_minus_document_mean,-0.033517143926495276,16,-0.07405550712827981,0.011673133683820863
coarse_category,content,2048,0,delta_ce,category_minus_document_mean,0.05093511815183691,16,0.01708037839330009,0.08919431508037874
coarse_category,function,2048,0,delta_ce,category_minus_document_mean,-0.06279419707689302,16,-0.13512093785666407,-0.006028860075522748
coarse_category,other,2048,0,delta_ce,category_minus_document_mean,-0.035557385682666726,16,-0.08790594789714454,0.015891648882624416
coarse_category,special,2048,0,delta_ce,category_minus_document_mean,-0.031917472613054415,16,-0.06924570274822299,0.004799094757221655
coarse_category,content,2048,4,delta_ce,category_minus_document_mean,0.05318888849660105,16,0.015164600107962655,0.09320352447218029
coarse_category,function,2048,4,delta_ce,category_minus_document_mean,-0.06450641680804588,16,-0.13988302748934872,-0.009481725048239097
coarse_category,other,2048,4,delta_ce,category_minus_document_mean,-0.03760495636065872,16,-0.09226101573662084,0.013254974659318715
coarse_category,special,2048,4,delta_ce,category_minus_document_mean,-0.03234605477678833,16,-0.07038701882784197,0.0024130842122828964
coarse_category,content,2048,16,delta_ce,category_minus_document_mean,0.05100419743585708,16,0.017898440667677804,0.08581221770826956
coarse_category,function,2048,16,delta_ce,category_minus_document_mean,-0.06599643871662653,16,-0.14225311439361193,-0.007444176208736985
coarse_category,other,2048,16,delta_ce,category_minus_document_mean,-0.030305869446776837,16,-0.07719360857518934,0.013539871082389115
coarse_category,special,2048,16,delta_ce,category_minus_document_mean,-0.031388949214894636,16,-0.0688956166775481,0.0015582443805493796
coarse_category,content,4096,0,delta_ce,category_minus_document_mean,0.01790580220360322,16,-0.0050232781571278515,0.044249060165757206
coarse_category,function,4096,0,delta_ce,category_minus_document_mean,-0.0031761512117178944,16,-0.02468923484089137,0.019163225902786858
coarse_category,other,4096,0,delta_ce,category_minus_document_mean,-0.002972781321793433,16,-0.04891178218647879,0.03667719861438274
coarse_category,special,4096,0,delta_ce,category_minus_document_mean,-0.031216519150877413,16,-0.060783332420463486,-0.004147486618999978
coarse_category,content,4096,4,delta_ce,category_minus_document_mean,0.017339567166680156,16,-0.005941219750705861,0.045725423812500623
coarse_category,function,4096,4,delta_ce,category_minus_document_mean,-0.004386570751913026,16,-0.026497567602289007,0.01824655527521138
coarse_category,other,4096,4,delta_ce,category_minus_document_mean,-0.005280080278262926,16,-0.04504800037328754,0.032607308132716784
coarse_category,special,4096,4,delta_ce,category_minus_document_mean,-0.027724558315700497,16,-0.05507158065058457,-0.0022551092744437975
coarse_category,content,4096,16,delta_ce,category_minus_document_mean,0.01628753733593867,16,-0.007561773636919024,0.0460065853978468
coarse_category,function,4096,16,delta_ce,category_minus_document_mean,-0.003637845213647073,16,-0.029603033265197462,0.021501010479102804
coarse_category,other,4096,16,delta_ce,category_minus_document_mean,-0.0034474585745429285,16,-0.04434885071941707,0.0339003756957848
coarse_category,special,4096,16,delta_ce,category_minus_document_mean,-0.027708472285317972,16,-0.05623303061111457,-0.001788774451414971
coarse_category,content,8192,0,delta_ce,category_minus_document_mean,-0.0012267123824817629,16,-0.023645559028346357,0.02274390522748077
coarse_category,function,8192,0,delta_ce,category_minus_document_mean,0.0020605294241316163,16,-0.011898125697639154,0.015225022142563306
coarse_category,other,8192,0,delta_ce,category_minus_document_mean,0.015485171995779482,16,-0.01973885848547533,0.0574919429586682
coarse_category,special,8192,0,delta_ce,category_minus_document_mean,-0.012898289437756602,16,-0.03827308375231143,0.009126727652212762
coarse_category,content,8192,4,delta_ce,category_minus_document_mean,-0.0024810002137301687,16,-0.024659925061011896,0.022259812718701266
coarse_category,function,8192,4,delta_ce,category_minus_document_mean,0.0054063349455708756,16,-0.011367257283031538,0.020380725220034576
coarse_category,other,8192,4,delta_ce,category_minus_document_mean,0.01860059537964682,16,-0.017602930515517187,0.06060684526488251
coarse_category,special,8192,4,delta_ce,category_minus_document_mean,-0.014693831985147473,16,-0.038756667822790074,0.009389019981099008
coarse_category,content,8192,16,delta_ce,category_minus_document_mean,-0.0030817860751738394,16,-0.026247078961359596,0.023600993137177548
coarse_category,function,8192,16,delta_ce,category_minus_document_mean,0.0023727133132871296,16,-0.01241396225254862,0.01676765621026812
coarse_category,other,8192,16,delta_ce,category_minus_document_mean,0.019021290933858216,16,-0.016281154694971694,0.056738540953675504
coarse_category,special,8192,16,delta_ce,category_minus_document_mean,-0.011406536552532367,16,-0.038166331191170105,0.012344759280298427
coarse_category,content,128,0,kl_full_to_compact,category_minus_document_mean,0.13667088059488514,16,0.06915606979833643,0.2199613180220152
coarse_category,function,128,0,kl_full_to_compact,category_minus_document_mean,-0.11218270268861358,16,-0.18188913894454856,-0.05801377698424811
coarse_category,other,128,0,kl_full_to_compact,category_minus_document_mean,-0.11911562635704359,16,-0.2229096418191097,-0.016646438967515335
coarse_category,special,128,0,kl_full_to_compact,category_minus_document_mean,-0.06818703372887042,16,-0.12995147757296685,-0.011534245609409828
coarse_category,content,128,4,kl_full_to_compact,category_minus_document_mean,0.13557389969018327,16,0.06924628437889187,0.21669904007040836
coarse_category,function,128,4,kl_full_to_compact,category_minus_document_mean,-0.11062477744807307,16,-0.18023826837727985,-0.058824153882126314
coarse_category,other,128,4,kl_full_to_compact,category_minus_document_mean,-0.1248946470694752,16,-0.22139947269585175,-0.02724892174551179
coarse_category,special,128,4,kl_full_to_compact,category_minus_document_mean,-0.06833751095709281,16,-0.13217621152880166,-0.017448845437160392
coarse_category,content,128,16,kl_full_to_compact,category_minus_document_mean,0.1461802558635851,16,0.07527273680140988,0.22815680377709918
coarse_category,function,128,16,kl_full_to_compact,category_minus_document_mean,-0.12086656031651519,16,-0.19273945371769113,-0.05812906397307359
coarse_category,other,128,16,kl_full_to_compact,category_minus_document_mean,-0.1250361210014155,16,-0.2338715645579869,-0.00879185635569819
coarse_category,special,128,16,kl_full_to_compact,category_minus_document_mean,-0.07168421676569811,16,-0.14130908148005838,-0.015644364129330245
coarse_category,content,512,0,kl_full_to_compact,category_minus_document_mean,0.07362115499068245,16,0.030174295584449513,0.12255345044278622
coarse_category,function,512,0,kl_full_to_compact,category_minus_document_mean,-0.0781291899322189,16,-0.15302405804268943,-0.03010262402466903
coarse_category,other,512,0,kl_full_to_compact,category_minus_document_mean,-0.04903187330050006,16,-0.1281327752546512,0.05592150346472396
coarse_category,special,512,0,kl_full_to_compact,category_minus_document_mean,-0.0552474657360416,16,-0.11153519689746766,-0.011088272595563779
coarse_category,content,512,4,kl_full_to_compact,category_minus_document_mean,0.07264862655788465,16,0.031383023510108306,0.12058377595685715
coarse_category,function,512,4,kl_full_to_compact,category_minus_document_mean,-0.07720730845407556,16,-0.14854119193896714,-0.03027824710822491
coarse_category,other,512,4,kl_full_to_compact,category_minus_document_mean,-0.04428210159272444,16,-0.12224900296023439,0.06569239780914822
coarse_category,special,512,4,kl_full_to_compact,category_minus_document_mean,-0.053262218786526164,16,-0.10311395537866959,-0.012221880610732186
coarse_category,content,512,16,kl_full_to_compact,category_minus_document_mean,0.07205617239073156,16,0.034891095414388,0.11596633385430848
coarse_category,function,512,16,kl_full_to_compact,category_minus_document_mean,-0.07757327658923424,16,-0.14772595716995518,-0.030007976944585693
coarse_category,other,512,16,kl_full_to_compact,category_minus_document_mean,-0.046919240028768724,16,-0.12709992973452489,0.06470396046079283
coarse_category,special,512,16,kl_full_to_compact,category_minus_document_mean,-0.05033672929832399,16,-0.09876872204424836,-0.012475121157335511
coarse_category,content,1024,0,kl_full_to_compact,category_minus_document_mean,0.046159899180654496,16,0.02074583011202583,0.07391182393862275
coarse_category,function,1024,0,kl_full_to_compact,category_minus_document_mean,-0.0609148578905432,16,-0.11694064750445621,-0.022510504610972048
coarse_category,other,1024,0,kl_full_to_compact,category_minus_document_mean,-0.04267237315074167,16,-0.08491889268690683,0.01104313239560555
coarse_category,special,1024,0,kl_full_to_compact,category_minus_document_mean,-0.020281295165505874,16,-0.04509166232308044,0.002182635027300848
coarse_category,content,1024,4,kl_full_to_compact,category_minus_document_mean,0.04597615767225945,16,0.02035459044427023,0.07569122031329908
coarse_category,function,1024,4,kl_full_to_compact,category_minus_document_mean,-0.06090359711965465,16,-0.11881473184911095,-0.023609909488471276
coarse_category,other,1024,4,kl_full_to_compact,category_minus_document_mean,-0.04060968330994692,16,-0.08068356088666312,0.012656605681916124
coarse_category,special,1024,4,kl_full_to_compact,category_minus_document_mean,-0.02175243887788387,16,-0.04900796671904034,0.002442483599830651
coarse_category,content,1024,16,kl_full_to_compact,category_minus_document_mean,0.046459876835986805,16,0.020186081797912755,0.07515060566844681
coarse_category,function,1024,16,kl_full_to_compact,category_minus_document_mean,-0.061517630982929734,16,-0.1235592090210138,-0.022834880149949846
coarse_category,other,1024,16,kl_full_to_compact,category_minus_document_mean,-0.041983528279579845,16,-0.08319987887759366,0.01653307341561362
coarse_category,special,1024,16,kl_full_to_compact,category_minus_document_mean,-0.022098178407080435,16,-0.05129021220730692,0.001361316489256446
coarse_category,content,2048,0,kl_full_to_compact,category_minus_document_mean,0.03560514931302277,16,0.011554195741203924,0.06491373854809605
coarse_category,function,2048,0,kl_full_to_compact,category_minus_document_mean,-0.05260376981470222,16,-0.10249799002447368,-0.01581926088235717
coarse_category,other,2048,0,kl_full_to_compact,category_minus_document_mean,-0.018845761933424958,16,-0.06011449593750488,0.041955233928264286
coarse_category,special,2048,0,kl_full_to_compact,category_minus_document_mean,-0.018905106519455456,16,-0.044536625525506475,0.003277966160668173
coarse_category,content,2048,4,kl_full_to_compact,category_minus_document_mean,0.03576184963097818,16,0.011701100459841126,0.06339287813643363
coarse_category,function,2048,4,kl_full_to_compact,category_minus_document_mean,-0.05238312694153872,16,-0.10817970952787355,-0.015114989013060475
coarse_category,other,2048,4,kl_full_to_compact,category_minus_document_mean,-0.021141564708119516,16,-0.06303066929898193,0.0393049274833429
coarse_category,special,2048,4,kl_full_to_compact,category_minus_document_mean,-0.018647673898918436,16,-0.044180891992151916,0.004597647364220687
coarse_category,content,2048,16,kl_full_to_compact,category_minus_document_mean,0.03661591252015812,16,0.013597494252043993,0.06346060409830956
coarse_category,function,2048,16,kl_full_to_compact,category_minus_document_mean,-0.052081858874888656,16,-0.10646283281857384,-0.016027151758403968
coarse_category,other,2048,16,kl_full_to_compact,category_minus_document_mean,-0.019139650628431967,16,-0.060381063173347335,0.038475615132939935
coarse_category,special,2048,16,kl_full_to_compact,category_minus_document_mean,-0.02088209979635573,16,-0.046275921039728496,-0.00024812234843980005
coarse_category,content,4096,0,kl_full_to_compact,category_minus_document_mean,0.01727255622797551,16,0.002487650771957743,0.04095569798555823
coarse_category,function,4096,0,kl_full_to_compact,category_minus_document_mean,-0.016012788267112256,16,-0.024616479110408717,-0.0084437063292711
coarse_category,other,4096,0,kl_full_to_compact,category_minus_document_mean,-0.009894576547209606,16,-0.02948309234134472,0.015664285550303147
coarse_category,special,4096,0,kl_full_to_compact,category_minus_document_mean,-0.004422269392529228,16,-0.01867193369091613,0.01210547593470231
coarse_category,content,4096,4,kl_full_to_compact,category_minus_document_mean,0.01724148084104548,16,0.0024560381884316043,0.038403344523792446
coarse_category,function,4096,4,kl_full_to_compact,category_minus_document_mean,-0.015873308790948865,16,-0.02425996665318645,-0.008276647132012397
coarse_category,other,4096,4,kl_full_to_compact,category_minus_document_mean,-0.010045837922687277,16,-0.028345650671559596,0.013209455010213578
coarse_category,special,4096,4,kl_full_to_compact,category_minus_document_mean,-0.004412534486842143,16,-0.018156878039015063,0.011016038020011377
coarse_category,content,4096,16,kl_full_to_compact,category_minus_document_mean,0.016892695962873128,16,0.0023755653831364918,0.0374706535617907
coarse_category,function,4096,16,kl_full_to_compact,category_minus_document_mean,-0.01564490290839595,16,-0.023543836690097797,-0.008432814589076142
coarse_category,other,4096,16,kl_full_to_compact,category_minus_document_mean,-0.010093043178199684,16,-0.028789271888584406,0.013891283349178121
coarse_category,special,4096,16,kl_full_to_compact,category_minus_document_mean,-0.00397626711914111,16,-0.016716327457999985,0.01146963259454155
coarse_category,content,8192,0,kl_full_to_compact,category_minus_document_mean,0.008932947048996914,16,0.0046832676642446286,0.014235934924699475
coarse_category,function,8192,0,kl_full_to_compact,category_minus_document_mean,-0.007099999583721244,16,-0.011066650074229191,-0.003388166515040026
coarse_category,other,8192,0,kl_full_to_compact,category_minus_document_mean,-0.005711683717372424,16,-0.016423756548852815,0.007187024121464282
coarse_category,special,8192,0,kl_full_to_compact,category_minus_document_mean,-0.005581308689477547,16,-0.010988008692561679,-0.0007933684258992627
coarse_category,content,8192,4,kl_full_to_compact,category_minus_document_mean,0.00915854466963055,16,0.004670589397986488,0.013906958044215708
coarse_category,function,8192,4,kl_full_to_compact,category_minus_document_mean,-0.007349760275139512,16,-0.01119003351030026,-0.0038786893877392537
coarse_category,other,8192,4,kl_full_to_compact,category_minus_document_mean,-0.005267859400381791,16,-0.016164513836405745,0.008295462829924983
coarse_category,special,8192,4,kl_full_to_compact,category_minus_document_mean,-0.005679196460155623,16,-0.010910920976821229,-0.0004421341335891305
coarse_category,content,8192,16,kl_full_to_compact,category_minus_document_mean,0.00901443200291887,16,0.004687226663252847,0.014031675897674366
coarse_category,function,8192,16,kl_full_to_compact,category_minus_document_mean,-0.007006004731575205,16,-0.010588743917077313,-0.003405193515892823
coarse_category,other,8192,16,kl_full_to_compact,category_minus_document_mean,-0.005554165267022243,16,-0.015929677501741984,0.0069076695208279484
coarse_category,special,8192,16,kl_full_to_compact,category_minus_document_mean,-0.005648229707197375,16,-0.01075583105301807,-0.0011288095504761776
coarse_category,content,128,0,top1_changed,category_minus_document_mean,0.05995980918512185,16,0.0304709416562727,0.09411652001197288
coarse_category,function,128,0,top1_changed,category_minus_document_mean,-0.04251605390898512,16,-0.0807954614301265,-0.00017414380934745597
coarse_category,other,128,0,top1_changed,category_minus_document_mean,-0.05360665809884561,16,-0.13357421875,0.034294197555916305
coarse_category,special,128,0,top1_changed,category_minus_document_mean,-0.03867296958345069,16,-0.07790262316011476,0.0010444890042062976
coarse_category,content,128,4,top1_changed,category_minus_document_mean,0.06774825576033314,16,0.03248402383710936,0.11091934693131766
coarse_category,function,128,4,top1_changed,category_minus_document_mean,-0.049954912604637296,16,-0.09076686972611557,-0.007202652485777408
coarse_category,other,128,4,top1_changed,category_minus_document_mean,-0.0473566580988456,16,-0.1322989662247475,0.03956189968885279
coarse_category,special,128,4,top1_changed,category_minus_document_mean,-0.036986461646942755,16,-0.0863580120160329,0.008490387687922709
coarse_category,content,128,16,top1_changed,category_minus_document_mean,0.0672505304833959,16,0.034459825649884916,0.10336812027262943
coarse_category,function,128,16,top1_changed,category_minus_document_mean,-0.056656222037640085,16,-0.10469970154000788,-0.007588037217289848
coarse_category,other,128,16,top1_changed,category_minus_document_mean,-0.053038476280663785,16,-0.15302556818181817,0.0592354910714285
coarse_category,special,128,16,top1_changed,category_minus_document_mean,-0.024362810963898064,16,-0.06745487750677596,0.02054267988172729
coarse_category,content,512,0,top1_changed,category_minus_document_mean,0.04144453559015579,16,0.022023675860917108,0.06029909935729098
coarse_category,function,512,0,top1_changed,category_minus_document_mean,-0.022763782845840918,16,-0.05767760873538012,0.008118962880654803
coarse_category,other,512,0,top1_changed,category_minus_document_mean,-0.03837763798701299,16,-0.1069341010551948,0.032609704748376586
coarse_category,special,512,0,top1_changed,category_minus_document_mean,-0.05592400551119492,16,-0.08755484018210034,-0.02472569482460894
coarse_category,content,512,4,top1_changed,category_minus_document_mean,0.042314896421454126,16,0.02152635797676558,0.06254267690257888
coarse_category,function,512,4,top1_changed,category_minus_document_mean,-0.03194347034584091,16,-0.06761571107211661,0.0013991684941520224
coarse_category,other,512,4,top1_changed,category_minus_document_mean,-0.02134204770923521,16,-0.08719529277146465,0.04805619673295454
coarse_category,special,512,4,top1_changed,category_minus_document_mean,-0.04238448513573704,16,-0.08138713205408661,-0.0010818437191963532
coarse_category,content,512,16,top1_changed,category_minus_document_mean,0.04184549458486479,16,0.019758515062211015,0.06310217501536335
coarse_category,function,512,16,top1_changed,category_minus_document_mean,-0.02428288006806314,16,-0.0618169770526817,0.00727064437730421
coarse_category,other,512,16,top1_changed,category_minus_document_mean,-0.04267451298701298,16,-0.10684570312500001,0.023640865969967503
coarse_category,special,512,16,top1_changed,category_minus_document_mean,-0.04801849955881396,16,-0.08178735345862231,-0.010459954229762846
coarse_category,content,1024,0,top1_changed,category_minus_document_mean,0.041026195438459666,16,0.013128836442168147,0.0657959674798884
coarse_category,function,1024,0,top1_changed,category_minus_document_mean,-0.01800321781058695,16,-0.050986585210631444,0.016978272692448244
coarse_category,other,1024,0,top1_changed,category_minus_document_mean,-0.04425476866883117,16,-0.10274344308035714,0.01780768060064927
coarse_category,special,1024,0,top1_changed,category_minus_document_mean,-0.04347132484057244,16,-0.074603807076808,-0.013841191224399918
coarse_category,content,1024,4,top1_changed,category_minus_document_mean,0.04398306929377102,16,0.016191379901668024,0.07200592025672449
coarse_category,function,1024,4,top1_changed,category_minus_document_mean,-0.0186495417840169,16,-0.05467898962520047,0.01820969367158312
coarse_category,other,1024,4,top1_changed,category_minus_document_mean,-0.038590706168831174,16,-0.09396833147321429,0.026347466010551858
coarse_category,special,1024,4,top1_changed,category_minus_document_mean,-0.04951944721452201,16,-0.07866840877839587,-0.02227898721619407
coarse_category,content,1024,16,top1_changed,category_minus_document_mean,0.04198741593093016,16,0.010504820571681386,0.06908136989873523
coarse_category,function,1024,16,top1_changed,category_minus_document_mean,-0.0301729792840169,16,-0.06795639470521256,0.008290849264238493
coarse_category,other,1024,16,top1_changed,category_minus_document_mean,-0.037614143668831174,16,-0.09425546621347403,0.0237593851461038
coarse_category,special,1024,16,top1_changed,category_minus_document_mean,-0.03638225123035911,16,-0.0655943419569834,-0.009231182356756825
coarse_category,content,2048,0,top1_changed,category_minus_document_mean,0.043687091934274634,16,0.018314105190803554,0.0664636373176175
coarse_category,function,2048,0,top1_changed,category_minus_document_mean,-0.0371238107593049,16,-0.06646662864244118,-0.006067134761155618
coarse_category,other,2048,0,top1_changed,category_minus_document_mean,-0.03860846185064935,16,-0.09176225142045455,0.023131848620129854
coarse_category,special,2048,0,top1_changed,category_minus_document_mean,-0.024193521018999593,16,-0.054405902117843914,0.00587521830059941
coarse_category,content,2048,4,top1_changed,category_minus_document_mean,0.041563105320398315,16,0.014961415348144083,0.06914124466865085
coarse_category,function,2048,4,top1_changed,category_minus_document_mean,-0.035665100010512624,16,-0.06864449423425306,-0.003753167539459024
coarse_category,other,2048,4,top1_changed,category_minus_document_mean,-0.04056158685064935,16,-0.0982421875,0.028089552049512915
coarse_category,special,2048,4,top1_changed,category_minus_document_mean,-0.01920220157455515,16,-0.048095132944251065,0.011688480870297776
coarse_category,content,2048,16,top1_changed,category_minus_document_mean,0.04243008071632592,16,0.015392111505392752,0.0648430014867859
coarse_category,function,2048,16,top1_changed,category_minus_document_mean,-0.030575289647264768,16,-0.06277329195820865,0.00041151349405424176
coarse_category,other,2048,16,top1_changed,category_minus_document_mean,-0.05521002435064935,16,-0.10191761363636363,0.0027999441964285153
coarse_category,special,2048,16,top1_changed,category_minus_document_mean,-0.025170083518999596,16,-0.05246345179987461,0.002371717642778114
coarse_category,content,4096,0,top1_changed,category_minus_document_mean,0.03847109969382587,16,0.01058873744737815,0.06706848412703292
coarse_category,function,4096,0,top1_changed,category_minus_document_mean,-0.021966805928387022,16,-0.04845715625932079,0.0023597611250464477
coarse_category,other,4096,0,top1_changed,category_minus_document_mean,-0.02800578327922078,16,-0.08507742745535714,0.03351803469967526
coarse_category,special,4096,0,top1_changed,category_minus_document_mean,-0.0306404748005122,16,-0.06307685259698008,0.00507252555767705
coarse_category,content,4096,4,top1_changed,category_minus_document_mean,0.032371976016577195,16,-0.00167907096732924,0.0643960402663422
coarse_category,function,4096,4,top1_changed,category_minus_document_mean,-0.019406042039498136,16,-0.0434794001829319,0.0032092654501970175
coarse_category,other,4096,4,top1_changed,category_minus_document_mean,-0.010427658279220781,16,-0.06770907315340909,0.054891626927759736
coarse_category,special,4096,4,top1_changed,category_minus_document_mean,-0.03105663084626383,16,-0.06609564579052449,0.009760342659703207
coarse_category,content,4096,16,top1_changed,category_minus_document_mean,0.03353494788267406,16,0.002060776884146449,0.06569098202762383
coarse_category,function,4096,16,top1_changed,category_minus_document_mean,-0.017235903150609244,16,-0.047989859671737176,0.014157137308327948
coarse_category,other,4096,16,top1_changed,category_minus_document_mean,-0.010427658279220781,16,-0.07438222909902598,0.058335087763798636
coarse_category,special,4096,16,top1_changed,category_minus_document_mean,-0.03294738714878484,16,-0.06716314556769402,0.003779738519919356
coarse_category,content,8192,0,top1_changed,category_minus_document_mean,0.026311288781817075,16,0.00565125576211184,0.04720034744972051
coarse_category,function,8192,0,top1_changed,category_minus_document_mean,-0.011489752788290404,16,-0.03612168581095122,0.016529412830933763
coarse_category,other,8192,0,top1_changed,category_minus_document_mean,-0.03191203327922078,16,-0.07930087002840909,0.019054066051136267
coarse_category,special,8192,0,top1_changed,category_minus_document_mean,-0.03291184007739218,16,-0.0661667721065699,0.005964614904618705
coarse_category,content,8192,4,top1_changed,category_minus_document_mean,0.02879311684958264,16,0.006531876757897276,0.05212355015355384
coarse_category,function,8192,4,top1_changed,category_minus_document_mean,-0.020869470481527118,16,-0.045622052301225825,0.005857621145014327
coarse_category,other,8192,4,top1_changed,category_minus_document_mean,-0.03718547077922078,16,-0.087890625,0.018123795150162336
coarse_category,special,8192,4,top1_changed,category_minus_document_mean,-0.015064362544712443,16,-0.05158303303945815,0.02164720587572147
coarse_category,content,8192,16,top1_changed,category_minus_document_mean,0.022002171972700265,16,0.0007637570760722539,0.04283111599616504
coarse_category,function,8192,16,top1_changed,category_minus_document_mean,-0.01403353298152712,16,-0.036341648258113056,0.011108264737691664
coarse_category,other,8192,16,top1_changed,category_minus_document_mean,-0.03816203327922078,16,-0.0859463778409091,0.023850319602272685
coarse_category,special,8192,16,top1_changed,category_minus_document_mean,-0.01309353560042898,16,-0.05219599736201299,0.03202325994318182
fine_category,adjective,128,0,delta_ce,category_minus_document_mean,0.019249935825479396,14,-0.2113703454440637,0.3070305732222904
fine_category,adposition,128,0,delta_ce,category_minus_document_mean,-0.244272312776378,16,-0.3646523337370032,-0.12270238922866096
fine_category,adverb,128,0,delta_ce,category_minus_document_mean,0.263246632890307,11,-0.2090661114725744,0.8917526437597066
fine_category,auxiliary,128,0,delta_ce,category_minus_document_mean,-0.1395609685509361,14,-0.2758442348184313,-0.007650246129674957
fine_category,common_noun,128,0,delta_ce,category_minus_document_mean,0.2724086867769811,16,0.09933206147080095,0.42801997196292696
fine_category,coordinating_conjunction,128,0,delta_ce,category_minus_document_mean,-0.3806522668782924,15,-0.6233439111385609,-0.15663436123052155
fine_category,determiner,128,0,delta_ce,category_minus_document_mean,-0.125261105070759,16,-0.3150021548132862,0.09207260370097235
fine_category,interjection,128,0,delta_ce,category_minus_document_mean,0.3027434566029683,2,-0.28236352359078865,0.8878504367967253
fine_category,negation,128,0,delta_ce,category_minus_document_mean,-0.5497954863598892,10,-0.9726096045880034,-0.22774245366508034
fine_category,number,128,0,delta_ce,category_minus_document_mean,0.30096785922550473,6,-0.09308312291402893,0.86995230465277
fine_category,other,128,0,delta_ce,category_minus_document_mean,-0.2398653764540477,16,-0.43330024691685504,-0.04511491457436346
fine_category,particle,128,0,delta_ce,category_minus_document_mean,-0.40858136391411726,9,-0.645352777876219,-0.1795870150523906
fine_category,pronoun,128,0,delta_ce,category_minus_document_mean,-0.1019621362409039,15,-0.20329641235442056,-0.00319492363827746
fine_category,proper_noun,128,0,delta_ce,category_minus_document_mean,1.8991740533681087,13,0.4588366169353511,3.7786782454992505
fine_category,punctuation,128,0,delta_ce,category_minus_document_mean,-0.07278873800149116,16,-0.20937871392959684,0.07056121857054602
fine_category,question_word,128,0,delta_ce,category_minus_document_mean,-0.2939828645376222,11,-0.5597721063083654,-0.03987716741289219
fine_category,subordinating_conjunction,128,0,delta_ce,category_minus_document_mean,0.0642240431927128,8,-0.23465517731702415,0.3906610273621309
fine_category,verb,128,0,delta_ce,category_minus_document_mean,0.04880767989481889,16,-0.09380071986261607,0.19482899755788655
fine_category,adjective,128,4,delta_ce,category_minus_document_mean,-0.003882606535688546,14,-0.22020226388194428,0.2634807738928271
fine_category,adposition,128,4,delta_ce,category_minus_document_mean,-0.23953884681146032,16,-0.3672233654647764,-0.11822844343258221
fine_category,adverb,128,4,delta_ce,category_minus_document_mean,0.3291336905158739,11,-0.1413631636960302,0.9616368544508082
fine_category,auxiliary,128,4,delta_ce,category_minus_document_mean,-0.09613993947676547,14,-0.2583822893503032,0.10080714011661722
fine_category,common_noun,128,4,delta_ce,category_minus_document_mean,0.22813485833925062,16,0.06675857754833489,0.3864414836716304
fine_category,coordinating_conjunction,128,4,delta_ce,category_minus_document_mean,-0.3897828544628169,15,-0.6167191359503401,-0.18454661479390738
fine_category,determiner,128,4,delta_ce,category_minus_document_mean,-0.13433462537386004,16,-0.3400436742452907,0.0774686767989396
fine_category,interjection,128,4,delta_ce,category_minus_document_mean,0.3925997014773088,2,-0.01684659129443844,0.8020459942490561
fine_category,negation,128,4,delta_ce,category_minus_document_mean,-0.5507662788833159,10,-0.9738262848350641,-0.2329038737060706
fine_category,number,128,4,delta_ce,category_minus_document_mean,0.25192258359825626,6,-0.14608258580293773,0.823854326140526
fine_category,other,128,4,delta_ce,category_minus_document_mean,-0.2475621825812725,16,-0.46105153825116985,-0.06110887016314368
fine_category,particle,128,4,delta_ce,category_minus_document_mean,-0.3872382047098502,9,-0.5923870742413556,-0.18761258390889707
fine_category,pronoun,128,4,delta_ce,category_minus_document_mean,-0.12324252693208514,15,-0.23680688673455186,-0.00825094349710258
fine_category,proper_noun,128,4,delta_ce,category_minus_document_mean,1.8452729233645966,13,0.4488399478910775,3.5912493946901876
fine_category,punctuation,128,4,delta_ce,category_minus_document_mean,-0.08708825006249979,16,-0.22179754590980835,0.06543273412774175
fine_category,question_word,128,4,delta_ce,category_minus_document_mean,-0.20904725496362603,11,-0.5362189169394921,0.18757610011494605
fine_category,subordinating_conjunction,128,4,delta_ce,category_minus_document_mean,0.09270798183520886,8,-0.1984394251870197,0.42148116362417015
fine_category,verb,128,4,delta_ce,category_minus_document_mean,0.10054973625670946,16,-0.08389294444682899,0.2816719155032466
fine_category,adjective,128,16,delta_ce,category_minus_document_mean,-0.017515799734203388,14,-0.22393463884041478,0.24660966645330426
fine_category,adposition,128,16,delta_ce,category_minus_document_mean,-0.2386601249743205,16,-0.36563569120550754,-0.11352856107381229
fine_category,adverb,128,16,delta_ce,category_minus_document_mean,0.23353587153484315,11,-0.23770557370050244,0.7899010178523701
fine_category,auxiliary,128,16,delta_ce,category_minus_document_mean,-0.18445331249655342,14,-0.2968398933438504,-0.0665610564987608
fine_category,common_noun,128,16,delta_ce,category_minus_document_mean,0.21330361193716202,16,0.042682325805003585,0.39059526876107986
fine_category,coordinating_conjunction,128,16,delta_ce,category_minus_document_mean,-0.4217100005658883,15,-0.6694337098885518,-0.19367215107567415
fine_category,determiner,128,16,delta_ce,category_minus_document_mean,-0.1537735394186142,16,-0.3412719677348136,0.06713073594081725
fine_category,interjection,128,16,delta_ce,category_minus_document_mean,0.1422385892765874,2,-0.2691259509518886,0.5536031295050634
fine_category,negation,128,16,delta_ce,category_minus_document_mean,-0.5779147111530178,10,-0.9411548079803052,-0.26096347420425337
fine_category,number,128,16,delta_ce,category_minus_document_mean,0.2219465514808451,6,-0.27178296884710423,0.9112891757735294
fine_category,other,128,16,delta_ce,category_minus_document_mean,-0.2163550693693544,16,-0.4557832427120248,0.03684457059223048
fine_category,particle,128,16,delta_ce,category_minus_document_mean,-0.464757373360576,9,-0.706916766207582,-0.2305844409815276
fine_category,pronoun,128,16,delta_ce,category_minus_document_mean,-0.1029289931580264,15,-0.229231441900418,0.04623917810681728
fine_category,proper_noun,128,16,delta_ce,category_minus_document_mean,1.8485529545368373,13,0.4309508087105506,3.5179518369849014
fine_category,punctuation,128,16,delta_ce,category_minus_document_mean,-0.10262390549060663,16,-0.25302608310411884,0.05388319968868762
fine_category,question_word,128,16,delta_ce,category_minus_document_mean,-0.0810909331153452,11,-0.5010644351233204,0.5281309322017567
fine_category,subordinating_conjunction,128,16,delta_ce,category_minus_document_mean,0.21609293444082608,8,-0.16747714164431865,0.6502194183987112
fine_category,verb,128,16,delta_ce,category_minus_document_mean,0.14968478414119435,16,-0.046158739609694556,0.3704070095904505
fine_category,adjective,512,0,delta_ce,category_minus_document_mean,0.08488849495709684,14,-0.12974702158828308,0.35673632301564134
fine_category,adposition,512,0,delta_ce,category_minus_document_mean,-0.05744904903412736,16,-0.1926363306361396,0.0514399056463482
fine_category,adverb,512,0,delta_ce,category_minus_document_mean,-0.20831225037396325,11,-0.4409384345618638,-0.0005499294270048866
fine_category,auxiliary,512,0,delta_ce,category_minus_document_mean,-0.07824326653120665,14,-0.1936395529806175,0.04212890482752341
fine_category,common_noun,512,0,delta_ce,category_minus_document_mean,0.22824274677762296,16,0.10590816715401014,0.3635417834732106
fine_category,coordinating_conjunction,512,0,delta_ce,category_minus_document_mean,-0.1821091377023734,15,-0.31450246015116456,-0.06597997592347274
fine_category,determiner,512,0,delta_ce,category_minus_document_mean,-0.09001799146804637,16,-0.20893574790666392,0.02342728174560603
fine_category,interjection,512,0,delta_ce,category_minus_document_mean,0.35836301427593753,2,-0.2571630842971899,0.973889112849065
fine_category,negation,512,0,delta_ce,category_minus_document_mean,-0.2206973077312675,10,-0.3165066034785349,-0.13004118597284567
fine_category,number,512,0,delta_ce,category_minus_document_mean,0.4494039209663911,6,0.039967652083513806,1.0310664173709874
fine_category,other,512,0,delta_ce,category_minus_document_mean,-0.1514863676042168,16,-0.21745235640778138,-0.07576899426005082
fine_category,particle,512,0,delta_ce,category_minus_document_mean,-0.2445814008566703,9,-0.4085644216007223,-0.0952430674294967
fine_category,pronoun,512,0,delta_ce,category_minus_document_mean,-0.08196430781277457,15,-0.14252947207380576,-0.03498090751908053
fine_category,proper_noun,512,0,delta_ce,category_minus_document_mean,0.7420418466891859,13,-0.09082474576485955,1.9324779045144105
fine_category,punctuation,512,0,delta_ce,category_minus_document_mean,-0.11622995828434445,16,-0.19984427968147353,-0.03624941342113645
fine_category,question_word,512,0,delta_ce,category_minus_document_mean,-0.05263080471545061,11,-0.26750562490383556,0.19971294555810595
fine_category,subordinating_conjunction,512,0,delta_ce,category_minus_document_mean,-0.11868243818691729,8,-0.18464661982680017,-0.057106535673574044
fine_category,verb,512,0,delta_ce,category_minus_document_mean,-4.056105199368165e-05,16,-0.11555394654478285,0.104225548488223
fine_category,adjective,512,4,delta_ce,category_minus_document_mean,0.0857850985617354,14,-0.1163157812646791,0.3789240805161643
fine_category,adposition,512,4,delta_ce,category_minus_document_mean,-0.056659940085530575,16,-0.1773177467215309,0.05226584875769143
fine_category,adverb,512,4,delta_ce,category_minus_document_mean,-0.21704774495626458,11,-0.43390164631974637,-0.02607135010790634
fine_category,auxiliary,512,4,delta_ce,category_minus_document_mean,-0.08444621486850849,14,-0.2035537714627791,0.03448146863569606
fine_category,common_noun,512,4,delta_ce,category_minus_document_mean,0.22990081081066377,16,0.10991580080090782,0.35958086100173214
fine_category,coordinating_conjunction,512,4,delta_ce,category_minus_document_mean,-0.18895793389126425,15,-0.32255581483678264,-0.08015725084140482
fine_category,determiner,512,4,delta_ce,category_minus_document_mean,-0.08701832061461892,16,-0.21040790244444768,0.01960734365182068
fine_category,interjection,512,4,delta_ce,category_minus_document_mean,0.36291619506573625,2,-0.15869746637145,0.8845298565029225
fine_category,negation,512,4,delta_ce,category_minus_document_mean,-0.23503650285071204,10,-0.32950936324308383,-0.1431337590553042
fine_category,number,512,4,delta_ce,category_minus_document_mean,0.45636843945576927,6,0.07137858562287139,1.0369231433586619
fine_category,other,512,4,delta_ce,category_minus_document_mean,-0.15019973852833415,16,-0.21771591628782988,-0.07734711239752601
fine_category,particle,512,4,delta_ce,category_minus_document_mean,-0.24280674334798313,9,-0.3999310160706371,-0.11290640758213097
fine_category,pronoun,512,4,delta_ce,category_minus_document_mean,-0.08222118903065567,15,-0.13626933893261126,-0.03380097936305662
fine_category,proper_noun,512,4,delta_ce,category_minus_document_mean,0.7229261576071936,13,-0.081339612025624,1.8239147479384294
fine_category,punctuation,512,4,delta_ce,category_minus_document_mean,-0.11269544684057314,16,-0.19080249122920998,-0.03454145253171398
fine_category,question_word,512,4,delta_ce,category_minus_document_mean,-0.04965593960036889,11,-0.25394070264721563,0.2072412349171008
fine_category,subordinating_conjunction,512,4,delta_ce,category_minus_document_mean,-0.11079049089519591,8,-0.16796658009594875,-0.05361900847313983
fine_category,verb,512,4,delta_ce,category_minus_document_mean,0.005815954639402092,16,-0.09779398350702763,0.10961905079554818
fine_category,adjective,512,16,delta_ce,category_minus_document_mean,0.06746160888680507,14,-0.13906878405969597,0.3276115221209141
fine_category,adposition,512,16,delta_ce,category_minus_document_mean,-0.0664854309150247,16,-0.1944886592087774,0.04229859885325336
fine_category,adverb,512,16,delta_ce,category_minus_document_mean,-0.21319128902559187,11,-0.4339073727848254,0.008250303288503263
fine_category,auxiliary,512,16,delta_ce,category_minus_document_mean,-0.08918315487756688,14,-0.19841446768038437,0.021101855168055666
fine_category,common_noun,512,16,delta_ce,category_minus_document_mean,0.22436259789832633,16,0.09845007558624116,0.35296700788544655
fine_category,coordinating_conjunction,512,16,delta_ce,category_minus_document_mean,-0.20242572573521694,15,-0.3252036389549164,-0.09375945270900196
fine_category,determiner,512,16,delta_ce,category_minus_document_mean,-0.06599451281604632,16,-0.17920078763187433,0.036884998896692715
fine_category,interjection,512,16,delta_ce,category_minus_document_mean,0.3515120043882689,2,-0.1499006783610639,0.8529246871376017
fine_category,negation,512,16,delta_ce,category_minus_document_mean,-0.250606503857032,10,-0.3560640763562744,-0.1503754629377957
fine_category,number,512,16,delta_ce,category_minus_document_mean,0.43605983882742194,6,0.06908524392590386,0.9909730118064936
fine_category,other,512,16,delta_ce,category_minus_document_mean,-0.1567425628400947,16,-0.22319729093612403,-0.08145474478133959
fine_category,particle,512,16,delta_ce,category_minus_document_mean,-0.23997245368483533,9,-0.40779167342992706,-0.09162051341454318
fine_category,pronoun,512,16,delta_ce,category_minus_document_mean,-0.07123305623027752,15,-0.1278674381822603,-0.025369603871602055
fine_category,proper_noun,512,16,delta_ce,category_minus_document_mean,0.703727532355799,13,-0.12543323786148516,1.7848703689724426
fine_category,punctuation,512,16,delta_ce,category_minus_document_mean,-0.09906439370455061,16,-0.1781963142906588,-0.02154417750739053
fine_category,question_word,512,16,delta_ce,category_minus_document_mean,-0.039269009898206884,11,-0.23659033881504216,0.19912828379796427
fine_category,subordinating_conjunction,512,16,delta_ce,category_minus_document_mean,-0.11156209753273286,8,-0.16445522417026456,-0.06184536754723674
fine_category,verb,512,16,delta_ce,category_minus_document_mean,-0.008008943067553245,16,-0.11650767513977532,0.09749714991807516
fine_category,adjective,1024,0,delta_ce,category_minus_document_mean,0.07252672994173877,14,-0.13067287531195093,0.3721938377225248
fine_category,adposition,1024,0,delta_ce,category_minus_document_mean,-0.07874222544190575,16,-0.1717902831506168,-0.002661346968069343
fine_category,adverb,1024,0,delta_ce,category_minus_document_mean,-0.11106947277060698,11,-0.27427028886714555,0.05415805288875501
fine_category,auxiliary,1024,0,delta_ce,category_minus_document_mean,-0.07485313299108862,14,-0.20511615398673197,0.0372279589902354
fine_category,common_noun,1024,0,delta_ce,category_minus_document_mean,0.18049214698774624,16,0.05805927476875461,0.3123307354577548
fine_category,coordinating_conjunction,1024,0,delta_ce,category_minus_document_mean,-0.19395834381031135,15,-0.3095882479865615,-0.10365762288645951
fine_category,determiner,1024,0,delta_ce,category_minus_document_mean,-0.04889968685548756,16,-0.14233061090350005,0.042474387801667686
fine_category,interjection,1024,0,delta_ce,category_minus_document_mean,0.2167330521249653,2,-0.4555883633726694,0.8890544676226
fine_category,negation,1024,0,delta_ce,category_minus_document_mean,-0.10763342260488003,10,-0.1776373750840864,-0.04487479558206204
fine_category,number,1024,0,delta_ce,category_minus_document_mean,0.41642112382534086,6,-0.019656767137497214,1.0688082580157925
fine_category,other,1024,0,delta_ce,category_minus_document_mean,-0.06612901742203005,16,-0.12533033670580604,-0.012839260125572963
fine_category,particle,1024,0,delta_ce,category_minus_document_mean,-0.07977661410411782,9,-0.21549135174550746,0.05354158469542771
fine_category,pronoun,1024,0,delta_ce,category_minus_document_mean,-0.020262277493738434,15,-0.05674552254158684,0.014148000272201661
fine_category,proper_noun,1024,0,delta_ce,category_minus_document_mean,0.22868232254283877,13,-0.25548709937628333,1.0430138689465553
fine_category,punctuation,1024,0,delta_ce,category_minus_document_mean,-0.040944420616275554,16,-0.11920887461761268,0.034116724374335536
fine_category,question_word,1024,0,delta_ce,category_minus_document_mean,-0.1734530036499109,11,-0.3540370302580398,0.011633402588313897
fine_category,subordinating_conjunction,1024,0,delta_ce,category_minus_document_mean,-0.0966055887916563,8,-0.20996854785316543,-0.0035692897941629487
fine_category,verb,1024,0,delta_ce,category_minus_document_mean,0.01382850530234906,16,-0.0647323594837114,0.08751344101676947
fine_category,adjective,1024,4,delta_ce,category_minus_document_mean,0.08791606369300373,14,-0.12125424220933895,0.38958140285938064
fine_category,adposition,1024,4,delta_ce,category_minus_document_mean,-0.0803464312773214,16,-0.17860445962292779,-0.00434364645181544
fine_category,adverb,1024,4,delta_ce,category_minus_document_mean,-0.12110064010136404,11,-0.2880923983584241,0.08374554953661453
fine_category,auxiliary,1024,4,delta_ce,category_minus_document_mean,-0.08147020803184236,14,-0.21171964882502722,0.03154426477944043
fine_category,common_noun,1024,4,delta_ce,category_minus_document_mean,0.18418326698930265,16,0.07031290774643682,0.3130578074629861
fine_category,coordinating_conjunction,1024,4,delta_ce,category_minus_document_mean,-0.18905707808003755,15,-0.2938368074877982,-0.0947586664826297
fine_category,determiner,1024,4,delta_ce,category_minus_document_mean,-0.051185272851134764,16,-0.14003859174516814,0.03693088534106468
fine_category,interjection,1024,4,delta_ce,category_minus_document_mean,0.27347487979258744,2,-0.38832704370548754,0.9352768032906624
fine_category,negation,1024,4,delta_ce,category_minus_document_mean,-0.13292385925179745,10,-0.20206284131008076,-0.06570303758882662
fine_category,number,1024,4,delta_ce,category_minus_document_mean,0.38753669225948456,6,-0.04467127473772819,1.0406244060908925
fine_category,other,1024,4,delta_ce,category_minus_document_mean,-0.06439378736181132,16,-0.12274202001438747,-0.012442828040631617
fine_category,particle,1024,4,delta_ce,category_minus_document_mean,-0.09204874514705273,9,-0.20495426016749183,0.013702295733988385
fine_category,pronoun,1024,4,delta_ce,category_minus_document_mean,-0.02199594399148884,15,-0.059237822529672336,0.016911236576839905
fine_category,proper_noun,1024,4,delta_ce,category_minus_document_mean,0.2312319905292435,13,-0.2526841353487623,1.0559342232238054
fine_category,punctuation,1024,4,delta_ce,category_minus_document_mean,-0.038801656342461084,16,-0.1186775175178626,0.03743370898786902
fine_category,question_word,1024,4,delta_ce,category_minus_document_mean,-0.1712108780481272,11,-0.3495661311233608,0.025290157394880625
fine_category,subordinating_conjunction,1024,4,delta_ce,category_minus_document_mean,-0.11498506025111659,8,-0.24951096074510382,-0.008750563075502763
fine_category,verb,1024,4,delta_ce,category_minus_document_mean,0.015078986048663853,16,-0.07423304924478172,0.0900673499593518
fine_category,adjective,1024,16,delta_ce,category_minus_document_mean,0.06414018814804173,14,-0.14267048756433964,0.3453931690140212
fine_category,adposition,1024,16,delta_ce,category_minus_document_mean,-0.08211490895438642,16,-0.18987056956175133,-0.006061175483368959
fine_category,adverb,1024,16,delta_ce,category_minus_document_mean,-0.1382236886748159,11,-0.3000388142444398,0.06635119028993997
fine_category,auxiliary,1024,16,delta_ce,category_minus_document_mean,-0.0841498967918083,14,-0.21755901654944265,0.03504887733596322
fine_category,common_noun,1024,16,delta_ce,category_minus_document_mean,0.18851722400683224,16,0.0748176404276656,0.332021421747958
fine_category,coordinating_conjunction,1024,16,delta_ce,category_minus_document_mean,-0.17906989014677588,15,-0.2895315511136058,-0.09209225629937817
fine_category,determiner,1024,16,delta_ce,category_minus_document_mean,-0.04652285970721869,16,-0.14005117790333138,0.035134006482143786
fine_category,interjection,1024,16,delta_ce,category_minus_document_mean,0.2657773989675718,2,-0.4327376065124895,0.9642924044476331
fine_category,negation,1024,16,delta_ce,category_minus_document_mean,-0.11033068879309127,10,-0.17193233339471253,-0.05251550257326124
fine_category,number,1024,16,delta_ce,category_minus_document_mean,0.41140138366997386,6,-0.015919612961435334,1.0748043607607591
fine_category,other,1024,16,delta_ce,category_minus_document_mean,-0.06739511874509889,16,-0.12755419418799463,-0.012817660709372668
fine_category,particle,1024,16,delta_ce,category_minus_document_mean,-0.08186588945099989,9,-0.22265779541686123,0.04395249855639546
fine_category,pronoun,1024,16,delta_ce,category_minus_document_mean,-0.025736854762584707,15,-0.06619408479842781,0.014100089559821994
fine_category,proper_noun,1024,16,delta_ce,category_minus_document_mean,0.2400009996199049,13,-0.2580434128456732,1.0741565839240654
fine_category,punctuation,1024,16,delta_ce,category_minus_document_mean,-0.039985990646058116,16,-0.12192369252776178,0.040547552285836126
fine_category,question_word,1024,16,delta_ce,category_minus_document_mean,-0.16005124282198815,11,-0.3386676599399222,0.023111092206076184
fine_category,subordinating_conjunction,1024,16,delta_ce,category_minus_document_mean,-0.10455559716999296,8,-0.24518604440113023,0.00014155105593793849
fine_category,verb,1024,16,delta_ce,category_minus_document_mean,0.01189855209679197,16,-0.07264356007129667,0.08953033170940188
fine_category,adjective,2048,0,delta_ce,category_minus_document_mean,0.05558227797627041,14,-0.14022791207668586,0.36275223227389114
fine_category,adposition,2048,0,delta_ce,category_minus_document_mean,-0.07354436562836313,16,-0.153073853456222,-0.007735481180115838
fine_category,adverb,2048,0,delta_ce,category_minus_document_mean,-0.12729682446089152,11,-0.27565866944304046,0.045027269161113416
fine_category,auxiliary,2048,0,delta_ce,category_minus_document_mean,-0.05195119846866799,14,-0.14668237829127645,0.028328948226268625
fine_category,common_noun,2048,0,delta_ce,category_minus_document_mean,0.1373502529133581,16,0.050670169136751084,0.2610048087790837
fine_category,coordinating_conjunction,2048,0,delta_ce,category_minus_document_mean,-0.1232373777968132,15,-0.2247877013452015,-0.03932859157771853
fine_category,determiner,2048,0,delta_ce,category_minus_document_mean,-0.0536515311098622,16,-0.1544566668531312,0.034574049181653604
fine_category,interjection,2048,0,delta_ce,category_minus_document_mean,0.029804997229177843,2,-0.20169722244042987,0.26130721689878555
fine_category,negation,2048,0,delta_ce,category_minus_document_mean,-0.07203724665000735,10,-0.16152134309258998,0.01570312456839504
fine_category,number,2048,0,delta_ce,category_minus_document_mean,0.23100629759618674,6,-0.18979935719780008,0.8669142001579845
fine_category,other,2048,0,delta_ce,category_minus_document_mean,-0.03540921143014757,16,-0.0890683259027359,0.018010749569978543
fine_category,particle,2048,0,delta_ce,category_minus_document_mean,-0.07820628341237937,9,-0.20387514367365517,0.04398540652222341
fine_category,pronoun,2048,0,delta_ce,category_minus_document_mean,0.002191300174911546,15,-0.045082590682826024,0.04708868706238574
fine_category,proper_noun,2048,0,delta_ce,category_minus_document_mean,0.21450941035232998,13,-0.24216303336791076,0.9883565942799009
fine_category,punctuation,2048,0,delta_ce,category_minus_document_mean,-0.05897747386509518,16,-0.14165857393274875,0.009998897707044303
fine_category,question_word,2048,0,delta_ce,category_minus_document_mean,-0.1777845295998042,11,-0.37332198897947716,0.02563242244348927
fine_category,subordinating_conjunction,2048,0,delta_ce,category_minus_document_mean,-0.05240661906125954,8,-0.1560189253031657,0.032582033593640425
fine_category,verb,2048,0,delta_ce,category_minus_document_mean,0.001843217733502496,16,-0.0738592862569409,0.06248940721865536
fine_category,adjective,2048,4,delta_ce,category_minus_document_mean,0.06041524528196795,14,-0.13874944449065257,0.35780024608253064
fine_category,adposition,2048,4,delta_ce,category_minus_document_mean,-0.08178605928497089,16,-0.1553908724012323,-0.01144276489650251
fine_category,adverb,2048,4,delta_ce,category_minus_document_mean,-0.13257346327165073,11,-0.2775161260667023,0.034646845752206355
fine_category,auxiliary,2048,4,delta_ce,category_minus_document_mean,-0.05084364239169562,14,-0.15221303933398272,0.036441866366395945
fine_category,common_noun,2048,4,delta_ce,category_minus_document_mean,0.1460422785388112,16,0.05461414376918772,0.2678218254674589
fine_category,coordinating_conjunction,2048,4,delta_ce,category_minus_document_mean,-0.12525939776805597,15,-0.23368423503173302,-0.03754680895878389
fine_category,determiner,2048,4,delta_ce,category_minus_document_mean,-0.05119846440218999,16,-0.14465979581445162,0.03379930497551735
fine_category,interjection,2048,4,delta_ce,category_minus_document_mean,0.06610137599147947,2,-0.1911482414668626,0.32335099344982154
fine_category,negation,2048,4,delta_ce,category_minus_document_mean,-0.09395908521280986,10,-0.17642077573720855,-0.022117383823148234
fine_category,number,2048,4,delta_ce,category_minus_document_mean,0.26051632275861786,6,-0.1749363147856648,0.9289484739193957
fine_category,other,2048,4,delta_ce,category_minus_document_mean,-0.03816263600587647,16,-0.09156952378495373,0.015237783094891098
fine_category,particle,2048,4,delta_ce,category_minus_document_mean,-0.06931135316509322,9,-0.18893896978305016,0.04194316339554633
fine_category,pronoun,2048,4,delta_ce,category_minus_document_mean,0.005222292854519693,15,-0.040382672478191585,0.04917837860319987
fine_category,proper_noun,2048,4,delta_ce,category_minus_document_mean,0.2328840519727022,13,-0.22406735391002344,1.0357597243189014
fine_category,punctuation,2048,4,delta_ce,category_minus_document_mean,-0.06264218281357879,16,-0.14676007890771847,0.006614295999800614
fine_category,question_word,2048,4,delta_ce,category_minus_document_mean,-0.17410058374777357,11,-0.36937998589460924,0.030251427692471928
fine_category,subordinating_conjunction,2048,4,delta_ce,category_minus_document_mean,-0.05961011230394468,8,-0.16580702712079665,0.026526716232653187
fine_category,verb,2048,4,delta_ce,category_minus_document_mean,-0.0036012430731693496,16,-0.07338733293341745,0.05485964440988697
fine_category,adjective,2048,16,delta_ce,category_minus_document_mean,0.06074951706904395,14,-0.13800019100602048,0.3540184568543559
fine_category,adposition,2048,16,delta_ce,category_minus_document_mean,-0.08150465914866242,16,-0.16049359319611914,-0.013980269432958246
fine_category,adverb,2048,16,delta_ce,category_minus_document_mean,-0.1336181340590067,11,-0.27566472630132816,0.024109966650814135
fine_category,auxiliary,2048,16,delta_ce,category_minus_document_mean,-0.045172353912009355,14,-0.13824441416696345,0.04229167888357026
fine_category,common_noun,2048,16,delta_ce,category_minus_document_mean,0.13567506701789234,16,0.04568621266117184,0.2620357441382403
fine_category,coordinating_conjunction,2048,16,delta_ce,category_minus_document_mean,-0.12793601356111015,15,-0.22546233599615195,-0.045387397051626636
fine_category,determiner,2048,16,delta_ce,category_minus_document_mean,-0.05094641333684011,16,-0.15261623810870695,0.0355665159922038
fine_category,interjection,2048,16,delta_ce,category_minus_document_mean,0.3846710986854447,2,-0.22072612146072856,0.9900683188316179
fine_category,negation,2048,16,delta_ce,category_minus_document_mean,-0.0758648286863206,10,-0.1571676013889806,0.0018528405920132211
fine_category,number,2048,16,delta_ce,category_minus_document_mean,0.2413103549500442,6,-0.19795849945537136,0.8713004460114281
fine_category,other,2048,16,delta_ce,category_minus_document_mean,-0.03417145477759963,16,-0.08291722718433006,0.01592686463787278
fine_category,particle,2048,16,delta_ce,category_minus_document_mean,-0.07057759732353158,9,-0.1729689393141883,0.03488978332653813
fine_category,pronoun,2048,16,delta_ce,category_minus_document_mean,0.001296437216720094,15,-0.04516284583902733,0.04571260437356533
fine_category,proper_noun,2048,16,delta_ce,category_minus_document_mean,0.23089131165696453,13,-0.2300210231908608,1.0212148214898769
fine_category,punctuation,2048,16,delta_ce,category_minus_document_mean,-0.05747300592929216,16,-0.13211358155610153,0.004446664988030975
fine_category,question_word,2048,16,delta_ce,category_minus_document_mean,-0.1739809215883237,11,-0.3507327194565174,0.0020389990267763876
fine_category,subordinating_conjunction,2048,16,delta_ce,category_minus_document_mean,-0.06181698204216228,8,-0.15476476286780497,0.01689409448144848
fine_category,verb,2048,16,delta_ce,category_minus_document_mean,0.0004177779451691385,16,-0.07166495246324002,0.06378952986348707
fine_category,adjective,4096,0,delta_ce,category_minus_document_mean,0.08557892884780245,14,-0.10279217464424766,0.38912321012098594
fine_category,adposition,4096,0,delta_ce,category_minus_document_mean,-0.020143647956282866,16,-0.05041503328721,0.009635732626098422
fine_category,adverb,4096,0,delta_ce,category_minus_document_mean,-0.07014090727012935,11,-0.1706921743564851,0.029780177951732854
fine_category,auxiliary,4096,0,delta_ce,category_minus_document_mean,-0.02275783409982,14,-0.09604527635328644,0.03495027616052258
fine_category,common_noun,4096,0,delta_ce,category_minus_document_mean,0.06251498436274489,16,0.017407112079656343,0.1153229789239007
fine_category,coordinating_conjunction,4096,0,delta_ce,category_minus_document_mean,-0.04691130294583385,15,-0.14285424577166925,0.027819280122453053
fine_category,determiner,4096,0,delta_ce,category_minus_document_mean,-0.011004417522765743,16,-0.07432354193430675,0.04628249840838568
fine_category,interjection,4096,0,delta_ce,category_minus_document_mean,0.5344083413579881,2,-0.06241134303235185,1.131228025748328
fine_category,negation,4096,0,delta_ce,category_minus_document_mean,-0.0706085571612185,10,-0.10797261520817272,-0.03415305013828219
fine_category,number,4096,0,delta_ce,category_minus_document_mean,0.31998850690763725,6,-0.08707870479571866,0.9937024325127982
fine_category,other,4096,0,delta_ce,category_minus_document_mean,-0.009024690027215171,16,-0.057191493635448926,0.03395437304613172
fine_category,particle,4096,0,delta_ce,category_minus_document_mean,-0.07362176657547792,9,-0.16973265342394908,0.009832699289208479
fine_category,pronoun,4096,0,delta_ce,category_minus_document_mean,-0.012196112486218842,15,-0.049924055442682774,0.019886736439049507
fine_category,proper_noun,4096,0,delta_ce,category_minus_document_mean,-0.10384268000799005,13,-0.18236157439995979,-0.021915034692469776
fine_category,punctuation,4096,0,delta_ce,category_minus_document_mean,-0.06352809470840368,16,-0.14763464356250636,0.007066733804130004
fine_category,question_word,4096,0,delta_ce,category_minus_document_mean,-0.10907047675401552,11,-0.28723868754750564,0.02937280256986429
fine_category,subordinating_conjunction,4096,0,delta_ce,category_minus_document_mean,0.10979140754992962,8,0.015288860836329103,0.20522930317955834
fine_category,verb,4096,0,delta_ce,category_minus_document_mean,0.0037656297044607037,16,-0.02727169650043767,0.04161467769069069
fine_category,adjective,4096,4,delta_ce,category_minus_document_mean,0.0910239960762115,14,-0.10090262438396873,0.39949863111009687
fine_category,adposition,4096,4,delta_ce,category_minus_document_mean,-0.02155391179706797,16,-0.04873826940406092,0.0065068745953149425
fine_category,adverb,4096,4,delta_ce,category_minus_document_mean,-0.06505898932653557,11,-0.1664312290961448,0.044866966654398724
fine_category,auxiliary,4096,4,delta_ce,category_minus_document_mean,-0.033199921857750336,14,-0.11214443242144896,0.03538763310615724
fine_category,common_noun,4096,4,delta_ce,category_minus_document_mean,0.057236715686778745,16,0.010780025902469122,0.11095768723306684
fine_category,coordinating_conjunction,4096,4,delta_ce,category_minus_document_mean,-0.04151025565345476,15,-0.1275914569604617,0.028111440290471544
fine_category,determiner,4096,4,delta_ce,category_minus_document_mean,-0.00837386645650923,16,-0.06994189834275683,0.05498176282828252
fine_category,interjection,4096,4,delta_ce,category_minus_document_mean,0.5467937404073382,2,-0.08347220687198842,1.1770596876866648
fine_category,negation,4096,4,delta_ce,category_minus_document_mean,-0.08320067325240857,10,-0.13411877479857517,-0.03564697082372006
fine_category,number,4096,4,delta_ce,category_minus_document_mean,0.31196570281164804,6,-0.10095891869445002,0.9983301004151791
fine_category,other,4096,4,delta_ce,category_minus_document_mean,-0.011522446853723445,16,-0.05384546848747532,0.02854153703612403
fine_category,particle,4096,4,delta_ce,category_minus_document_mean,-0.04833857814899131,9,-0.14277383316844688,0.04736037184314136
fine_category,pronoun,4096,4,delta_ce,category_minus_document_mean,-0.012696277413271145,15,-0.05082610104352229,0.01978714635879544
fine_category,proper_noun,4096,4,delta_ce,category_minus_document_mean,-0.10801802211937007,13,-0.19158468082051283,-0.02615642701710054
fine_category,punctuation,4096,4,delta_ce,category_minus_document_mean,-0.054879076360004234,16,-0.14013080719782206,0.012969215577908524
fine_category,question_word,4096,4,delta_ce,category_minus_document_mean,-0.09862858302792561,11,-0.2620931707768817,0.031223592264405495
fine_category,subordinating_conjunction,4096,4,delta_ce,category_minus_document_mean,0.11381949678654942,8,0.019644960397294492,0.20872194683488174
fine_category,verb,4096,4,delta_ce,category_minus_document_mean,0.005124986260497963,16,-0.029902590702355496,0.04394496787126137
fine_category,adjective,4096,16,delta_ce,category_minus_document_mean,0.08418147555234372,14,-0.10599516317526658,0.39974829806279283
fine_category,adposition,4096,16,delta_ce,category_minus_document_mean,-0.021033161569512578,16,-0.047356177593951526,0.011797753454260618
fine_category,adverb,4096,16,delta_ce,category_minus_document_mean,-0.06662164245255578,11,-0.1669780860470836,0.03857612186441088
fine_category,auxiliary,4096,16,delta_ce,category_minus_document_mean,-0.02762506694414437,14,-0.11118607570680653,0.040936258694292176
fine_category,common_noun,4096,16,delta_ce,category_minus_document_mean,0.059368322218740194,16,0.013156010459230712,0.11282590909517085
fine_category,coordinating_conjunction,4096,16,delta_ce,category_minus_document_mean,-0.0403654540245365,15,-0.12559446130549587,0.033458370602082774
fine_category,determiner,4096,16,delta_ce,category_minus_document_mean,-0.007726667557858516,16,-0.07417385765110283,0.05335889025423234
fine_category,interjection,4096,16,delta_ce,category_minus_document_mean,0.5091937481800528,2,-0.11885546121834523,1.1372429575784508
fine_category,negation,4096,16,delta_ce,category_minus_document_mean,-0.06558504043070172,10,-0.10922637533575702,-0.02753539853742418
fine_category,number,4096,16,delta_ce,category_minus_document_mean,0.320414041100541,6,-0.10847525518542828,1.0006998147188892
fine_category,other,4096,16,delta_ce,category_minus_document_mean,-0.008915674406588324,16,-0.05098346679024731,0.03280425290321954
fine_category,particle,4096,16,delta_ce,category_minus_document_mean,-0.06840747022378776,9,-0.17473289930989594,0.02847746538103033
fine_category,pronoun,4096,16,delta_ce,category_minus_document_mean,-0.007446645327782958,15,-0.04594698642317033,0.027842165296727305
fine_category,proper_noun,4096,16,delta_ce,category_minus_document_mean,-0.10183542423140923,13,-0.1889687715234769,-0.01894263217434146
fine_category,punctuation,4096,16,delta_ce,category_minus_document_mean,-0.05965472436081013,16,-0.14658510223682275,0.00894023971005229
fine_category,question_word,4096,16,delta_ce,category_minus_document_mean,-0.10213826999982313,11,-0.27079385675768103,0.03671227991281821
fine_category,subordinating_conjunction,4096,16,delta_ce,category_minus_document_mean,0.0961550892119772,8,0.02491240156288154,0.18405813894990336
fine_category,verb,4096,16,delta_ce,category_minus_document_mean,0.005030268717422221,16,-0.02654301731852795,0.04389059945729587
fine_category,adjective,8192,0,delta_ce,category_minus_document_mean,0.15292828397596142,14,-0.010498404351791711,0.42196687165811214
fine_category,adposition,8192,0,delta_ce,category_minus_document_mean,0.003710232968726153,16,-0.019722959053775378,0.025447962269827228
fine_category,adverb,8192,0,delta_ce,category_minus_document_mean,-0.019430999769930787,11,-0.12977090829057075,0.07326665913519827
fine_category,auxiliary,8192,0,delta_ce,category_minus_document_mean,0.022485098129726624,14,-0.030289821887292557,0.07433506866389229
fine_category,common_noun,8192,0,delta_ce,category_minus_document_mean,-0.01161540998394009,16,-0.03748232085055196,0.015072262258516392
fine_category,coordinating_conjunction,8192,0,delta_ce,category_minus_document_mean,-0.004792329261878178,15,-0.05777503071219017,0.042775810446069734
fine_category,determiner,8192,0,delta_ce,category_minus_document_mean,-0.012126555508757016,16,-0.05358005065221191,0.02505165248648091
fine_category,interjection,8192,0,delta_ce,category_minus_document_mean,-0.026123978204680043,2,-0.04772782410236687,-0.004520132306993219
fine_category,negation,8192,0,delta_ce,category_minus_document_mean,-0.030737878611666148,10,-0.0769683136734102,0.008379449962113844
fine_category,number,8192,0,delta_ce,category_minus_document_mean,0.0012006778924738535,6,-0.045267767944721926,0.042027041967137205
fine_category,other,8192,0,delta_ce,category_minus_document_mean,0.015451224098960593,16,-0.019974763128129507,0.055765775506914986
fine_category,particle,8192,0,delta_ce,category_minus_document_mean,-0.05108387385008189,9,-0.14609245106270838,0.03722691472546625
fine_category,pronoun,8192,0,delta_ce,category_minus_document_mean,-0.0012526978240618815,15,-0.0421893485199223,0.031086462363932733
fine_category,proper_noun,8192,0,delta_ce,category_minus_document_mean,-0.09136633997208869,13,-0.17453980518856177,-0.02031786696034557
fine_category,punctuation,8192,0,delta_ce,category_minus_document_mean,-0.02167359189726749,16,-0.056173395418649436,0.010567221644035575
fine_category,question_word,8192,0,delta_ce,category_minus_document_mean,-0.029702066477462204,11,-0.10165320564292483,0.05281988722566701
fine_category,subordinating_conjunction,8192,0,delta_ce,category_minus_document_mean,-0.0326495968325351,8,-0.08785841016130291,0.01642813329298276
fine_category,verb,8192,0,delta_ce,category_minus_document_mean,-0.0018120120113773782,16,-0.03009327553647944,0.027066840910480706
fine_category,adjective,8192,4,delta_ce,category_minus_document_mean,0.12948959756317732,14,-0.029844631961562968,0.3805139637464044
fine_category,adposition,8192,4,delta_ce,category_minus_document_mean,0.0073069470630087174,16,-0.017170806015413712,0.03159282397276539
fine_category,adverb,8192,4,delta_ce,category_minus_document_mean,-0.016467617741314614,11,-0.13147515183535938,0.08903679942802775
fine_category,auxiliary,8192,4,delta_ce,category_minus_document_mean,0.02522484303497528,14,-0.026423086445457607,0.06851913200199637
fine_category,common_noun,8192,4,delta_ce,category_minus_document_mean,-0.009057521728160984,16,-0.03308715770129953,0.01965692332569569
fine_category,coordinating_conjunction,8192,4,delta_ce,category_minus_document_mean,0.004103009380589858,15,-0.05106597904334269,0.05352945401979708
fine_category,determiner,8192,4,delta_ce,category_minus_document_mean,-0.012836133212344343,16,-0.05482114270389897,0.02907482700336811
fine_category,interjection,8192,4,delta_ce,category_minus_document_mean,0.01623935878515681,2,0.002547929637614743,0.029930787932698877
fine_category,negation,8192,4,delta_ce,category_minus_document_mean,-0.06580059199654009,10,-0.11982618302617697,-0.020338283926131615
fine_category,number,8192,4,delta_ce,category_minus_document_mean,0.0022786404778762184,6,-0.05004953555999888,0.04908352632490167
fine_category,other,8192,4,delta_ce,category_minus_document_mean,0.0180744461839128,16,-0.018799348369086193,0.05798318418201421
fine_category,particle,8192,4,delta_ce,category_minus_document_mean,-0.05602138233027768,9,-0.13498550065328804,0.035158703194413866
fine_category,pronoun,8192,4,delta_ce,category_minus_document_mean,0.005994281424746195,15,-0.030225749546414705,0.037421234206384664
fine_category,proper_noun,8192,4,delta_ce,category_minus_document_mean,-0.0824980603577896,13,-0.15944629466483168,-0.012934275609381308
fine_category,punctuation,8192,4,delta_ce,category_minus_document_mean,-0.024212338798317544,16,-0.059414913197138056,0.009396243497073109
fine_category,question_word,8192,4,delta_ce,category_minus_document_mean,-0.04332932228122485,11,-0.12348858058340209,0.053350503564371744
fine_category,subordinating_conjunction,8192,4,delta_ce,category_minus_document_mean,-0.05165905618473543,8,-0.12093201041803256,0.009529483665365624
fine_category,verb,8192,4,delta_ce,category_minus_document_mean,-0.0038104315130183955,16,-0.03511945879966023,0.028187482596166116
fine_category,adjective,8192,16,delta_ce,category_minus_document_mean,0.13920230256998556,14,-0.02897644657308931,0.40490467978010986
fine_category,adposition,8192,16,delta_ce,category_minus_document_mean,0.005506215438457081,16,-0.017438511517990057,0.0284743144447735
fine_category,adverb,8192,16,delta_ce,category_minus_document_mean,-0.008054183315543766,11,-0.13058231320729904,0.09913322863495157
fine_category,auxiliary,8192,16,delta_ce,category_minus_document_mean,0.017861849242547193,14,-0.03199947751425106,0.06517319334592919
fine_category,common_noun,8192,16,delta_ce,category_minus_document_mean,-0.013532966733509113,16,-0.03516120643034583,0.01158723014639962
fine_category,coordinating_conjunction,8192,16,delta_ce,category_minus_document_mean,-0.0016346855555610773,15,-0.04923659579467579,0.04169830235743956
fine_category,determiner,8192,16,delta_ce,category_minus_document_mean,-0.02200308019547361,16,-0.061971157994826845,0.019197180767750663
fine_category,interjection,8192,16,delta_ce,category_minus_document_mean,0.024532915776859454,2,0.017904305886304428,0.03116152566741448
fine_category,negation,8192,16,delta_ce,category_minus_document_mean,-0.03485153374230236,10,-0.07862223085084069,0.0031462532975162064
fine_category,number,8192,16,delta_ce,category_minus_document_mean,0.013800235956008246,6,-0.0342960237934196,0.059537491664242576
fine_category,other,8192,16,delta_ce,category_minus_document_mean,0.01822099470944361,16,-0.017513135847424314,0.054924309815806906
fine_category,particle,8192,16,delta_ce,category_minus_document_mean,-0.04966555370775754,9,-0.13760609254927558,0.03608513026244092
fine_category,pronoun,8192,16,delta_ce,category_minus_document_mean,0.0035154907508798848,15,-0.03299511928273228,0.034083417448616045
fine_category,proper_noun,8192,16,delta_ce,category_minus_document_mean,-0.07971645365687634,13,-0.1495623010499969,-0.013791852577102979
fine_category,punctuation,8192,16,delta_ce,category_minus_document_mean,-0.02076994718491829,16,-0.053989881448949735,0.012656787798665577
fine_category,question_word,8192,16,delta_ce,category_minus_document_mean,-0.02417996665097288,11,-0.09804139269421978,0.05381277145801844
fine_category,subordinating_conjunction,8192,16,delta_ce,category_minus_document_mean,-0.0355459458799808,8,-0.09358823006762082,0.011313605728862
fine_category,verb,8192,16,delta_ce,category_minus_document_mean,-0.0038662885099292133,16,-0.035351952949369304,0.02711825187869609
fine_category,adjective,128,0,kl_full_to_compact,category_minus_document_mean,0.0026239509482248813,14,-0.0745724043961507,0.08872155630337814
fine_category,adposition,128,0,kl_full_to_compact,category_minus_document_mean,-0.13289572076872974,16,-0.21132040333620042,-0.0672750730853866
fine_category,adverb,128,0,kl_full_to_compact,category_minus_document_mean,0.00045772681858463615,11,-0.20872397856539007,0.27378375568274926
fine_category,auxiliary,128,0,kl_full_to_compact,category_minus_document_mean,-0.09388108517260717,14,-0.17961050966820538,-0.0011021629115255537
fine_category,common_noun,128,0,kl_full_to_compact,category_minus_document_mean,0.13036179945733256,16,0.017085052775198582,0.2515525559114428
fine_category,coordinating_conjunction,128,0,kl_full_to_compact,category_minus_document_mean,-0.13462270863783696,15,-0.23109050365210596,-0.030364219358744907
fine_category,determiner,128,0,kl_full_to_compact,category_minus_document_mean,0.020572550341386303,16,-0.15466232489005183,0.25056482015502407
fine_category,interjection,128,0,kl_full_to_compact,category_minus_document_mean,-0.23348666549691188,2,-0.42677079409850194,-0.04020253689532183
fine_category,negation,128,0,kl_full_to_compact,category_minus_document_mean,-0.0274763251305437,10,-0.17161891599863072,0.13332810482850363
fine_category,number,128,0,kl_full_to_compact,category_minus_document_mean,0.1348471372847875,6,-0.12510208385583302,0.46267043843420197
fine_category,other,128,0,kl_full_to_compact,category_minus_document_mean,-0.12062752883715462,16,-0.22935774179751398,-0.00920402438797185
fine_category,particle,128,0,kl_full_to_compact,category_minus_document_mean,-0.1383555134514904,9,-0.23247732537442842,-0.0607994283328807
fine_category,pronoun,128,0,kl_full_to_compact,category_minus_document_mean,-0.0947489918295796,15,-0.1414088564187185,-0.050212545297608116
fine_category,proper_noun,128,0,kl_full_to_compact,category_minus_document_mean,1.330068241083816,13,0.22682362823928862,2.8704930406462608
fine_category,punctuation,128,0,kl_full_to_compact,category_minus_document_mean,-0.018058682452579126,16,-0.12195202723752152,0.07057892488329538
fine_category,question_word,128,0,kl_full_to_compact,category_minus_document_mean,-0.01158983214679773,11,-0.16986753649751749,0.17199236278488508
fine_category,subordinating_conjunction,128,0,kl_full_to_compact,category_minus_document_mean,-0.010263762579075866,8,-0.21191229095708347,0.28638357040129225
fine_category,verb,128,0,kl_full_to_compact,category_minus_document_mean,-0.03696478054975687,16,-0.08698817929332846,0.013956403481930627
fine_category,adjective,128,4,kl_full_to_compact,category_minus_document_mean,-0.015171808941408441,14,-0.08811974995774123,0.07334314254965825
fine_category,adposition,128,4,kl_full_to_compact,category_minus_document_mean,-0.14396483281829398,16,-0.21295929656146587,-0.08311768363895523
fine_category,adverb,128,4,kl_full_to_compact,category_minus_document_mean,0.01248196026080025,11,-0.20214775114246136,0.29393930475042634
fine_category,auxiliary,128,4,kl_full_to_compact,category_minus_document_mean,-0.091257312740704,14,-0.17992745549139402,0.0034606775372833993
fine_category,common_noun,128,4,kl_full_to_compact,category_minus_document_mean,0.12303869299214917,16,-0.005609967480834329,0.25974605874310547
fine_category,coordinating_conjunction,128,4,kl_full_to_compact,category_minus_document_mean,-0.13108819364697363,15,-0.2237224328220921,-0.03555353939374803
fine_category,determiner,128,4,kl_full_to_compact,category_minus_document_mean,0.02600637603229626,16,-0.14535516227521375,0.2535379060276261
fine_category,interjection,128,4,kl_full_to_compact,category_minus_document_mean,-0.21356737457107045,2,-0.3936991803547869,-0.033435568787353986
fine_category,negation,128,4,kl_full_to_compact,category_minus_document_mean,-0.0778423933044472,10,-0.20197499671136096,0.06971999705744782
fine_category,number,128,4,kl_full_to_compact,category_minus_document_mean,0.13025983925314907,6,-0.128927467524751,0.44435817988472254
fine_category,other,128,4,kl_full_to_compact,category_minus_document_mean,-0.1266730995485758,16,-0.2263949908028309,-0.028989267691124462
fine_category,particle,128,4,kl_full_to_compact,category_minus_document_mean,-0.15475551957267206,9,-0.25406503341715886,-0.0694330629604028
fine_category,pronoun,128,4,kl_full_to_compact,category_minus_document_mean,-0.09639510086187145,15,-0.14696560059400002,-0.05032952034197101
fine_category,proper_noun,128,4,kl_full_to_compact,category_minus_document_mean,1.3176489869527472,13,0.20719878225094907,2.6595515718447458
fine_category,punctuation,128,4,kl_full_to_compact,category_minus_document_mean,-0.008947909420260186,16,-0.11028036730916765,0.08661504356989869
fine_category,question_word,128,4,kl_full_to_compact,category_minus_document_mean,-0.03231785487529579,11,-0.16152559892966462,0.13791761429016336
fine_category,subordinating_conjunction,128,4,kl_full_to_compact,category_minus_document_mean,-0.004195338444184252,8,-0.21073728295056932,0.26140455925199974
fine_category,verb,128,4,kl_full_to_compact,category_minus_document_mean,-0.033825471045733094,16,-0.08603515195512504,0.019334395088970627
fine_category,adjective,128,16,kl_full_to_compact,category_minus_document_mean,0.002982042793811376,14,-0.08062723962938237,0.09603046659418786
fine_category,adposition,128,16,kl_full_to_compact,category_minus_document_mean,-0.15894135587787092,16,-0.2354942785960355,-0.08763807211726242
fine_category,adverb,128,16,kl_full_to_compact,category_minus_document_mean,-0.0281988860082379,11,-0.2288157238143098,0.2262598875751855
fine_category,auxiliary,128,16,kl_full_to_compact,category_minus_document_mean,-0.10687878802955889,14,-0.1881040838376287,-0.02334111426975348
fine_category,common_noun,128,16,kl_full_to_compact,category_minus_document_mean,0.13448795649023998,16,-0.009312770692663576,0.3095074107135038
fine_category,coordinating_conjunction,128,16,kl_full_to_compact,category_minus_document_mean,-0.1523019961094388,15,-0.25752406268572164,-0.026399248186904718
fine_category,determiner,128,16,kl_full_to_compact,category_minus_document_mean,0.028399099585673396,16,-0.16735799036653043,0.27471668370838714
fine_category,interjection,128,16,kl_full_to_compact,category_minus_document_mean,-0.2173781110259796,2,-0.3780351592050408,-0.05672106284691836
fine_category,negation,128,16,kl_full_to_compact,category_minus_document_mean,-0.08621589647294856,10,-0.21334174578935536,0.06746631901596566
fine_category,number,128,16,kl_full_to_compact,category_minus_document_mean,0.10000266461541174,6,-0.20733316578997685,0.47303826795925685
fine_category,other,128,16,kl_full_to_compact,category_minus_document_mean,-0.12699010810370434,16,-0.23820148944828587,-0.0013317000823422538
fine_category,particle,128,16,kl_full_to_compact,category_minus_document_mean,-0.16869058564595513,9,-0.26640599545992827,-0.07413220238462188
fine_category,pronoun,128,16,kl_full_to_compact,category_minus_document_mean,-0.09850518365381528,15,-0.15850077071731858,-0.04232974854667998
fine_category,proper_noun,128,16,kl_full_to_compact,category_minus_document_mean,1.3868198034421566,13,0.3373078289863549,2.7694772437073474
fine_category,punctuation,128,16,kl_full_to_compact,category_minus_document_mean,-0.016141577175691126,16,-0.11574248281544186,0.08349037993584743
fine_category,question_word,128,16,kl_full_to_compact,category_minus_document_mean,-0.031971253329078665,11,-0.1977789867301648,0.17760404542906347
fine_category,subordinating_conjunction,128,16,kl_full_to_compact,category_minus_document_mean,0.04492973675575103,8,-0.1910018218070928,0.3077580682621942
fine_category,verb,128,16,kl_full_to_compact,category_minus_document_mean,-0.03201855009528897,16,-0.0954505158172407,0.0371452380385736
fine_category,adjective,512,0,kl_full_to_compact,category_minus_document_mean,-0.01637392148218764,14,-0.06544457988176838,0.030615404843743633
fine_category,adposition,512,0,kl_full_to_compact,category_minus_document_mean,-0.08756715683076147,16,-0.16100495288571914,-0.02686154821461848
fine_category,adverb,512,0,kl_full_to_compact,category_minus_document_mean,-0.08096227521363687,11,-0.20513551872045266,0.010094312236237026
fine_category,auxiliary,512,0,kl_full_to_compact,category_minus_document_mean,-0.0485125895445328,14,-0.11374511721908998,0.01864710167971299
fine_category,common_noun,512,0,kl_full_to_compact,category_minus_document_mean,0.11932607429916475,16,-0.0022976542488055457,0.24890467249121404
fine_category,coordinating_conjunction,512,0,kl_full_to_compact,category_minus_document_mean,-0.07491341857922308,15,-0.17695820964553385,0.00048083862526629206
fine_category,determiner,512,0,kl_full_to_compact,category_minus_document_mean,0.018814048098798858,16,-0.13556396143693408,0.2329926928831448
fine_category,interjection,512,0,kl_full_to_compact,category_minus_document_mean,-0.13193084837746483,2,-0.20855148913756238,-0.05531020761736727
fine_category,negation,512,0,kl_full_to_compact,category_minus_document_mean,-0.04634656842422302,10,-0.0867192547566168,-0.009730692967700376
fine_category,number,512,0,kl_full_to_compact,category_minus_document_mean,0.21635588626491153,6,-0.013270462184299624,0.48378799452868293
fine_category,other,512,0,kl_full_to_compact,category_minus_document_mean,-0.0506333292725961,16,-0.131240994416675,0.05200778609178722
fine_category,particle,512,0,kl_full_to_compact,category_minus_document_mean,-0.07812170651118243,9,-0.1153820140673089,-0.047441956867732296
fine_category,pronoun,512,0,kl_full_to_compact,category_minus_document_mean,-0.04758316497293772,15,-0.07586067309399579,-0.022460810914662538
fine_category,proper_noun,512,0,kl_full_to_compact,category_minus_document_mean,0.5142820918706995,13,-0.0035376469884521766,1.3955915114098318
fine_category,punctuation,512,0,kl_full_to_compact,category_minus_document_mean,-0.04127452951803197,16,-0.11801684973103461,0.04284530781087609
fine_category,question_word,512,0,kl_full_to_compact,category_minus_document_mean,0.04023452099716405,11,-0.05377638428667804,0.18188854650611083
fine_category,subordinating_conjunction,512,0,kl_full_to_compact,category_minus_document_mean,0.08667219045050553,8,-0.06509060103716174,0.339430662254911
fine_category,verb,512,0,kl_full_to_compact,category_minus_document_mean,-0.04160391457743432,16,-0.10999693950037814,0.005714396210172394
fine_category,adjective,512,4,kl_full_to_compact,category_minus_document_mean,-0.013536346718715215,14,-0.05944349419317482,0.0327411460345113
fine_category,adposition,512,4,kl_full_to_compact,category_minus_document_mean,-0.08555695784575029,16,-0.15563239269313867,-0.028551538547670702
fine_category,adverb,512,4,kl_full_to_compact,category_minus_document_mean,-0.07937180905856243,11,-0.20167868703730882,0.008410778670379713
fine_category,auxiliary,512,4,kl_full_to_compact,category_minus_document_mean,-0.05142155495848039,14,-0.11403960003677828,0.01080903285743011
fine_category,common_noun,512,4,kl_full_to_compact,category_minus_document_mean,0.12063517585141457,16,0.00238070125988579,0.24484368931549655
fine_category,coordinating_conjunction,512,4,kl_full_to_compact,category_minus_document_mean,-0.07585602159543425,15,-0.17099481782975845,-0.0015673251168822533
fine_category,determiner,512,4,kl_full_to_compact,category_minus_document_mean,0.022976690460305524,16,-0.13518967772028775,0.2311708606252826
fine_category,interjection,512,4,kl_full_to_compact,category_minus_document_mean,-0.1368812863949671,2,-0.21294708068390378,-0.06081549210603043
fine_category,negation,512,4,kl_full_to_compact,category_minus_document_mean,-0.047455732125123086,10,-0.0918015947753816,-0.00812985179725827
fine_category,number,512,4,kl_full_to_compact,category_minus_document_mean,0.20580102927902075,6,-0.006456204320297768,0.43578604645953517
fine_category,other,512,4,kl_full_to_compact,category_minus_document_mean,-0.045853500533646036,16,-0.13232420064634887,0.06772282483447026
fine_category,particle,512,4,kl_full_to_compact,category_minus_document_mean,-0.07961808849736841,9,-0.11783021007782461,-0.04841972460178473
fine_category,pronoun,512,4,kl_full_to_compact,category_minus_document_mean,-0.04921472905544506,15,-0.07662700130354487,-0.0250862020023201
fine_category,proper_noun,512,4,kl_full_to_compact,category_minus_document_mean,0.4854659201165854,13,-0.0004294305191924328,1.2694218623931532
fine_category,punctuation,512,4,kl_full_to_compact,category_minus_document_mean,-0.03769692405353097,16,-0.11733974122074607,0.048700644432953494
fine_category,question_word,512,4,kl_full_to_compact,category_minus_document_mean,0.04018980764208178,11,-0.0599015902224456,0.16967232401505647
fine_category,subordinating_conjunction,512,4,kl_full_to_compact,category_minus_document_mean,0.08460640559590371,8,-0.06454904077628987,0.3456677796511523
fine_category,verb,512,4,kl_full_to_compact,category_minus_document_mean,-0.03864132443706871,16,-0.10085515085628573,0.006677331408033386
fine_category,adjective,512,16,kl_full_to_compact,category_minus_document_mean,-0.014430704037631834,14,-0.059336264412666734,0.030165119907474117
fine_category,adposition,512,16,kl_full_to_compact,category_minus_document_mean,-0.08674006944747462,16,-0.15665326063357715,-0.028624709839609176
fine_category,adverb,512,16,kl_full_to_compact,category_minus_document_mean,-0.07844836675233398,11,-0.2065186705132827,0.010032124148638672
fine_category,auxiliary,512,16,kl_full_to_compact,category_minus_document_mean,-0.04957815494285505,14,-0.11619198735173877,0.01927111368266292
fine_category,common_noun,512,16,kl_full_to_compact,category_minus_document_mean,0.11466628480476922,16,-0.003741949223780502,0.24319001702659293
fine_category,coordinating_conjunction,512,16,kl_full_to_compact,category_minus_document_mean,-0.0750817662780942,15,-0.17014372452700383,0.0013159515499959226
fine_category,determiner,512,16,kl_full_to_compact,category_minus_document_mean,0.029642364552517064,16,-0.1272768201080113,0.25794866861742793
fine_category,interjection,512,16,kl_full_to_compact,category_minus_document_mean,-0.13189383178169578,2,-0.20470396600450158,-0.05908369755888998
fine_category,negation,512,16,kl_full_to_compact,category_minus_document_mean,-0.04367010889053926,10,-0.08639746584795524,-0.002655950537479558
fine_category,number,512,16,kl_full_to_compact,category_minus_document_mean,0.21140233423092883,6,0.005760552376449667,0.45499666513360165
fine_category,other,512,16,kl_full_to_compact,category_minus_document_mean,-0.04844962678379472,16,-0.13115199262152438,0.061976896153209546
fine_category,particle,512,16,kl_full_to_compact,category_minus_document_mean,-0.0817755901494335,9,-0.11997891770110805,-0.04817929490208475
fine_category,pronoun,512,16,kl_full_to_compact,category_minus_document_mean,-0.04655150976418284,15,-0.07558826289713678,-0.022304899882812076
fine_category,proper_noun,512,16,kl_full_to_compact,category_minus_document_mean,0.49897421446312923,13,0.0019780362092957377,1.3527185279441996
fine_category,punctuation,512,16,kl_full_to_compact,category_minus_document_mean,-0.03522668139429652,16,-0.1070901841010148,0.048676364133512534
fine_category,question_word,512,16,kl_full_to_compact,category_minus_document_mean,0.03045854715713745,11,-0.06401204348170172,0.16542562558571602
fine_category,subordinating_conjunction,512,16,kl_full_to_compact,category_minus_document_mean,0.0831481555175293,8,-0.0653562310982275,0.334631169234
fine_category,verb,512,16,kl_full_to_compact,category_minus_document_mean,-0.039951541437270865,16,-0.10724453688494819,0.006768943584376092
fine_category,adjective,1024,0,kl_full_to_compact,category_minus_document_mean,-0.01146036381515879,14,-0.053940039095523605,0.03855443839126247
fine_category,adposition,1024,0,kl_full_to_compact,category_minus_document_mean,-0.06647486578361636,16,-0.1184845838860436,-0.027412645724282154
fine_category,adverb,1024,0,kl_full_to_compact,category_minus_document_mean,-0.0030505627420163023,11,-0.13673321283347017,0.17312356044527205
fine_category,auxiliary,1024,0,kl_full_to_compact,category_minus_document_mean,-0.023943904960878913,14,-0.06778286432594596,0.0197644833372743
fine_category,common_noun,1024,0,kl_full_to_compact,category_minus_document_mean,0.07384323632400887,16,-0.00657120436735103,0.16155058306765768
fine_category,coordinating_conjunction,1024,0,kl_full_to_compact,category_minus_document_mean,-0.04800819314414157,15,-0.1193553331182329,0.007526197596015015
fine_category,determiner,1024,0,kl_full_to_compact,category_minus_document_mean,-0.052607961446550194,16,-0.11159052462658424,-0.011713776232379711
fine_category,interjection,1024,0,kl_full_to_compact,category_minus_document_mean,-0.0314403745769134,2,-0.04950356769734299,-0.013377181456483811
fine_category,negation,1024,0,kl_full_to_compact,category_minus_document_mean,-0.008399009946946557,10,-0.0493806191481854,0.04329900592748504
fine_category,number,1024,0,kl_full_to_compact,category_minus_document_mean,0.13178550293878033,6,0.016718592281818444,0.30115584404979084
fine_category,other,1024,0,kl_full_to_compact,category_minus_document_mean,-0.042861439496971784,16,-0.08394694287697484,0.011408077533193547
fine_category,particle,1024,0,kl_full_to_compact,category_minus_document_mean,-0.03374046258891619,9,-0.059075631150840496,-0.010164918847754242
fine_category,pronoun,1024,0,kl_full_to_compact,category_minus_document_mean,-0.027853110670647475,15,-0.04869496072316015,-0.00872895972423795
fine_category,proper_noun,1024,0,kl_full_to_compact,category_minus_document_mean,0.35898368487483034,13,-0.040542270412745315,1.120197355412297
fine_category,punctuation,1024,0,kl_full_to_compact,category_minus_document_mean,-0.0011682959344640736,16,-0.05327050016586621,0.07022272454552726
fine_category,question_word,1024,0,kl_full_to_compact,category_minus_document_mean,0.03128980452471996,11,-0.04448607788307188,0.14663914178412804
fine_category,subordinating_conjunction,1024,0,kl_full_to_compact,category_minus_document_mean,-0.0003969148046383264,8,-0.04036099393343885,0.041491616336410075
fine_category,verb,1024,0,kl_full_to_compact,category_minus_document_mean,-0.0417171616264888,16,-0.09001387248941221,-0.006836998920592976
fine_category,adjective,1024,4,kl_full_to_compact,category_minus_document_mean,-0.010670924353038071,14,-0.0550693906958912,0.03886626412701812
fine_category,adposition,1024,4,kl_full_to_compact,category_minus_document_mean,-0.06625299327974113,16,-0.12178909170347418,-0.02868848624697438
fine_category,adverb,1024,4,kl_full_to_compact,category_minus_document_mean,-0.003627721634271251,11,-0.13725458523475206,0.15782414967856817
fine_category,auxiliary,1024,4,kl_full_to_compact,category_minus_document_mean,-0.02214961296759655,14,-0.06856845878978608,0.02570959099752952
fine_category,common_noun,1024,4,kl_full_to_compact,category_minus_document_mean,0.07393061123115457,16,-0.009437167148813274,0.16665944298985969
fine_category,coordinating_conjunction,1024,4,kl_full_to_compact,category_minus_document_mean,-0.04811377953981458,15,-0.1226221141149251,0.005711229508751121
fine_category,determiner,1024,4,kl_full_to_compact,category_minus_document_mean,-0.052136450307774106,16,-0.11147527259611471,-0.012178607047803542
fine_category,interjection,1024,4,kl_full_to_compact,category_minus_document_mean,-0.030188719558243093,2,-0.046481712450599844,-0.013895726665886343
fine_category,negation,1024,4,kl_full_to_compact,category_minus_document_mean,-0.008388421567684245,10,-0.05052053036051566,0.041919491027875115
fine_category,number,1024,4,kl_full_to_compact,category_minus_document_mean,0.11894338066568394,6,0.01037153319708471,0.28940804222241007
fine_category,other,1024,4,kl_full_to_compact,category_minus_document_mean,-0.04084955866250196,16,-0.08001697446857847,0.010935369392991579
fine_category,particle,1024,4,kl_full_to_compact,category_minus_document_mean,-0.03612878874306066,9,-0.06169822154502054,-0.012347233701678055
fine_category,pronoun,1024,4,kl_full_to_compact,category_minus_document_mean,-0.027435755691665186,15,-0.047502358160275565,-0.009437533012811146
fine_category,proper_noun,1024,4,kl_full_to_compact,category_minus_document_mean,0.3630712209677904,13,-0.03980529261881132,1.1267574549401307
fine_category,punctuation,1024,4,kl_full_to_compact,category_minus_document_mean,-0.001966793421910064,16,-0.05849625567351441,0.07534470391603847
fine_category,question_word,1024,4,kl_full_to_compact,category_minus_document_mean,0.030367808570002354,11,-0.0453872404292171,0.14505045717763443
fine_category,subordinating_conjunction,1024,4,kl_full_to_compact,category_minus_document_mean,-0.001598739312673533,8,-0.039016469490471106,0.0359400660069762
fine_category,verb,1024,4,kl_full_to_compact,category_minus_document_mean,-0.04134853662223755,16,-0.0927906477170956,-0.0059809110317997636
fine_category,adjective,1024,16,kl_full_to_compact,category_minus_document_mean,-0.012375239360325894,14,-0.05532850985143855,0.03974836868427285
fine_category,adposition,1024,16,kl_full_to_compact,category_minus_document_mean,-0.0676173067721825,16,-0.12110455819053358,-0.026983014218166384
fine_category,adverb,1024,16,kl_full_to_compact,category_minus_document_mean,-0.0027930662915330333,11,-0.14325466436288134,0.17226859286929216
fine_category,auxiliary,1024,16,kl_full_to_compact,category_minus_document_mean,-0.023063847236075286,14,-0.06776613157359868,0.021252940193287603
fine_category,common_noun,1024,16,kl_full_to_compact,category_minus_document_mean,0.0731760760629136,16,-0.008768878643250419,0.16324396035488456
fine_category,coordinating_conjunction,1024,16,kl_full_to_compact,category_minus_document_mean,-0.04820054516286518,15,-0.11689575901257618,0.00713280649735235
fine_category,determiner,1024,16,kl_full_to_compact,category_minus_document_mean,-0.054167010642439256,16,-0.11802467374059109,-0.012272803525363099
fine_category,interjection,1024,16,kl_full_to_compact,category_minus_document_mean,-0.029998330004360696,2,-0.04628020696384283,-0.013716453044878563
fine_category,negation,1024,16,kl_full_to_compact,category_minus_document_mean,-0.012796162423964086,10,-0.05198224075985572,0.03833025788676087
fine_category,number,1024,16,kl_full_to_compact,category_minus_document_mean,0.12431988874639728,6,0.009364945665073851,0.2924922217475793
fine_category,other,1024,16,kl_full_to_compact,category_minus_document_mean,-0.04225544643100306,16,-0.08394901116352459,0.016448379124670277
fine_category,particle,1024,16,kl_full_to_compact,category_minus_document_mean,-0.03267966819874784,9,-0.058872886086009504,-0.007404556045685899
fine_category,pronoun,1024,16,kl_full_to_compact,category_minus_document_mean,-0.027349881532667004,15,-0.047282653459895595,-0.008799893706797719
fine_category,proper_noun,1024,16,kl_full_to_compact,category_minus_document_mean,0.3648928872541337,13,-0.03589356337916145,1.1171618052463754
fine_category,punctuation,1024,16,kl_full_to_compact,category_minus_document_mean,-0.0028884033209715717,16,-0.058467874057562166,0.07053474005678019
fine_category,question_word,1024,16,kl_full_to_compact,category_minus_document_mean,0.03292627036915458,11,-0.04379155077891494,0.15132993877015338
fine_category,subordinating_conjunction,1024,16,kl_full_to_compact,category_minus_document_mean,0.0008776277759678375,8,-0.03598891806262104,0.043583512387834644
fine_category,verb,1024,16,kl_full_to_compact,category_minus_document_mean,-0.040677389132047596,16,-0.0927353318037802,-0.0064668313079677365
fine_category,adjective,2048,0,kl_full_to_compact,category_minus_document_mean,-0.0031999665737990463,14,-0.04505506985864723,0.045356747682322195
fine_category,adposition,2048,0,kl_full_to_compact,category_minus_document_mean,-0.05833193583546509,16,-0.10928658525458355,-0.020383463515694106
fine_category,adverb,2048,0,kl_full_to_compact,category_minus_document_mean,0.01616478677396632,11,-0.09768348253154098,0.16823202765936038
fine_category,auxiliary,2048,0,kl_full_to_compact,category_minus_document_mean,-0.01946520047542933,14,-0.06139889542331123,0.02254137435281294
fine_category,common_noun,2048,0,kl_full_to_compact,category_minus_document_mean,0.05093675305252938,16,-0.017230634670165106,0.13481167478394435
fine_category,coordinating_conjunction,2048,0,kl_full_to_compact,category_minus_document_mean,-0.04087852602661831,15,-0.10855918512363195,0.010637469907658917
fine_category,determiner,2048,0,kl_full_to_compact,category_minus_document_mean,-0.03934160436488453,16,-0.09050840815398863,-0.005367314488167942
fine_category,interjection,2048,0,kl_full_to_compact,category_minus_document_mean,-0.018423018008057568,2,-0.02849620706274436,-0.008349828953370775
fine_category,negation,2048,0,kl_full_to_compact,category_minus_document_mean,-0.021014850223170713,10,-0.03820310057394818,-0.003962542742391443
fine_category,number,2048,0,kl_full_to_compact,category_minus_document_mean,0.0534655012796999,6,-0.0870370734670209,0.23524674220479358
fine_category,other,2048,0,kl_full_to_compact,category_minus_document_mean,-0.018873972200831687,16,-0.06146879803143158,0.04135453921116279
fine_category,particle,2048,0,kl_full_to_compact,category_minus_document_mean,-0.024105170789713526,9,-0.042596654645726345,-0.003152920402636915
fine_category,pronoun,2048,0,kl_full_to_compact,category_minus_document_mean,-0.01950742267831602,15,-0.035386140636269804,-0.0048483215675039545
fine_category,proper_noun,2048,0,kl_full_to_compact,category_minus_document_mean,0.34179812661522474,13,-0.03464812462939135,1.0499909862564474
fine_category,punctuation,2048,0,kl_full_to_compact,category_minus_document_mean,-0.0016513067071742635,16,-0.052689491528007844,0.06478479094453622
fine_category,question_word,2048,0,kl_full_to_compact,category_minus_document_mean,0.015232485230319115,11,-0.024707491990550688,0.055231257708276194
fine_category,subordinating_conjunction,2048,0,kl_full_to_compact,category_minus_document_mean,-0.016422165163309632,8,-0.03378957459793219,0.0019623036839005233
fine_category,verb,2048,0,kl_full_to_compact,category_minus_document_mean,-0.04043195050033409,16,-0.08845010145500368,-0.009546120731780877
fine_category,adjective,2048,4,kl_full_to_compact,category_minus_document_mean,-0.0035706688892611434,14,-0.04517343569700299,0.04359444993710981
fine_category,adposition,2048,4,kl_full_to_compact,category_minus_document_mean,-0.05814676160693705,16,-0.10739737452885965,-0.020653542288387138
fine_category,adverb,2048,4,kl_full_to_compact,category_minus_document_mean,0.012108493633140786,11,-0.09679610966199902,0.15678294965852924
fine_category,auxiliary,2048,4,kl_full_to_compact,category_minus_document_mean,-0.019602857236565352,14,-0.05991050047214023,0.02023427229229733
fine_category,common_noun,2048,4,kl_full_to_compact,category_minus_document_mean,0.05147932385254888,16,-0.017774599672493313,0.13561656389750437
fine_category,coordinating_conjunction,2048,4,kl_full_to_compact,category_minus_document_mean,-0.041046260142702434,15,-0.10665146020044963,0.0067030744816286994
fine_category,determiner,2048,4,kl_full_to_compact,category_minus_document_mean,-0.04146464286223341,16,-0.09391136493155978,-0.007693475912429056
fine_category,interjection,2048,4,kl_full_to_compact,category_minus_document_mean,-0.019563271722013553,2,-0.03266764368515851,-0.006458899758868597
fine_category,negation,2048,4,kl_full_to_compact,category_minus_document_mean,-0.02142477601773498,10,-0.03967569054796009,-0.003061959133831475
fine_category,number,2048,4,kl_full_to_compact,category_minus_document_mean,0.06282985380200479,6,-0.07442341574625642,0.25943508723981085
fine_category,other,2048,4,kl_full_to_compact,category_minus_document_mean,-0.02118342924087569,16,-0.06211658133433368,0.038325509754899234
fine_category,particle,2048,4,kl_full_to_compact,category_minus_document_mean,-0.02657571568876913,9,-0.044997695876414716,-0.01055026680055118
fine_category,pronoun,2048,4,kl_full_to_compact,category_minus_document_mean,-0.019146328677574365,15,-0.03549356914087192,-0.004099160352110985
fine_category,proper_noun,2048,4,kl_full_to_compact,category_minus_document_mean,0.34419699446526497,13,-0.03421470909554603,1.0600233199567874
fine_category,punctuation,2048,4,kl_full_to_compact,category_minus_document_mean,-0.001523355348199409,16,-0.05206804388714164,0.06640302035572088
fine_category,question_word,2048,4,kl_full_to_compact,category_minus_document_mean,0.015881694395494816,11,-0.023918983154571083,0.051750489731431364
fine_category,subordinating_conjunction,2048,4,kl_full_to_compact,category_minus_document_mean,-0.014886282700669901,8,-0.03298616178555849,0.003553459673159312
fine_category,verb,2048,4,kl_full_to_compact,category_minus_document_mean,-0.04018075556922269,16,-0.08844799080036979,-0.008727353510053014
fine_category,adjective,2048,16,kl_full_to_compact,category_minus_document_mean,-0.0025557524223704165,14,-0.04493222861725651,0.04486452754028096
fine_category,adposition,2048,16,kl_full_to_compact,category_minus_document_mean,-0.05728967954634108,16,-0.1097691668437328,-0.019801953240442136
fine_category,adverb,2048,16,kl_full_to_compact,category_minus_document_mean,0.01619391735042933,11,-0.08947687994778807,0.16373132208819574
fine_category,auxiliary,2048,16,kl_full_to_compact,category_minus_document_mean,-0.01961494490470527,14,-0.0597502690394382,0.01974311092848877
fine_category,common_noun,2048,16,kl_full_to_compact,category_minus_document_mean,0.052669400733100606,16,-0.015114882575308203,0.13787109159394692
fine_category,coordinating_conjunction,2048,16,kl_full_to_compact,category_minus_document_mean,-0.04042094077258887,15,-0.10692947867808655,0.008971539691978564
fine_category,determiner,2048,16,kl_full_to_compact,category_minus_document_mean,-0.03815114481960174,16,-0.09054972926392069,-0.0028797240293722674
fine_category,interjection,2048,16,kl_full_to_compact,category_minus_document_mean,-0.011795199158072478,2,-0.016261689121279232,-0.0073287091948657235
fine_category,negation,2048,16,kl_full_to_compact,category_minus_document_mean,-0.019625276081914778,10,-0.03663660040694412,-0.003112252869294731
fine_category,number,2048,16,kl_full_to_compact,category_minus_document_mean,0.05992823550537762,6,-0.07603097104183461,0.24750730126347356
fine_category,other,2048,16,kl_full_to_compact,category_minus_document_mean,-0.019140290222112354,16,-0.06215083116648294,0.04222625936001157
fine_category,particle,2048,16,kl_full_to_compact,category_minus_document_mean,-0.025204464724289943,9,-0.042943256998011416,-0.009292514151357767
fine_category,pronoun,2048,16,kl_full_to_compact,category_minus_document_mean,-0.019650505673393954,15,-0.0348101366984053,-0.005637002654752298
fine_category,proper_noun,2048,16,kl_full_to_compact,category_minus_document_mean,0.340226463517383,13,-0.03408500297256068,1.0526853646202914
fine_category,punctuation,2048,16,kl_full_to_compact,category_minus_document_mean,-0.009716009385453505,16,-0.04907193104630426,0.04032172783165579
fine_category,question_word,2048,16,kl_full_to_compact,category_minus_document_mean,0.012912247750067692,11,-0.025379402561201126,0.051764884961666424
fine_category,subordinating_conjunction,2048,16,kl_full_to_compact,category_minus_document_mean,-0.01490323794385513,8,-0.03199179144869875,0.0015848131869043028
fine_category,verb,2048,16,kl_full_to_compact,category_minus_document_mean,-0.03978855178166531,16,-0.08606942155089624,-0.009784697603773396
fine_category,adjective,4096,0,kl_full_to_compact,category_minus_document_mean,0.026846784031077486,14,-0.005688186291196143,0.0705509722002119
fine_category,adposition,4096,0,kl_full_to_compact,category_minus_document_mean,-0.020736227787195936,16,-0.030322327704482066,-0.010537023154549482
fine_category,adverb,4096,0,kl_full_to_compact,category_minus_document_mean,0.07579773171615788,11,-0.0053645549827210336,0.22267100043035798
fine_category,auxiliary,4096,0,kl_full_to_compact,category_minus_document_mean,-0.009850935590331943,14,-0.0222203212640433,0.004689114404829142
fine_category,common_noun,4096,0,kl_full_to_compact,category_minus_document_mean,0.013218073634815135,16,0.001461441560363576,0.030249719406524347
fine_category,coordinating_conjunction,4096,0,kl_full_to_compact,category_minus_document_mean,-0.012710750946434719,15,-0.023624503089203556,-0.001764375697679748
fine_category,determiner,4096,0,kl_full_to_compact,category_minus_document_mean,0.0029140515397687167,16,-0.012824349670518306,0.028742286317932134
fine_category,interjection,4096,0,kl_full_to_compact,category_minus_document_mean,-0.011188341285290448,2,-0.02090805270742635,-0.001468629863154547
fine_category,negation,4096,0,kl_full_to_compact,category_minus_document_mean,-0.021819365692503912,10,-0.03845856931841419,-0.006812800979420485
fine_category,number,4096,0,kl_full_to_compact,category_minus_document_mean,0.08842173257080836,6,-0.01752870751365523,0.279333352036705
fine_category,other,4096,0,kl_full_to_compact,category_minus_document_mean,-0.010013810788691721,16,-0.029808907446456458,0.015742007886711262
fine_category,particle,4096,0,kl_full_to_compact,category_minus_document_mean,-0.020641280884735085,9,-0.038105052709583774,-0.006131459223672839
fine_category,pronoun,4096,0,kl_full_to_compact,category_minus_document_mean,-0.014716887090677476,15,-0.02526317152006172,-0.004922278182334002
fine_category,proper_noun,4096,0,kl_full_to_compact,category_minus_document_mean,0.015495178760666207,13,-0.019830474850747543,0.0615725999414259
fine_category,punctuation,4096,0,kl_full_to_compact,category_minus_document_mean,0.019023286672457024,16,-0.01816035611851294,0.08255418891383463
fine_category,question_word,4096,0,kl_full_to_compact,category_minus_document_mean,0.014593228247518809,11,-0.013878900500987702,0.054300544688292346
fine_category,subordinating_conjunction,4096,0,kl_full_to_compact,category_minus_document_mean,-0.011348800478118187,8,-0.02907609228304093,0.007276263620894248
fine_category,verb,4096,0,kl_full_to_compact,category_minus_document_mean,-0.007512457506675882,16,-0.015305530123076663,0.00042907674023620444
fine_category,adjective,4096,4,kl_full_to_compact,category_minus_document_mean,0.027182690081587992,14,-0.004520443549294998,0.07146381210286055
fine_category,adposition,4096,4,kl_full_to_compact,category_minus_document_mean,-0.02050186877097353,16,-0.030488156651350178,-0.010983365705373126
fine_category,adverb,4096,4,kl_full_to_compact,category_minus_document_mean,0.07514684191594624,11,-0.005326935940967234,0.22025259203761027
fine_category,auxiliary,4096,4,kl_full_to_compact,category_minus_document_mean,-0.009728132583061804,14,-0.022059499059013134,0.0036997329689013657
fine_category,common_noun,4096,4,kl_full_to_compact,category_minus_document_mean,0.014715845336769296,16,0.001419134969603345,0.03382886863061519
fine_category,coordinating_conjunction,4096,4,kl_full_to_compact,category_minus_document_mean,-0.01256928270751662,15,-0.023386567826767023,-0.001121647080065441
fine_category,determiner,4096,4,kl_full_to_compact,category_minus_document_mean,0.0029107230667790654,16,-0.012704691084319644,0.026558546303683903
fine_category,interjection,4096,4,kl_full_to_compact,category_minus_document_mean,-0.014265757387466493,2,-0.027114635750848493,-0.0014168790240844942
fine_category,negation,4096,4,kl_full_to_compact,category_minus_document_mean,-0.021166035108381775,10,-0.03793393429856267,-0.00664990752525588
fine_category,number,4096,4,kl_full_to_compact,category_minus_document_mean,0.08740356646974096,6,-0.01821370151186012,0.27948979222974085
fine_category,other,4096,4,kl_full_to_compact,category_minus_document_mean,-0.010114010097182005,16,-0.028578574233960624,0.01270175499864475
fine_category,particle,4096,4,kl_full_to_compact,category_minus_document_mean,-0.019862650919715334,9,-0.03797822982726916,-0.004249123080770571
fine_category,pronoun,4096,4,kl_full_to_compact,category_minus_document_mean,-0.013875081690150821,15,-0.024710002406672694,-0.0044709702562493025
fine_category,proper_noun,4096,4,kl_full_to_compact,category_minus_document_mean,0.01219690124435656,13,-0.020983375691600106,0.049128697880650336
fine_category,punctuation,4096,4,kl_full_to_compact,category_minus_document_mean,0.018834574596883227,16,-0.01832122852125932,0.0823010699021054
fine_category,question_word,4096,4,kl_full_to_compact,category_minus_document_mean,0.013585317117946742,11,-0.012174613468770593,0.052372710370088484
fine_category,subordinating_conjunction,4096,4,kl_full_to_compact,category_minus_document_mean,-0.012590065499388254,8,-0.03145646889370559,0.006217186089262379
fine_category,verb,4096,4,kl_full_to_compact,category_minus_document_mean,-0.007179433993059955,16,-0.014942519901531979,0.000448845311899617
fine_category,adjective,4096,16,kl_full_to_compact,category_minus_document_mean,0.026179221506726157,14,-0.0059076645076659206,0.06793360919622111
fine_category,adposition,4096,16,kl_full_to_compact,category_minus_document_mean,-0.019536843908770696,16,-0.029467904400564213,-0.009198903555449894
fine_category,adverb,4096,16,kl_full_to_compact,category_minus_document_mean,0.07087004614290969,11,-0.005753532578683996,0.2124893813751163
fine_category,auxiliary,4096,16,kl_full_to_compact,category_minus_document_mean,-0.009223697564171967,14,-0.022512481747278486,0.0053061597858741335
fine_category,common_noun,4096,16,kl_full_to_compact,category_minus_document_mean,0.013678787049813143,16,0.0020275270362307336,0.03125906852422092
fine_category,coordinating_conjunction,4096,16,kl_full_to_compact,category_minus_document_mean,-0.011877590434320415,15,-0.022412696764057303,-0.001982266249923904
fine_category,determiner,4096,16,kl_full_to_compact,category_minus_document_mean,0.002061469906915513,16,-0.01417473452684161,0.025592888333255848
fine_category,interjection,4096,16,kl_full_to_compact,category_minus_document_mean,-0.01164707748311855,2,-0.022236131166664563,-0.0010580237995725383
fine_category,negation,4096,16,kl_full_to_compact,category_minus_document_mean,-0.02085642883012815,10,-0.037237504072210825,-0.006067272522173545
fine_category,number,4096,16,kl_full_to_compact,category_minus_document_mean,0.08893665376550375,6,-0.015819365923254062,0.28232222963396997
fine_category,other,4096,16,kl_full_to_compact,category_minus_document_mean,-0.010213245592460982,16,-0.02861392665047168,0.01308872919639996
fine_category,particle,4096,16,kl_full_to_compact,category_minus_document_mean,-0.019664500694436902,9,-0.03556840657303017,-0.004202276046904574
fine_category,pronoun,4096,16,kl_full_to_compact,category_minus_document_mean,-0.01419927775984827,15,-0.024424052817347768,-0.004753163586777692
fine_category,proper_noun,4096,16,kl_full_to_compact,category_minus_document_mean,0.014935506619288014,13,-0.022340960248077694,0.05862452108894743
fine_category,punctuation,4096,16,kl_full_to_compact,category_minus_document_mean,0.019231565447835136,16,-0.01817491135956065,0.08487130636127965
fine_category,question_word,4096,16,kl_full_to_compact,category_minus_document_mean,0.013530231276438641,11,-0.01333069283772804,0.05253046759909662
fine_category,subordinating_conjunction,4096,16,kl_full_to_compact,category_minus_document_mean,-0.011597360542273338,8,-0.02943510503120028,0.0060027635856254495
fine_category,verb,4096,16,kl_full_to_compact,category_minus_document_mean,-0.007456247548616481,16,-0.01506524838845008,0.0004021416915598998
fine_category,adjective,8192,0,kl_full_to_compact,category_minus_document_mean,0.024535444860330154,14,0.001875425954658243,0.059693102665457506
fine_category,adposition,8192,0,kl_full_to_compact,category_minus_document_mean,-0.010422193346669884,16,-0.01723212558725793,-0.0032104986593689258
fine_category,adverb,8192,0,kl_full_to_compact,category_minus_document_mean,0.013413945187219828,11,-0.009744614137938534,0.05293755026731912
fine_category,auxiliary,8192,0,kl_full_to_compact,category_minus_document_mean,-0.003916659857994395,14,-0.010037949453875155,0.0015686242258085592
fine_category,common_noun,8192,0,kl_full_to_compact,category_minus_document_mean,0.0071422233214929924,16,0.00309689211484846,0.011347285069305916
fine_category,coordinating_conjunction,8192,0,kl_full_to_compact,category_minus_document_mean,-0.006385682465914829,15,-0.013671524038539617,0.0010605443782958442
fine_category,determiner,8192,0,kl_full_to_compact,category_minus_document_mean,0.007046780620329122,16,-0.004375632910608607,0.02593553755254859
fine_category,interjection,8192,0,kl_full_to_compact,category_minus_document_mean,-0.00032105853929209616,2,-0.001335358389006558,0.0006932413104223656
fine_category,negation,8192,0,kl_full_to_compact,category_minus_document_mean,-0.008552357723621395,10,-0.015313549635438878,-0.0030462201559678884
fine_category,number,8192,0,kl_full_to_compact,category_minus_document_mean,0.0012926325977994178,6,-0.006679441676563078,0.010321376497784387
fine_category,other,8192,0,kl_full_to_compact,category_minus_document_mean,-0.005803347390559564,16,-0.01617637884219625,0.006910761405080607
fine_category,particle,8192,0,kl_full_to_compact,category_minus_document_mean,-0.0063989220011130155,9,-0.011624677374395683,-0.000622885469651708
fine_category,pronoun,8192,0,kl_full_to_compact,category_minus_document_mean,-0.007844029102301356,15,-0.012891539817423501,-0.003500399894267192
fine_category,proper_noun,8192,0,kl_full_to_compact,category_minus_document_mean,0.010920888332564696,13,-0.009587845354106148,0.038416784557146075
fine_category,punctuation,8192,0,kl_full_to_compact,category_minus_document_mean,-0.004306108737343657,16,-0.01137803584986343,0.0022061543031664755
fine_category,question_word,8192,0,kl_full_to_compact,category_minus_document_mean,0.004044971827558235,11,-0.007734875369193612,0.01898962134549304
fine_category,subordinating_conjunction,8192,0,kl_full_to_compact,category_minus_document_mean,-0.0030751846883051714,8,-0.009909207184815647,0.004417902096961373
fine_category,verb,8192,0,kl_full_to_compact,category_minus_document_mean,-0.004317183728000735,16,-0.00819239554602455,-0.0008804847120037128
fine_category,adjective,8192,4,kl_full_to_compact,category_minus_document_mean,0.024043461790733904,14,0.0019259750460122835,0.06261353257833017
fine_category,adposition,8192,4,kl_full_to_compact,category_minus_document_mean,-0.010742565498874545,16,-0.017786489122466,-0.003556506358579005
fine_category,adverb,8192,4,kl_full_to_compact,category_minus_document_mean,0.013222265324992665,11,-0.011515857275910747,0.05689645850520967
fine_category,auxiliary,8192,4,kl_full_to_compact,category_minus_document_mean,-0.004770665125033942,14,-0.010506869978400698,-4.946890250417453e-05
fine_category,common_noun,8192,4,kl_full_to_compact,category_minus_document_mean,0.007510668451552764,16,0.003346924534797106,0.011958567234214103
fine_category,coordinating_conjunction,8192,4,kl_full_to_compact,category_minus_document_mean,-0.006755323864352928,15,-0.014572209140451917,0.0010592157607719783
fine_category,determiner,8192,4,kl_full_to_compact,category_minus_document_mean,0.0073200667621410205,16,-0.0043384157861279336,0.026272892818515498
fine_category,interjection,8192,4,kl_full_to_compact,category_minus_document_mean,0.0003245626452645922,2,-0.000447569954168614,0.0010966952446977984
fine_category,negation,8192,4,kl_full_to_compact,category_minus_document_mean,-0.008391264149356804,10,-0.014676836486134723,-0.002619979738412496
fine_category,number,8192,4,kl_full_to_compact,category_minus_document_mean,0.0004326776334149368,6,-0.0073567282890001735,0.009968693712966431
fine_category,other,8192,4,kl_full_to_compact,category_minus_document_mean,-0.005373709021473298,16,-0.016308778933181993,0.008235799913816785
fine_category,particle,8192,4,kl_full_to_compact,category_minus_document_mean,-0.007394310540880664,9,-0.011970322038225347,-0.002328717728296899
fine_category,pronoun,8192,4,kl_full_to_compact,category_minus_document_mean,-0.008084172763210159,15,-0.013230460050906886,-0.003342765201067161
fine_category,proper_noun,8192,4,kl_full_to_compact,category_minus_document_mean,0.011092986157539193,13,-0.007924777888866828,0.03696370706856314
fine_category,punctuation,8192,4,kl_full_to_compact,category_minus_document_mean,-0.004506243453171332,16,-0.011373458928135955,0.001741333088885073
fine_category,question_word,8192,4,kl_full_to_compact,category_minus_document_mean,0.005222184802048136,11,-0.0075562832871509614,0.023309683677731438
fine_category,subordinating_conjunction,8192,4,kl_full_to_compact,category_minus_document_mean,-0.002537422274318126,8,-0.008974314611011627,0.0050003642076172465
fine_category,verb,8192,4,kl_full_to_compact,category_minus_document_mean,-0.004197075163161027,16,-0.00798624683617619,-0.000959454514359834
fine_category,adjective,8192,16,kl_full_to_compact,category_minus_document_mean,0.024906594974047565,14,0.0018782835373421273,0.060679449104659826
fine_category,adposition,8192,16,kl_full_to_compact,category_minus_document_mean,-0.010368870671767588,16,-0.016873902318299907,-0.003894451785356169
fine_category,adverb,8192,16,kl_full_to_compact,category_minus_document_mean,0.013455813328784576,11,-0.010827231527710791,0.053717638364437575
fine_category,auxiliary,8192,16,kl_full_to_compact,category_minus_document_mean,-0.004462319804761423,14,-0.009702015626327255,0.000342802655900578
fine_category,common_noun,8192,16,kl_full_to_compact,category_minus_document_mean,0.006943274799488439,16,0.0029365700590258574,0.010962616353189849
fine_category,coordinating_conjunction,8192,16,kl_full_to_compact,category_minus_document_mean,-0.006351883477290186,15,-0.013793197968850058,0.0004651371673169575
fine_category,determiner,8192,16,kl_full_to_compact,category_minus_document_mean,0.007417341220944789,16,-0.004202974537134159,0.02684838673498108
fine_category,interjection,8192,16,kl_full_to_compact,category_minus_document_mean,-0.000712356425449201,2,-0.0012838857219037436,-0.00014082712899465832
fine_category,negation,8192,16,kl_full_to_compact,category_minus_document_mean,-0.00833227737613509,10,-0.015153352907321734,-0.0023166417124026776
fine_category,number,8192,16,kl_full_to_compact,category_minus_document_mean,0.0025568194276660745,6,-0.007703672895099226,0.01638211010104366
fine_category,other,8192,16,kl_full_to_compact,category_minus_document_mean,-0.005633485401817502,16,-0.015787209524945448,0.007591984027816914
fine_category,particle,8192,16,kl_full_to_compact,category_minus_document_mean,-0.007789781520704864,9,-0.012294184367001288,-0.00273210313486232
fine_category,pronoun,8192,16,kl_full_to_compact,category_minus_document_mean,-0.00813288910181085,15,-0.013217084341499877,-0.0038148577877683432
fine_category,proper_noun,8192,16,kl_full_to_compact,category_minus_document_mean,0.012794890962535678,13,-0.007791720361123397,0.03989411791446183
fine_category,punctuation,8192,16,kl_full_to_compact,category_minus_document_mean,-0.004716530080333385,16,-0.0111860125380223,0.0010491546107757005
fine_category,question_word,8192,16,kl_full_to_compact,category_minus_document_mean,0.005014847804566693,11,-0.0074685042950104795,0.021949408972493777
fine_category,subordinating_conjunction,8192,16,kl_full_to_compact,category_minus_document_mean,-0.002376080365996532,8,-0.010075121783882613,0.006206926075762566
fine_category,verb,8192,16,kl_full_to_compact,category_minus_document_mean,-0.005007954308777351,16,-0.008935823700844307,-0.0016136108864417166
fine_category,adjective,128,0,top1_changed,category_minus_document_mean,0.19458971088435373,14,0.04586708120748299,0.3669278805272108
fine_category,adposition,128,0,top1_changed,category_minus_document_mean,-0.06025799287518038,16,-0.13726343372339467,0.017913897625811675
fine_category,adverb,128,0,top1_changed,category_minus_document_mean,-0.022821969696969698,11,-0.16772017045454546,0.1276207386363633
fine_category,auxiliary,128,0,top1_changed,category_minus_document_mean,-0.015603741496598652,14,-0.15748644770408163,0.14072810374149658
fine_category,common_noun,128,0,top1_changed,category_minus_document_mean,0.02782572530722201,16,-0.03492131911514108,0.08308284009712874
fine_category,coordinating_conjunction,128,0,top1_changed,category_minus_document_mean,0.04513888888888888,15,-0.10695312500000001,0.218767361111111
fine_category,determiner,128,0,top1_changed,category_minus_document_mean,-0.029287574404761905,16,-0.13184547061011906,0.09756952194940458
fine_category,interjection,128,0,top1_changed,category_minus_document_mean,0.1953125,2,-0.34375,0.734375
fine_category,negation,128,0,top1_changed,category_minus_document_mean,-0.0390625,10,-0.2328515625,0.2140625
fine_category,number,128,0,top1_changed,category_minus_document_mean,0.17013888888888887,6,-0.05902777777777778,0.4661458333333333
fine_category,other,128,0,top1_changed,category_minus_document_mean,-0.05701574900793652,16,-0.14117296006944444,0.022657102554563466
fine_category,particle,128,0,top1_changed,category_minus_document_mean,0.03298611111111111,9,-0.1909722222222222,0.2881944444444444
fine_category,pronoun,128,0,top1_changed,category_minus_document_mean,-0.10114534702769998,15,-0.16618015192187988,-0.025432651532835405
fine_category,proper_noun,128,0,top1_changed,category_minus_document_mean,0.12086767399267398,13,-0.025592090201465204,0.28085107600732595
fine_category,punctuation,128,0,top1_changed,category_minus_document_mean,0.03063306051587301,16,-0.03313546316964285,0.0935813492063491
fine_category,question_word,128,0,top1_changed,category_minus_document_mean,-0.05823863636363636,11,-0.238671875,0.17329545454545456
fine_category,subordinating_conjunction,128,0,top1_changed,category_minus_document_mean,-0.052734375,8,-0.236376953125,0.17192382812499973
fine_category,verb,128,0,top1_changed,category_minus_document_mean,0.013515455898268393,16,-0.08359711089691559,0.11178930769751072
fine_category,adjective,128,4,top1_changed,category_minus_document_mean,0.190125425170068,14,0.04528645833333332,0.35714657738095235
fine_category,adposition,128,4,top1_changed,category_minus_document_mean,-0.0633356443903319,16,-0.12904667489628427,0.0050699869791666526
fine_category,adverb,128,4,top1_changed,category_minus_document_mean,0.048674242424242425,11,-0.09886363636363636,0.18721590909090907
fine_category,auxiliary,128,4,top1_changed,category_minus_document_mean,0.0024766156462584987,14,-0.13363759566326533,0.15802109906462564
fine_category,common_noun,128,4,top1_changed,category_minus_document_mean,0.04137652940078927,16,-0.01852335695417522,0.09786500414789887
fine_category,coordinating_conjunction,128,4,top1_changed,category_minus_document_mean,0.012847222222222216,15,-0.1454861111111111,0.1878472222222222
fine_category,determiner,128,4,top1_changed,category_minus_document_mean,-0.02035900297619048,16,-0.12447149367559525,0.11055757068452374
fine_category,interjection,128,4,top1_changed,category_minus_document_mean,0.203125,2,-0.328125,0.734375
fine_category,negation,128,4,top1_changed,category_minus_document_mean,-0.046875,10,-0.253125,0.2203125
fine_category,number,128,4,top1_changed,category_minus_document_mean,0.18055555555555555,6,-0.06163194444444445,0.4539930555555555
fine_category,other,128,4,top1_changed,category_minus_document_mean,-0.05076574900793651,16,-0.12838882688492062,0.037163705977182535
fine_category,particle,128,4,top1_changed,category_minus_document_mean,-0.022569444444444444,9,-0.23958333333333334,0.25177951388888864
fine_category,pronoun,128,4,top1_changed,category_minus_document_mean,-0.08322868036103331,15,-0.15224648401027077,-0.010019987161531397
fine_category,proper_noun,128,4,top1_changed,category_minus_document_mean,0.12327152014652014,13,-0.021157852564102565,0.27307549221611715
fine_category,punctuation,128,4,top1_changed,category_minus_document_mean,0.027408854166666663,16,-0.04933710007440476,0.1007805524553571
fine_category,question_word,128,4,top1_changed,category_minus_document_mean,-0.15482954545454544,11,-0.2684659090909091,0.019886363636363636
fine_category,subordinating_conjunction,128,4,top1_changed,category_minus_document_mean,-0.0546875,8,-0.236328125,0.19145507812499973
fine_category,verb,128,4,top1_changed,category_minus_document_mean,0.006298193993506495,16,-0.08635752756358225,0.10806995738636359
fine_category,adjective,128,16,top1_changed,category_minus_document_mean,0.17093962585034012,14,0.028138286564625845,0.3421835140306117
fine_category,adposition,128,16,top1_changed,category_minus_document_mean,-0.05899536661255412,16,-0.13940017502029223,0.022896797213203455
fine_category,adverb,128,16,top1_changed,category_minus_document_mean,0.03446969696969696,11,-0.10758285984848484,0.18977272727272726
fine_category,auxiliary,128,16,top1_changed,category_minus_document_mean,-0.049298469387755096,14,-0.18422619047619046,0.117454825680272
fine_category,common_noun,128,16,top1_changed,category_minus_document_mean,0.02224416322894941,16,-0.042512867991383624,0.09048985790685002
fine_category,coordinating_conjunction,128,16,top1_changed,category_minus_document_mean,0.04062499999999999,15,-0.1406423611111111,0.22992187499999966
fine_category,determiner,128,16,top1_changed,category_minus_document_mean,0.01967075892857141,16,-0.1324981398809524,0.18299014136904745
fine_category,interjection,128,16,top1_changed,category_minus_document_mean,-0.3203125,2,-0.359375,-0.28125
fine_category,negation,128,16,top1_changed,category_minus_document_mean,-0.0546875,10,-0.2422265625,0.1796875
fine_category,number,128,16,top1_changed,category_minus_document_mean,0.25,6,0.04600694444444444,0.5081380208333316
fine_category,other,128,16,top1_changed,category_minus_document_mean,-0.05076574900793651,16,-0.1518283420138889,0.05554385230654757
fine_category,particle,128,16,top1_changed,category_minus_document_mean,-0.036458333333333336,9,-0.25,0.2274739583333331
fine_category,pronoun,128,16,top1_changed,category_minus_document_mean,-0.05435924369747899,15,-0.13300498949579834,0.031042687908496697
fine_category,proper_noun,128,16,top1_changed,category_minus_document_mean,0.1554830586080586,13,0.0013135302197802153,0.3282466231684981
fine_category,punctuation,128,16,top1_changed,category_minus_document_mean,0.02740885416666666,16,-0.049721292162698424,0.09500720796130949
fine_category,question_word,128,16,top1_changed,category_minus_document_mean,-0.07244318181818182,11,-0.2486150568181818,0.14208096590909072
fine_category,subordinating_conjunction,128,16,top1_changed,category_minus_document_mean,0.052734375,8,-0.171923828125,0.2989746093749992
fine_category,verb,128,16,top1_changed,category_minus_document_mean,0.025663724296536797,16,-0.07958269920183983,0.12349070363230515
fine_category,adjective,512,0,top1_changed,category_minus_document_mean,0.13149447278911566,14,0.010829878826530605,0.27214205994897955
fine_category,adposition,512,0,top1_changed,category_minus_document_mean,-0.0033623060966811013,16,-0.09150228569173882,0.09596491561823585
fine_category,adverb,512,0,top1_changed,category_minus_document_mean,-0.05123106060606062,11,-0.14718039772727276,0.05579308712121203
fine_category,auxiliary,512,0,top1_changed,category_minus_document_mean,-0.03153698979591837,14,-0.141507493622449,0.12280160501700672
fine_category,common_noun,512,0,top1_changed,category_minus_document_mean,0.032206109405944934,16,-0.03071581652996127,0.09391335090348232
fine_category,coordinating_conjunction,512,0,top1_changed,category_minus_document_mean,-0.019791666666666683,15,-0.12188368055555557,0.11355034722222217
fine_category,determiner,512,0,top1_changed,category_minus_document_mean,0.035621279761904746,16,-0.09477353050595239,0.18359886532738093
fine_category,interjection,512,0,top1_changed,category_minus_document_mean,0.3046875,2,-0.1875,0.796875
fine_category,negation,512,0,top1_changed,category_minus_document_mean,-0.06875,10,-0.1953125,0.1422265624999998
fine_category,number,512,0,top1_changed,category_minus_document_mean,0.3463541666666667,6,0.1484375,0.5885633680555554
fine_category,other,512,0,top1_changed,category_minus_document_mean,-0.042354910714285716,16,-0.10528180803571428,0.02741280691964278
fine_category,particle,512,0,top1_changed,category_minus_document_mean,-0.16493055555555555,9,-0.2048611111111111,-0.11805555555555555
fine_category,pronoun,512,0,top1_changed,category_minus_document_mean,-0.023799992219109868,15,-0.08721279761904763,0.05085907835356355
fine_category,proper_noun,512,0,top1_changed,category_minus_document_mean,0.04954212454212454,13,-0.06491386217948718,0.17010559752747223
fine_category,punctuation,512,0,top1_changed,category_minus_document_mean,-0.06742931547619048,16,-0.12517864893353176,0.0003572978670634832
fine_category,question_word,512,0,top1_changed,category_minus_document_mean,-0.12926136363636365,11,-0.2059659090909091,-0.03263494318181837
fine_category,subordinating_conjunction,512,0,top1_changed,category_minus_document_mean,0.06510416666666666,8,-0.12044270833333334,0.32358398437499997
fine_category,verb,512,0,top1_changed,category_minus_document_mean,-0.07408515963203463,16,-0.14040865547213205,-0.010919448390151545
fine_category,adjective,512,4,top1_changed,category_minus_document_mean,0.12942176870748298,14,0.004222735969387753,0.27397959183673465
fine_category,adposition,512,4,top1_changed,category_minus_document_mean,-0.021916993596681103,16,-0.10930676040539322,0.08279971168154757
fine_category,adverb,512,4,top1_changed,category_minus_document_mean,-0.06259469696969698,11,-0.16458806818181818,0.04944839015151506
fine_category,auxiliary,512,4,top1_changed,category_minus_document_mean,-0.033769132653061223,14,-0.15217394770408163,0.11897507440476106
fine_category,common_noun,512,4,top1_changed,category_minus_document_mean,0.03752621305047292,16,-0.03097993743167469,0.10127541871733887
fine_category,coordinating_conjunction,512,4,top1_changed,category_minus_document_mean,-0.007986111111111123,15,-0.12604166666666666,0.14756944444444445
fine_category,determiner,512,4,top1_changed,category_minus_document_mean,0.012379092261904763,16,-0.11802943638392857,0.15509114583333328
fine_category,interjection,512,4,top1_changed,category_minus_document_mean,0.3046875,2,-0.1875,0.796875
fine_category,negation,512,4,top1_changed,category_minus_document_mean,-0.075,10,-0.2,0.1281640624999998
fine_category,number,512,4,top1_changed,category_minus_document_mean,0.3307291666666667,6,0.12756076388888887,0.5711805555555556
fine_category,other,512,4,top1_changed,category_minus_document_mean,-0.02531932043650794,16,-0.09055547805059525,0.038175843253968215
fine_category,particle,512,4,top1_changed,category_minus_document_mean,-0.1701388888888889,9,-0.20833333333333334,-0.1267361111111111
fine_category,pronoun,512,4,top1_changed,category_minus_document_mean,-0.02247062713974479,15,-0.07486736986461251,0.033525331660441894
fine_category,proper_noun,512,4,top1_changed,category_minus_document_mean,0.037522893772893764,13,-0.07137276785714286,0.15725789835164833
fine_category,punctuation,512,4,top1_changed,category_minus_document_mean,-0.04632626488095238,16,-0.11176331535218255,0.026233878968253882
fine_category,question_word,512,4,top1_changed,category_minus_document_mean,-0.13920454545454544,11,-0.2215909090909091,-0.03551136363636364
fine_category,subordinating_conjunction,512,4,top1_changed,category_minus_document_mean,0.055338541666666664,8,-0.13606770833333334,0.3074544270833324
fine_category,verb,512,4,top1_changed,category_minus_document_mean,-0.07701484713203463,16,-0.14019461495535718,-0.016216708096590975
fine_category,adjective,512,16,top1_changed,category_minus_document_mean,0.13873299319727891,14,0.031492081207482994,0.26963461947278894
fine_category,adposition,512,16,top1_changed,category_minus_document_mean,0.022028318903318897,16,-0.056950186857413425,0.11108634475333691
fine_category,adverb,512,16,top1_changed,category_minus_document_mean,-0.057196969696969704,11,-0.1741619318181818,0.06505918560606058
fine_category,auxiliary,512,16,top1_changed,category_minus_document_mean,-0.05267857142857144,14,-0.16466145833333334,0.11431175595238083
fine_category,common_noun,512,16,top1_changed,category_minus_document_mean,0.03217510742181795,16,-0.028020139810847052,0.09104609839858602
fine_category,coordinating_conjunction,512,16,top1_changed,category_minus_document_mean,0.015625,15,-0.09687500000000002,0.15661458333333322
fine_category,determiner,512,16,top1_changed,category_minus_document_mean,0.025074404761904763,16,-0.10892438616071429,0.18308268229166658
fine_category,interjection,512,16,top1_changed,category_minus_document_mean,0.3046875,2,-0.1875,0.796875
fine_category,negation,512,16,top1_changed,category_minus_document_mean,-0.0625,10,-0.1921875,0.1578125
fine_category,number,512,16,top1_changed,category_minus_document_mean,0.265625,6,0.015624999999999991,0.5538194444444444
fine_category,other,512,16,top1_changed,category_minus_document_mean,-0.046651785714285715,16,-0.1064453125,0.01825055803571427
fine_category,particle,512,16,top1_changed,category_minus_document_mean,-0.1579861111111111,9,-0.19444444444444445,-0.11284722222222222
fine_category,pronoun,512,16,top1_changed,category_minus_document_mean,-0.03178610333022098,15,-0.08609686721910988,0.025110522681294573
fine_category,proper_noun,512,16,top1_changed,category_minus_document_mean,0.12766712454212453,13,-0.02492559523809524,0.29748311584249076
fine_category,punctuation,512,16,top1_changed,category_minus_document_mean,-0.05505952380952381,16,-0.11705961681547619,0.014932105654761878
fine_category,question_word,512,16,top1_changed,category_minus_document_mean,-0.12357954545454546,11,-0.203125,-0.022727272727272728
fine_category,subordinating_conjunction,512,16,top1_changed,category_minus_document_mean,0.06510416666666666,8,-0.12045898437500001,0.31134440104166583
fine_category,verb,512,16,top1_changed,category_minus_document_mean,-0.08250135281385282,16,-0.13939078987418832,-0.028782108191287927
fine_category,adjective,1024,0,top1_changed,category_minus_document_mean,0.07814625850340137,14,0.009180484693877543,0.14751913265306113
fine_category,adposition,1024,0,top1_changed,category_minus_document_mean,-0.050385270111832615,16,-0.10161171564980158,0.004054249244678926
fine_category,adverb,1024,0,top1_changed,category_minus_document_mean,-0.003598484848484851,11,-0.140625,0.16015624999999986
fine_category,auxiliary,1024,0,top1_changed,category_minus_document_mean,-0.013244047619047619,14,-0.12300409226190477,0.1363225446428571
fine_category,common_noun,1024,0,top1_changed,category_minus_document_mean,0.05690626875865362,16,-0.008812036972758603,0.11767465033938093
fine_category,coordinating_conjunction,1024,0,top1_changed,category_minus_document_mean,0.0010416666666666593,15,-0.10208333333333333,0.14412326388888874
fine_category,determiner,1024,0,top1_changed,category_minus_document_mean,0.008789062499999997,16,-0.08691731770833333,0.11627929687499998
fine_category,interjection,1024,0,top1_changed,category_minus_document_mean,-0.15625,2,-0.203125,-0.109375
fine_category,negation,1024,0,top1_changed,category_minus_document_mean,-0.028125,10,-0.153125,0.1719140624999998
fine_category,number,1024,0,top1_changed,category_minus_document_mean,0.22309027777777776,6,-0.021701388888888895,0.5349392361111099
fine_category,other,1024,0,top1_changed,category_minus_document_mean,-0.04255022321428572,16,-0.09786063058035714,0.021940569196428516
fine_category,particle,1024,0,top1_changed,category_minus_document_mean,-0.020833333333333332,9,-0.16493055555555555,0.2222222222222222
fine_category,pronoun,1024,0,top1_changed,category_minus_document_mean,-0.045165732959850616,15,-0.0956764268207283,0.005011627567693677
fine_category,proper_noun,1024,0,top1_changed,category_minus_document_mean,0.004498626373626371,13,-0.07653245192307692,0.09766054258241733
fine_category,punctuation,1024,0,top1_changed,category_minus_document_mean,-0.03436569940476191,16,-0.08351934523809525,0.025669642857142853
fine_category,question_word,1024,0,top1_changed,category_minus_document_mean,-0.13636363636363635,11,-0.18039772727272727,-0.09090909090909091
fine_category,subordinating_conjunction,1024,0,top1_changed,category_minus_document_mean,0.09830729166666666,8,-0.10874023437500001,0.3548177083333333
fine_category,verb,1024,0,top1_changed,category_minus_document_mean,-0.02816304788961039,16,-0.09860700334821429,0.05548859831574675
fine_category,adjective,1024,4,top1_changed,category_minus_document_mean,0.08053784013605443,14,0.012457482993197275,0.15345503826530607
fine_category,adposition,1024,4,top1_changed,category_minus_document_mean,-0.039860096500721504,16,-0.10482042100694444,0.02973675087932897
fine_category,adverb,1024,4,top1_changed,category_minus_document_mean,-0.010700757575757579,11,-0.14803977272727273,0.15312499999999998
fine_category,auxiliary,1024,4,top1_changed,category_minus_document_mean,-0.02105654761904762,14,-0.12991815476190477,0.12723586309523807
fine_category,common_noun,1024,4,top1_changed,category_minus_document_mean,0.055752149440471806,16,-0.01284145422149123,0.12049278965962754
fine_category,coordinating_conjunction,1024,4,top1_changed,category_minus_document_mean,-0.006250000000000007,15,-0.10659722222222223,0.14340277777777777
fine_category,determiner,1024,4,top1_changed,category_minus_document_mean,0.0019531249999999965,16,-0.09766438802083334,0.09954752604166665
fine_category,interjection,1024,4,top1_changed,category_minus_document_mean,-0.1640625,2,-0.203125,-0.125
fine_category,negation,1024,4,top1_changed,category_minus_document_mean,-0.0390625,10,-0.1640625,0.15625
fine_category,number,1024,4,top1_changed,category_minus_document_mean,0.21788194444444442,6,-0.03042534722222222,0.5269097222222222
fine_category,other,1024,4,top1_changed,category_minus_document_mean,-0.036886160714285715,16,-0.09629394531249999,0.027963867187499963
fine_category,particle,1024,4,top1_changed,category_minus_document_mean,-0.029513888888888888,9,-0.17708333333333334,0.2013888888888889
fine_category,pronoun,1024,4,top1_changed,category_minus_document_mean,-0.060790732959850616,15,-0.10473964169000934,-0.01663772175536882
fine_category,proper_noun,1024,4,top1_changed,category_minus_document_mean,0.010679945054945052,13,-0.07211681547619048,0.10023094093406591
fine_category,punctuation,1024,4,top1_changed,category_minus_document_mean,-0.04120163690476191,16,-0.09668550037202381,0.015257626488095206
fine_category,question_word,1024,4,top1_changed,category_minus_document_mean,-0.11458333333333334,11,-0.1690340909090909,-0.05349195075757583
fine_category,subordinating_conjunction,1024,4,top1_changed,category_minus_document_mean,0.08658854166666666,8,-0.11655273437500001,0.3588867187499991
fine_category,verb,1024,4,top1_changed,category_minus_document_mean,-0.03140050054112554,16,-0.10073724127435066,0.055626458502435056
fine_category,adjective,1024,16,top1_changed,category_minus_document_mean,0.09185799319727891,14,0.026725127551020397,0.16169696003401354
fine_category,adposition,1024,16,top1_changed,category_minus_document_mean,-0.044565352182539694,16,-0.10729399181547619,0.023044549851190414
fine_category,adverb,1024,16,top1_changed,category_minus_document_mean,-0.009280303030303033,11,-0.14915956439393938,0.1460464015151514
fine_category,auxiliary,1024,16,top1_changed,category_minus_document_mean,-0.02998511904761905,14,-0.13490513392857145,0.1160751488095238
fine_category,common_noun,1024,16,top1_changed,category_minus_document_mean,0.05885939375865362,16,0.00015668268135372661,0.11561277281517816
fine_category,coordinating_conjunction,1024,16,top1_changed,category_minus_document_mean,-0.028472222222222232,15,-0.13681423611111113,0.12085069444444435
fine_category,determiner,1024,16,top1_changed,category_minus_document_mean,0.0029296874999999965,16,-0.08990885416666666,0.10319986979166662
fine_category,interjection,1024,16,top1_changed,category_minus_document_mean,0.328125,2,-0.125,0.78125
fine_category,negation,1024,16,top1_changed,category_minus_document_mean,-0.0359375,10,-0.1625390625,0.1703125
fine_category,number,1024,16,top1_changed,category_minus_document_mean,0.22569444444444442,6,-0.021701388888888895,0.5347222222222222
fine_category,other,1024,16,top1_changed,category_minus_document_mean,-0.042159598214285714,16,-0.09551199776785714,0.01509905133928569
fine_category,particle,1024,16,top1_changed,category_minus_document_mean,-0.026041666666666668,9,-0.1753472222222222,0.2170138888888889
fine_category,pronoun,1024,16,top1_changed,category_minus_document_mean,-0.03460025676937442,15,-0.07771373132586369,0.009467903828197921
fine_category,proper_noun,1024,16,top1_changed,category_minus_document_mean,-0.00030906593406593725,13,-0.08093091804029305,0.0866532165750915
fine_category,punctuation,1024,16,top1_changed,category_minus_document_mean,-0.04022507440476191,16,-0.09328962053571428,0.01596679687499991
fine_category,question_word,1024,16,top1_changed,category_minus_document_mean,-0.11458333333333334,11,-0.1747159090909091,-0.053030303030303046
fine_category,subordinating_conjunction,1024,16,top1_changed,category_minus_document_mean,0.08854166666666666,8,-0.123046875,0.3424641927083332
fine_category,verb,1024,16,top1_changed,category_minus_document_mean,-0.03610575622294372,16,-0.11125374137581169,0.05277248630275972
fine_category,adjective,2048,0,top1_changed,category_minus_document_mean,0.07894345238095236,14,0.01719626913265306,0.14679076318027204
fine_category,adposition,2048,0,top1_changed,category_minus_document_mean,-0.06713479662698413,16,-0.11118861607142858,-0.015499441964285812
fine_category,adverb,2048,0,top1_changed,category_minus_document_mean,0.10719696969696968,11,-0.06846590909090909,0.3126515151515143
fine_category,auxiliary,2048,0,top1_changed,category_minus_document_mean,-0.030877976190476192,14,-0.12946428571428573,0.12314918154761899
fine_category,common_noun,2048,0,top1_changed,category_minus_document_mean,0.05943671300373603,16,0.00023680732074029482,0.12315405129524162
fine_category,coordinating_conjunction,2048,0,top1_changed,category_minus_document_mean,0.027777777777777776,15,-0.08403645833333336,0.1753472222222222
fine_category,determiner,2048,0,top1_changed,category_minus_document_mean,-0.0173828125,16,-0.1093994140625,0.09004394531249996
fine_category,interjection,2048,0,top1_changed,category_minus_document_mean,-0.1328125,2,-0.140625,-0.125
fine_category,negation,2048,0,top1_changed,category_minus_document_mean,-0.0140625,10,-0.1296875,0.1844140624999998
fine_category,number,2048,0,top1_changed,category_minus_document_mean,0.21614583333333334,6,-0.033854166666666664,0.5260416666666666
fine_category,other,2048,0,top1_changed,category_minus_document_mean,-0.037472098214285716,16,-0.090830078125,0.025874023437499945
fine_category,particle,2048,0,top1_changed,category_minus_document_mean,-0.006944444444444444,9,-0.1440972222222222,0.22743055555555555
fine_category,pronoun,2048,0,top1_changed,category_minus_document_mean,-0.010244708994708997,15,-0.06653042328042329,0.057430555555555415
fine_category,proper_noun,2048,0,top1_changed,category_minus_document_mean,0.022527472527472524,13,-0.059387877747252765,0.12349759615384612
fine_category,punctuation,2048,0,top1_changed,category_minus_document_mean,-0.010463169642857146,16,-0.08398825024801587,0.07212999131944443
fine_category,question_word,2048,0,top1_changed,category_minus_document_mean,-0.09327651515151515,11,-0.14772727272727273,-0.036908143939394074
fine_category,subordinating_conjunction,2048,0,top1_changed,category_minus_document_mean,0.11783854166666666,8,-0.08138020833333334,0.3574381510416666
fine_category,verb,2048,0,top1_changed,category_minus_document_mean,-0.03771560470779221,16,-0.09119413301542208,0.025880237926136362
fine_category,adjective,2048,4,top1_changed,category_minus_document_mean,0.06650722789115646,14,0.00843431122448979,0.12822225765306122
fine_category,adposition,2048,4,top1_changed,category_minus_document_mean,-0.07801649305555555,16,-0.12413465711805556,-0.025705295138888952
fine_category,adverb,2048,4,top1_changed,category_minus_document_mean,0.07689393939393939,11,-0.07955255681818181,0.25937736742424244
fine_category,auxiliary,2048,4,top1_changed,category_minus_document_mean,-0.01116071428571429,14,-0.11495535714285714,0.14958147321428555
fine_category,common_noun,2048,4,top1_changed,category_minus_document_mean,0.059620340140488164,16,0.0008718406901486653,0.12447244324685729
fine_category,coordinating_conjunction,2048,4,top1_changed,category_minus_document_mean,0.025694444444444443,15,-0.08578125000000002,0.181284722222222
fine_category,determiner,2048,4,top1_changed,category_minus_document_mean,-0.0193359375,16,-0.1103515625,0.07520507812499995
fine_category,interjection,2048,4,top1_changed,category_minus_document_mean,-0.1328125,2,-0.140625,-0.125
fine_category,negation,2048,4,top1_changed,category_minus_document_mean,-0.01875,10,-0.1328125,0.1703125
fine_category,number,2048,4,top1_changed,category_minus_document_mean,0.21875,6,-0.03472222222222223,0.5399305555555555
fine_category,other,2048,4,top1_changed,category_minus_document_mean,-0.039425223214285716,16,-0.09705287388392858,0.02843470982142855
fine_category,particle,2048,4,top1_changed,category_minus_document_mean,-0.012152777777777778,9,-0.1545138888888889,0.22569444444444445
fine_category,pronoun,2048,4,top1_changed,category_minus_document_mean,-0.003994708994708997,15,-0.06320064484126985,0.07116989087301585
fine_category,proper_noun,2048,4,top1_changed,category_minus_document_mean,-0.007348901098901102,13,-0.09214886675824176,0.09637076465201458
fine_category,punctuation,2048,4,top1_changed,category_minus_document_mean,-0.00981212797619048,16,-0.07736816406250001,0.06388307601686496
fine_category,question_word,2048,4,top1_changed,category_minus_document_mean,-0.09469696969696971,11,-0.1434659090909091,-0.03786695075757583
fine_category,subordinating_conjunction,2048,4,top1_changed,category_minus_document_mean,0.11197916666666666,8,-0.09182942708333333,0.36787109374999977
fine_category,verb,2048,4,top1_changed,category_minus_document_mean,-0.01675206304112554,16,-0.07940613585633118,0.0661876437364718
fine_category,adjective,2048,16,top1_changed,category_minus_document_mean,0.07782738095238094,14,0.010974170918367344,0.14573474702380945
fine_category,adposition,2048,16,top1_changed,category_minus_document_mean,-0.06811135912698413,16,-0.115607173859127,-0.019638981894841274
fine_category,adverb,2048,16,top1_changed,category_minus_document_mean,0.10293560606060605,11,-0.07841619318181818,0.29494554924242394
fine_category,auxiliary,2048,16,top1_changed,category_minus_document_mean,-0.01897321428571429,14,-0.12091703869047621,0.14326636904761883
fine_category,common_noun,2048,16,top1_changed,category_minus_document_mean,0.05846015050373603,16,-0.0023583404442779512,0.12342576314744282
fine_category,coordinating_conjunction,2048,16,top1_changed,category_minus_document_mean,0.04895833333333333,15,-0.0628732638888889,0.1982986111111109
fine_category,determiner,2048,16,top1_changed,category_minus_document_mean,-0.018359375,16,-0.1099609375,0.08813476562499974
fine_category,interjection,2048,16,top1_changed,category_minus_document_mean,-0.140625,2,-0.15625,-0.125
fine_category,negation,2048,16,top1_changed,category_minus_document_mean,-0.0140625,10,-0.134375,0.1859765624999998
fine_category,number,2048,16,top1_changed,category_minus_document_mean,0.22135416666666666,6,-0.02083333333333334,0.5130208333333334
fine_category,other,2048,16,top1_changed,category_minus_document_mean,-0.054073660714285716,16,-0.1001953125,0.004575892857142853
fine_category,particle,2048,16,top1_changed,category_minus_document_mean,-0.010416666666666666,9,-0.14930555555555555,0.21875
fine_category,pronoun,2048,16,top1_changed,category_minus_document_mean,0.0008664021164021134,15,-0.05736350859788359,0.0676999834656084
fine_category,proper_noun,2048,16,top1_changed,category_minus_document_mean,0.018921703296703292,13,-0.06793727106227107,0.11532308836996326
fine_category,punctuation,2048,16,top1_changed,category_minus_document_mean,-0.020368303571428575,16,-0.08148871527777779,0.054085673983134824
fine_category,question_word,2048,16,top1_changed,category_minus_document_mean,-0.09327651515151515,11,-0.14204545454545456,-0.03977272727272728
fine_category,subordinating_conjunction,2048,16,top1_changed,category_minus_document_mean,0.11588541666666666,8,-0.083984375,0.37314453124999947
fine_category,verb,2048,16,top1_changed,category_minus_document_mean,-0.043427015692640694,16,-0.09124528628923159,0.005774359104437223
fine_category,adjective,4096,0,top1_changed,category_minus_document_mean,0.08256802721088434,14,0.008250159438775509,0.17001594387755103
fine_category,adposition,4096,0,top1_changed,category_minus_document_mean,-0.06496465773809523,16,-0.1071044921875,-0.01687360491071433
fine_category,adverb,4096,0,top1_changed,category_minus_document_mean,0.10861742424242422,11,-0.016100852272727277,0.24120501893939386
fine_category,auxiliary,4096,0,top1_changed,category_minus_document_mean,0.004464285714285711,14,-0.10008370535714287,0.16486235119047588
fine_category,common_noun,4096,0,top1_changed,category_minus_document_mean,0.02723763923393857,16,-0.011904962156812486,0.06926323488052516
fine_category,coordinating_conjunction,4096,0,top1_changed,category_minus_document_mean,0.005208333333333333,15,-0.08333333333333333,0.112517361111111
fine_category,determiner,4096,0,top1_changed,category_minus_document_mean,-0.010351562499999998,16,-0.0859423828125,0.07679199218749981
fine_category,interjection,4096,0,top1_changed,category_minus_document_mean,-0.0703125,2,-0.109375,-0.03125
fine_category,negation,4096,0,top1_changed,category_minus_document_mean,-0.103125,10,-0.1390625,-0.0671875
fine_category,number,4096,0,top1_changed,category_minus_document_mean,0.13107638888888887,6,-0.078125,0.46440972222222215
fine_category,other,4096,0,top1_changed,category_minus_document_mean,-0.026869419642857145,16,-0.0861376953125,0.035113699776785634
fine_category,particle,4096,0,top1_changed,category_minus_document_mean,0.006944444444444444,9,-0.13368055555555555,0.23615451388888864
fine_category,pronoun,4096,0,top1_changed,category_minus_document_mean,-0.034179894179894185,15,-0.078125,0.017083333333333332
fine_category,proper_noun,4096,0,top1_changed,category_minus_document_mean,0.020924908424908423,13,-0.06834993131868132,0.12598099816849814
fine_category,punctuation,4096,0,top1_changed,category_minus_document_mean,-0.015237475198412702,16,-0.06905691964285715,0.03557671440972221
fine_category,question_word,4096,0,top1_changed,category_minus_document_mean,-0.017045454545454544,11,-0.1278409090909091,0.16477272727272727
fine_category,subordinating_conjunction,4096,0,top1_changed,category_minus_document_mean,0.12760416666666666,8,-0.08333333333333334,0.39908854166666663
fine_category,verb,4096,0,top1_changed,category_minus_document_mean,0.004333231872294374,16,-0.05375872987689394,0.07399471134334416
fine_category,adjective,4096,4,top1_changed,category_minus_document_mean,0.08814838435374149,14,0.010856983418367345,0.17925196641156457
fine_category,adposition,4096,4,top1_changed,category_minus_document_mean,-0.0716920882936508,16,-0.11068522135416667,-0.03209557911706362
fine_category,adverb,4096,4,top1_changed,category_minus_document_mean,0.1012310606060606,11,-0.03864346590909091,0.2433712121212121
fine_category,auxiliary,4096,4,top1_changed,category_minus_document_mean,0.007812499999999996,14,-0.09598214285714286,0.17262834821428566
fine_category,common_noun,4096,4,top1_changed,category_minus_document_mean,0.0324802379181491,16,-0.0076812429107351015,0.07785603182909921
fine_category,coordinating_conjunction,4096,4,top1_changed,category_minus_document_mean,0.00625,15,-0.07986979166666668,0.11563368055555551
fine_category,determiner,4096,4,top1_changed,category_minus_document_mean,-0.024023437499999998,16,-0.0880859375,0.048657226562499864
fine_category,interjection,4096,4,top1_changed,category_minus_document_mean,-0.1015625,2,-0.109375,-0.09375
fine_category,negation,4096,4,top1_changed,category_minus_document_mean,-0.1,10,-0.1328125,-0.07027343750000022
fine_category,number,4096,4,top1_changed,category_minus_document_mean,0.13368055555555555,6,-0.08072916666666667,0.4618055555555555
fine_category,other,4096,4,top1_changed,category_minus_document_mean,-0.009291294642857145,16,-0.071103515625,0.05466238839285712
fine_category,particle,4096,4,top1_changed,category_minus_document_mean,0.11805555555555555,9,-0.11805555555555555,0.4444444444444444
fine_category,pronoun,4096,4,top1_changed,category_minus_document_mean,-0.03209656084656085,15,-0.06813905423280424,0.017780671296296284
fine_category,proper_noun,4096,4,top1_changed,category_minus_document_mean,-0.019940476190476192,13,-0.09735576923076923,0.08726791437728933
fine_category,punctuation,4096,4,top1_changed,category_minus_document_mean,-0.015268477182539686,16,-0.07725965711805556,0.04517880394345233
fine_category,question_word,4096,4,top1_changed,category_minus_document_mean,-0.015625,11,-0.11931818181818182,0.15767045454545456
fine_category,subordinating_conjunction,4096,4,top1_changed,category_minus_document_mean,0.12955729166666666,8,-0.07356770833333334,0.39458007812499973
fine_category,verb,4096,4,top1_changed,category_minus_document_mean,-0.027642214556277057,16,-0.07900942319399351,0.03246146594291124
fine_category,adjective,4096,16,top1_changed,category_minus_document_mean,0.08814838435374149,14,0.012882653061224488,0.16787680697278906
fine_category,adposition,4096,16,top1_changed,category_minus_document_mean,-0.061275421626984135,16,-0.10143112909226192,-0.019838169642857166
fine_category,adverb,4096,16,top1_changed,category_minus_document_mean,0.08446969696969697,11,-0.05113636363636364,0.22841619318181813
fine_category,auxiliary,4096,16,top1_changed,category_minus_document_mean,0.006696428571428568,14,-0.09821428571428571,0.15290178571428573
fine_category,common_noun,4096,16,top1_changed,category_minus_document_mean,0.028015952203863388,16,-0.010293199581850898,0.067448899385063
fine_category,coordinating_conjunction,4096,16,top1_changed,category_minus_document_mean,-0.015972222222222224,15,-0.10520833333333333,0.09618923611111105
fine_category,determiner,4096,16,top1_changed,category_minus_document_mean,-0.008398437499999998,16,-0.080673828125,0.07559570312499996
fine_category,interjection,4096,16,top1_changed,category_minus_document_mean,-0.09375,2,-0.109375,-0.078125
fine_category,negation,4096,16,top1_changed,category_minus_document_mean,-0.1015625,10,-0.140625,-0.0671875
fine_category,number,4096,16,top1_changed,category_minus_document_mean,0.13368055555555555,6,-0.07552083333333333,0.4618055555555555
fine_category,other,4096,16,top1_changed,category_minus_document_mean,-0.009291294642857145,16,-0.07316824776785714,0.06385393415178563
fine_category,particle,4096,16,top1_changed,category_minus_document_mean,0.11284722222222222,9,-0.1267361111111111,0.4305555555555556
fine_category,pronoun,4096,16,top1_changed,category_minus_document_mean,-0.033138227513227515,15,-0.07080398478835978,0.013632688492063486
fine_category,proper_noun,4096,16,top1_changed,category_minus_document_mean,-0.019940476190476192,13,-0.08997252747252747,0.08247853708791195
fine_category,punctuation,4096,16,top1_changed,category_minus_document_mean,-0.022212921626984128,16,-0.07593277219742063,0.028897336929563467
fine_category,question_word,4096,16,top1_changed,category_minus_document_mean,-0.014204545454545454,11,-0.125,0.1690340909090909
fine_category,subordinating_conjunction,4096,16,top1_changed,category_minus_document_mean,0.12369791666666666,8,-0.078125,0.3828125
fine_category,verb,4096,16,top1_changed,category_minus_document_mean,-0.00829697646103896,16,-0.06582798549107144,0.06100211799918826
fine_category,adjective,8192,0,top1_changed,category_minus_document_mean,0.06105442176870748,14,0.0029536033163265287,0.12808886054421764
fine_category,adposition,8192,0,top1_changed,category_minus_document_mean,-0.07259114583333334,16,-0.103515625,-0.0380859375
fine_category,adverb,8192,0,top1_changed,category_minus_document_mean,0.03143939393939394,11,-0.06052556818181817,0.1297585227272726
fine_category,auxiliary,8192,0,top1_changed,category_minus_document_mean,0.05617559523809523,14,-0.07254464285714286,0.23141741071428562
fine_category,common_noun,8192,0,top1_changed,category_minus_document_mean,0.03796207105212039,16,-0.005257872524268492,0.08116570335731513
fine_category,coordinating_conjunction,8192,0,top1_changed,category_minus_document_mean,0.042361111111111106,15,-0.060069444444444446,0.18300347222222213
fine_category,determiner,8192,0,top1_changed,category_minus_document_mean,0.004492187500000001,16,-0.0607421875,0.08692382812499995
fine_category,interjection,8192,0,top1_changed,category_minus_document_mean,0.4296875,2,-0.03125,0.890625
fine_category,negation,8192,0,top1_changed,category_minus_document_mean,-0.078125,10,-0.109375,-0.0484375
fine_category,number,8192,0,top1_changed,category_minus_document_mean,-0.009548611111111114,6,-0.07291666666666667,0.08072916666666666
fine_category,other,8192,0,top1_changed,category_minus_document_mean,-0.03702566964285715,16,-0.0806640625,0.01376953124999992
fine_category,particle,8192,0,top1_changed,category_minus_document_mean,0.140625,9,-0.08684895833333332,0.4600694444444444
fine_category,pronoun,8192,0,top1_changed,category_minus_document_mean,-0.020324074074074074,15,-0.06747685185185184,0.03301041666666666
fine_category,proper_noun,8192,0,top1_changed,category_minus_document_mean,0.013953754578754576,13,-0.05631868131868133,0.11689646291208772
fine_category,punctuation,8192,0,top1_changed,category_minus_document_mean,-0.0384889632936508,16,-0.08275979662698413,0.011812918526785704
fine_category,question_word,8192,0,top1_changed,category_minus_document_mean,0.004261363636363636,11,-0.10369318181818182,0.18607954545454544
fine_category,subordinating_conjunction,8192,0,top1_changed,category_minus_document_mean,0.14322916666666666,8,-0.057958984375,0.3750162760416666
fine_category,verb,8192,0,top1_changed,category_minus_document_mean,-0.022564089556277055,16,-0.0630178317775974,0.023480938007305146
fine_category,adjective,8192,4,top1_changed,category_minus_document_mean,0.06440263605442177,14,0.006876328656462585,0.12794005102040804
fine_category,adposition,8192,4,top1_changed,category_minus_document_mean,-0.07161458333333334,16,-0.1025390625,-0.037109375
fine_category,adverb,8192,4,top1_changed,category_minus_document_mean,-0.012594696969696971,11,-0.07386363636363637,0.06193181818181817
fine_category,auxiliary,8192,4,top1_changed,category_minus_document_mean,0.04836309523809523,14,-0.07924107142857142,0.21096540178571413
fine_category,common_noun,8192,4,top1_changed,category_minus_document_mean,0.04111203580775949,16,0.0064412627873770955,0.08156386097226968
fine_category,coordinating_conjunction,8192,4,top1_changed,category_minus_document_mean,0.025694444444444443,15,-0.07291666666666667,0.17083333333333334
fine_category,determiner,8192,4,top1_changed,category_minus_document_mean,-0.007031249999999999,16,-0.071484375,0.06701660156249986
fine_category,interjection,8192,4,top1_changed,category_minus_document_mean,0.4140625,2,-0.0625,0.890625
fine_category,negation,8192,4,top1_changed,category_minus_document_mean,-0.0765625,10,-0.109375,-0.0453125
fine_category,number,8192,4,top1_changed,category_minus_document_mean,0.0008680555555555525,6,-0.049479166666666664,0.07552083333333333
fine_category,other,8192,4,top1_changed,category_minus_document_mean,-0.042299107142857145,16,-0.0904296875,0.015292271205357129
fine_category,particle,8192,4,top1_changed,category_minus_document_mean,0.140625,9,-0.08506944444444445,0.4479600694444442
fine_category,pronoun,8192,4,top1_changed,category_minus_document_mean,-0.03469907407407407,15,-0.06494097222222223,-0.0013796296296296844
fine_category,proper_noun,8192,4,top1_changed,category_minus_document_mean,0.03318452380952381,13,-0.04309924450549451,0.13218005952380935
fine_category,punctuation,8192,4,top1_changed,category_minus_document_mean,-0.0010540674603174635,16,-0.04771554129464286,0.04469323536706347
fine_category,question_word,8192,4,top1_changed,category_minus_document_mean,0.005681818181818182,11,-0.10227272727272728,0.18892045454545456
fine_category,subordinating_conjunction,8192,4,top1_changed,category_minus_document_mean,0.13736979166666666,8,-0.059912109375,0.3763183593749999
fine_category,verb,8192,4,top1_changed,category_minus_document_mean,-0.009087527056277056,16,-0.0630077279491342,0.052620421570616846
fine_category,adjective,8192,16,top1_changed,category_minus_document_mean,0.06328656462585033,14,0.007907100340136053,0.1280226934523809
fine_category,adposition,8192,16,top1_changed,category_minus_document_mean,-0.07259114583333334,16,-0.1044921875,-0.033203125
fine_category,adverb,8192,16,top1_changed,category_minus_document_mean,0.054166666666666655,11,-0.056633522727272734,0.1912926136363636
fine_category,auxiliary,8192,16,top1_changed,category_minus_document_mean,0.0472470238095238,14,-0.07703683035714286,0.20759858630952377
fine_category,common_noun,8192,16,top1_changed,category_minus_document_mean,0.03201194478949412,16,-0.0032584106545866425,0.07160194948280879
fine_category,coordinating_conjunction,8192,16,top1_changed,category_minus_document_mean,0.05694444444444444,15,-0.05520833333333333,0.19758680555555547
fine_category,determiner,8192,16,top1_changed,category_minus_document_mean,0.004492187500000001,16,-0.0654296875,0.08849121093749991
fine_category,interjection,8192,16,top1_changed,category_minus_document_mean,0.4140625,2,-0.0625,0.890625
fine_category,negation,8192,16,top1_changed,category_minus_document_mean,-0.078125,10,-0.1140625,-0.0453125
fine_category,number,8192,16,top1_changed,category_minus_document_mean,-0.004340277777777781,6,-0.0625,0.07291666666666666
fine_category,other,8192,16,top1_changed,category_minus_document_mean,-0.043275669642857145,16,-0.08859514508928572,0.011866629464285666
fine_category,particle,8192,16,top1_changed,category_minus_document_mean,0.1388888888888889,9,-0.09027777777777778,0.4618055555555556
fine_category,pronoun,8192,16,top1_changed,category_minus_document_mean,-0.0008796296296296302,15,-0.04815104166666667,0.05326446759259259
fine_category,proper_noun,8192,16,top1_changed,category_minus_document_mean,-0.01288919413919414,13,-0.05793440934065934,0.03536486950549447
fine_category,punctuation,8192,16,top1_changed,category_minus_document_mean,-0.02373201884920635,16,-0.07787969680059524,0.03964068700396822
fine_category,question_word,8192,16,top1_changed,category_minus_document_mean,0.004261363636363636,11,-0.10227272727272728,0.18181818181818182
fine_category,subordinating_conjunction,8192,16,top1_changed,category_minus_document_mean,0.14127604166666666,8,-0.05078125,0.3769694010416666
fine_category,verb,8192,16,top1_changed,category_minus_document_mean,-0.022564089556277058,16,-0.06679780505952382,0.02795718766910173
pos,ADJ,128,0,delta_ce,category_minus_document_mean,0.019249935825479396,14,-0.21447006663974041,0.2878494790321947
pos,ADP,128,0,delta_ce,category_minus_document_mean,-0.244272312776378,16,-0.36935999328766533,-0.1256620367343868
pos,ADV,128,0,delta_ce,category_minus_document_mean,0.263246632890307,11,-0.23510745763321922,0.881728991960446
pos,AUX,128,0,delta_ce,category_minus_document_mean,-0.1395609685509361,14,-0.275676681480309,-0.0016187816021279368
pos,CCONJ,128,0,delta_ce,category_minus_document_mean,-0.41636082146406717,15,-0.7051542488763515,-0.18059286796143284
pos,DET,128,0,delta_ce,category_minus_document_mean,-0.18908110913481657,16,-0.34647415816147475,-0.03796805959950084
pos,INTJ,128,0,delta_ce,category_minus_document_mean,0.3027434566029683,2,-0.28236352359078865,0.8878504367967253
pos,NOUN,128,0,delta_ce,category_minus_document_mean,0.2724086867769811,16,0.10517819773352512,0.43124372367509817
pos,NUM,128,0,delta_ce,category_minus_document_mean,0.30096785922550473,6,-0.07957201133128257,0.8698029391935557
pos,PART,128,0,delta_ce,category_minus_document_mean,-0.38502395026251013,11,-0.5643617006200802,-0.20602301573563214
pos,PRON,128,0,delta_ce,category_minus_document_mean,-0.11674327518342123,15,-0.22114489680112118,-0.016361947951334607
pos,PROPN,128,0,delta_ce,category_minus_document_mean,1.7129754889891966,14,0.42815235036686417,3.379679412930965
pos,PUNCT,128,0,delta_ce,category_minus_document_mean,-0.0680202984606299,16,-0.20840803914769693,0.08144010340870715
pos,SCONJ,128,0,delta_ce,category_minus_document_mean,-0.10290127580339604,11,-0.39372040716711837,0.20368009348948846
pos,SPACE,128,0,delta_ce,category_minus_document_mean,-0.23709768342285348,16,-0.42669517433236887,-0.049168309894616284
pos,VERB,128,0,delta_ce,category_minus_document_mean,0.04880767989481889,16,-0.0982872143710944,0.19527820348953823
pos,X,128,0,delta_ce,category_minus_document_mean,-0.4151128722549515,2,-2.1346553920584483,1.3044296475485453
pos,ADJ,128,4,delta_ce,category_minus_document_mean,-0.003882606535688546,14,-0.21795535951575298,0.2593373437817535
pos,ADP,128,4,delta_ce,category_minus_document_mean,-0.23953884681146032,16,-0.3650573267227132,-0.11945538007678731
pos,ADV,128,4,delta_ce,category_minus_document_mean,0.3291336905158739,11,-0.1484090456295342,0.9464360790041171
pos,AUX,128,4,delta_ce,category_minus_document_mean,-0.09613993947676547,14,-0.252054465551841,0.07483216321020106
pos,CCONJ,128,4,delta_ce,category_minus_document_mean,-0.4237338071516698,15,-0.6873045241669092,-0.19801146293898553
pos,DET,128,4,delta_ce,category_minus_document_mean,-0.20140063147464093,16,-0.3568852339385155,-0.04348747738982654
pos,INTJ,128,4,delta_ce,category_minus_document_mean,0.3925997014773088,2,-0.01684659129443844,0.8020459942490561
pos,NOUN,128,4,delta_ce,category_minus_document_mean,0.22813485833925062,16,0.06483882668154489,0.3906166025649476
pos,NUM,128,4,delta_ce,category_minus_document_mean,0.25192258359825626,6,-0.14182743084321758,0.8281173066876603
pos,PART,128,4,delta_ce,category_minus_document_mean,-0.37316186652364003,11,-0.5379045219497888,-0.21334761043393127
pos,PRON,128,4,delta_ce,category_minus_document_mean,-0.11938214887769455,15,-0.22261142439790693,-0.0058719989125461634
pos,PROPN,128,4,delta_ce,category_minus_document_mean,1.6680615152804559,14,0.4060150975789499,3.3281656814963103
pos,PUNCT,128,4,delta_ce,category_minus_document_mean,-0.08313717209213412,16,-0.23074676368879643,0.06920378694299825
pos,SCONJ,128,4,delta_ce,category_minus_document_mean,-0.0785056756388768,11,-0.37094974596509883,0.24338073737011248
pos,SPACE,128,4,delta_ce,category_minus_document_mean,-0.24802606672582192,16,-0.42611852299684866,-0.05676289130240713
pos,VERB,128,4,delta_ce,category_minus_document_mean,0.10054973625670946,16,-0.07695176940478964,0.29038985389701183
pos,X,128,4,delta_ce,category_minus_document_mean,-0.35313588934138807,2,-2.6514750109727174,1.9452032322899413
pos,ADJ,128,16,delta_ce,category_minus_document_mean,-0.017515799734203388,14,-0.2213556390540706,0.25341228374032204
pos,ADP,128,16,delta_ce,category_minus_document_mean,-0.2386601249743205,16,-0.37073222181870186,-0.11979855972344412
pos,ADV,128,16,delta_ce,category_minus_document_mean,0.23353587153484315,11,-0.21639096796267596,0.7900137228130989
pos,AUX,128,16,delta_ce,category_minus_document_mean,-0.18445331249655342,14,-0.30173463494910924,-0.06923663248537468
pos,CCONJ,128,16,delta_ce,category_minus_document_mean,-0.4495297532590646,15,-0.7251097371083474,-0.19624215288604227
pos,DET,128,16,delta_ce,category_minus_document_mean,-0.22666674078769689,16,-0.3790317661963478,-0.07932621415409076
pos,INTJ,128,16,delta_ce,category_minus_document_mean,0.1422385892765874,2,-0.2691259509518886,0.5536031295050634
pos,NOUN,128,16,delta_ce,category_minus_document_mean,0.21330361193716202,16,0.04468084376909342,0.38047916975430596
pos,NUM,128,16,delta_ce,category_minus_document_mean,0.2219465514808451,6,-0.30741481301769324,0.9112891757735295
pos,PART,128,16,delta_ce,category_minus_document_mean,-0.41461115618610817,11,-0.6011091272226371,-0.2343422648200359
pos,PRON,128,16,delta_ce,category_minus_document_mean,-0.09282406332632642,15,-0.21873567182037318,0.034458892786953556
pos,PROPN,128,16,delta_ce,category_minus_document_mean,1.6971053982070683,14,0.45561271415224613,3.1968542765616386
pos,PUNCT,128,16,delta_ce,category_minus_document_mean,-0.10305517997303264,16,-0.2673067771481696,0.05559215050947307
pos,SCONJ,128,16,delta_ce,category_minus_document_mean,0.028123401622801743,11,-0.3146964054069633,0.3973698474935742
pos,SPACE,128,16,delta_ce,category_minus_document_mean,-0.23034945877913815,16,-0.44644900513837865,0.009199009161059996
pos,VERB,128,16,delta_ce,category_minus_document_mean,0.14968478414119435,16,-0.04090889302985729,0.3490078980416624
pos,X,128,16,delta_ce,category_minus_document_mean,0.3279693373973487,2,-2.502489057231287,3.1584277320259844
pos,ADJ,512,0,delta_ce,category_minus_document_mean,0.08488849495709684,14,-0.11371071109216115,0.36236199205841374
pos,ADP,512,0,delta_ce,category_minus_document_mean,-0.05744904903412736,16,-0.19012519272343378,0.05488716844240675
pos,ADV,512,0,delta_ce,category_minus_document_mean,-0.20831225037396325,11,-0.4360922628791174,-0.0009027409180598855
pos,AUX,512,0,delta_ce,category_minus_document_mean,-0.07824326653120665,14,-0.1868668719651089,0.036407394434229176
pos,CCONJ,512,0,delta_ce,category_minus_document_mean,-0.17150824102599196,15,-0.29109648489807166,-0.06968112370266188
pos,DET,512,0,delta_ce,category_minus_document_mean,-0.10745183714670117,16,-0.223879171627177,-0.003479850025314646
pos,INTJ,512,0,delta_ce,category_minus_document_mean,0.35836301427593753,2,-0.2571630842971899,0.973889112849065
pos,NOUN,512,0,delta_ce,category_minus_document_mean,0.22824274677762296,16,0.1067793010252132,0.36037308827967934
pos,NUM,512,0,delta_ce,category_minus_document_mean,0.4494039209663911,6,0.033489735001997666,1.0893661431039416
pos,PART,512,0,delta_ce,category_minus_document_mean,-0.20555997091856135,11,-0.27898216652437113,-0.13383789210620356
pos,PRON,512,0,delta_ce,category_minus_document_mean,-0.08376681418539329,15,-0.1519100200784257,-0.02294744803107228
pos,PROPN,512,0,delta_ce,category_minus_document_mean,0.6221839458411568,14,-0.08251000949339884,1.569929041805402
pos,PUNCT,512,0,delta_ce,category_minus_document_mean,-0.11400367839661889,16,-0.20410606279459576,-0.029314868146283635
pos,SCONJ,512,0,delta_ce,category_minus_document_mean,-0.12634942071292635,11,-0.20779559899720706,-0.04651443366222591
pos,SPACE,512,0,delta_ce,category_minus_document_mean,-0.13185401622192622,16,-0.20292485633900606,-0.059874568754442636
pos,VERB,512,0,delta_ce,category_minus_document_mean,-4.056105199368165e-05,16,-0.11069460819409979,0.10485493979026744
pos,X,512,0,delta_ce,category_minus_document_mean,-1.2999305690780147,2,-1.4810572865299036,-1.1188038516261258
pos,ADJ,512,4,delta_ce,category_minus_document_mean,0.0857850985617354,14,-0.12387602715478817,0.3647343223643082
pos,ADP,512,4,delta_ce,category_minus_document_mean,-0.056659940085530575,16,-0.18245176468220659,0.05658559652423155
pos,ADV,512,4,delta_ce,category_minus_document_mean,-0.21704774495626458,11,-0.4283973718806327,-0.00417500332230928
pos,AUX,512,4,delta_ce,category_minus_document_mean,-0.08444621486850849,14,-0.20027125714523675,0.037241430246150294
pos,CCONJ,512,4,delta_ce,category_minus_document_mean,-0.17592161924486127,15,-0.28390153455521494,-0.07196936603768517
pos,DET,512,4,delta_ce,category_minus_document_mean,-0.1055092697890525,16,-0.2174932058762034,-0.001685811218512896
pos,INTJ,512,4,delta_ce,category_minus_document_mean,0.36291619506573625,2,-0.15869746637145,0.8845298565029225
pos,NOUN,512,4,delta_ce,category_minus_document_mean,0.22990081081066377,16,0.1079271920023832,0.3574176833341933
pos,NUM,512,4,delta_ce,category_minus_document_mean,0.45636843945576927,6,0.07599341686099734,1.0675297612345347
pos,PART,512,4,delta_ce,category_minus_document_mean,-0.21131670698562505,11,-0.2822090638381454,-0.140228875728868
pos,PRON,512,4,delta_ce,category_minus_document_mean,-0.08392959943416481,15,-0.14822960624881482,-0.023456283946085867
pos,PROPN,512,4,delta_ce,category_minus_document_mean,0.6060585901178828,14,-0.08283213275882706,1.4968430554239742
pos,PUNCT,512,4,delta_ce,category_minus_document_mean,-0.10972532428435995,16,-0.1914724054042847,-0.022449377384816532
pos,SCONJ,512,4,delta_ce,category_minus_document_mean,-0.1152994914847119,11,-0.1863070214412412,-0.04131610533270692
pos,SPACE,512,4,delta_ce,category_minus_document_mean,-0.13152548353007243,16,-0.20411171723830712,-0.058702141949327546
pos,VERB,512,4,delta_ce,category_minus_document_mean,0.005815954639402092,16,-0.10928744027962943,0.10630634015786143
pos,X,512,4,delta_ce,category_minus_document_mean,-1.2275400472560136,2,-1.3751459077420805,-1.0799341867699468
pos,ADJ,512,16,delta_ce,category_minus_document_mean,0.06746160888680507,14,-0.13543541430338765,0.3516999403016973
pos,ADP,512,16,delta_ce,category_minus_document_mean,-0.0664854309150247,16,-0.19700957803510702,0.04023997084717063
pos,ADV,512,16,delta_ce,category_minus_document_mean,-0.21319128902559187,11,-0.4355420268580317,0.0007945010932278595
pos,AUX,512,16,delta_ce,category_minus_document_mean,-0.08918315487756688,14,-0.2036268585413437,0.0204326247311984
pos,CCONJ,512,16,delta_ce,category_minus_document_mean,-0.19693378158111333,15,-0.31385229732743297,-0.08471795385853814
pos,DET,512,16,delta_ce,category_minus_document_mean,-0.08228245988851644,16,-0.18648187006340763,0.018301002577628282
pos,INTJ,512,16,delta_ce,category_minus_document_mean,0.3515120043882689,2,-0.1499006783610639,0.8529246871376017
pos,NOUN,512,16,delta_ce,category_minus_document_mean,0.22436259789832633,16,0.10897288875420735,0.35257895769011033
pos,NUM,512,16,delta_ce,category_minus_document_mean,0.43605983882742194,6,0.06973469276376162,0.990623704347927
pos,PART,512,16,delta_ce,category_minus_document_mean,-0.21260716240753877,11,-0.2806930612575227,-0.13540329665957704
pos,PRON,512,16,delta_ce,category_minus_document_mean,-0.07227842694047931,15,-0.1348371955966757,-0.0137967336724504
pos,PROPN,512,16,delta_ce,category_minus_document_mean,0.5971593932987621,14,-0.09071096297015285,1.5007914696289388
pos,PUNCT,512,16,delta_ce,category_minus_document_mean,-0.09867300606472836,16,-0.18174419711341186,-0.017871412584696385
pos,SCONJ,512,16,delta_ce,category_minus_document_mean,-0.11564782292107557,11,-0.17747015808986832,-0.05472187472393333
pos,SPACE,512,16,delta_ce,category_minus_document_mean,-0.14115013180684158,16,-0.2079760549359667,-0.07128284648072145
pos,VERB,512,16,delta_ce,category_minus_document_mean,-0.008008943067553245,16,-0.12569659090774873,0.09477928232892156
pos,X,512,16,delta_ce,category_minus_document_mean,-1.0480662516851567,2,-1.0535740148252444,-1.042558488545069
pos,ADJ,1024,0,delta_ce,category_minus_document_mean,0.07252672994173877,14,-0.12623289381572342,0.37483271996060297
pos,ADP,1024,0,delta_ce,category_minus_document_mean,-0.07874222544190575,16,-0.1793144314617763,-0.004469552967775249
pos,ADV,1024,0,delta_ce,category_minus_document_mean,-0.11106947277060698,11,-0.27098016058679086,0.0707309842840841
pos,AUX,1024,0,delta_ce,category_minus_document_mean,-0.07485313299108862,14,-0.1947100429537891,0.038327517756359716
pos,CCONJ,1024,0,delta_ce,category_minus_document_mean,-0.1914349017008855,15,-0.30194074351459776,-0.09946833025295505
pos,DET,1024,0,delta_ce,category_minus_document_mean,-0.06423486582167805,16,-0.14490697571627617,0.014523814294545958
pos,INTJ,1024,0,delta_ce,category_minus_document_mean,0.2167330521249653,2,-0.4555883633726694,0.8890544676226
pos,NOUN,1024,0,delta_ce,category_minus_document_mean,0.18049214698774624,16,0.05817938490461679,0.32298421710563163
pos,NUM,1024,0,delta_ce,category_minus_document_mean,0.41642112382534086,6,-0.016319651722676545,1.0543140891652962
pos,PART,1024,0,delta_ce,category_minus_document_mean,-0.07219240376223124,11,-0.16131270607529075,0.024016576029207468
pos,PRON,1024,0,delta_ce,category_minus_document_mean,-0.028072262746332337,15,-0.0674115291170688,0.015395422818780683
pos,PROPN,1024,0,delta_ce,category_minus_document_mean,0.23177832677412344,14,-0.22629735461600076,1.011089310599894
pos,PUNCT,1024,0,delta_ce,category_minus_document_mean,-0.04190383769981458,16,-0.12067595773762561,0.03093742539269049
pos,SCONJ,1024,0,delta_ce,category_minus_document_mean,-0.1666493865344781,11,-0.3179892292981538,-0.03405557935850008
pos,SPACE,1024,0,delta_ce,category_minus_document_mean,-0.05420494791379085,16,-0.11796708244523015,0.008056732893449272
pos,VERB,1024,0,delta_ce,category_minus_document_mean,0.01382850530234906,16,-0.06392873907571252,0.08907400448141548
pos,X,1024,0,delta_ce,category_minus_document_mean,-0.6314521590496724,2,-0.7933542096645851,-0.46955010843475975
pos,ADJ,1024,4,delta_ce,category_minus_document_mean,0.08791606369300373,14,-0.11643330023932323,0.39375515127242056
pos,ADP,1024,4,delta_ce,category_minus_document_mean,-0.0803464312773214,16,-0.1746018410326767,-0.008360022214320443
pos,ADV,1024,4,delta_ce,category_minus_document_mean,-0.12110064010136404,11,-0.2901220801963342,0.0676644742879693
pos,AUX,1024,4,delta_ce,category_minus_document_mean,-0.08147020803184236,14,-0.2089747079988207,0.036971398094409545
pos,CCONJ,1024,4,delta_ce,category_minus_document_mean,-0.18928025376464855,15,-0.29846068290304256,-0.09384494671388346
pos,DET,1024,4,delta_ce,category_minus_document_mean,-0.06725641749002828,16,-0.1504696632687654,0.011446059669109365
pos,INTJ,1024,4,delta_ce,category_minus_document_mean,0.27347487979258744,2,-0.38832704370548754,0.9352768032906624
pos,NOUN,1024,4,delta_ce,category_minus_document_mean,0.18418326698930265,16,0.06958495059812862,0.32068579932645536
pos,NUM,1024,4,delta_ce,category_minus_document_mean,0.38753669225948456,6,-0.039681837734671425,1.0406244060908925
pos,PART,1024,4,delta_ce,category_minus_document_mean,-0.09569931051763286,11,-0.17200607952744684,-0.01874584434902622
pos,PRON,1024,4,delta_ce,category_minus_document_mean,-0.02882043265893656,15,-0.07071398796120865,0.011740119234712843
pos,PROPN,1024,4,delta_ce,category_minus_document_mean,0.2264421235085177,14,-0.23507773447739305,1.0231138785578096
pos,PUNCT,1024,4,delta_ce,category_minus_document_mean,-0.03710086732755247,16,-0.12007332727201733,0.036795755074263095
pos,SCONJ,1024,4,delta_ce,category_minus_document_mean,-0.1816909528601972,11,-0.34531487483617157,-0.03786378091557975
pos,SPACE,1024,4,delta_ce,category_minus_document_mean,-0.051412417227648444,16,-0.11094667230341723,0.005331482680746841
pos,VERB,1024,4,delta_ce,category_minus_document_mean,0.015078986048663853,16,-0.06601112442453651,0.08804059990249355
pos,X,1024,4,delta_ce,category_minus_document_mean,-0.69127808622477,2,-0.8560752111941383,-0.5264809612554018
pos,ADJ,1024,16,delta_ce,category_minus_document_mean,0.06414018814804173,14,-0.12864306018902397,0.3449904612893129
pos,ADP,1024,16,delta_ce,category_minus_document_mean,-0.08211490895438642,16,-0.18187180581809403,-0.008317684048594256
pos,ADV,1024,16,delta_ce,category_minus_document_mean,-0.1382236886748159,11,-0.3070098673956727,0.06234349297367408
pos,AUX,1024,16,delta_ce,category_minus_document_mean,-0.0841498967918083,14,-0.2137144969138098,0.027162075039437353
pos,CCONJ,1024,16,delta_ce,category_minus_document_mean,-0.18017150716515762,15,-0.29217130172012046,-0.09364837388304101
pos,DET,1024,16,delta_ce,category_minus_document_mean,-0.060083143127427,16,-0.14853148133359279,0.018572333078097653
pos,INTJ,1024,16,delta_ce,category_minus_document_mean,0.2657773989675718,2,-0.4327376065124895,0.9642924044476331
pos,NOUN,1024,16,delta_ce,category_minus_document_mean,0.18851722400683224,16,0.07588586022407887,0.32869894249302967
pos,NUM,1024,16,delta_ce,category_minus_document_mean,0.41140138366997386,6,-0.01874419504303246,1.0221538378252275
pos,PART,1024,16,delta_ce,category_minus_document_mean,-0.07813407912523215,11,-0.1652342953159212,0.011421481670893116
pos,PRON,1024,16,delta_ce,category_minus_document_mean,-0.03134158859422897,15,-0.07195509057369992,0.010635742224958417
pos,PROPN,1024,16,delta_ce,category_minus_document_mean,0.23375820131109545,14,-0.2199254788691538,1.0250261546906223
pos,PUNCT,1024,16,delta_ce,category_minus_document_mean,-0.03703942382695843,16,-0.12155488647775811,0.0426222781310516
pos,SCONJ,1024,16,delta_ce,category_minus_document_mean,-0.17490820962983894,11,-0.333538253534513,-0.03861502316038549
pos,SPACE,1024,16,delta_ce,category_minus_document_mean,-0.055150447257900186,16,-0.11687287019489896,0.0026677083165712557
pos,VERB,1024,16,delta_ce,category_minus_document_mean,0.01189855209679197,16,-0.07432010244370876,0.09197028899194337
pos,X,1024,16,delta_ce,category_minus_document_mean,-0.6647054343080185,2,-0.844245954366329,-0.4851649142497081
pos,ADJ,2048,0,delta_ce,category_minus_document_mean,0.05558227797627041,14,-0.14024062917355118,0.34494778290338685
pos,ADP,2048,0,delta_ce,category_minus_document_mean,-0.07354436562836313,16,-0.15163171938576475,-0.005581081122456908
pos,ADV,2048,0,delta_ce,category_minus_document_mean,-0.12729682446089152,11,-0.2747417534210999,0.04110366568360998
pos,AUX,2048,0,delta_ce,category_minus_document_mean,-0.05195119846866799,14,-0.14230919905089867,0.03143042190896602
pos,CCONJ,2048,0,delta_ce,category_minus_document_mean,-0.11978757221921717,15,-0.2161730920839489,-0.03302631792149862
pos,DET,2048,0,delta_ce,category_minus_document_mean,-0.06537079971129428,16,-0.15869756799098134,0.01657848118975213
pos,INTJ,2048,0,delta_ce,category_minus_document_mean,0.029804997229177843,2,-0.20169722244042987,0.26130721689878555
pos,NOUN,2048,0,delta_ce,category_minus_document_mean,0.1373502529133581,16,0.052004237363592894,0.25385687799361184
pos,NUM,2048,0,delta_ce,category_minus_document_mean,0.23100629759618674,6,-0.18989461142761732,0.8267982588656305
pos,PART,2048,0,delta_ce,category_minus_document_mean,-0.06664326958540857,11,-0.14274927242381072,0.01833336423443028
pos,PRON,2048,0,delta_ce,category_minus_document_mean,-0.008593138047046152,15,-0.058793449710204,0.040911195996425606
pos,PROPN,2048,0,delta_ce,category_minus_document_mean,0.20828511510436615,14,-0.21419903556178416,0.9145812969522065
pos,PUNCT,2048,0,delta_ce,category_minus_document_mean,-0.0587738298710053,16,-0.1415818383629885,0.00561183084998412
pos,SCONJ,2048,0,delta_ce,category_minus_document_mean,-0.12187409696127535,11,-0.28899871148931894,0.02805514687462363
pos,SPACE,2048,0,delta_ce,category_minus_document_mean,-0.02050695778427304,16,-0.0809382546153639,0.040617129206859046
pos,VERB,2048,0,delta_ce,category_minus_document_mean,0.001843217733502496,16,-0.07403537850232683,0.0645886945228133
pos,X,2048,0,delta_ce,category_minus_document_mean,-0.7530009934784516,2,-1.1002216654541144,-0.40578032150278887
pos,ADJ,2048,4,delta_ce,category_minus_document_mean,0.06041524528196795,14,-0.13831751203807657,0.3557016825196051
pos,ADP,2048,4,delta_ce,category_minus_document_mean,-0.08178605928497089,16,-0.15852806476443496,-0.01606772839374551
pos,ADV,2048,4,delta_ce,category_minus_document_mean,-0.13257346327165073,11,-0.2659374888422151,0.03420037410388214
pos,AUX,2048,4,delta_ce,category_minus_document_mean,-0.05084364239169562,14,-0.1554034859368476,0.035452999248871284
pos,CCONJ,2048,4,delta_ce,category_minus_document_mean,-0.12609480852194188,15,-0.2324077808312807,-0.036300336953476266
pos,DET,2048,4,delta_ce,category_minus_document_mean,-0.06193152611730787,16,-0.15529816617388442,0.017724319662694006
pos,INTJ,2048,4,delta_ce,category_minus_document_mean,0.06610137599147947,2,-0.1911482414668626,0.32335099344982154
pos,NOUN,2048,4,delta_ce,category_minus_document_mean,0.1460422785388112,16,0.04928099590331798,0.26370585099720906
pos,NUM,2048,4,delta_ce,category_minus_document_mean,0.26051632275861786,6,-0.20602765158457848,0.9289484739193957
pos,PART,2048,4,delta_ce,category_minus_document_mean,-0.0690798160334401,11,-0.14094630118221488,0.010695247826588664
pos,PRON,2048,4,delta_ce,category_minus_document_mean,-0.007403602295109986,15,-0.05804110740012848,0.04466114586719694
pos,PROPN,2048,4,delta_ce,category_minus_document_mean,0.22743292306002644,14,-0.20116483418351208,0.958583851590695
pos,PUNCT,2048,4,delta_ce,category_minus_document_mean,-0.06207290407200186,16,-0.1474138939020741,0.007022697594690533
pos,SCONJ,2048,4,delta_ce,category_minus_document_mean,-0.1156513748832047,11,-0.26821965933259706,0.034056884062017914
pos,SPACE,2048,4,delta_ce,category_minus_document_mean,-0.02342594592963207,16,-0.08567851279275256,0.041125945578117544
pos,VERB,2048,4,delta_ce,category_minus_document_mean,-0.0036012430731693496,16,-0.07464498178893614,0.0572047200564418
pos,X,2048,4,delta_ce,category_minus_document_mean,-0.7408098189223153,2,-1.0654621011084942,-0.41615753673613654
pos,ADJ,2048,16,delta_ce,category_minus_document_mean,0.06074951706904395,14,-0.13425478309760153,0.3455236389322526
pos,ADP,2048,16,delta_ce,category_minus_document_mean,-0.08150465914866242,16,-0.16573817479104996,-0.010943461589546559
pos,ADV,2048,16,delta_ce,category_minus_document_mean,-0.1336181340590067,11,-0.27519714542126594,0.031353508401987536
pos,AUX,2048,16,delta_ce,category_minus_document_mean,-0.045172353912009355,14,-0.14747738963179627,0.037406332493943734
pos,CCONJ,2048,16,delta_ce,category_minus_document_mean,-0.12739580474458181,15,-0.22484366541662246,-0.04147784819786124
pos,DET,2048,16,delta_ce,category_minus_document_mean,-0.061847174686898126,16,-0.1570374462697369,0.019667350419698866
pos,INTJ,2048,16,delta_ce,category_minus_document_mean,0.3846710986854447,2,-0.22072612146072856,0.9900683188316179
pos,NOUN,2048,16,delta_ce,category_minus_document_mean,0.13567506701789234,16,0.041005558736297625,0.26570132318396605
pos,NUM,2048,16,delta_ce,category_minus_document_mean,0.2413103549500442,6,-0.20697286723865696,0.8713004460114281
pos,PART,2048,16,delta_ce,category_minus_document_mean,-0.0673063573651706,11,-0.1398178958791798,0.02136873624513578
pos,PRON,2048,16,delta_ce,category_minus_document_mean,-0.008641104919859076,15,-0.05727041586722039,0.04100027937647501
pos,PROPN,2048,16,delta_ce,category_minus_document_mean,0.2271994754858693,14,-0.20198103108861484,0.925932122771505
pos,PUNCT,2048,16,delta_ce,category_minus_document_mean,-0.0576761537579889,16,-0.12953404577628422,0.004905564559004225
pos,SCONJ,2048,16,delta_ce,category_minus_document_mean,-0.13397094002497376,11,-0.2725407173118348,-0.0029716698849915424
pos,SPACE,2048,16,delta_ce,category_minus_document_mean,-0.019404497243418695,16,-0.07737175238005466,0.03730930269179259
pos,VERB,2048,16,delta_ce,category_minus_document_mean,0.0004177779451691385,16,-0.07201535147820648,0.06306461407833157
pos,X,2048,16,delta_ce,category_minus_document_mean,-0.7384663772799058,2,-1.1317233584256883,-0.3452093961341234
pos,ADJ,4096,0,delta_ce,category_minus_document_mean,0.08557892884780245,14,-0.10260726666130013,0.3915235085524704
pos,ADP,4096,0,delta_ce,category_minus_document_mean,-0.020143647956282866,16,-0.05236123268765686,0.00777936242452195
pos,ADV,4096,0,delta_ce,category_minus_document_mean,-0.07014090727012935,11,-0.17650241071211947,0.02465523469485633
pos,AUX,4096,0,delta_ce,category_minus_document_mean,-0.02275783409982,14,-0.09571754477749778,0.03571872826069878
pos,CCONJ,4096,0,delta_ce,category_minus_document_mean,-0.05054837042274221,15,-0.13985760781748216,0.02320453743419088
pos,DET,4096,0,delta_ce,category_minus_document_mean,-0.017443294697973035,16,-0.076185845222487,0.04117047059407768
pos,INTJ,4096,0,delta_ce,category_minus_document_mean,0.5344083413579881,2,-0.06241134303235185,1.131228025748328
pos,NOUN,4096,0,delta_ce,category_minus_document_mean,0.06251498436274489,16,0.02139528964870396,0.11510945127639663
pos,NUM,4096,0,delta_ce,category_minus_document_mean,0.31998850690763725,6,-0.08734210780387182,0.9936161262258668
pos,PART,4096,0,delta_ce,category_minus_document_mean,-0.06726677953409976,11,-0.12562129450960965,-0.010954893630232146
pos,PRON,4096,0,delta_ce,category_minus_document_mean,-0.0238122119985268,15,-0.06501657722187248,0.015969243949577563
pos,PROPN,4096,0,delta_ce,category_minus_document_mean,-0.12338216299936784,14,-0.20787156416845828,-0.042492623952442465
pos,PUNCT,4096,0,delta_ce,category_minus_document_mean,-0.05455082175940511,16,-0.1396953968275075,0.011869971019463424
pos,SCONJ,4096,0,delta_ce,category_minus_document_mean,0.0804954735228529,11,-0.041656344288669205,0.18971428977306393
pos,SPACE,4096,0,delta_ce,category_minus_document_mean,-0.0006501190394868264,16,-0.05273593726112914,0.0468799725449665
pos,VERB,4096,0,delta_ce,category_minus_document_mean,0.0037656297044607037,16,-0.027393398845027873,0.03894646377133213
pos,X,4096,0,delta_ce,category_minus_document_mean,-0.3813724412476631,2,-0.6283456855010172,-0.13439919699430902
pos,ADJ,4096,4,delta_ce,category_minus_document_mean,0.0910239960762115,14,-0.09427458023353061,0.4029445012348091
pos,ADP,4096,4,delta_ce,category_minus_document_mean,-0.02155391179706797,16,-0.04726978875090393,0.006783294054455326
pos,ADV,4096,4,delta_ce,category_minus_document_mean,-0.06505898932653557,11,-0.16603403928727165,0.04318989914773442
pos,AUX,4096,4,delta_ce,category_minus_document_mean,-0.033199921857750336,14,-0.1132680870617115,0.033572311198824666
pos,CCONJ,4096,4,delta_ce,category_minus_document_mean,-0.04858637603004167,15,-0.134603149042051,0.020385093498586453
pos,DET,4096,4,delta_ce,category_minus_document_mean,-0.01645622603448185,16,-0.08062636970982753,0.043961237994122465
pos,INTJ,4096,4,delta_ce,category_minus_document_mean,0.5467937404073382,2,-0.08347220687198842,1.1770596876866648
pos,NOUN,4096,4,delta_ce,category_minus_document_mean,0.057236715686778745,16,0.011459599094247295,0.11189791337721397
pos,NUM,4096,4,delta_ce,category_minus_document_mean,0.31196570281164804,6,-0.10095928168144278,0.9901762090892324
pos,PART,4096,4,delta_ce,category_minus_document_mean,-0.055392433866953666,11,-0.12052959128183346,0.017727822185346128
pos,PRON,4096,4,delta_ce,category_minus_document_mean,-0.02248476797501849,15,-0.06136328218769713,0.014386550379922071
pos,PROPN,4096,4,delta_ce,category_minus_document_mean,-0.1244490201388374,14,-0.20738770422518218,-0.04631020864403117
pos,PUNCT,4096,4,delta_ce,category_minus_document_mean,-0.04756663213595142,16,-0.13655070286415524,0.016849181957387716
pos,SCONJ,4096,4,delta_ce,category_minus_document_mean,0.08298799372846394,11,-0.023419665017853426,0.18334192412910644
pos,SPACE,4096,4,delta_ce,category_minus_document_mean,-0.003317321722639271,16,-0.053896893808179504,0.045308165679325
pos,VERB,4096,4,delta_ce,category_minus_document_mean,0.005124986260497963,16,-0.03158458843759728,0.04916411757175784
pos,X,4096,4,delta_ce,category_minus_document_mean,-0.3751036262845844,2,-0.6146267855708061,-0.13558046699836268
pos,ADJ,4096,16,delta_ce,category_minus_document_mean,0.08418147555234372,14,-0.1098237886411384,0.3842915566427978
pos,ADP,4096,16,delta_ce,category_minus_document_mean,-0.021033161569512578,16,-0.04639014802843753,0.009163018360095839
pos,ADV,4096,16,delta_ce,category_minus_document_mean,-0.06662164245255578,11,-0.17419489158221807,0.038288594843555
pos,AUX,4096,16,delta_ce,category_minus_document_mean,-0.02762506694414437,14,-0.10818496712435044,0.04306237098655018
pos,CCONJ,4096,16,delta_ce,category_minus_document_mean,-0.04517953839546749,15,-0.13770328861542974,0.02681418888665305
pos,DET,4096,16,delta_ce,category_minus_document_mean,-0.014673117077348356,16,-0.07383929889797329,0.04412140706237804
pos,INTJ,4096,16,delta_ce,category_minus_document_mean,0.5091937481800528,2,-0.11885546121834523,1.1372429575784508
pos,NOUN,4096,16,delta_ce,category_minus_document_mean,0.059368322218740194,16,0.013205229217063094,0.11414355532899995
pos,NUM,4096,16,delta_ce,category_minus_document_mean,0.320414041100541,6,-0.09283696210325412,1.005371880622665
pos,PART,4096,16,delta_ce,category_minus_document_mean,-0.05554596936825595,11,-0.12271409883974145,0.01271139936416987
pos,PRON,4096,16,delta_ce,category_minus_document_mean,-0.01871322172901702,15,-0.06035670775327222,0.02014910468806645
pos,PROPN,4096,16,delta_ce,category_minus_document_mean,-0.12044234279275066,14,-0.20333158310662527,-0.0395668809832013
pos,PUNCT,4096,16,delta_ce,category_minus_document_mean,-0.0533731936077355,16,-0.14349323510810055,0.012924604808658221
pos,SCONJ,4096,16,delta_ce,category_minus_document_mean,0.07802291742115046,11,-0.024251312834911463,0.17157909592379966
pos,SPACE,4096,16,delta_ce,category_minus_document_mean,-1.3907530538287416e-05,16,-0.04746444205283751,0.046892555876636544
pos,VERB,4096,16,delta_ce,category_minus_document_mean,0.005030268717422221,16,-0.02770749008635102,0.04099925746031947
pos,X,4096,16,delta_ce,category_minus_document_mean,-0.4031591778476695,2,-0.6446502045239413,-0.16166815117139777
pos,ADJ,8192,0,delta_ce,category_minus_document_mean,0.15292828397596142,14,-0.010233637251697368,0.4243507023469849
pos,ADP,8192,0,delta_ce,category_minus_document_mean,0.003710232968726153,16,-0.021326112942300593,0.026316519745551707
pos,ADV,8192,0,delta_ce,category_minus_document_mean,-0.019430999769930787,11,-0.13031923714505864,0.07434363180104349
pos,AUX,8192,0,delta_ce,category_minus_document_mean,0.022485098129726624,14,-0.030298341569248124,0.07221910347329569
pos,CCONJ,8192,0,delta_ce,category_minus_document_mean,-0.008633951932369714,15,-0.06083398191147545,0.039260345230659355
pos,DET,8192,0,delta_ce,category_minus_document_mean,-0.016860136745498033,16,-0.05440584903349739,0.01864452309622075
pos,INTJ,8192,0,delta_ce,category_minus_document_mean,-0.026123978204680043,2,-0.04772782410236687,-0.004520132306993219
pos,NOUN,8192,0,delta_ce,category_minus_document_mean,-0.01161540998394009,16,-0.037602253134004344,0.015867843170521236
pos,NUM,8192,0,delta_ce,category_minus_document_mean,0.0012006778924738535,6,-0.04704337340597462,0.041995410947928725
pos,PART,8192,0,delta_ce,category_minus_document_mean,-0.01755733533901256,11,-0.07386440916801379,0.03814445592928004
pos,PRON,8192,0,delta_ce,category_minus_document_mean,-0.008556341151762086,15,-0.04928357617127375,0.023660526952037915
pos,PROPN,8192,0,delta_ce,category_minus_document_mean,-0.10476463120750859,14,-0.18163834435582196,-0.034429348941948
pos,PUNCT,8192,0,delta_ce,category_minus_document_mean,-0.017993890792329922,16,-0.053727342894122745,0.01479469673149473
pos,SCONJ,8192,0,delta_ce,category_minus_document_mean,0.02519184066920638,11,-0.07903277591728561,0.14072097942980846
pos,SPACE,8192,0,delta_ce,category_minus_document_mean,0.02112761915770931,16,-0.01837769460072271,0.06366578487938791
pos,VERB,8192,0,delta_ce,category_minus_document_mean,-0.0018120120113773782,16,-0.029380533819124702,0.028582232967507174
pos,X,8192,0,delta_ce,category_minus_document_mean,-0.23395357943671513,2,-0.48314788212698545,0.015240723253555188
pos,ADJ,8192,4,delta_ce,category_minus_document_mean,0.12948959756317732,14,-0.02804962058180898,0.3880451984148899
pos,ADP,8192,4,delta_ce,category_minus_document_mean,0.0073069470630087174,16,-0.019700084226890267,0.031000420361853624
pos,ADV,8192,4,delta_ce,category_minus_document_mean,-0.016467617741314614,11,-0.13055671485554218,0.09225239985176935
pos,AUX,8192,4,delta_ce,category_minus_document_mean,0.02522484303497528,14,-0.024318094166006242,0.06879472435495405
pos,CCONJ,8192,4,delta_ce,category_minus_document_mean,-0.0018190299692840029,15,-0.05223447470058401,0.04557353318463823
pos,DET,8192,4,delta_ce,category_minus_document_mean,-0.020101532208516907,16,-0.0582198868529291,0.015715976811762847
pos,INTJ,8192,4,delta_ce,category_minus_document_mean,0.01623935878515681,2,0.002547929637614743,0.029930787932698877
pos,NOUN,8192,4,delta_ce,category_minus_document_mean,-0.009057521728160984,16,-0.032571319674598045,0.01703709747806554
pos,NUM,8192,4,delta_ce,category_minus_document_mean,0.0022786404778762184,6,-0.05004953555999888,0.053801715897185076
pos,PART,8192,4,delta_ce,category_minus_document_mean,-0.034547961092732594,11,-0.08886318906662413,0.0200722657264176
pos,PRON,8192,4,delta_ce,category_minus_document_mean,-0.003517183873562513,15,-0.040499665308626316,0.029092280427934165
pos,PROPN,8192,4,delta_ce,category_minus_document_mean,-0.10000148247458403,14,-0.1701784133333215,-0.03488590941377358
pos,PUNCT,8192,4,delta_ce,category_minus_document_mean,-0.01994767500965431,16,-0.055527560719537766,0.01287605258366861
pos,SCONJ,8192,4,delta_ce,category_minus_document_mean,0.007719158857151717,11,-0.10296011211612352,0.13019633331046562
pos,SPACE,8192,4,delta_ce,category_minus_document_mean,0.02452503416822016,16,-0.01476193393741482,0.06541614706069362
pos,VERB,8192,4,delta_ce,category_minus_document_mean,-0.0038104315130183955,16,-0.034240540601825596,0.029931315360780968
pos,X,8192,4,delta_ce,category_minus_document_mean,-0.2830306833929441,2,-0.5529750018239241,-0.013086364961964136
pos,ADJ,8192,16,delta_ce,category_minus_document_mean,0.13920230256998556,14,-0.02894700919706753,0.4202739127433702
pos,ADP,8192,16,delta_ce,category_minus_document_mean,0.005506215438457081,16,-0.017451525477651345,0.027187743120213954
pos,ADV,8192,16,delta_ce,category_minus_document_mean,-0.008054183315543766,11,-0.1290595068045123,0.09478595671957156
pos,AUX,8192,16,delta_ce,category_minus_document_mean,0.017861849242547193,14,-0.03297448003763543,0.06131990423019868
pos,CCONJ,8192,16,delta_ce,category_minus_document_mean,-0.005887151121560426,15,-0.05161624052900941,0.03649131993821136
pos,DET,8192,16,delta_ce,category_minus_document_mean,-0.026818517710473756,16,-0.06488103042893842,0.00847645853424008
pos,INTJ,8192,16,delta_ce,category_minus_document_mean,0.024532915776859454,2,0.017904305886304428,0.03116152566741448
pos,NOUN,8192,16,delta_ce,category_minus_document_mean,-0.013532966733509113,16,-0.036632273458041514,0.011397236350406069
pos,NUM,8192,16,delta_ce,category_minus_document_mean,0.013800235956008246,6,-0.03256146895106502,0.05953749166424258
pos,PART,8192,16,delta_ce,category_minus_document_mean,-0.024778284140009356,11,-0.08348860326430424,0.02845175580716779
pos,PRON,8192,16,delta_ce,category_minus_document_mean,-0.003383872941388148,15,-0.03961795638345894,0.029324014550040224
pos,PROPN,8192,16,delta_ce,category_minus_document_mean,-0.0921979399030568,14,-0.15992277677789615,-0.03378847633941732
pos,PUNCT,8192,16,delta_ce,category_minus_document_mean,-0.017294380436887538,16,-0.05265827759703323,0.01509348061833729
pos,SCONJ,8192,16,delta_ce,category_minus_document_mean,0.020328590695945423,11,-0.07893917228092402,0.1290333234371889
pos,SPACE,8192,16,delta_ce,category_minus_document_mean,0.02417008003178657,16,-0.013332801385950251,0.06468079156091068
pos,VERB,8192,16,delta_ce,category_minus_document_mean,-0.0038662885099292133,16,-0.03672563597379463,0.02892477018494847
pos,X,8192,16,delta_ce,category_minus_document_mean,-0.23549739630337285,2,-0.5164208982478726,0.045426105641126924
pos,ADJ,128,0,kl_full_to_compact,category_minus_document_mean,0.0026239509482248813,14,-0.07241175038017114,0.08457558959485463
pos,ADP,128,0,kl_full_to_compact,category_minus_document_mean,-0.13289572076872974,16,-0.21053605379460258,-0.07084653371610225
pos,ADV,128,0,kl_full_to_compact,category_minus_document_mean,0.00045772681858463615,11,-0.20336954277272926,0.2653849965605408
pos,AUX,128,0,kl_full_to_compact,category_minus_document_mean,-0.09388108517260717,14,-0.18301349650974102,0.004069172619729741
pos,CCONJ,128,0,kl_full_to_compact,category_minus_document_mean,-0.1039720884753499,15,-0.18949997464415416,-0.009826965716172862
pos,DET,128,0,kl_full_to_compact,category_minus_document_mean,0.028786978973108154,16,-0.1516581155771701,0.26353057396081514
pos,INTJ,128,0,kl_full_to_compact,category_minus_document_mean,-0.23348666549691188,2,-0.42677079409850194,-0.04020253689532183
pos,NOUN,128,0,kl_full_to_compact,category_minus_document_mean,0.13036179945733256,16,0.010503214933111408,0.2518639749681707
pos,NUM,128,0,kl_full_to_compact,category_minus_document_mean,0.1348471372847875,6,-0.12510208385583302,0.4681882121787642
pos,PART,128,0,kl_full_to_compact,category_minus_document_mean,-0.11571988468125935,11,-0.1957834022710197,-0.04785252763760088
pos,PRON,128,0,kl_full_to_compact,category_minus_document_mean,-0.08229727022576871,15,-0.14018724954282538,-0.029671117687740528
pos,PROPN,128,0,kl_full_to_compact,category_minus_document_mean,1.195149693605454,14,0.1850231620580661,2.5207610341538973
pos,PUNCT,128,0,kl_full_to_compact,category_minus_document_mean,-0.023704591785360274,16,-0.11703088876168365,0.06744007294458278
pos,SCONJ,128,0,kl_full_to_compact,category_minus_document_mean,-0.03975095115181379,11,-0.18486110390834343,0.16449189379868492
pos,SPACE,128,0,kl_full_to_compact,category_minus_document_mean,-0.13549593856090167,16,-0.23696163606503615,-0.028827016982964304
pos,VERB,128,0,kl_full_to_compact,category_minus_document_mean,-0.03696478054975687,16,-0.08753490375068439,0.01435457232848254
pos,X,128,0,kl_full_to_compact,category_minus_document_mean,0.7084786680916011,2,0.0551703326432289,1.3617870035399733
pos,ADJ,128,4,kl_full_to_compact,category_minus_document_mean,-0.015171808941408441,14,-0.08828375964735279,0.06661742051677096
pos,ADP,128,4,kl_full_to_compact,category_minus_document_mean,-0.14396483281829398,16,-0.21725059510989025,-0.07951005547245225
pos,ADV,128,4,kl_full_to_compact,category_minus_document_mean,0.01248196026080025,11,-0.2029433147228849,0.2750351061407049
pos,AUX,128,4,kl_full_to_compact,category_minus_document_mean,-0.091257312740704,14,-0.18493019210538003,0.002240071223011307
pos,CCONJ,128,4,kl_full_to_compact,category_minus_document_mean,-0.10217183122228211,15,-0.18692412569205302,-0.01570863357320369
pos,DET,128,4,kl_full_to_compact,category_minus_document_mean,0.024104736897750764,16,-0.14773924095886015,0.2319880741251989
pos,INTJ,128,4,kl_full_to_compact,category_minus_document_mean,-0.21356737457107045,2,-0.3936991803547869,-0.033435568787353986
pos,NOUN,128,4,kl_full_to_compact,category_minus_document_mean,0.12303869299214917,16,-0.004881954232410866,0.24762783507385275
pos,NUM,128,4,kl_full_to_compact,category_minus_document_mean,0.13025983925314907,6,-0.1308330224435573,0.4509388815104103
pos,PART,128,4,kl_full_to_compact,category_minus_document_mean,-0.13134857218046667,11,-0.2182416498088922,-0.05638936724522833
pos,PRON,128,4,kl_full_to_compact,category_minus_document_mean,-0.08625661358638088,15,-0.13875258786494205,-0.03506273433024056
pos,PROPN,128,4,kl_full_to_compact,category_minus_document_mean,1.183870418493873,14,0.1759109523581071,2.4185817242049903
pos,PUNCT,128,4,kl_full_to_compact,category_minus_document_mean,-0.015118768262736145,16,-0.1131705532426404,0.08434860109678803
pos,SCONJ,128,4,kl_full_to_compact,category_minus_document_mean,-0.03534654575191354,11,-0.18168320828819948,0.16713235263535317
pos,SPACE,128,4,kl_full_to_compact,category_minus_document_mean,-0.14352769232185952,16,-0.23590577907353968,-0.053726299546030955
pos,VERB,128,4,kl_full_to_compact,category_minus_document_mean,-0.033825471045733094,16,-0.08571043329008526,0.01848496666159221
pos,X,128,4,kl_full_to_compact,category_minus_document_mean,0.814822042132505,2,0.08616238643980978,1.5434816978252002
pos,ADJ,128,16,kl_full_to_compact,category_minus_document_mean,0.002982042793811376,14,-0.08564086685388478,0.09121869441617948
pos,ADP,128,16,kl_full_to_compact,category_minus_document_mean,-0.15894135587787092,16,-0.23359731889933363,-0.08756846227349917
pos,ADV,128,16,kl_full_to_compact,category_minus_document_mean,-0.0281988860082379,11,-0.21446235221743334,0.22549686296476973
pos,AUX,128,16,kl_full_to_compact,category_minus_document_mean,-0.10687878802955889,14,-0.18582244138888346,-0.030579174688878087
pos,CCONJ,128,16,kl_full_to_compact,category_minus_document_mean,-0.12148104474698786,15,-0.2204216098736692,-0.002410330780420485
pos,DET,128,16,kl_full_to_compact,category_minus_document_mean,0.027281065984059244,16,-0.1694568712896803,0.2636413050804897
pos,INTJ,128,16,kl_full_to_compact,category_minus_document_mean,-0.2173781110259796,2,-0.3780351592050408,-0.05672106284691836
pos,NOUN,128,16,kl_full_to_compact,category_minus_document_mean,0.13448795649023998,16,-0.015352591804287571,0.30190609994900985
pos,NUM,128,16,kl_full_to_compact,category_minus_document_mean,0.10000266461541174,6,-0.19989365305692028,0.47564175278162296
pos,PART,128,16,kl_full_to_compact,category_minus_document_mean,-0.14754161803392457,11,-0.23814405396289193,-0.07065540905882563
pos,PRON,128,16,kl_full_to_compact,category_minus_document_mean,-0.08481901374029617,15,-0.1494316382808576,-0.025024939165134076
pos,PROPN,128,16,kl_full_to_compact,category_minus_document_mean,1.2472138760648583,14,0.3090430935676719,2.566233747467132
pos,PUNCT,128,16,kl_full_to_compact,category_minus_document_mean,-0.021875486010236776,16,-0.1225111945074727,0.07586103345688767
pos,SCONJ,128,16,kl_full_to_compact,category_minus_document_mean,-0.002805707803177934,11,-0.16978358072248187,0.21969728000058517
pos,SPACE,128,16,kl_full_to_compact,category_minus_document_mean,-0.14662481124510574,16,-0.2514756545066066,-0.03284687187543175
pos,VERB,128,16,kl_full_to_compact,category_minus_document_mean,-0.03201855009528897,16,-0.09842528076882599,0.03803700780730133
pos,X,128,16,kl_full_to_compact,category_minus_document_mean,0.9648113370585634,2,0.1318298230257824,1.7977928510913443
pos,ADJ,512,0,kl_full_to_compact,category_minus_document_mean,-0.01637392148218764,14,-0.06273584726809105,0.030535264830990682
pos,ADP,512,0,kl_full_to_compact,category_minus_document_mean,-0.08756715683076147,16,-0.15723781158850145,-0.0290738024738944
pos,ADV,512,0,kl_full_to_compact,category_minus_document_mean,-0.08096227521363687,11,-0.20175560878639448,0.010008446087410956
pos,AUX,512,0,kl_full_to_compact,category_minus_document_mean,-0.0485125895445328,14,-0.11471966477978751,0.017227264072173617
pos,CCONJ,512,0,kl_full_to_compact,category_minus_document_mean,-0.06622534969262513,15,-0.16291067088255035,0.006397202854580805
pos,DET,512,0,kl_full_to_compact,category_minus_document_mean,0.019680798659477583,16,-0.14427372994387927,0.23487243631801596
pos,INTJ,512,0,kl_full_to_compact,category_minus_document_mean,-0.13193084837746483,2,-0.20855148913756238,-0.05531020761736727
pos,NOUN,512,0,kl_full_to_compact,category_minus_document_mean,0.11932607429916475,16,0.002552959360113967,0.24543215679979757
pos,NUM,512,0,kl_full_to_compact,category_minus_document_mean,0.21635588626491153,6,-0.012294837157899016,0.48378799452868293
pos,PART,512,0,kl_full_to_compact,category_minus_document_mean,-0.06630732997474288,11,-0.10133569579960007,-0.035065844870920786
pos,PRON,512,0,kl_full_to_compact,category_minus_document_mean,-0.03541145056868601,15,-0.07095079538389742,-0.004823625346111597
pos,PROPN,512,0,kl_full_to_compact,category_minus_document_mean,0.4561602392123918,14,-0.0007138958100552745,1.2355306944924456
pos,PUNCT,512,0,kl_full_to_compact,category_minus_document_mean,-0.044302426466434626,16,-0.12296880713468245,0.04325657800077169
pos,SCONJ,512,0,kl_full_to_compact,category_minus_document_mean,0.06510906139169557,11,-0.03986674031727475,0.24369713794402992
pos,SPACE,512,0,kl_full_to_compact,category_minus_document_mean,-0.05812311391695154,16,-0.13824437112762314,0.04636136229776459
pos,VERB,512,0,kl_full_to_compact,category_minus_document_mean,-0.04160391457743432,16,-0.10843525684940433,0.0046242480865504275
pos,X,512,0,kl_full_to_compact,category_minus_document_mean,0.32024983256368955,2,0.054826735729989196,0.5856729293973899
pos,ADJ,512,4,kl_full_to_compact,category_minus_document_mean,-0.013536346718715215,14,-0.061887819241824425,0.03334596230000472
pos,ADP,512,4,kl_full_to_compact,category_minus_document_mean,-0.08555695784575029,16,-0.1551707523583249,-0.028163407760292254
pos,ADV,512,4,kl_full_to_compact,category_minus_document_mean,-0.07937180905856243,11,-0.20195666237060764,0.011308174518644208
pos,AUX,512,4,kl_full_to_compact,category_minus_document_mean,-0.05142155495848039,14,-0.11286164892129087,0.010748346028722214
pos,CCONJ,512,4,kl_full_to_compact,category_minus_document_mean,-0.06744622196002395,15,-0.16248920083682075,-0.001438337970132796
pos,DET,512,4,kl_full_to_compact,category_minus_document_mean,0.023958072344111445,16,-0.13493101258886545,0.22818420168217765
pos,INTJ,512,4,kl_full_to_compact,category_minus_document_mean,-0.1368812863949671,2,-0.21294708068390378,-0.06081549210603043
pos,NOUN,512,4,kl_full_to_compact,category_minus_document_mean,0.12063517585141457,16,0.00687908129110311,0.24487688453719972
pos,NUM,512,4,kl_full_to_compact,category_minus_document_mean,0.20580102927902075,6,-0.002709285248870247,0.43576918587893326
pos,PART,512,4,kl_full_to_compact,category_minus_document_mean,-0.0669556549144077,11,-0.10106323506869731,-0.033021974691285254
pos,PRON,512,4,kl_full_to_compact,category_minus_document_mean,-0.037016457989569256,15,-0.07022074676958176,-0.006012913579483019
pos,PROPN,512,4,kl_full_to_compact,category_minus_document_mean,0.4296803502493372,14,-0.0062175859900987,1.1645823125198076
pos,PUNCT,512,4,kl_full_to_compact,category_minus_document_mean,-0.040837347823338595,16,-0.11797530805182163,0.047245145513199666
pos,SCONJ,512,4,kl_full_to_compact,category_minus_document_mean,0.06441801233419456,11,-0.04127368921581395,0.24569620854287236
pos,SPACE,512,4,kl_full_to_compact,category_minus_document_mean,-0.053694061162797485,16,-0.14080408667024102,0.05599787981201279
pos,VERB,512,4,kl_full_to_compact,category_minus_document_mean,-0.03864132443706871,16,-0.10402020800799994,0.00820449247111025
pos,X,512,4,kl_full_to_compact,category_minus_document_mean,0.34753994717004844,2,0.052478539583376005,0.6426013547567209
pos,ADJ,512,16,kl_full_to_compact,category_minus_document_mean,-0.014430704037631834,14,-0.05672078973488589,0.032709858362047935
pos,ADP,512,16,kl_full_to_compact,category_minus_document_mean,-0.08674006944747462,16,-0.16012800049700665,-0.029270184622360345
pos,ADV,512,16,kl_full_to_compact,category_minus_document_mean,-0.07844836675233398,11,-0.19730766091858382,0.011679448643714316
pos,AUX,512,16,kl_full_to_compact,category_minus_document_mean,-0.04957815494285505,14,-0.11361499846875091,0.021494739826562772
pos,CCONJ,512,16,kl_full_to_compact,category_minus_document_mean,-0.06557253487959121,15,-0.1548795483037289,0.006880177614445109
pos,DET,512,16,kl_full_to_compact,category_minus_document_mean,0.030054381371676216,16,-0.13280777982164504,0.26002704024236845
pos,INTJ,512,16,kl_full_to_compact,category_minus_document_mean,-0.13189383178169578,2,-0.20470396600450158,-0.05908369755888998
pos,NOUN,512,16,kl_full_to_compact,category_minus_document_mean,0.11466628480476922,16,-0.0021708490967122865,0.23753093075051956
pos,NUM,512,16,kl_full_to_compact,category_minus_document_mean,0.21140233423092883,6,-0.001629813166575761,0.45779935325576027
pos,PART,512,16,kl_full_to_compact,category_minus_document_mean,-0.06797468974022235,11,-0.105269512505231,-0.03359467001692427
pos,PRON,512,16,kl_full_to_compact,category_minus_document_mean,-0.03582232293008188,15,-0.07127652758320545,-0.002964699490305588
pos,PROPN,512,16,kl_full_to_compact,category_minus_document_mean,0.44221734629993886,14,0.003638140765300347,1.1709756267411975
pos,PUNCT,512,16,kl_full_to_compact,category_minus_document_mean,-0.037989899714149414,16,-0.11399894884941617,0.043880364673683094
pos,SCONJ,512,16,kl_full_to_compact,category_minus_document_mean,0.06254025705802399,11,-0.044314109331916096,0.2431587982132089
pos,SPACE,512,16,kl_full_to_compact,category_minus_document_mean,-0.05661366527632583,16,-0.13874943224786088,0.059081041731626704
pos,VERB,512,16,kl_full_to_compact,category_minus_document_mean,-0.039951541437270865,16,-0.10940761299026083,0.0078844071191819
pos,X,512,16,kl_full_to_compact,category_minus_document_mean,0.34491011127678917,2,0.04130727463348194,0.6485129479200964
pos,ADJ,1024,0,kl_full_to_compact,category_minus_document_mean,-0.01146036381515879,14,-0.05500009755619985,0.036500164551872875
pos,ADP,1024,0,kl_full_to_compact,category_minus_document_mean,-0.06647486578361636,16,-0.12035118525477498,-0.028366150694541663
pos,ADV,1024,0,kl_full_to_compact,category_minus_document_mean,-0.0030505627420163023,11,-0.1398081574671389,0.17251027284543133
pos,AUX,1024,0,kl_full_to_compact,category_minus_document_mean,-0.023943904960878913,14,-0.06859228065401461,0.01998680833245728
pos,CCONJ,1024,0,kl_full_to_compact,category_minus_document_mean,-0.04097203302526368,15,-0.11997800631370184,0.01510374065506471
pos,DET,1024,0,kl_full_to_compact,category_minus_document_mean,-0.05222590147164662,16,-0.11624114220900994,-0.01164361305542505
pos,INTJ,1024,0,kl_full_to_compact,category_minus_document_mean,-0.0314403745769134,2,-0.04950356769734299,-0.013377181456483811
pos,NOUN,1024,0,kl_full_to_compact,category_minus_document_mean,0.07384323632400887,16,-0.005236999469448601,0.16246018900970408
pos,NUM,1024,0,kl_full_to_compact,category_minus_document_mean,0.13178550293878033,6,0.017345649538881604,0.29871899890885817
pos,PART,1024,0,kl_full_to_compact,category_minus_document_mean,-0.03162117719802156,11,-0.05334321932870175,-0.008428814679854747
pos,PRON,1024,0,kl_full_to_compact,category_minus_document_mean,-0.02000356454311679,15,-0.04430058304813586,0.0032614545957691185
pos,PROPN,1024,0,kl_full_to_compact,category_minus_document_mean,0.33288340778462416,14,-0.03854322867983958,1.031330074394686
pos,PUNCT,1024,0,kl_full_to_compact,category_minus_document_mean,-0.0025242666223788453,16,-0.05689776019837947,0.071157752271114
pos,SCONJ,1024,0,kl_full_to_compact,category_minus_document_mean,0.011996489284043803,11,-0.013022616601652028,0.041333064111471016
pos,SPACE,1024,0,kl_full_to_compact,category_minus_document_mean,-0.04714972306449494,16,-0.09177350561775441,0.010613856251643967
pos,VERB,1024,0,kl_full_to_compact,category_minus_document_mean,-0.0417171616264888,16,-0.0925216402921012,-0.006500733593646081
pos,X,1024,0,kl_full_to_compact,category_minus_document_mean,0.12389768381990507,2,0.005672268008083847,0.2421230996317263
pos,ADJ,1024,4,kl_full_to_compact,category_minus_document_mean,-0.010670924353038071,14,-0.0553686702808458,0.036636566343635026
pos,ADP,1024,4,kl_full_to_compact,category_minus_document_mean,-0.06625299327974113,16,-0.11988493170497674,-0.027513236991652913
pos,ADV,1024,4,kl_full_to_compact,category_minus_document_mean,-0.003627721634271251,11,-0.13916462047512212,0.16182442229053934
pos,AUX,1024,4,kl_full_to_compact,category_minus_document_mean,-0.02214961296759655,14,-0.06575948689344956,0.02628122462450899
pos,CCONJ,1024,4,kl_full_to_compact,category_minus_document_mean,-0.041649667859028766,15,-0.11735796076157785,0.011948758446663599
pos,DET,1024,4,kl_full_to_compact,category_minus_document_mean,-0.0514643616648507,16,-0.11258950181624881,-0.01076513450754904
pos,INTJ,1024,4,kl_full_to_compact,category_minus_document_mean,-0.030188719558243093,2,-0.046481712450599844,-0.013895726665886343
pos,NOUN,1024,4,kl_full_to_compact,category_minus_document_mean,0.07393061123115457,16,-0.007627959217665105,0.16383140069944035
pos,NUM,1024,4,kl_full_to_compact,category_minus_document_mean,0.11894338066568394,6,0.008299018676975443,0.2894606568870422
pos,PART,1024,4,kl_full_to_compact,category_minus_document_mean,-0.03351030878814828,11,-0.055386481666381195,-0.010505327083750323
pos,PRON,1024,4,kl_full_to_compact,category_minus_document_mean,-0.019623955535206,15,-0.04258948416009569,0.003597716971074558
pos,PROPN,1024,4,kl_full_to_compact,category_minus_document_mean,0.3355459697123118,14,-0.039252749139830796,1.0523858701737603
pos,PUNCT,1024,4,kl_full_to_compact,category_minus_document_mean,-0.003054989404010949,16,-0.05947109011070838,0.0754453695110352
pos,SCONJ,1024,4,kl_full_to_compact,category_minus_document_mean,0.010418010563367996,11,-0.014784201094575242,0.03780410243827466
pos,SPACE,1024,4,kl_full_to_compact,category_minus_document_mean,-0.045186362913697944,16,-0.0894564845612231,0.00840239520121077
pos,VERB,1024,4,kl_full_to_compact,category_minus_document_mean,-0.04134853662223755,16,-0.09366401236652806,-0.006487507758615657
pos,X,1024,4,kl_full_to_compact,category_minus_document_mean,0.13837860892205356,2,0.00703977563364333,0.2697174422104638
pos,ADJ,1024,16,kl_full_to_compact,category_minus_document_mean,-0.012375239360325894,14,-0.0571807502851249,0.03947145664494847
pos,ADP,1024,16,kl_full_to_compact,category_minus_document_mean,-0.0676173067721825,16,-0.1250102407045227,-0.02917212763695413
pos,ADV,1024,16,kl_full_to_compact,category_minus_document_mean,-0.0027930662915330333,11,-0.14299078938454957,0.16232065951487779
pos,AUX,1024,16,kl_full_to_compact,category_minus_document_mean,-0.023063847236075286,14,-0.06651478384792157,0.02108857130439908
pos,CCONJ,1024,16,kl_full_to_compact,category_minus_document_mean,-0.04207390318404501,15,-0.11672326009297954,0.012956863832294998
pos,DET,1024,16,kl_full_to_compact,category_minus_document_mean,-0.0540819584279318,16,-0.11971410575333578,-0.013280816572155813
pos,INTJ,1024,16,kl_full_to_compact,category_minus_document_mean,-0.029998330004360696,2,-0.04628020696384283,-0.013716453044878563
pos,NOUN,1024,16,kl_full_to_compact,category_minus_document_mean,0.0731760760629136,16,-0.007702338346833864,0.16188455482707914
pos,NUM,1024,16,kl_full_to_compact,category_minus_document_mean,0.12431988874639728,6,0.008337870471917629,0.2924776111907161
pos,PART,1024,16,kl_full_to_compact,category_minus_document_mean,-0.03139627418871469,11,-0.05291682013144623,-0.007912195306858558
pos,PRON,1024,16,kl_full_to_compact,category_minus_document_mean,-0.019397913310135587,15,-0.043877692183939054,0.003580027684508998
pos,PROPN,1024,16,kl_full_to_compact,category_minus_document_mean,0.33778019357990524,14,-0.031910448301030556,1.046267628027318
pos,PUNCT,1024,16,kl_full_to_compact,category_minus_document_mean,-0.004244613865506498,16,-0.05916155177410211,0.07494414888231085
pos,SCONJ,1024,16,kl_full_to_compact,category_minus_document_mean,0.01404574184658844,11,-0.012634900962082408,0.04421450987843897
pos,SPACE,1024,16,kl_full_to_compact,category_minus_document_mean,-0.046379291083781735,16,-0.0909443173357699,0.014260621642614386
pos,VERB,1024,16,kl_full_to_compact,category_minus_document_mean,-0.040677389132047596,16,-0.08759068364012941,-0.006423320833320057
pos,X,1024,16,kl_full_to_compact,category_minus_document_mean,0.11886669058122834,2,0.0013750352892429873,0.2363583458732137
pos,ADJ,2048,0,kl_full_to_compact,category_minus_document_mean,-0.0031999665737990463,14,-0.04715700756168235,0.04376471805200452
pos,ADP,2048,0,kl_full_to_compact,category_minus_document_mean,-0.05833193583546509,16,-0.11152969763966812,-0.01979788721315019
pos,ADV,2048,0,kl_full_to_compact,category_minus_document_mean,0.01616478677396632,11,-0.09803360522214853,0.17196505619937605
pos,AUX,2048,0,kl_full_to_compact,category_minus_document_mean,-0.01946520047542933,14,-0.06137933758684319,0.020387100730498476
pos,CCONJ,2048,0,kl_full_to_compact,category_minus_document_mean,-0.04087148861175957,15,-0.10437262711469693,0.006784585194842381
pos,DET,2048,0,kl_full_to_compact,category_minus_document_mean,-0.03934253862074413,16,-0.08999833328628758,-0.004553591544553839
pos,INTJ,2048,0,kl_full_to_compact,category_minus_document_mean,-0.018423018008057568,2,-0.02849620706274436,-0.008349828953370775
pos,NOUN,2048,0,kl_full_to_compact,category_minus_document_mean,0.05093675305252938,16,-0.01491689348860561,0.1346019974479958
pos,NUM,2048,0,kl_full_to_compact,category_minus_document_mean,0.0534655012796999,6,-0.08140333970136523,0.23975550250378308
pos,PART,2048,0,kl_full_to_compact,category_minus_document_mean,-0.02104490518408533,11,-0.03673125479632621,-0.004557521660265378
pos,PRON,2048,0,kl_full_to_compact,category_minus_document_mean,-0.016835143325486326,15,-0.033943925422132655,-0.0011552914712096548
pos,PROPN,2048,0,kl_full_to_compact,category_minus_document_mean,0.3210835995616482,14,-0.02915375509493411,0.9850366881192999
pos,PUNCT,2048,0,kl_full_to_compact,category_minus_document_mean,-0.0035340398632847225,16,-0.0521470417242333,0.06339023993813336
pos,SCONJ,2048,0,kl_full_to_compact,category_minus_document_mean,0.011308701852053727,11,-0.013471328493334603,0.0419108076838072
pos,SPACE,2048,0,kl_full_to_compact,category_minus_document_mean,-0.02461359828298068,16,-0.06904567981672068,0.03710433644738769
pos,VERB,2048,0,kl_full_to_compact,category_minus_document_mean,-0.04043195050033409,16,-0.08668383612467037,-0.009232409981916217
pos,X,2048,0,kl_full_to_compact,category_minus_document_mean,0.24701155467448643,2,-0.0016117740997856345,0.4956348834487585
pos,ADJ,2048,4,kl_full_to_compact,category_minus_document_mean,-0.0035706688892611434,14,-0.04759567722968782,0.048020597325393134
pos,ADP,2048,4,kl_full_to_compact,category_minus_document_mean,-0.05814676160693705,16,-0.10925308830729416,-0.020660153671250257
pos,ADV,2048,4,kl_full_to_compact,category_minus_document_mean,0.012108493633140786,11,-0.09890760079753587,0.15425455284560777
pos,AUX,2048,4,kl_full_to_compact,category_minus_document_mean,-0.019602857236565352,14,-0.06122402004708996,0.019651046247572104
pos,CCONJ,2048,4,kl_full_to_compact,category_minus_document_mean,-0.040819427464781774,15,-0.1079467239136513,0.006434156684156323
pos,DET,2048,4,kl_full_to_compact,category_minus_document_mean,-0.04150159389031008,16,-0.0923920119691186,-0.007208988250446219
pos,INTJ,2048,4,kl_full_to_compact,category_minus_document_mean,-0.019563271722013553,2,-0.03266764368515851,-0.006458899758868597
pos,NOUN,2048,4,kl_full_to_compact,category_minus_document_mean,0.05147932385254888,16,-0.014142022454137872,0.1339633826863653
pos,NUM,2048,4,kl_full_to_compact,category_minus_document_mean,0.06282985380200479,6,-0.07823795183512851,0.26324962332868296
pos,PART,2048,4,kl_full_to_compact,category_minus_document_mean,-0.022006825671106855,11,-0.03771098303869993,-0.004656493225243863
pos,PRON,2048,4,kl_full_to_compact,category_minus_document_mean,-0.016528836031655638,15,-0.03490253269937242,-0.0008719294922207194
pos,PROPN,2048,4,kl_full_to_compact,category_minus_document_mean,0.32288350096185675,14,-0.028588261528024232,0.9892272127163094
pos,PUNCT,2048,4,kl_full_to_compact,category_minus_document_mean,-0.003546915414828538,16,-0.05285691172957694,0.06631294021100842
pos,SCONJ,2048,4,kl_full_to_compact,category_minus_document_mean,0.01347762764499019,11,-0.01102024147115671,0.04494665713552877
pos,SPACE,2048,4,kl_full_to_compact,category_minus_document_mean,-0.027153111994138883,16,-0.0696780875511242,0.0373952011834444
pos,VERB,2048,4,kl_full_to_compact,category_minus_document_mean,-0.04018075556922269,16,-0.08787134679048858,-0.007943661239163362
pos,X,2048,4,kl_full_to_compact,category_minus_document_mean,0.25243849918484784,2,-5.161914594964401e-05,0.5049286175156453
pos,ADJ,2048,16,kl_full_to_compact,category_minus_document_mean,-0.0025557524223704165,14,-0.04493122629222211,0.04408411691526263
pos,ADP,2048,16,kl_full_to_compact,category_minus_document_mean,-0.05728967954634108,16,-0.1076849914655795,-0.019864087640239628
pos,ADV,2048,16,kl_full_to_compact,category_minus_document_mean,0.01619391735042933,11,-0.09381693375777614,0.16322772839788172
pos,AUX,2048,16,kl_full_to_compact,category_minus_document_mean,-0.01961494490470527,14,-0.06210690381414181,0.018976457659265294
pos,CCONJ,2048,16,kl_full_to_compact,category_minus_document_mean,-0.0399775206790823,15,-0.10329660757112223,0.007114535462166497
pos,DET,2048,16,kl_full_to_compact,category_minus_document_mean,-0.03826813141764098,16,-0.08838697802894076,-0.003503032872911278
pos,INTJ,2048,16,kl_full_to_compact,category_minus_document_mean,-0.011795199158072478,2,-0.016261689121279232,-0.0073287091948657235
pos,NOUN,2048,16,kl_full_to_compact,category_minus_document_mean,0.052669400733100606,16,-0.01811891833275315,0.13758544883468007
pos,NUM,2048,16,kl_full_to_compact,category_minus_document_mean,0.05992823550537762,6,-0.08258173784838012,0.24979170509284584
pos,PART,2048,16,kl_full_to_compact,category_minus_document_mean,-0.02107904391859876,11,-0.03691630669596094,-0.005534993625671478
pos,PRON,2048,16,kl_full_to_compact,category_minus_document_mean,-0.016998754511507844,15,-0.03452539938531513,-0.0023409125270661014
pos,PROPN,2048,16,kl_full_to_compact,category_minus_document_mean,0.3195599296652283,14,-0.02893736431064082,0.9786171634345845
pos,PUNCT,2048,16,kl_full_to_compact,category_minus_document_mean,-0.011678483302197078,16,-0.05238862185032456,0.03938901185451209
pos,SCONJ,2048,16,kl_full_to_compact,category_minus_document_mean,0.007111661238458213,11,-0.015265587949880192,0.036675741564464584
pos,SPACE,2048,16,kl_full_to_compact,category_minus_document_mean,-0.025342158588147576,16,-0.06842034502471003,0.03703007437806623
pos,VERB,2048,16,kl_full_to_compact,category_minus_document_mean,-0.03978855178166531,16,-0.08550540679041436,-0.009293660611427515
pos,X,2048,16,kl_full_to_compact,category_minus_document_mean,0.27145434646689637,2,-0.0008570760913926279,0.5437657690251854
pos,ADJ,4096,0,kl_full_to_compact,category_minus_document_mean,0.026846784031077486,14,-0.005945127933640442,0.07138182717038148
pos,ADP,4096,0,kl_full_to_compact,category_minus_document_mean,-0.020736227787195936,16,-0.03098426880507304,-0.010515126389473023
pos,ADV,4096,0,kl_full_to_compact,category_minus_document_mean,0.07579773171615788,11,-0.005424867255267676,0.22185821869970565
pos,AUX,4096,0,kl_full_to_compact,category_minus_document_mean,-0.009850935590331943,14,-0.02271688728052525,0.004471869016401213
pos,CCONJ,4096,0,kl_full_to_compact,category_minus_document_mean,-0.012480091138092063,15,-0.024085720344502987,-0.0010666921294851454
pos,DET,4096,0,kl_full_to_compact,category_minus_document_mean,0.0026005300792565182,16,-0.013632133606126995,0.025400125140447937
pos,INTJ,4096,0,kl_full_to_compact,category_minus_document_mean,-0.011188341285290448,2,-0.02090805270742635,-0.001468629863154547
pos,NOUN,4096,0,kl_full_to_compact,category_minus_document_mean,0.013218073634815135,16,0.0015077258171582696,0.030465263341437697
pos,NUM,4096,0,kl_full_to_compact,category_minus_document_mean,0.08842173257080836,6,-0.017612747283360982,0.2821749076830751
pos,PART,4096,0,kl_full_to_compact,category_minus_document_mean,-0.020187157109114128,11,-0.03435447402209399,-0.008298063654401527
pos,PRON,4096,0,kl_full_to_compact,category_minus_document_mean,-0.01209847056402672,15,-0.02280384629145245,-0.0015411487278562223
pos,PROPN,4096,0,kl_full_to_compact,category_minus_document_mean,0.01676025736245818,14,-0.018080959217270858,0.05769069568481938
pos,PUNCT,4096,0,kl_full_to_compact,category_minus_document_mean,0.017555667421297667,16,-0.019918410065717648,0.08243829839974443
pos,SCONJ,4096,0,kl_full_to_compact,category_minus_document_mean,0.001903468335109443,11,-0.011453823396947562,0.015129145947759645
pos,SPACE,4096,0,kl_full_to_compact,category_minus_document_mean,-0.013899944802522334,16,-0.03180718514574902,0.012851126592574534
pos,VERB,4096,0,kl_full_to_compact,category_minus_document_mean,-0.007512457506675882,16,-0.015578681163063091,0.00021303929160872335
pos,X,4096,0,kl_full_to_compact,category_minus_document_mean,0.18530474547507936,2,-0.004393925680346911,0.3750034166305056
pos,ADJ,4096,4,kl_full_to_compact,category_minus_document_mean,0.027182690081587992,14,-0.0046128786806654875,0.07272677299344041
pos,ADP,4096,4,kl_full_to_compact,category_minus_document_mean,-0.02050186877097353,16,-0.030508891931597882,-0.010229064945009463
pos,ADV,4096,4,kl_full_to_compact,category_minus_document_mean,0.07514684191594624,11,-0.005239058059549626,0.22028613769671343
pos,AUX,4096,4,kl_full_to_compact,category_minus_document_mean,-0.009728132583061804,14,-0.02220135472230325,0.0037963278129189803
pos,CCONJ,4096,4,kl_full_to_compact,category_minus_document_mean,-0.012329615069622069,15,-0.023716424719540437,-0.0008990689025813312
pos,DET,4096,4,kl_full_to_compact,category_minus_document_mean,0.0027699164839866917,16,-0.013884550307894362,0.026129146695154974
pos,INTJ,4096,4,kl_full_to_compact,category_minus_document_mean,-0.014265757387466493,2,-0.027114635750848493,-0.0014168790240844942
pos,NOUN,4096,4,kl_full_to_compact,category_minus_document_mean,0.014715845336769296,16,0.0018511359230171018,0.03495139786774822
pos,NUM,4096,4,kl_full_to_compact,category_minus_document_mean,0.08740356646974096,6,-0.018855966814467603,0.27990450324999017
pos,PART,4096,4,kl_full_to_compact,category_minus_document_mean,-0.020043103819577437,11,-0.03424456589543776,-0.006837855909482839
pos,PRON,4096,4,kl_full_to_compact,category_minus_document_mean,-0.011416803991130568,15,-0.022293389759036154,-0.0012391672776376496
pos,PROPN,4096,4,kl_full_to_compact,category_minus_document_mean,0.01361445798288896,14,-0.016321918306519856,0.05055726604603361
pos,PUNCT,4096,4,kl_full_to_compact,category_minus_document_mean,0.017489778493665096,16,-0.02040482933186161,0.08062538690363631
pos,SCONJ,4096,4,kl_full_to_compact,category_minus_document_mean,0.0004190374455762438,11,-0.013864537430968035,0.01297105637632206
pos,SPACE,4096,4,kl_full_to_compact,category_minus_document_mean,-0.014042191837143624,16,-0.03273969212507263,0.010330978751871427
pos,VERB,4096,4,kl_full_to_compact,category_minus_document_mean,-0.007179433993059955,16,-0.015552297767607944,0.0003504342708750365
pos,X,4096,4,kl_full_to_compact,category_minus_document_mean,0.1846759925770698,2,-0.00403891588962324,0.3733909010437628
pos,ADJ,4096,16,kl_full_to_compact,category_minus_document_mean,0.026179221506726157,14,-0.005375677845105952,0.07094742002864445
pos,ADP,4096,16,kl_full_to_compact,category_minus_document_mean,-0.019536843908770696,16,-0.0293916032920694,-0.009788228112407376
pos,ADV,4096,16,kl_full_to_compact,category_minus_document_mean,0.07087004614290969,11,-0.00558378188173124,0.20749293358769993
pos,AUX,4096,16,kl_full_to_compact,category_minus_document_mean,-0.009223697564171967,14,-0.02171594507727244,0.004120948957806065
pos,CCONJ,4096,16,kl_full_to_compact,category_minus_document_mean,-0.011653659028006242,15,-0.02218418008909001,-0.001385182485836948
pos,DET,4096,16,kl_full_to_compact,category_minus_document_mean,0.001727341396579686,16,-0.014349785429030534,0.02591997229082589
pos,INTJ,4096,16,kl_full_to_compact,category_minus_document_mean,-0.01164707748311855,2,-0.022236131166664563,-0.0010580237995725383
pos,NOUN,4096,16,kl_full_to_compact,category_minus_document_mean,0.013678787049813143,16,0.0024664047250922347,0.031084407087891012
pos,NUM,4096,16,kl_full_to_compact,category_minus_document_mean,0.08893665376550375,6,-0.015266626448483124,0.2807448370732903
pos,PART,4096,16,kl_full_to_compact,category_minus_document_mean,-0.019794423908080273,11,-0.03464020324391612,-0.00674505852457401
pos,PRON,4096,16,kl_full_to_compact,category_minus_document_mean,-0.01171966729299672,15,-0.02271930882568599,-0.0010758738962717554
pos,PROPN,4096,16,kl_full_to_compact,category_minus_document_mean,0.01609054878122457,14,-0.019251409471179006,0.05712581005927577
pos,PUNCT,4096,16,kl_full_to_compact,category_minus_document_mean,0.01793582735711631,16,-0.019354175135067823,0.08058676039277227
pos,SCONJ,4096,16,kl_full_to_compact,category_minus_document_mean,0.0017775424539439768,11,-0.011085904766458004,0.014449904863186838
pos,SPACE,4096,16,kl_full_to_compact,category_minus_document_mean,-0.014051464566515681,16,-0.03223190210235487,0.010714908482839375
pos,VERB,4096,16,kl_full_to_compact,category_minus_document_mean,-0.007456247548616481,16,-0.015334297384223114,0.00010726591090296835
pos,X,4096,16,kl_full_to_compact,category_minus_document_mean,0.18101207205805636,2,-0.003857524437421489,0.3658816685535342
pos,ADJ,8192,0,kl_full_to_compact,category_minus_document_mean,0.024535444860330154,14,0.0019594710907456982,0.05870750475297478
pos,ADP,8192,0,kl_full_to_compact,category_minus_document_mean,-0.010422193346669884,16,-0.017456231200940562,-0.0035245690719169966
pos,ADV,8192,0,kl_full_to_compact,category_minus_document_mean,0.013413945187219828,11,-0.009971742350813325,0.05292233775797717
pos,AUX,8192,0,kl_full_to_compact,category_minus_document_mean,-0.003916659857994395,14,-0.009927146944028117,0.0014651700900983617
pos,CCONJ,8192,0,kl_full_to_compact,category_minus_document_mean,-0.006468684044762396,15,-0.013951097765953779,0.0004029393477089819
pos,DET,8192,0,kl_full_to_compact,category_minus_document_mean,0.00692045625636713,16,-0.0047419143879586356,0.02517538314532121
pos,INTJ,8192,0,kl_full_to_compact,category_minus_document_mean,-0.00032105853929209616,2,-0.001335358389006558,0.0006932413104223656
pos,NOUN,8192,0,kl_full_to_compact,category_minus_document_mean,0.0071422233214929924,16,0.0031515353905607335,0.011114654085985809
pos,NUM,8192,0,kl_full_to_compact,category_minus_document_mean,0.0012926325977994178,6,-0.006997241676729642,0.010175021113088392
pos,PART,8192,0,kl_full_to_compact,category_minus_document_mean,-0.007804238201183392,11,-0.013088406070858156,-0.0021291661725838665
pos,PRON,8192,0,kl_full_to_compact,category_minus_document_mean,-0.006567762817658355,15,-0.011650875459668699,-0.0021286712830022
pos,PROPN,8192,0,kl_full_to_compact,category_minus_document_mean,0.011812180264529053,14,-0.006510023447036245,0.035928102075937614
pos,PUNCT,8192,0,kl_full_to_compact,category_minus_document_mean,-0.005197636919556783,16,-0.01174470248776445,0.001233577285598133
pos,SCONJ,8192,0,kl_full_to_compact,category_minus_document_mean,0.0013562000360461922,11,-0.005465644819974577,0.008774911407590662
pos,SPACE,8192,0,kl_full_to_compact,category_minus_document_mean,-0.010655730451489194,16,-0.01831766139396481,-0.000876574673615856
pos,VERB,8192,0,kl_full_to_compact,category_minus_document_mean,-0.004317183728000735,16,-0.008080472705533451,-0.0008296302254531066
pos,X,8192,0,kl_full_to_compact,category_minus_document_mean,0.25892843160373147,2,-0.0011589012720776282,0.5190157644795406
pos,ADJ,8192,4,kl_full_to_compact,category_minus_document_mean,0.024043461790733904,14,0.0010822115548492918,0.05846526320635559
pos,ADP,8192,4,kl_full_to_compact,category_minus_document_mean,-0.010742565498874545,16,-0.018035309761286172,-0.003538558676675737
pos,ADV,8192,4,kl_full_to_compact,category_minus_document_mean,0.013222265324992665,11,-0.011875934992285168,0.0556659837422722
pos,AUX,8192,4,kl_full_to_compact,category_minus_document_mean,-0.004770665125033942,14,-0.010120493267253255,0.00033854547513550445
pos,CCONJ,8192,4,kl_full_to_compact,category_minus_document_mean,-0.006837769986894952,15,-0.015040016546445349,0.0009214053108797962
pos,DET,8192,4,kl_full_to_compact,category_minus_document_mean,0.007261420096519683,16,-0.0040819869233618775,0.025989425803725534
pos,INTJ,8192,4,kl_full_to_compact,category_minus_document_mean,0.0003245626452645922,2,-0.000447569954168614,0.0010966952446977984
pos,NOUN,8192,4,kl_full_to_compact,category_minus_document_mean,0.007510668451552764,16,0.0035209950343264005,0.011931627450520307
pos,NUM,8192,4,kl_full_to_compact,category_minus_document_mean,0.0004326776334149368,6,-0.007847397189275252,0.009686947089467194
pos,PART,8192,4,kl_full_to_compact,category_minus_document_mean,-0.0077753678197077175,11,-0.012399658796074511,-0.0026426698359760174
pos,PRON,8192,4,kl_full_to_compact,category_minus_document_mean,-0.006713080296520746,15,-0.011598574476187224,-0.0018837384050068905
pos,PROPN,8192,4,kl_full_to_compact,category_minus_document_mean,0.011696554054500157,14,-0.007139316533354165,0.03530275789527436
pos,PUNCT,8192,4,kl_full_to_compact,category_minus_document_mean,-0.005350728802693147,16,-0.012255348725565286,0.0012403925642760095
pos,SCONJ,8192,4,kl_full_to_compact,category_minus_document_mean,0.0020383195382445893,11,-0.004348145027957083,0.009144116829831407
pos,SPACE,8192,4,kl_full_to_compact,category_minus_document_mean,-0.010448284890424372,16,-0.018698550942567067,0.0010121789654070122
pos,VERB,8192,4,kl_full_to_compact,category_minus_document_mean,-0.004197075163161027,16,-0.008003018535604898,-0.0007859238319317697
pos,X,8192,4,kl_full_to_compact,category_minus_document_mean,0.26827456989827514,2,-0.0008914494756879776,0.5374405892722383
pos,ADJ,8192,16,kl_full_to_compact,category_minus_document_mean,0.024906594974047565,14,0.0016470449294891817,0.06015558010178169
pos,ADP,8192,16,kl_full_to_compact,category_minus_document_mean,-0.010368870671767588,16,-0.0168774578407189,-0.003954715196459486
pos,ADV,8192,16,kl_full_to_compact,category_minus_document_mean,0.013455813328784576,11,-0.010243464283333876,0.05434008472876956
pos,AUX,8192,16,kl_full_to_compact,category_minus_document_mean,-0.004462319804761423,14,-0.00986641156813983,0.0002576289505066557
pos,CCONJ,8192,16,kl_full_to_compact,category_minus_document_mean,-0.0063989768742965785,15,-0.01362848796429746,0.0008324370445346723
pos,DET,8192,16,kl_full_to_compact,category_minus_document_mean,0.0074383178394882895,16,-0.004100441724384261,0.027183451002172038
pos,INTJ,8192,16,kl_full_to_compact,category_minus_document_mean,-0.000712356425449201,2,-0.0012838857219037436,-0.00014082712899465832
pos,NOUN,8192,16,kl_full_to_compact,category_minus_document_mean,0.006943274799488439,16,0.00298866626522212,0.011123218383352954
pos,NUM,8192,16,kl_full_to_compact,category_minus_document_mean,0.0025568194276660745,6,-0.007901140441877152,0.015307113527135702
pos,PART,8192,16,kl_full_to_compact,category_minus_document_mean,-0.008218879841984467,11,-0.012994107757316983,-0.003035369248658123
pos,PRON,8192,16,kl_full_to_compact,category_minus_document_mean,-0.006682117046710355,15,-0.011738423438238254,-0.001999582485851043
pos,PROPN,8192,16,kl_full_to_compact,category_minus_document_mean,0.013006436412348641,14,-0.007714405775770528,0.0373378561330442
pos,PUNCT,8192,16,kl_full_to_compact,category_minus_document_mean,-0.005389047435559595,16,-0.011855405381118712,0.0009882730568796074
pos,SCONJ,8192,16,kl_full_to_compact,category_minus_document_mean,0.0018294775643812994,11,-0.00553551944988081,0.009783313054462436
pos,SPACE,8192,16,kl_full_to_compact,category_minus_document_mean,-0.01059184000200309,16,-0.018190013050563714,-0.0006711531314221273
pos,VERB,8192,16,kl_full_to_compact,category_minus_document_mean,-0.005007954308777351,16,-0.008758851381425242,-0.0016394358341707694
pos,X,8192,16,kl_full_to_compact,category_minus_document_mean,0.26276025220948895,2,0.0008322869033463576,0.5246882175156315
pos,ADJ,128,0,top1_changed,category_minus_document_mean,0.19458971088435373,14,0.049766953656462595,0.36948607568027203
pos,ADP,128,0,top1_changed,category_minus_document_mean,-0.06025799287518038,16,-0.1387275024237915,0.02092063210227266
pos,ADV,128,0,top1_changed,category_minus_document_mean,-0.022821969696969698,11,-0.1596756628787879,0.12245265151515147
pos,AUX,128,0,top1_changed,category_minus_document_mean,-0.015603741496598652,14,-0.15702646683673468,0.1404339392006801
pos,CCONJ,128,0,top1_changed,category_minus_document_mean,0.04513888888888888,15,-0.09791666666666667,0.2076562499999999
pos,DET,128,0,top1_changed,category_minus_document_mean,-0.01998697916666667,16,-0.13484537760416665,0.11304687499999985
pos,INTJ,128,0,top1_changed,category_minus_document_mean,0.1953125,2,-0.34375,0.734375
pos,NOUN,128,0,top1_changed,category_minus_document_mean,0.02782572530722201,16,-0.03605785481993337,0.08536079277881288
pos,NUM,128,0,top1_changed,category_minus_document_mean,0.17013888888888887,6,-0.07465277777777778,0.45659722222222215
pos,PART,128,0,top1_changed,category_minus_document_mean,-0.07623106060606061,11,-0.2173532196969697,0.10416666666666666
pos,PRON,128,0,top1_changed,category_minus_document_mean,-0.0997672806496336,15,-0.15860134742028123,-0.03460340228263023
pos,PROPN,128,0,top1_changed,category_minus_document_mean,0.08589498299319727,14,-0.0464235225340136,0.22972310799319723
pos,PUNCT,128,0,top1_changed,category_minus_document_mean,0.035469370039682535,16,-0.029038628472222234,0.09213758680555552
pos,SCONJ,128,0,top1_changed,category_minus_document_mean,-0.029829545454545456,11,-0.21306818181818182,0.1875
pos,SPACE,128,0,top1_changed,category_minus_document_mean,-0.06842447916666666,16,-0.14765625,0.017592773437499917
pos,VERB,128,0,top1_changed,category_minus_document_mean,0.013515455898268393,16,-0.08231639779491344,0.1086517518939393
pos,X,128,0,top1_changed,category_minus_document_mean,0.671875,2,0.671875,0.671875
pos,ADJ,128,4,top1_changed,category_minus_document_mean,0.190125425170068,14,0.03833944515306122,0.35466305272108817
pos,ADP,128,4,top1_changed,category_minus_document_mean,-0.0633356443903319,16,-0.13509928385416667,0.0064397462346680754
pos,ADV,128,4,top1_changed,category_minus_document_mean,0.048674242424242425,11,-0.08693181818181818,0.19937026515151496
pos,AUX,128,4,top1_changed,category_minus_document_mean,0.0024766156462584987,14,-0.13034651360544217,0.15767166241496594
pos,CCONJ,128,4,top1_changed,category_minus_document_mean,0.012847222222222216,15,-0.14722222222222223,0.18646701388888884
pos,DET,128,4,top1_changed,category_minus_document_mean,-0.012174479166666669,16,-0.12448567708333333,0.12449055989583327
pos,INTJ,128,4,top1_changed,category_minus_document_mean,0.203125,2,-0.328125,0.734375
pos,NOUN,128,4,top1_changed,category_minus_document_mean,0.04137652940078927,16,-0.015959063066639138,0.09684764074900794
pos,NUM,128,4,top1_changed,category_minus_document_mean,0.18055555555555555,6,-0.04340277777777778,0.46875
pos,PART,128,4,top1_changed,category_minus_document_mean,-0.12452651515151515,11,-0.24431818181818182,0.05595407196969651
pos,PRON,128,4,top1_changed,category_minus_document_mean,-0.09579000792236086,15,-0.15869870580808082,-0.022822727891661766
pos,PROPN,128,4,top1_changed,category_minus_document_mean,0.08812712585034012,14,-0.05186569940476193,0.2393080357142856
pos,PUNCT,128,4,top1_changed,category_minus_document_mean,0.02964099702380952,16,-0.049839177207341274,0.10045224144345236
pos,SCONJ,128,4,top1_changed,category_minus_document_mean,-0.03977272727272727,11,-0.22872869318181818,0.18469460227272708
pos,SPACE,128,4,top1_changed,category_minus_document_mean,-0.062174479166666664,16,-0.14981119791666664,0.01960123697916664
pos,VERB,128,4,top1_changed,category_minus_document_mean,0.006298193993506495,16,-0.08848844189664501,0.10964431564529213
pos,X,128,4,top1_changed,category_minus_document_mean,0.703125,2,0.703125,0.703125
pos,ADJ,128,16,top1_changed,category_minus_document_mean,0.17093962585034012,14,0.022405399659863944,0.3441222895408162
pos,ADP,128,16,top1_changed,category_minus_document_mean,-0.05899536661255412,16,-0.1377323035037879,0.018060487689393924
pos,ADV,128,16,top1_changed,category_minus_document_mean,0.03446969696969696,11,-0.11878314393939395,0.18599905303030292
pos,AUX,128,16,top1_changed,category_minus_document_mean,-0.049298469387755096,14,-0.18418154761904762,0.11035528273809517
pos,CCONJ,128,16,top1_changed,category_minus_document_mean,0.04062499999999999,15,-0.13959201388888892,0.2434288194444443
pos,DET,128,16,top1_changed,category_minus_document_mean,0.028971354166666657,16,-0.12018554687500001,0.20295735677083315
pos,INTJ,128,16,top1_changed,category_minus_document_mean,-0.3203125,2,-0.359375,-0.28125
pos,NOUN,128,16,top1_changed,category_minus_document_mean,0.02224416322894941,16,-0.05110344776180509,0.08586497004799837
pos,NUM,128,16,top1_changed,category_minus_document_mean,0.25,6,0.04774305555555555,0.4921875
pos,PART,128,16,top1_changed,category_minus_document_mean,-0.13304924242424243,11,-0.2528527462121212,0.047360321969696896
pos,PRON,128,16,top1_changed,category_minus_document_mean,-0.06179070112893643,15,-0.1362982768865122,0.018264120989304782
pos,PROPN,128,16,top1_changed,category_minus_document_mean,0.11803784013605442,14,-0.025340933248299318,0.293157419217687
pos,PUNCT,128,16,top1_changed,category_minus_document_mean,0.03336123511904761,16,-0.04325923859126986,0.10403211805555554
pos,SCONJ,128,16,top1_changed,category_minus_document_mean,0.03835227272727273,11,-0.17755681818181818,0.2642755681818178
pos,SPACE,128,16,top1_changed,category_minus_document_mean,-0.062174479166666664,16,-0.1629052734375,0.04240397135416654
pos,VERB,128,16,top1_changed,category_minus_document_mean,0.025663724296536797,16,-0.07675244352002164,0.12671380377435054
pos,X,128,16,top1_changed,category_minus_document_mean,0.625,2,0.609375,0.640625
pos,ADJ,512,0,top1_changed,category_minus_document_mean,0.13149447278911566,14,0.013490911989795915,0.27039275085033987
pos,ADP,512,0,top1_changed,category_minus_document_mean,-0.0033623060966811013,16,-0.09192437065972223,0.09426371696879508
pos,ADV,512,0,top1_changed,category_minus_document_mean,-0.05123106060606062,11,-0.1518039772727273,0.04783143939393934
pos,AUX,512,0,top1_changed,category_minus_document_mean,-0.03153698979591837,14,-0.14328656462585038,0.12010735544217682
pos,CCONJ,512,0,top1_changed,category_minus_document_mean,-0.019791666666666683,15,-0.125,0.12638888888888886
pos,DET,512,0,top1_changed,category_minus_document_mean,0.03978794642857142,16,-0.09941266741071429,0.19831077938988093
pos,INTJ,512,0,top1_changed,category_minus_document_mean,0.3046875,2,-0.1875,0.796875
pos,NOUN,512,0,top1_changed,category_minus_document_mean,0.032206109405944934,16,-0.031102441623617617,0.0967783462939198
pos,NUM,512,0,top1_changed,category_minus_document_mean,0.3463541666666667,6,0.140625,0.6024305555555556
pos,PART,512,0,top1_changed,category_minus_document_mean,-0.16619318181818182,11,-0.19744318181818182,-0.1278409090909091
pos,PRON,512,0,top1_changed,category_minus_document_mean,-0.0377345761536938,15,-0.09644841490889285,0.024540441176470546
pos,PROPN,512,0,top1_changed,category_minus_document_mean,0.02546768707482993,14,-0.07791055484693878,0.13480389030612233
pos,PUNCT,512,0,top1_changed,category_minus_document_mean,-0.06482514880952381,16,-0.12312631758432539,0.004047309027777765
pos,SCONJ,512,0,top1_changed,category_minus_document_mean,-0.004261363636363636,11,-0.16761363636363635,0.1903409090909091
pos,SPACE,512,0,top1_changed,category_minus_document_mean,-0.04830729166666667,16,-0.11178385416666667,0.013813476562499934
pos,VERB,512,0,top1_changed,category_minus_document_mean,-0.07408515963203463,16,-0.13593965604707794,-0.012171583299513003
pos,X,512,0,top1_changed,category_minus_document_mean,0.25,2,-0.171875,0.671875
pos,ADJ,512,4,top1_changed,category_minus_document_mean,0.12942176870748298,14,0.009301923894557824,0.27023490646258447
pos,ADP,512,4,top1_changed,category_minus_document_mean,-0.021916993596681103,16,-0.10864758071789322,0.0868177802015692
pos,ADV,512,4,top1_changed,category_minus_document_mean,-0.06259469696969698,11,-0.16392045454545456,0.04017045454545444
pos,AUX,512,4,top1_changed,category_minus_document_mean,-0.033769132653061223,14,-0.14946215986394557,0.1126610331632653
pos,CCONJ,512,4,top1_changed,category_minus_document_mean,-0.007986111111111123,15,-0.1284809027777778,0.13959201388888884
pos,DET,512,4,top1_changed,category_minus_document_mean,0.016545758928571422,16,-0.11016090029761906,0.1676529947916666
pos,INTJ,512,4,top1_changed,category_minus_document_mean,0.3046875,2,-0.1875,0.796875
pos,NOUN,512,4,top1_changed,category_minus_document_mean,0.03752621305047292,16,-0.03131830078273335,0.10620777134962983
pos,NUM,512,4,top1_changed,category_minus_document_mean,0.3307291666666667,6,0.13365885416666667,0.5633680555555555
pos,PART,512,4,top1_changed,category_minus_document_mean,-0.171875,11,-0.20170454545454544,-0.13352272727272727
pos,PRON,512,4,top1_changed,category_minus_document_mean,-0.03704013170924936,15,-0.08702518444246385,0.020888712492572695
pos,PROPN,512,4,top1_changed,category_minus_document_mean,0.014306972789115644,14,-0.08535687712585033,0.1239766687925169
pos,PUNCT,512,4,top1_changed,category_minus_document_mean,-0.04372209821428572,16,-0.10913457961309525,0.032978360615079305
pos,SCONJ,512,4,top1_changed,category_minus_document_mean,-0.015625,11,-0.18181818181818182,0.19889914772727252
pos,SPACE,512,4,top1_changed,category_minus_document_mean,-0.03821614583333334,16,-0.10254231770833333,0.029308268229166604
pos,VERB,512,4,top1_changed,category_minus_document_mean,-0.07701484713203463,16,-0.14356999120670996,-0.017864202854437277
pos,X,512,4,top1_changed,category_minus_document_mean,0.7265625,2,0.65625,0.796875
pos,ADJ,512,16,top1_changed,category_minus_document_mean,0.13873299319727891,14,0.03331792091836734,0.2766167091836734
pos,ADP,512,16,top1_changed,category_minus_document_mean,0.022028318903318897,16,-0.05795701152146465,0.11824568931502524
pos,ADV,512,16,top1_changed,category_minus_document_mean,-0.057196969696969704,11,-0.1719815340909091,0.06289299242424234
pos,AUX,512,16,top1_changed,category_minus_document_mean,-0.05267857142857144,14,-0.1670572916666667,0.10472470238095215
pos,CCONJ,512,16,top1_changed,category_minus_document_mean,0.015625,15,-0.09271701388888891,0.1545225694444444
pos,DET,512,16,top1_changed,category_minus_document_mean,0.029241071428571422,16,-0.10683872767857143,0.182245628720238
pos,INTJ,512,16,top1_changed,category_minus_document_mean,0.3046875,2,-0.1875,0.796875
pos,NOUN,512,16,top1_changed,category_minus_document_mean,0.03217510742181795,16,-0.024097458445474486,0.09262760251786774
pos,NUM,512,16,top1_changed,category_minus_document_mean,0.265625,6,0.015624999999999991,0.5504340277777773
pos,PART,512,16,top1_changed,category_minus_document_mean,-0.1590909090909091,11,-0.18892045454545456,-0.12354403409090929
pos,PRON,512,16,top1_changed,category_minus_document_mean,-0.042942909487027135,15,-0.09472181991483462,0.011405213284808837
pos,PROPN,512,16,top1_changed,category_minus_document_mean,0.09801232993197277,14,-0.04094387755102042,0.268681175595238
pos,PUNCT,512,16,top1_changed,category_minus_document_mean,-0.05245535714285715,16,-0.1145844959077381,0.01886780753968252
pos,SCONJ,512,16,top1_changed,category_minus_document_mean,-0.002840909090909091,11,-0.17329545454545456,0.20458096590909072
pos,SPACE,512,16,top1_changed,category_minus_document_mean,-0.05260416666666667,16,-0.11310058593750001,0.008995768229166607
pos,VERB,512,16,top1_changed,category_minus_document_mean,-0.08250135281385282,16,-0.14238031824945888,-0.031024016673430757
pos,X,512,16,top1_changed,category_minus_document_mean,0.25,2,-0.15625,0.65625
pos,ADJ,1024,0,top1_changed,category_minus_document_mean,0.07814625850340137,14,0.010169005102040815,0.1519212372448979
pos,ADP,1024,0,top1_changed,category_minus_document_mean,-0.050385270111832615,16,-0.1027258494543651,0.004020217521194048
pos,ADV,1024,0,top1_changed,category_minus_document_mean,-0.003598484848484851,11,-0.14119318181818183,0.15000710227272723
pos,AUX,1024,0,top1_changed,category_minus_document_mean,-0.013244047619047619,14,-0.12321428571428572,0.13929501488095233
pos,CCONJ,1024,0,top1_changed,category_minus_document_mean,0.0010416666666666593,15,-0.10173611111111111,0.14341145833333327
pos,DET,1024,0,top1_changed,category_minus_document_mean,0.012955729166666666,16,-0.08724121093750001,0.1235725911458333
pos,INTJ,1024,0,top1_changed,category_minus_document_mean,-0.15625,2,-0.203125,-0.109375
pos,NOUN,1024,0,top1_changed,category_minus_document_mean,0.05690626875865362,16,-0.004816818324219642,0.11745853165132561
pos,NUM,1024,0,top1_changed,category_minus_document_mean,0.22309027777777776,6,-0.013020833333333334,0.5112847222222222
pos,PART,1024,0,top1_changed,category_minus_document_mean,-0.036931818181818184,11,-0.15482954545454544,0.16051136363636365
pos,PRON,1024,0,top1_changed,category_minus_document_mean,-0.0506659734600911,15,-0.09781454248366012,0.003560079966329944
pos,PROPN,1024,0,top1_changed,category_minus_document_mean,-0.006983418367346942,14,-0.08305963010204083,0.08379065688775508
pos,PUNCT,1024,0,top1_changed,category_minus_document_mean,-0.030645461309523815,16,-0.08142671130952381,0.028413318452380945
pos,SCONJ,1024,0,top1_changed,category_minus_document_mean,0.01278409090909091,11,-0.14488636363636365,0.22020596590909072
pos,SPACE,1024,0,top1_changed,category_minus_document_mean,-0.04850260416666667,16,-0.103193359375,0.010766601562499867
pos,VERB,1024,0,top1_changed,category_minus_document_mean,-0.02816304788961039,16,-0.09840985186688311,0.05446041751217529
pos,X,1024,0,top1_changed,category_minus_document_mean,0.2734375,2,-0.15625,0.703125
pos,ADJ,1024,4,top1_changed,category_minus_document_mean,0.08053784013605443,14,0.009200414540816326,0.1544116709183673
pos,ADP,1024,4,top1_changed,category_minus_document_mean,-0.039860096500721504,16,-0.09928751803751804,0.0234984823119585
pos,ADV,1024,4,top1_changed,category_minus_document_mean,-0.010700757575757579,11,-0.15227272727272728,0.15011126893939383
pos,AUX,1024,4,top1_changed,category_minus_document_mean,-0.02105654761904762,14,-0.12873511904761906,0.12902715773809517
pos,CCONJ,1024,4,top1_changed,category_minus_document_mean,-0.006250000000000007,15,-0.10625868055555557,0.1409722222222222
pos,DET,1024,4,top1_changed,category_minus_document_mean,0.006119791666666666,16,-0.09602864583333334,0.11531249999999993
pos,INTJ,1024,4,top1_changed,category_minus_document_mean,-0.1640625,2,-0.203125,-0.125
pos,NOUN,1024,4,top1_changed,category_minus_document_mean,0.055752149440471806,16,-0.006922240571243457,0.12073452726002067
pos,NUM,1024,4,top1_changed,category_minus_document_mean,0.21788194444444442,6,-0.026909722222222227,0.5314236111111101
pos,PART,1024,4,top1_changed,category_minus_document_mean,-0.045454545454545456,11,-0.16619318181818182,0.14914772727272727
pos,PRON,1024,4,top1_changed,category_minus_document_mean,-0.06629097346009111,15,-0.1126577818627451,-0.02125420875420876
pos,PROPN,1024,4,top1_changed,category_minus_document_mean,-0.0012436224489795953,14,-0.07899713010204082,0.0871997236394556
pos,PUNCT,1024,4,top1_changed,category_minus_document_mean,-0.037481398809523815,16,-0.09133184523809523,0.025997488839285696
pos,SCONJ,1024,4,top1_changed,category_minus_document_mean,0.09232954545454546,11,-0.11789772727272728,0.3295809659090907
pos,SPACE,1024,4,top1_changed,category_minus_document_mean,-0.04283854166666667,16,-0.09753092447916667,0.021819661458333278
pos,VERB,1024,4,top1_changed,category_minus_document_mean,-0.03140050054112554,16,-0.10357269683441558,0.05698013900162334
pos,X,1024,4,top1_changed,category_minus_document_mean,0.2578125,2,-0.1875,0.703125
pos,ADJ,1024,16,top1_changed,category_minus_document_mean,0.09185799319727891,14,0.01998139880952381,0.16545254039115637
pos,ADP,1024,16,top1_changed,category_minus_document_mean,-0.044565352182539694,16,-0.11053757440476192,0.01872636098710316
pos,ADV,1024,16,top1_changed,category_minus_document_mean,-0.009280303030303033,11,-0.15056818181818182,0.15814630681818181
pos,AUX,1024,16,top1_changed,category_minus_document_mean,-0.02998511904761905,14,-0.1357886904761905,0.1105673363095238
pos,CCONJ,1024,16,top1_changed,category_minus_document_mean,-0.028472222222222232,15,-0.1329861111111111,0.11286458333333324
pos,DET,1024,16,top1_changed,category_minus_document_mean,0.007096354166666666,16,-0.09408528645833335,0.11824218749999992
pos,INTJ,1024,16,top1_changed,category_minus_document_mean,0.328125,2,-0.125,0.78125
pos,NOUN,1024,16,top1_changed,category_minus_document_mean,0.05885939375865362,16,-0.0013984892061063988,0.11496413314618491
pos,NUM,1024,16,top1_changed,category_minus_document_mean,0.22569444444444442,6,-0.010416666666666676,0.5399305555555555
pos,PART,1024,16,top1_changed,category_minus_document_mean,-0.04261363636363636,11,-0.16193181818181818,0.15198863636363635
pos,PRON,1024,16,top1_changed,category_minus_document_mean,-0.04356370073281838,15,-0.08630268679441473,0.003817138913646262
pos,PROPN,1024,16,top1_changed,category_minus_document_mean,-0.011447704081632657,14,-0.09159970238095237,0.07853236607142854
pos,PUNCT,1024,16,top1_changed,category_minus_document_mean,-0.036504836309523815,16,-0.08971702938988095,0.02437569754464281
pos,SCONJ,1024,16,top1_changed,category_minus_document_mean,0.09232954545454546,11,-0.12215909090909091,0.32674005681818163
pos,SPACE,1024,16,top1_changed,category_minus_document_mean,-0.048111979166666666,16,-0.0998095703125,0.010546875
pos,VERB,1024,16,top1_changed,category_minus_document_mean,-0.03610575622294372,16,-0.10603261972402597,0.05072422044101728
pos,X,1024,16,top1_changed,category_minus_document_mean,0.2734375,2,-0.171875,0.71875
pos,ADJ,2048,0,top1_changed,category_minus_document_mean,0.07894345238095236,14,0.019534704506802714,0.1421768707482993
pos,ADP,2048,0,top1_changed,category_minus_document_mean,-0.06713479662698413,16,-0.11317661830357142,-0.0183787512400794
pos,ADV,2048,0,top1_changed,category_minus_document_mean,0.10719696969696968,11,-0.074375,0.29517045454545454
pos,AUX,2048,0,top1_changed,category_minus_document_mean,-0.030877976190476192,14,-0.1328125,0.11979166666666664
pos,CCONJ,2048,0,top1_changed,category_minus_document_mean,0.027777777777777776,15,-0.08298611111111112,0.1840364583333333
pos,DET,2048,0,top1_changed,category_minus_document_mean,-0.013216145833333335,16,-0.1058642578125,0.0961767578124999
pos,INTJ,2048,0,top1_changed,category_minus_document_mean,-0.1328125,2,-0.140625,-0.125
pos,NOUN,2048,0,top1_changed,category_minus_document_mean,0.05943671300373603,16,1.7996725953136236e-05,0.12544435142708163
pos,NUM,2048,0,top1_changed,category_minus_document_mean,0.21614583333333334,6,-0.04253472222222223,0.5156684027777776
pos,PART,2048,0,top1_changed,category_minus_document_mean,-0.024147727272727272,11,-0.13636363636363635,0.1704900568181816
pos,PRON,2048,0,top1_changed,category_minus_document_mean,-0.016435185185185185,15,-0.0701388888888889,0.05521701388888883
pos,PROPN,2048,0,top1_changed,category_minus_document_mean,0.011989795918367343,14,-0.06464923469387755,0.10425754676870744
pos,PUNCT,2048,0,top1_changed,category_minus_document_mean,-0.007114955357142861,16,-0.0801153273809524,0.07347586495535714
pos,SCONJ,2048,0,top1_changed,category_minus_document_mean,0.11931818181818182,11,-0.08384232954545454,0.35376420454545415
pos,SPACE,2048,0,top1_changed,category_minus_document_mean,-0.04342447916666667,16,-0.09127604166666667,0.015895182291666612
pos,VERB,2048,0,top1_changed,category_minus_document_mean,-0.03771560470779221,16,-0.09252618963068182,0.02602640523538959
pos,X,2048,0,top1_changed,category_minus_document_mean,0.296875,2,-0.171875,0.765625
pos,ADJ,2048,4,top1_changed,category_minus_document_mean,0.06650722789115646,14,0.003635204081632652,0.12636798469387753
pos,ADP,2048,4,top1_changed,category_minus_document_mean,-0.07801649305555555,16,-0.12045084635416668,-0.028209092881944463
pos,ADV,2048,4,top1_changed,category_minus_document_mean,0.07689393939393939,11,-0.08100142045454545,0.2558783143939393
pos,AUX,2048,4,top1_changed,category_minus_document_mean,-0.01116071428571429,14,-0.1171875,0.15477120535714275
pos,CCONJ,2048,4,top1_changed,category_minus_document_mean,0.025694444444444443,15,-0.08889756944444445,0.17292534722222216
pos,DET,2048,4,top1_changed,category_minus_document_mean,-0.015169270833333335,16,-0.10481933593750001,0.08730631510416666
pos,INTJ,2048,4,top1_changed,category_minus_document_mean,-0.1328125,2,-0.140625,-0.125
pos,NOUN,2048,4,top1_changed,category_minus_document_mean,0.059620340140488164,16,-0.0005768238066757834,0.12741744506521438
pos,NUM,2048,4,top1_changed,category_minus_document_mean,0.21875,6,-0.03038194444444445,0.5286458333333334
pos,PART,2048,4,top1_changed,category_minus_document_mean,-0.028409090909090908,11,-0.1434659090909091,0.1633877840909089
pos,PRON,2048,4,top1_changed,category_minus_document_mean,-0.010185185185185186,15,-0.07083333333333333,0.06412326388888887
pos,PROPN,2048,4,top1_changed,category_minus_document_mean,-0.013520408163265305,14,-0.09423495960884355,0.08176312712585018
pos,PUNCT,2048,4,top1_changed,category_minus_document_mean,-0.007579985119047623,16,-0.07286551339285714,0.0634610615079365
pos,SCONJ,2048,4,top1_changed,category_minus_document_mean,0.11363636363636363,11,-0.08380681818181818,0.35799005681818163
pos,SPACE,2048,4,top1_changed,category_minus_document_mean,-0.04537760416666667,16,-0.10019694010416666,0.018361002604166655
pos,VERB,2048,4,top1_changed,category_minus_document_mean,-0.01675206304112554,16,-0.07607085785308443,0.06239705932088744
pos,X,2048,4,top1_changed,category_minus_document_mean,0.28125,2,-0.203125,0.765625
pos,ADJ,2048,16,top1_changed,category_minus_document_mean,0.07782738095238094,14,0.006179049744897957,0.14688802083333333
pos,ADP,2048,16,top1_changed,category_minus_document_mean,-0.06811135912698413,16,-0.11491079179067461,-0.015236312624007944
pos,ADV,2048,16,top1_changed,category_minus_document_mean,0.10293560606060605,11,-0.07134706439393938,0.30923295454545424
pos,AUX,2048,16,top1_changed,category_minus_document_mean,-0.01897321428571429,14,-0.12462797619047619,0.12612537202380947
pos,CCONJ,2048,16,top1_changed,category_minus_document_mean,0.04895833333333333,15,-0.06319444444444446,0.19272569444444435
pos,DET,2048,16,top1_changed,category_minus_document_mean,-0.014192708333333335,16,-0.1109375,0.09877766927083326
pos,INTJ,2048,16,top1_changed,category_minus_document_mean,-0.140625,2,-0.15625,-0.125
pos,NOUN,2048,16,top1_changed,category_minus_document_mean,0.05846015050373603,16,-0.005389418524184152,0.1219052739452616
pos,NUM,2048,16,top1_changed,category_minus_document_mean,0.22135416666666666,6,-0.04166666666666668,0.5260416666666666
pos,PART,2048,16,top1_changed,category_minus_document_mean,-0.024147727272727272,11,-0.13636363636363635,0.16051136363636365
pos,PRON,2048,16,top1_changed,category_minus_document_mean,-0.008101851851851853,15,-0.062274305555555555,0.06203993055555554
pos,PROPN,2048,16,top1_changed,category_minus_document_mean,0.010873724489795915,14,-0.06890013818027212,0.10514721513605434
pos,PUNCT,2048,16,top1_changed,category_minus_document_mean,-0.017020089285714288,16,-0.0816987537202381,0.06232135106646812
pos,SCONJ,2048,16,top1_changed,category_minus_document_mean,0.11647727272727272,11,-0.0795809659090909,0.3622159090909091
pos,SPACE,2048,16,top1_changed,category_minus_document_mean,-0.06002604166666667,16,-0.102734375,-0.004225260416666704
pos,VERB,2048,16,top1_changed,category_minus_document_mean,-0.043427015692640694,16,-0.09257197392451298,0.005352196631493418
pos,X,2048,16,top1_changed,category_minus_document_mean,0.296875,2,-0.15625,0.75
pos,ADJ,4096,0,top1_changed,category_minus_document_mean,0.08256802721088434,14,0.006982621173469387,0.16930218962585025
pos,ADP,4096,0,top1_changed,category_minus_document_mean,-0.06496465773809523,16,-0.10742652529761905,-0.015151832217261949
pos,ADV,4096,0,top1_changed,category_minus_document_mean,0.10861742424242422,11,-0.02273910984848485,0.24529829545454526
pos,AUX,4096,0,top1_changed,category_minus_document_mean,0.004464285714285711,14,-0.09896763392857144,0.16894531249999972
pos,CCONJ,4096,0,top1_changed,category_minus_document_mean,0.005208333333333333,15,-0.08506944444444445,0.10730034722222216
pos,DET,4096,0,top1_changed,category_minus_document_mean,-0.027018229166666664,16,-0.08828125,0.043302408854166634
pos,INTJ,4096,0,top1_changed,category_minus_document_mean,-0.0703125,2,-0.109375,-0.03125
pos,NOUN,4096,0,top1_changed,category_minus_document_mean,0.02723763923393857,16,-0.011786554574126534,0.06768771108049476
pos,NUM,4096,0,top1_changed,category_minus_document_mean,0.13107638888888887,6,-0.08333333333333333,0.4539930555555555
pos,PART,4096,0,top1_changed,category_minus_document_mean,-0.05823863636363636,11,-0.1278409090909091,0.032670454545454544
pos,PRON,4096,0,top1_changed,category_minus_document_mean,-0.0425925925925926,15,-0.08194733796296297,0.00349247685185174
pos,PROPN,4096,0,top1_changed,category_minus_document_mean,0.013849914965986393,14,-0.06680484693877552,0.11682982568027209
pos,PUNCT,4096,0,top1_changed,category_minus_document_mean,-0.012633308531746037,16,-0.06545991443452381,0.0397763206845238
pos,SCONJ,4096,0,top1_changed,category_minus_document_mean,0.12926136363636365,11,-0.078125,0.37503551136363616
pos,SPACE,4096,0,top1_changed,category_minus_document_mean,-0.03430989583333333,16,-0.08919759114583334,0.030551757812499903
pos,VERB,4096,0,top1_changed,category_minus_document_mean,0.004333231872294374,16,-0.056024058948863635,0.07275921181682879
pos,X,4096,0,top1_changed,category_minus_document_mean,0.34375,2,-0.171875,0.859375
pos,ADJ,4096,4,top1_changed,category_minus_document_mean,0.08814838435374149,14,0.011666135204081631,0.1795187606292516
pos,ADP,4096,4,top1_changed,category_minus_document_mean,-0.0716920882936508,16,-0.11021282862103175,-0.03258773561507943
pos,ADV,4096,4,top1_changed,category_minus_document_mean,0.1012310606060606,11,-0.02586647727272727,0.2454829545454544
pos,AUX,4096,4,top1_changed,category_minus_document_mean,0.007812499999999996,14,-0.09709821428571429,0.16109561011904758
pos,CCONJ,4096,4,top1_changed,category_minus_document_mean,0.00625,15,-0.08333333333333333,0.11772569444444435
pos,DET,4096,4,top1_changed,category_minus_document_mean,-0.03756510416666667,16,-0.0910205078125,0.023704427083333295
pos,INTJ,4096,4,top1_changed,category_minus_document_mean,-0.1015625,2,-0.109375,-0.09375
pos,NOUN,4096,4,top1_changed,category_minus_document_mean,0.0324802379181491,16,-0.009121359240859654,0.07608147660316655
pos,NUM,4096,4,top1_changed,category_minus_document_mean,0.13368055555555555,6,-0.08072916666666667,0.4539930555555555
pos,PART,4096,4,top1_changed,category_minus_document_mean,0.036931818181818184,11,-0.109375,0.2613991477272725
pos,PRON,4096,4,top1_changed,category_minus_document_mean,-0.040509259259259266,15,-0.07256944444444445,0.0004687499999999649
pos,PROPN,4096,4,top1_changed,category_minus_document_mean,-0.02298044217687075,14,-0.09678332270408163,0.07347417091836718
pos,PUNCT,4096,4,top1_changed,category_minus_document_mean,-0.01303633432539683,16,-0.07559872581845238,0.052156963045634844
pos,SCONJ,4096,4,top1_changed,category_minus_document_mean,0.13210227272727273,11,-0.07247869318181818,0.35088778409090887
pos,SPACE,4096,4,top1_changed,category_minus_document_mean,-0.016731770833333333,16,-0.07320149739583334,0.042908528645833305
pos,VERB,4096,4,top1_changed,category_minus_document_mean,-0.027642214556277057,16,-0.07883440290178573,0.03259182224025972
pos,X,4096,4,top1_changed,category_minus_document_mean,0.34375,2,-0.171875,0.859375
pos,ADJ,4096,16,top1_changed,category_minus_document_mean,0.08814838435374149,14,0.009884406887755099,0.16718962585034003
pos,ADP,4096,16,top1_changed,category_minus_document_mean,-0.061275421626984135,16,-0.10145670572916667,-0.021420433407738113
pos,ADV,4096,16,top1_changed,category_minus_document_mean,0.08446969696969697,11,-0.05397727272727273,0.24243607954545446
pos,AUX,4096,16,top1_changed,category_minus_document_mean,0.006696428571428568,14,-0.09523809523809525,0.15625
pos,CCONJ,4096,16,top1_changed,category_minus_document_mean,-0.015972222222222224,15,-0.10208333333333333,0.10138888888888888
pos,DET,4096,16,top1_changed,category_minus_document_mean,-0.025065104166666664,16,-0.085625,0.042972005208333316
pos,INTJ,4096,16,top1_changed,category_minus_document_mean,-0.09375,2,-0.109375,-0.078125
pos,NOUN,4096,16,top1_changed,category_minus_document_mean,0.028015952203863388,16,-0.010347545192837137,0.0678910299541467
pos,NUM,4096,16,top1_changed,category_minus_document_mean,0.13368055555555555,6,-0.07552083333333333,0.4618055555555555
pos,PART,4096,16,top1_changed,category_minus_document_mean,0.03409090909090909,11,-0.11505681818181818,0.24289772727272727
pos,PRON,4096,16,top1_changed,category_minus_document_mean,-0.04155092592592593,15,-0.07627314814814816,-0.0019646990740740957
pos,PROPN,4096,16,top1_changed,category_minus_document_mean,-0.02298044217687075,14,-0.08913026147959184,0.07056281887755085
pos,PUNCT,4096,16,top1_changed,category_minus_document_mean,-0.021096850198412703,16,-0.07312089223710318,0.03126588851686507
pos,SCONJ,4096,16,top1_changed,category_minus_document_mean,0.13210227272727273,11,-0.07674005681818181,0.37073863636363635
pos,SPACE,4096,16,top1_changed,category_minus_document_mean,-0.016731770833333333,16,-0.0806005859375,0.050917968749999966
pos,VERB,4096,16,top1_changed,category_minus_document_mean,-0.00829697646103896,16,-0.06676669034090908,0.059879388189935004
pos,X,4096,16,top1_changed,category_minus_document_mean,0.34375,2,-0.1875,0.875
pos,ADJ,8192,0,top1_changed,category_minus_document_mean,0.06105442176870748,14,0.0034685905612244898,0.12637143920068028
pos,ADP,8192,0,top1_changed,category_minus_document_mean,-0.07259114583333334,16,-0.103515625,-0.038403320312500044
pos,ADV,8192,0,top1_changed,category_minus_document_mean,0.03143939393939394,11,-0.05994318181818182,0.12926609848484844
pos,AUX,8192,0,top1_changed,category_minus_document_mean,0.05617559523809523,14,-0.06475074404761905,0.2158110119047617
pos,CCONJ,8192,0,top1_changed,category_minus_document_mean,0.042361111111111106,15,-0.05902777777777778,0.18058159722222206
pos,DET,8192,0,top1_changed,category_minus_document_mean,-0.012174479166666665,16,-0.064453125,0.043230794270833324
pos,INTJ,8192,0,top1_changed,category_minus_document_mean,0.4296875,2,-0.03125,0.890625
pos,NOUN,8192,0,top1_changed,category_minus_document_mean,0.03796207105212039,16,-0.006301369471856723,0.08059615925467077
pos,NUM,8192,0,top1_changed,category_minus_document_mean,-0.009548611111111114,6,-0.0703125,0.07812499999999999
pos,PART,8192,0,top1_changed,category_minus_document_mean,0.061079545454545456,11,-0.0795809659090909,0.2556818181818182
pos,PRON,8192,0,top1_changed,category_minus_document_mean,-0.02476851851851852,15,-0.06666666666666667,0.02061631944444436
pos,PROPN,8192,0,top1_changed,category_minus_document_mean,0.010724914965986392,14,-0.05676020408163266,0.11117028061224483
pos,PUNCT,8192,0,top1_changed,category_minus_document_mean,-0.0384889632936508,16,-0.08286907862103175,0.010017903645833305
pos,SCONJ,8192,0,top1_changed,category_minus_document_mean,0.15625,11,-0.03551136363636364,0.3878551136363632
pos,SPACE,8192,0,top1_changed,category_minus_document_mean,-0.04446614583333334,16,-0.0815771484375,-0.0008382161458333783
pos,VERB,8192,0,top1_changed,category_minus_document_mean,-0.022564089556277055,16,-0.06733829646915584,0.020701539671266228
pos,X,8192,0,top1_changed,category_minus_document_mean,0.375,2,-0.140625,0.890625
pos,ADJ,8192,4,top1_changed,category_minus_document_mean,0.06440263605442177,14,0.009245854591836734,0.1267578124999999
pos,ADP,8192,4,top1_changed,category_minus_document_mean,-0.07161458333333334,16,-0.1025390625,-0.03580729166666667
pos,ADV,8192,4,top1_changed,category_minus_document_mean,-0.012594696969696971,11,-0.07272727272727274,0.06335227272727272
pos,AUX,8192,4,top1_changed,category_minus_document_mean,0.04836309523809523,14,-0.08147321428571429,0.21316964285714285
pos,CCONJ,8192,4,top1_changed,category_minus_document_mean,0.025694444444444443,15,-0.07604166666666666,0.1642534722222221
pos,DET,8192,4,top1_changed,category_minus_document_mean,-0.023697916666666666,16,-0.07168619791666667,0.03288085937499999
pos,INTJ,8192,4,top1_changed,category_minus_document_mean,0.4140625,2,-0.0625,0.890625
pos,NOUN,8192,4,top1_changed,category_minus_document_mean,0.04111203580775949,16,0.003984479233759661,0.08236737549160451
pos,NUM,8192,4,top1_changed,category_minus_document_mean,0.0008680555555555525,6,-0.049479166666666664,0.07552083333333333
pos,PART,8192,4,top1_changed,category_minus_document_mean,0.0625,11,-0.078125,0.2700284090909083
pos,PRON,8192,4,top1_changed,category_minus_document_mean,-0.03692129629629629,15,-0.06805555555555556,-0.005668402777777799
pos,PROPN,8192,4,top1_changed,category_minus_document_mean,0.02612670068027211,14,-0.04232302295918367,0.11773118622448978
pos,PUNCT,8192,4,top1_changed,category_minus_document_mean,6.200396825396456e-05,16,-0.049669828869047625,0.045682586185515864
pos,SCONJ,8192,4,top1_changed,category_minus_document_mean,0.15482954545454544,11,-0.03980823863636363,0.3778764204545453
pos,SPACE,8192,4,top1_changed,category_minus_document_mean,-0.04973958333333334,16,-0.09142415364583333,-0.0012369791666666692
pos,VERB,8192,4,top1_changed,category_minus_document_mean,-0.009087527056277056,16,-0.06308073762175326,0.05397036069399341
pos,X,8192,4,top1_changed,category_minus_document_mean,0.3828125,2,-0.15625,0.921875
pos,ADJ,8192,16,top1_changed,category_minus_document_mean,0.06328656462585033,14,0.006261957908163264,0.12507573341836717
pos,ADP,8192,16,top1_changed,category_minus_document_mean,-0.07259114583333334,16,-0.1064453125,-0.03384602864583338
pos,ADV,8192,16,top1_changed,category_minus_document_mean,0.054166666666666655,11,-0.06024857954545455,0.1763375946969696
pos,AUX,8192,16,top1_changed,category_minus_document_mean,0.0472470238095238,14,-0.07815290178571428,0.20947730654761887
pos,CCONJ,8192,16,top1_changed,category_minus_document_mean,0.05694444444444444,15,-0.053142361111111105,0.20139756944444437
pos,DET,8192,16,top1_changed,category_minus_document_mean,-0.012174479166666665,16,-0.06875,0.0511083984375
pos,INTJ,8192,16,top1_changed,category_minus_document_mean,0.4140625,2,-0.0625,0.890625
pos,NOUN,8192,16,top1_changed,category_minus_document_mean,0.03201194478949412,16,-0.0028159635902748584,0.07222660180873582
pos,NUM,8192,16,top1_changed,category_minus_document_mean,-0.004340277777777781,6,-0.06510416666666667,0.07552083333333333
pos,PART,8192,16,top1_changed,category_minus_document_mean,0.061079545454545456,11,-0.07674005681818181,0.27418323863636346
pos,PRON,8192,16,top1_changed,category_minus_document_mean,-0.008101851851851855,15,-0.051388888888888894,0.039351851851851846
pos,PROPN,8192,16,top1_changed,category_minus_document_mean,-0.014200680272108844,14,-0.0569889987244898,0.033961522108843525
pos,PUNCT,8192,16,top1_changed,category_minus_document_mean,-0.022615947420634924,16,-0.07491978236607144,0.036974128844246
pos,SCONJ,8192,16,top1_changed,category_minus_document_mean,0.15482954545454544,11,-0.03412642045454545,0.37642045454545453
pos,SPACE,8192,16,top1_changed,category_minus_document_mean,-0.05071614583333334,16,-0.0918017578125,-0.003837890625000018
pos,VERB,8192,16,top1_changed,category_minus_document_mean,-0.022564089556277058,16,-0.06695712002840909,0.02586119284361469
pos,X,8192,16,top1_changed,category_minus_document_mean,0.3671875,2,-0.15625,0.890625
is_first_subtoken,False,128,0,delta_ce,category_minus_document_mean,-0.15945843166542922,16,-0.2816854098916743,-0.03828612260869811
is_first_subtoken,True,128,0,delta_ce,category_minus_document_mean,0.009508469952839682,16,-0.003760316070223576,0.02113754591321393
is_first_subtoken,False,128,4,delta_ce,category_minus_document_mean,-0.1634138148645375,16,-0.29052902125493657,-0.039845313516488255
is_first_subtoken,True,128,4,delta_ce,category_minus_document_mean,0.008697283382004532,16,-0.006652386719877993,0.020214512781828224
is_first_subtoken,False,128,16,delta_ce,category_minus_document_mean,-0.19180050596707504,16,-0.3012403838687617,-0.08092604640909815
is_first_subtoken,True,128,16,delta_ce,category_minus_document_mean,0.011112267307306873,16,-0.0011069433501830898,0.020520764722057674
is_first_subtoken,False,512,0,delta_ce,category_minus_document_mean,-0.002030660400421231,16,-0.11053865471418131,0.10444015931298992
is_first_subtoken,True,512,0,delta_ce,category_minus_document_mean,-0.0038359922868399037,16,-0.017802260748921613,0.00830753498840236
is_first_subtoken,False,512,4,delta_ce,category_minus_document_mean,-0.004897012625935254,16,-0.10479971429467021,0.10187168052871831
is_first_subtoken,True,512,4,delta_ce,category_minus_document_mean,-0.0037187783705379864,16,-0.01839692182248304,0.008100223071019083
is_first_subtoken,False,512,16,delta_ce,category_minus_document_mean,-0.009384792014496709,16,-0.10521117355934909,0.09466666576082365
is_first_subtoken,True,512,16,delta_ce,category_minus_document_mean,-0.003086603781369041,16,-0.016468520996497708,0.007961086499234143
is_first_subtoken,False,1024,0,delta_ce,category_minus_document_mean,0.023468512884344928,16,-0.05516752653820818,0.1077832879090492
is_first_subtoken,True,1024,0,delta_ce,category_minus_document_mean,-0.006083701077220572,16,-0.019000798223701446,0.004105986784251745
is_first_subtoken,False,1024,4,delta_ce,category_minus_document_mean,0.030007040615071263,16,-0.05264790486641826,0.1186783497625087
is_first_subtoken,True,1024,4,delta_ce,category_minus_document_mean,-0.007007887336169456,16,-0.0202597441830965,0.004107301454198492
is_first_subtoken,False,1024,16,delta_ce,category_minus_document_mean,0.022233476044731377,16,-0.05706612413380172,0.11098378351331452
is_first_subtoken,True,1024,16,delta_ce,category_minus_document_mean,-0.0059813266156906846,16,-0.018962291500917914,0.004447515785942947
is_first_subtoken,False,2048,0,delta_ce,category_minus_document_mean,0.027658797054787073,16,-0.038116516604103264,0.11153415043734034
is_first_subtoken,True,2048,0,delta_ce,category_minus_document_mean,-0.005794076827206504,16,-0.015820140359557977,0.0024590296974725673
is_first_subtoken,False,2048,4,delta_ce,category_minus_document_mean,0.025828130806428616,16,-0.04088909349846177,0.10553182234626356
is_first_subtoken,True,2048,4,delta_ce,category_minus_document_mean,-0.005587421970083994,16,-0.016109547272348985,0.0029502980879242443
is_first_subtoken,False,2048,16,delta_ce,category_minus_document_mean,0.020371715719141148,16,-0.047315799180230406,0.09781457565590924
is_first_subtoken,True,2048,16,delta_ce,category_minus_document_mean,-0.005526136709242803,16,-0.015359593031762701,0.0026194254804221273
is_first_subtoken,False,4096,0,delta_ce,category_minus_document_mean,0.023220432542170353,16,-0.03526981316922593,0.09476019094906506
is_first_subtoken,True,4096,0,delta_ce,category_minus_document_mean,-0.003882649143186942,16,-0.014610549350232895,0.004581043391450861
is_first_subtoken,False,4096,4,delta_ce,category_minus_document_mean,0.023776246979563896,16,-0.032897309454906175,0.09450625315524287
is_first_subtoken,True,4096,4,delta_ce,category_minus_document_mean,-0.004079148156492379,16,-0.015580074101951235,0.00402258185446802
is_first_subtoken,False,4096,16,delta_ce,category_minus_document_mean,0.02138426209085648,16,-0.03808102354875634,0.08669217152869087
is_first_subtoken,True,4096,16,delta_ce,category_minus_document_mean,-0.0034145382481397587,16,-0.014462877891119436,0.004629738867970074
is_first_subtoken,False,8192,0,delta_ce,category_minus_document_mean,0.03588296298099157,16,-0.02080524833909055,0.10517579810270608
is_first_subtoken,True,8192,0,delta_ce,category_minus_document_mean,-0.004291041556527168,16,-0.013838738028960814,0.002913200253286178
is_first_subtoken,False,8192,4,delta_ce,category_minus_document_mean,0.032872539580230994,16,-0.02079709749133964,0.10031671089144849
is_first_subtoken,True,8192,4,delta_ce,category_minus_document_mean,-0.003842097345483818,16,-0.013310010792505012,0.0031210786353470877
is_first_subtoken,False,8192,16,delta_ce,category_minus_document_mean,0.032654261947463195,16,-0.018883516820289766,0.09951163547760071
is_first_subtoken,True,8192,16,delta_ce,category_minus_document_mean,-0.004170058269326119,16,-0.013790907984617368,0.002774198218919843
is_first_subtoken,False,128,0,kl_full_to_compact,category_minus_document_mean,-0.10868758316126156,16,-0.2147246412262926,-0.007376990573903783
is_first_subtoken,True,128,0,kl_full_to_compact,category_minus_document_mean,0.009209828691954405,16,-0.0022624652943489536,0.020404810925885624
is_first_subtoken,False,128,4,kl_full_to_compact,category_minus_document_mean,-0.10817930851252361,16,-0.2113229457813491,-0.004477570618280793
is_first_subtoken,True,128,4,kl_full_to_compact,category_minus_document_mean,0.008958828374493232,16,-0.0017720133844167016,0.01971042644735335
is_first_subtoken,False,128,16,kl_full_to_compact,category_minus_document_mean,-0.14604138184385085,16,-0.2559385064330746,-0.03284054766684101
is_first_subtoken,True,128,16,kl_full_to_compact,category_minus_document_mean,0.01269294435948342,16,0.001183820235252131,0.023839877694443293
is_first_subtoken,False,512,0,kl_full_to_compact,category_minus_document_mean,-0.05977938365654858,16,-0.1300378370498079,0.01083236533287865
is_first_subtoken,True,512,0,kl_full_to_compact,category_minus_document_mean,0.0012065836941564825,16,-0.009330511768218072,0.008671825387607851
is_first_subtoken,False,512,4,kl_full_to_compact,category_minus_document_mean,-0.06457165713697426,16,-0.12688470722613648,0.008423058373068575
is_first_subtoken,True,512,4,kl_full_to_compact,category_minus_document_mean,0.001839854224352224,16,-0.00775732616880351,0.008619272766478742
is_first_subtoken,False,512,16,kl_full_to_compact,category_minus_document_mean,-0.06327246098933134,16,-0.133754728618383,0.007430638539109539
is_first_subtoken,True,512,16,kl_full_to_compact,category_minus_document_mean,0.0016434884755298874,16,-0.00815234530745218,0.008279415469367923
is_first_subtoken,False,1024,0,kl_full_to_compact,category_minus_document_mean,-0.036886711934861316,16,-0.08168334813796227,0.010948621522246103
is_first_subtoken,True,1024,0,kl_full_to_compact,category_minus_document_mean,0.0002443737738519671,16,-0.006759866519143645,0.005228527621300463
is_first_subtoken,False,1024,4,kl_full_to_compact,category_minus_document_mean,-0.03443425329673071,16,-0.08018491680245025,0.017447805019927636
is_first_subtoken,True,1024,4,kl_full_to_compact,category_minus_document_mean,-0.0002443140251827806,16,-0.007538327605616196,0.005220429002594104
is_first_subtoken,False,1024,16,kl_full_to_compact,category_minus_document_mean,-0.038033886413327125,16,-0.08206849980544995,0.011512473373095519
is_first_subtoken,True,1024,16,kl_full_to_compact,category_minus_document_mean,0.00029882052861229455,16,-0.006614010824169796,0.005500168317110063
is_first_subtoken,False,2048,0,kl_full_to_compact,category_minus_document_mean,-0.02866029354466943,16,-0.06678125260589159,0.010093585799229973
is_first_subtoken,True,2048,0,kl_full_to_compact,category_minus_document_mean,0.0003737583143061413,16,-0.004942399646325647,0.0047567597395522816
is_first_subtoken,False,2048,4,kl_full_to_compact,category_minus_document_mean,-0.02932499274261529,16,-0.06805569740515788,0.006128700799683579
is_first_subtoken,True,2048,4,kl_full_to_compact,category_minus_document_mean,0.0004777300124802254,16,-0.004371043149695849,0.004805001387206795
is_first_subtoken,False,2048,16,kl_full_to_compact,category_minus_document_mean,-0.028387047758168096,16,-0.06638705160728131,0.0103071100907064
is_first_subtoken,True,2048,16,kl_full_to_compact,category_minus_document_mean,0.0003139983332458541,16,-0.004593337486894668,0.00451584851942205
is_first_subtoken,False,4096,0,kl_full_to_compact,category_minus_document_mean,-0.020017144455091652,16,-0.03852084887560107,0.0008049483084874111
is_first_subtoken,True,4096,0,kl_full_to_compact,category_minus_document_mean,0.0012627538503562938,16,-0.0015102564087195614,0.00398375572808881
is_first_subtoken,False,4096,4,kl_full_to_compact,category_minus_document_mean,-0.019580839759974954,16,-0.03822461264611901,0.0028871473061357115
is_first_subtoken,True,4096,4,kl_full_to_compact,category_minus_document_mean,0.0012346917035699115,16,-0.0017130984551863705,0.004085271070042783
is_first_subtoken,False,4096,16,kl_full_to_compact,category_minus_document_mean,-0.01961279632547029,16,-0.038458968185053864,0.0018385451424498698
is_first_subtoken,True,4096,16,kl_full_to_compact,category_minus_document_mean,0.0012090387650064386,16,-0.001827070783355031,0.00406859772334404
is_first_subtoken,False,8192,0,kl_full_to_compact,category_minus_document_mean,-0.005527181778727274,16,-0.01780216962772632,0.008141567711323404
is_first_subtoken,True,8192,0,kl_full_to_compact,category_minus_document_mean,-0.00032143501790182966,16,-0.0024029605363040996,0.0011802692653177986
is_first_subtoken,False,8192,4,kl_full_to_compact,category_minus_document_mean,-0.006266842680224296,16,-0.018074332304708327,0.007196739897724011
is_first_subtoken,True,8192,4,kl_full_to_compact,category_minus_document_mean,-0.0002351484760725745,16,-0.002068430475275259,0.0013040919016484018
is_first_subtoken,False,8192,16,kl_full_to_compact,category_minus_document_mean,-0.006058271593175658,16,-0.01813201296324916,0.007457552709560029
is_first_subtoken,True,8192,16,kl_full_to_compact,category_minus_document_mean,-0.00026470818655285183,16,-0.0022155539493422397,0.0012494597189302832
is_first_subtoken,False,128,0,top1_changed,category_minus_document_mean,-0.09869316881035631,16,-0.18878166429924242,0.01073049509084658
is_first_subtoken,True,128,0,top1_changed,category_minus_document_mean,0.008359080525324875,16,0.0017556963702550722,0.014460202752632252
is_first_subtoken,False,128,4,top1_changed,category_minus_document_mean,-0.10350086111804861,16,-0.19147042410714288,0.0022546122497293067
is_first_subtoken,True,128,4,top1_changed,category_minus_document_mean,0.009135673213194816,16,0.002448298106324679,0.015778091930635958
is_first_subtoken,False,128,16,top1_changed,category_minus_document_mean,-0.13150410787129535,16,-0.2269229403409091,-0.02840967300928241
is_first_subtoken,True,128,16,top1_changed,category_minus_document_mean,0.012492438962831191,16,0.0044151926445593435,0.021570845336469517
is_first_subtoken,False,512,0,top1_changed,category_minus_document_mean,-0.10052382513320013,16,-0.15768812567640692,-0.03969435024610806
is_first_subtoken,True,512,0,top1_changed,category_minus_document_mean,0.007982108152577903,16,0.00207134733852859,0.014914173999919973
is_first_subtoken,False,512,4,top1_changed,category_minus_document_mean,-0.10501601263320014,16,-0.16657575334821428,-0.04179943428966867
is_first_subtoken,True,512,4,top1_changed,category_minus_document_mean,0.007791198291210614,16,0.0032324007330272113,0.012694122835769988
is_first_subtoken,False,512,16,top1_changed,category_minus_document_mean,-0.09232070013320014,16,-0.15409654310533216,-0.026774501540126578
is_first_subtoken,True,512,16,top1_changed,category_minus_document_mean,0.0063651478011690675,16,0.000603515303656377,0.011813682299006601
is_first_subtoken,False,1024,0,top1_changed,category_minus_document_mean,-0.09342747096653348,16,-0.13633256392045454,-0.051432239635364654
is_first_subtoken,True,1024,0,top1_changed,category_minus_document_mean,0.00614897507449372,16,0.001137565246398999,0.010978451215001555
is_first_subtoken,False,1024,4,top1_changed,category_minus_document_mean,-0.06981469051781553,16,-0.1244532941017316,-0.010070762570762597
is_first_subtoken,True,1024,4,top1_changed,category_minus_document_mean,0.0035123585073386027,16,-0.0050004256054838984,0.010488938740997239
is_first_subtoken,False,1024,16,top1_changed,category_minus_document_mean,-0.07364582032550783,16,-0.12980199000218529,-0.01592238653273813
is_first_subtoken,True,1024,16,top1_changed,category_minus_document_mean,0.004455869711727815,16,-0.0024905068194894854,0.010682893592107013
is_first_subtoken,False,2048,0,top1_changed,category_minus_document_mean,-0.08209934596653347,16,-0.12304782619724026,-0.04125188288274228
is_first_subtoken,True,2048,0,top1_changed,category_minus_document_mean,0.005393608714069641,16,0.0004800277962416677,0.010633308213156523
is_first_subtoken,False,2048,4,top1_changed,category_minus_document_mean,-0.07443708635114885,16,-0.11893117624562936,-0.02458605359484274
is_first_subtoken,True,2048,4,top1_changed,category_minus_document_mean,0.0038464721362311523,16,-0.004969542385492168,0.010631876688461373
is_first_subtoken,False,2048,16,top1_changed,category_minus_document_mean,-0.08788360077422577,16,-0.12580547382305196,-0.05089285714285714
is_first_subtoken,True,2048,16,top1_changed,category_minus_document_mean,0.006903592650701138,16,0.002558870998241776,0.011930370135161246
is_first_subtoken,False,4096,0,top1_changed,category_minus_document_mean,-0.08044397009240759,16,-0.11132897863854894,-0.05017989822677324
is_first_subtoken,True,4096,0,top1_changed,category_minus_document_mean,0.007040670828672215,16,0.003754272872262355,0.010672389936339888
is_first_subtoken,False,4096,4,top1_changed,category_minus_document_mean,-0.07849084509240759,16,-0.10757211538461539,-0.04884668554102149
is_first_subtoken,True,4096,4,top1_changed,category_minus_document_mean,0.006765411797062854,16,0.0034723243667373364,0.010586371000869399
is_first_subtoken,False,4096,16,top1_changed,category_minus_document_mean,-0.07368315278471528,16,-0.1031195367132867,-0.043136965573489026
is_first_subtoken,True,4096,16,top1_changed,category_minus_document_mean,0.005816354350717151,16,0.0018000517442417598,0.009866332152781949
is_first_subtoken,False,8192,0,top1_changed,category_minus_document_mean,-0.0629029173951049,16,-0.0900269408326049,-0.031122637128496524
is_first_subtoken,True,8192,0,top1_changed,category_minus_document_mean,0.004679893398479664,16,-0.00012908627544720827,0.00895505186737945
is_first_subtoken,False,8192,4,top1_changed,category_minus_document_mean,-0.061926354895104896,16,-0.08830788352272727,-0.03325656277316434
is_first_subtoken,True,8192,4,top1_changed,category_minus_document_mean,0.0045394565525859005,16,0.0004847190849485973,0.008294587692136072
is_first_subtoken,False,8192,16,top1_changed,category_minus_document_mean,-0.0629029173951049,16,-0.09099906441215036,-0.03378359921328671
is_first_subtoken,True,8192,16,top1_changed,category_minus_document_mean,0.004862062584725331,16,0.00027987390611821614,0.008873964986904034
