label_scheme,label,cache_budget,sink_size,metric,contrast,mean_difference,documents,ci_low,ci_high
coarse_category,content,128,4,delta_ce,sink_plus_recent_minus_recent_only,0.017358932521321403,16,-0.0020148982000774414,0.04400762576567715
coarse_category,function,128,4,delta_ce,sink_plus_recent_minus_recent_only,0.026404915481303783,16,0.009979267260516017,0.04680000814575689
coarse_category,other,128,4,delta_ce,sink_plus_recent_minus_recent_only,0.012937560118603333,16,-0.042522800029707,0.08291280928526443
coarse_category,special,128,4,delta_ce,sink_plus_recent_minus_recent_only,0.008112463133177688,16,-0.003982686734654001,0.0208098870878789
coarse_category,content,512,4,delta_ce,sink_plus_recent_minus_recent_only,-0.0021207269811364723,16,-0.014794480249910692,0.009279282096190045
coarse_category,function,512,4,delta_ce,sink_plus_recent_minus_recent_only,-0.003077034296614907,16,-0.00886807753652239,0.0018878074727856733
coarse_category,other,512,4,delta_ce,sink_plus_recent_minus_recent_only,-0.0006553835737362268,16,-0.013335677865138753,0.010145736935449942
coarse_category,special,512,4,delta_ce,sink_plus_recent_minus_recent_only,0.0011067007814027732,16,-0.0055020587676405195,0.008480727136837587
coarse_category,content,1024,4,delta_ce,sink_plus_recent_minus_recent_only,0.002773951678745027,16,-0.0019629602662452517,0.007458244151873626
coarse_category,function,1024,4,delta_ce,sink_plus_recent_minus_recent_only,-0.0015198578508640924,16,-0.006694708895042639,0.003357031298836512
coarse_category,other,1024,4,delta_ce,sink_plus_recent_minus_recent_only,0.004093699365265299,16,-0.006813539093418188,0.014936210815678355
coarse_category,special,1024,4,delta_ce,sink_plus_recent_minus_recent_only,-0.0001134613791253106,16,-0.0055061050335172175,0.005212082426842006
coarse_category,content,2048,4,delta_ce,sink_plus_recent_minus_recent_only,0.004040478499587872,16,-0.0024828501698464546,0.011506649211847565
coarse_category,function,2048,4,delta_ce,sink_plus_recent_minus_recent_only,7.44884236708902e-05,16,-0.0048230579446034766,0.004982935722117214
coarse_category,other,2048,4,delta_ce,sink_plus_recent_minus_recent_only,-0.0002608625231682658,16,-0.009524987287149154,0.009017364065312746
coarse_category,special,2048,4,delta_ce,sink_plus_recent_minus_recent_only,0.00135812599108983,16,-0.0044088583539498875,0.006448868124079629
coarse_category,content,4096,4,delta_ce,sink_plus_recent_minus_recent_only,0.0002493157154977257,16,-0.003647271307539608,0.004440997242180842
coarse_category,function,4096,4,delta_ce,sink_plus_recent_minus_recent_only,-0.0003948687877743432,16,-0.004195918574902316,0.0037828141698197995
coarse_category,other,4096,4,delta_ce,sink_plus_recent_minus_recent_only,-0.0014917482040487018,16,-0.008441115549235831,0.006281929483619064
coarse_category,special,4096,4,delta_ce,sink_plus_recent_minus_recent_only,0.004307511587597702,16,-0.0009637978145422984,0.010181201967267904
coarse_category,content,8192,4,delta_ce,sink_plus_recent_minus_recent_only,-0.0015564585968358762,16,-0.005971228939833142,0.0032367296789651196
coarse_category,function,8192,4,delta_ce,sink_plus_recent_minus_recent_only,0.0030436347558517865,16,0.0003069350292181396,0.005729549142477944
coarse_category,other,8192,4,delta_ce,sink_plus_recent_minus_recent_only,0.0028132526182798627,16,-0.005872443689130023,0.011927171348741591
coarse_category,special,8192,4,delta_ce,sink_plus_recent_minus_recent_only,-0.002097713312978346,16,-0.007305493106866153,0.0033970037130471318
coarse_category,content,128,16,delta_ce,sink_plus_recent_minus_recent_only,0.06241396438921759,16,0.010477710499313507,0.12633779458367256
coarse_category,function,128,16,delta_ce,sink_plus_recent_minus_recent_only,0.0436794161290483,16,0.005397246560775045,0.10103609417567998
coarse_category,other,128,16,delta_ce,sink_plus_recent_minus_recent_only,0.075781180928404,16,-0.052130680512514634,0.24029085161648722
coarse_category,special,128,16,delta_ce,sink_plus_recent_minus_recent_only,0.04882067725177741,16,0.006864510131227737,0.09223768517013733
coarse_category,content,512,16,delta_ce,sink_plus_recent_minus_recent_only,-0.005787529180384689,16,-0.019808819867515398,0.008753458054539729
coarse_category,function,512,16,delta_ce,sink_plus_recent_minus_recent_only,-0.0023404703200123286,16,-0.008342150478191257,0.004060811428675828
coarse_category,other,512,16,delta_ce,sink_plus_recent_minus_recent_only,-0.00564826009349601,16,-0.01997158376753374,0.008683239917870263
coarse_category,special,512,16,delta_ce,sink_plus_recent_minus_recent_only,0.017239911515494265,16,0.00370800493640301,0.036526589589964034
coarse_category,content,1024,16,delta_ce,sink_plus_recent_minus_recent_only,0.001929049911092869,16,-0.006649848074633883,0.01129058151781937
coarse_category,function,1024,16,delta_ce,sink_plus_recent_minus_recent_only,0.0001906227651581379,16,-0.004474514226252258,0.005248050350779916
coarse_category,other,1024,16,delta_ce,sink_plus_recent_minus_recent_only,0.001051480772955572,16,-0.014872017324831894,0.01750928168396629
coarse_category,special,1024,16,delta_ce,sink_plus_recent_minus_recent_only,0.0008354622754281722,16,-0.003724143487221399,0.005547759197577201
coarse_category,content,2048,16,delta_ce,sink_plus_recent_minus_recent_only,-0.00020909299489474658,16,-0.005796029559173068,0.005451516717517539
coarse_category,function,2048,16,delta_ce,sink_plus_recent_minus_recent_only,-0.0034804139186484138,16,-0.007579594685336083,0.00040581127952676757
coarse_category,other,2048,16,delta_ce,sink_plus_recent_minus_recent_only,0.004973343956974972,16,-0.006870708781914914,0.017589914565953345
coarse_category,special,2048,16,delta_ce,sink_plus_recent_minus_recent_only,0.0002503511192448674,16,-0.0034609153122396956,0.0037368148755143834
coarse_category,content,4096,16,delta_ce,sink_plus_recent_minus_recent_only,-0.002754427817345211,16,-0.008022757809406597,0.00272219637716174
coarse_category,function,4096,16,delta_ce,sink_plus_recent_minus_recent_only,-0.0015978569516098449,16,-0.006832706950693009,0.003783701794436056
coarse_category,other,4096,16,delta_ce,sink_plus_recent_minus_recent_only,-0.0016108402024301574,16,-0.010718056632746827,0.007607815485363001
coarse_category,special,4096,16,delta_ce,sink_plus_recent_minus_recent_only,0.0023718839158787777,16,-0.0026039613418641565,0.007048640917635054
coarse_category,content,8192,16,delta_ce,sink_plus_recent_minus_recent_only,-0.002259677836201369,16,-0.006925898836161764,0.002350602060589139
coarse_category,function,8192,16,delta_ce,sink_plus_recent_minus_recent_only,-9.242025435377715e-05,16,-0.00480890877411746,0.004817662393661354
coarse_category,other,8192,16,delta_ce,sink_plus_recent_minus_recent_only,0.0031315147945694425,16,-0.0040038167748786616,0.010487329619355909
coarse_category,special,8192,16,delta_ce,sink_plus_recent_minus_recent_only,0.0010871487417149423,16,-0.0035542115641372073,0.005755467841782637
coarse_category,content,128,4,kl_full_to_compact,sink_plus_recent_minus_recent_only,0.003721265163658675,16,-0.002989841268153938,0.01094173080852517
coarse_category,function,128,4,kl_full_to_compact,sink_plus_recent_minus_recent_only,0.006376171308901071,16,-0.0012572981808768465,0.015557654854964681
coarse_category,other,128,4,kl_full_to_compact,sink_plus_recent_minus_recent_only,-0.0009607746440710475,16,-0.025934444641708396,0.02209086460930863
coarse_category,special,128,4,kl_full_to_compact,sink_plus_recent_minus_recent_only,0.00466776884013817,16,-0.009344946643502737,0.01763410804570155
coarse_category,content,512,4,kl_full_to_compact,sink_plus_recent_minus_recent_only,-0.001555927620920244,16,-0.008267314628157071,0.0029627437366473433
coarse_category,function,512,4,kl_full_to_compact,sink_plus_recent_minus_recent_only,0.0003384822900208878,16,-0.0007692901405619371,0.0015706928361430158
coarse_category,other,512,4,kl_full_to_compact,sink_plus_recent_minus_recent_only,0.004166372519653169,16,0.00035155618587538425,0.010952358682021263
coarse_category,special,512,4,kl_full_to_compact,sink_plus_recent_minus_recent_only,0.0014018477613929902,16,-0.0004099309960415423,0.0036348940763631784
coarse_category,content,1024,4,kl_full_to_compact,sink_plus_recent_minus_recent_only,-0.00013267825551001463,16,-0.0015701163163726792,0.0011149079963381444
coarse_category,function,1024,4,kl_full_to_compact,sink_plus_recent_minus_recent_only,6.232402377358254e-05,16,-0.0007118675521296937,0.0008230814734692306
coarse_category,other,1024,4,kl_full_to_compact,sink_plus_recent_minus_recent_only,0.002113753093679782,16,-8.797786704412323e-05,0.005492881200934625
coarse_category,special,1024,4,kl_full_to_compact,sink_plus_recent_minus_recent_only,-0.0014200804594929547,16,-0.006115815286741182,0.0013794480014642835
coarse_category,content,2048,4,kl_full_to_compact,sink_plus_recent_minus_recent_only,0.00025846746871883866,16,-0.0006467542933882202,0.0012304052312562984
coarse_category,function,2048,4,kl_full_to_compact,sink_plus_recent_minus_recent_only,0.00032241002392693067,16,-0.0004061400499837027,0.0011536035639962679
coarse_category,other,2048,4,kl_full_to_compact,sink_plus_recent_minus_recent_only,-0.0021940356239311272,16,-0.005549082205051556,0.00020377172425960105
coarse_category,special,2048,4,kl_full_to_compact,sink_plus_recent_minus_recent_only,0.0003591997713004515,16,-0.0005169671141898495,0.0013465162242750274
coarse_category,content,4096,4,kl_full_to_compact,sink_plus_recent_minus_recent_only,-0.00015379982412996987,16,-0.0010051841653235254,0.0005749055841124107
coarse_category,function,4096,4,kl_full_to_compact,sink_plus_recent_minus_recent_only,1.6755038963459722e-05,16,-0.0004441004721194247,0.0004939868448177881
coarse_category,other,4096,4,kl_full_to_compact,sink_plus_recent_minus_recent_only,-0.0002739858126776051,16,-0.003146523634171989,0.002152039135633885
coarse_category,special,4096,4,kl_full_to_compact,sink_plus_recent_minus_recent_only,-0.00011298953151284911,16,-0.0006562883421940718,0.0004414340508372906
coarse_category,content,8192,4,kl_full_to_compact,sink_plus_recent_minus_recent_only,0.0005611938613847998,16,0.00013886301505196407,0.0010320337882918596
coarse_category,function,8192,4,kl_full_to_compact,sink_plus_recent_minus_recent_only,8.58355493328944e-05,16,-0.0001903490563940976,0.0003825416606734829
coarse_category,other,8192,4,kl_full_to_compact,sink_plus_recent_minus_recent_only,0.0007794205577417934,16,-0.00042699969300021695,0.002850838600027917
coarse_category,special,8192,4,kl_full_to_compact,sink_plus_recent_minus_recent_only,0.00023770847007308722,16,-0.00029553785942402144,0.0007283615051390792
coarse_category,content,128,16,kl_full_to_compact,sink_plus_recent_minus_recent_only,0.05463759007877848,16,0.014552913454875452,0.10553598710255126
coarse_category,function,128,16,kl_full_to_compact,sink_plus_recent_minus_recent_only,0.03644435718217688,16,0.014087244634520983,0.06531623816528567
coarse_category,other,128,16,kl_full_to_compact,sink_plus_recent_minus_recent_only,0.0392077201657066,16,-0.01766008716918113,0.10980137278454796
coarse_category,special,128,16,kl_full_to_compact,sink_plus_recent_minus_recent_only,0.04163103177325081,16,0.019495761827333587,0.06886213197792022
coarse_category,content,512,16,kl_full_to_compact,sink_plus_recent_minus_recent_only,-0.002243060898029418,16,-0.008525928553718577,0.003461405457475385
coarse_category,function,512,16,kl_full_to_compact,sink_plus_recent_minus_recent_only,-0.00012216495509387602,16,-0.0013246405271707198,0.001292189738358954
coarse_category,other,512,16,kl_full_to_compact,sink_plus_recent_minus_recent_only,0.0014345549736528127,16,-0.005987342410351904,0.01069694748728746
coarse_category,special,512,16,kl_full_to_compact,sink_plus_recent_minus_recent_only,0.00423265813963909,16,-0.0012037456575484393,0.012402956483897365
coarse_category,content,1024,16,kl_full_to_compact,sink_plus_recent_minus_recent_only,0.0009916153397265069,16,-0.000605663398528049,0.00247704163700572
coarse_category,function,1024,16,kl_full_to_compact,sink_plus_recent_minus_recent_only,8.886459200766242e-05,16,-0.0014076046120402063,0.0014954538213869115
coarse_category,other,1024,16,kl_full_to_compact,sink_plus_recent_minus_recent_only,0.0013804825555560234,16,-0.0012771653043603239,0.004788083249420191
coarse_category,special,1024,16,kl_full_to_compact,sink_plus_recent_minus_recent_only,-0.0011252455571803604,16,-0.0061282557438297885,0.0017194161677292394
coarse_category,content,2048,16,kl_full_to_compact,sink_plus_recent_minus_recent_only,0.00041093193484289994,16,-0.0005324899539430362,0.0013238704795229916
coarse_category,function,2048,16,kl_full_to_compact,sink_plus_recent_minus_recent_only,-7.792033247888433e-05,16,-0.0006742722989939673,0.0004493940165687664
coarse_category,other,2048,16,kl_full_to_compact,sink_plus_recent_minus_recent_only,-0.000893719967299456,16,-0.004686037014293795,0.0020779746440828793
coarse_category,special,2048,16,kl_full_to_compact,sink_plus_recent_minus_recent_only,-0.002576824549192721,16,-0.008401321938157215,0.0013813472044978009
coarse_category,content,4096,16,kl_full_to_compact,sink_plus_recent_minus_recent_only,-0.0005801560972534769,16,-0.0016686393211332983,0.0003302807173178392
coarse_category,function,4096,16,kl_full_to_compact,sink_plus_recent_minus_recent_only,0.00016758952656521753,16,-0.0002505196374744618,0.0005799691921959074
coarse_category,other,4096,16,kl_full_to_compact,sink_plus_recent_minus_recent_only,-0.00039876246314116473,16,-0.0030054392525264,0.0017358342651289872
coarse_category,special,4096,16,kl_full_to_compact,sink_plus_recent_minus_recent_only,0.00024570644123703014,16,-0.0006839150533305804,0.0011540401839075479
coarse_category,content,8192,16,kl_full_to_compact,sink_plus_recent_minus_recent_only,2.4855648332968195e-05,16,-0.00050229318939646,0.0005857618359525351
coarse_category,function,8192,16,kl_full_to_compact,sink_plus_recent_minus_recent_only,3.736554655705174e-05,16,-0.00027326416358353686,0.0003592789289614707
coarse_category,other,8192,16,kl_full_to_compact,sink_plus_recent_minus_recent_only,0.00010088914476119378,16,-0.0007434260346704775,0.0008350497336251445
coarse_category,special,8192,16,kl_full_to_compact,sink_plus_recent_minus_recent_only,-0.00012355032330881423,16,-0.0008226498616325671,0.0006867540448474286
coarse_category,content,128,4,top1_changed,sink_plus_recent_minus_recent_only,0.007788446575211282,16,-0.011934939039718451,0.029779825124494237
coarse_category,function,128,4,top1_changed,sink_plus_recent_minus_recent_only,-0.007438858695652174,16,-0.027320161533816424,0.012844863375603836
coarse_category,other,128,4,top1_changed,sink_plus_recent_minus_recent_only,0.00625,16,0.0,0.018750000000000003
coarse_category,special,128,4,top1_changed,sink_plus_recent_minus_recent_only,0.0016865079365079357,16,-0.019444444444444445,0.022817460317460316
coarse_category,content,512,4,top1_changed,sink_plus_recent_minus_recent_only,0.011612548331298331,16,-0.00017834090099715108,0.025865678736772476
coarse_category,function,512,4,top1_changed,sink_plus_recent_minus_recent_only,0.0015624999999999997,16,-0.015625,0.01875
coarse_category,other,512,4,top1_changed,sink_plus_recent_minus_recent_only,0.027777777777777776,16,0.0,0.07638888888888888
coarse_category,special,512,4,top1_changed,sink_plus_recent_minus_recent_only,0.024281707875457872,16,-0.0037860576923076906,0.055288461538461536
coarse_category,content,1024,4,top1_changed,sink_plus_recent_minus_recent_only,0.009792811355311355,16,-0.0020833333333333333,0.024100131639194115
coarse_category,function,1024,4,top1_changed,sink_plus_recent_minus_recent_only,0.006189613526570048,16,0.0,0.01585144927536232
coarse_category,other,1024,4,top1_changed,sink_plus_recent_minus_recent_only,0.0125,16,0.0,0.037500000000000006
coarse_category,special,1024,4,top1_changed,sink_plus_recent_minus_recent_only,0.00078781512605042,16,-0.011029411764705881,0.013392857142857142
coarse_category,content,2048,4,top1_changed,sink_plus_recent_minus_recent_only,-0.00017086161387631959,16,-0.018954690249497235,0.01833294382122505
coarse_category,function,2048,4,top1_changed,sink_plus_recent_minus_recent_only,0.0034118357487922706,16,-0.007022192028985506,0.01591183574879227
coarse_category,other,2048,4,top1_changed,sink_plus_recent_minus_recent_only,0.0,16,0.0,0.0
coarse_category,special,2048,4,top1_changed,sink_plus_recent_minus_recent_only,0.006944444444444444,16,0.0,0.020833333333333332
coarse_category,content,4096,4,top1_changed,sink_plus_recent_minus_recent_only,-0.008052248677248675,16,-0.023737599206349203,0.0035714285714285713
coarse_category,function,4096,4,top1_changed,sink_plus_recent_minus_recent_only,0.0006076388888888885,16,-0.01892361111111111,0.02361762152777774
coarse_category,other,4096,4,top1_changed,sink_plus_recent_minus_recent_only,0.015625,16,0.0,0.046875
coarse_category,special,4096,4,top1_changed,sink_plus_recent_minus_recent_only,-0.0023692810457516342,16,-0.02595703125,0.020174632352941174
coarse_category,content,8192,4,top1_changed,sink_plus_recent_minus_recent_only,0.0015052655677655672,16,-0.013110071352258853,0.016013987459299956
coarse_category,function,8192,4,top1_changed,sink_plus_recent_minus_recent_only,-0.010356280193236714,16,-0.022856280193236714,0.0
coarse_category,other,8192,4,top1_changed,sink_plus_recent_minus_recent_only,-0.00625,16,-0.018750000000000003,0.0
coarse_category,special,8192,4,top1_changed,sink_plus_recent_minus_recent_only,0.016870915032679738,16,0.0,0.0363327205882352
coarse_category,content,128,16,top1_changed,sink_plus_recent_minus_recent_only,0.022915721298274048,16,-0.006663446853739174,0.055685277491768256
coarse_category,function,128,16,top1_changed,sink_plus_recent_minus_recent_only,0.0014848318713450315,16,-0.025153166118421052,0.02813847770467834
coarse_category,other,128,16,top1_changed,sink_plus_recent_minus_recent_only,0.016193181818181815,16,-0.03838068181818182,0.06938210227272693
coarse_category,special,128,16,top1_changed,sink_plus_recent_minus_recent_only,0.029935158619552635,16,-0.004630597737849263,0.06789678050707462
coarse_category,content,512,16,top1_changed,sink_plus_recent_minus_recent_only,-0.0015521660052910057,16,-0.0153494957010582,0.011125837053571414
coarse_category,function,512,16,top1_changed,sink_plus_recent_minus_recent_only,-0.003472222222222222,16,-0.022135416666666664,0.01953125
coarse_category,other,512,16,top1_changed,sink_plus_recent_minus_recent_only,-0.00625,16,-0.018750000000000003,0.0
coarse_category,special,512,16,top1_changed,sink_plus_recent_minus_recent_only,0.005952380952380952,16,-0.008928571428571428,0.03125
coarse_category,content,1024,16,top1_changed,sink_plus_recent_minus_recent_only,0.006820595492470492,16,-0.0020651971726190475,0.015890484298687422
coarse_category,function,1024,16,top1_changed,sink_plus_recent_minus_recent_only,-0.006310386473429952,16,-0.022569444444444444,0.008907004830917874
coarse_category,other,1024,16,top1_changed,sink_plus_recent_minus_recent_only,0.0125,16,0.0,0.037500000000000006
coarse_category,special,1024,16,top1_changed,sink_plus_recent_minus_recent_only,0.012948448610213317,16,0.0,0.02737152553329024
coarse_category,content,2048,16,top1_changed,sink_plus_recent_minus_recent_only,-0.0002804487179487174,16,-0.010216346153846152,0.009455128205128206
coarse_category,function,2048,16,top1_changed,sink_plus_recent_minus_recent_only,0.007525083612040134,16,0.0,0.019230769230769232
coarse_category,other,2048,16,top1_changed,sink_plus_recent_minus_recent_only,-0.015625,16,-0.046875,0.0
coarse_category,special,2048,16,top1_changed,sink_plus_recent_minus_recent_only,0.0,16,-0.013392857142857142,0.013392857142857142
coarse_category,content,4096,16,top1_changed,sink_plus_recent_minus_recent_only,-0.00688927681115181,16,-0.020834040814509562,0.004897232397232395
coarse_category,function,4096,16,top1_changed,sink_plus_recent_minus_recent_only,0.0027777777777777775,16,-0.0125,0.020833333333333332
coarse_category,other,4096,16,top1_changed,sink_plus_recent_minus_recent_only,0.015625,16,0.0,0.046875
coarse_category,special,4096,16,top1_changed,sink_plus_recent_minus_recent_only,-0.004260037348272642,16,-0.017857142857142856,0.007352941176470588
coarse_category,content,8192,16,top1_changed,sink_plus_recent_minus_recent_only,-0.004309116809116808,16,-0.015802172364672365,0.007500890313390313
coarse_category,function,8192,16,top1_changed,sink_plus_recent_minus_recent_only,-0.0025437801932367146,16,-0.018689613526570045,0.012911948973429928
coarse_category,other,8192,16,top1_changed,sink_plus_recent_minus_recent_only,-0.00625,16,-0.018750000000000003,0.0
coarse_category,special,8192,16,top1_changed,sink_plus_recent_minus_recent_only,0.019818304476963196,16,0.0015355603448275867,0.04126838235294118
fine_category,adjective,128,4,delta_ce,sink_plus_recent_minus_recent_only,-0.002042560127305553,14,-0.04655689180229627,0.036983344778280906
fine_category,adposition,128,4,delta_ce,sink_plus_recent_minus_recent_only,0.022528154775817898,16,-0.0009678400524542612,0.05119797619208983
fine_category,adverb,128,4,delta_ce,sink_plus_recent_minus_recent_only,0.07889629593401246,11,0.03346391411346496,0.13203244242097503
fine_category,auxiliary,128,4,delta_ce,sink_plus_recent_minus_recent_only,0.0620935665009556,14,0.01608976402491819,0.13221328339175173
fine_category,common_noun,128,4,delta_ce,sink_plus_recent_minus_recent_only,-0.026479139626830333,16,-0.05180267101118645,-0.0055776399746290785
fine_category,coordinating_conjunction,128,4,delta_ce,sink_plus_recent_minus_recent_only,0.007646340708662239,15,-0.016113389157690106,0.027755338015526314
fine_category,determiner,128,4,delta_ce,sink_plus_recent_minus_recent_only,0.008721168507799165,16,-0.026029414333114842,0.04082877072498842
fine_category,interjection,128,4,delta_ce,sink_plus_recent_minus_recent_only,0.09809255599975586,2,-0.06722736358642578,0.2634124755859375
fine_category,negation,128,4,delta_ce,sink_plus_recent_minus_recent_only,0.020313640859967563,10,-0.012696600003728235,0.06223862554848891
fine_category,number,128,4,delta_ce,sink_plus_recent_minus_recent_only,-0.01041053247608943,6,-0.04486904359526104,0.0232144296169281
fine_category,other,128,4,delta_ce,sink_plus_recent_minus_recent_only,0.010097882683675424,16,-0.04639112634663585,0.07804584680552629
fine_category,particle,128,4,delta_ce,sink_plus_recent_minus_recent_only,0.041521597957600735,9,-0.018962215845628332,0.11920696597727408
fine_category,pronoun,128,4,delta_ce,sink_plus_recent_minus_recent_only,-0.0033343530663739063,15,-0.022260833702620955,0.015762073808532853
fine_category,proper_noun,128,4,delta_ce,sink_plus_recent_minus_recent_only,-0.0327955052493306,13,-0.1356778880537804,0.05121895606446036
fine_category,punctuation,128,4,delta_ce,sink_plus_recent_minus_recent_only,0.003495176749891556,16,-0.01607094882591535,0.02809755031050621
fine_category,question_word,128,4,delta_ce,sink_plus_recent_minus_recent_only,0.10528227353158096,11,-0.021691919190660967,0.31304866089732525
fine_category,subordinating_conjunction,128,4,delta_ce,sink_plus_recent_minus_recent_only,0.05188014674543714,8,0.021811132047635816,0.08634181216669579
fine_category,verb,128,4,delta_ce,sink_plus_recent_minus_recent_only,0.06953674517279076,16,0.003385165789896782,0.15852922442651815
fine_category,adjective,512,4,delta_ce,sink_plus_recent_minus_recent_only,-0.0015934694295569,14,-0.01933591034365588,0.01650525612612623
fine_category,adposition,512,4,delta_ce,sink_plus_recent_minus_recent_only,-0.0018046535998338924,16,-0.015290839340261419,0.01340854067003232
fine_category,adverb,512,4,delta_ce,sink_plus_recent_minus_recent_only,-0.01507700965841209,11,-0.04745310170668579,0.012047056398514533
fine_category,auxiliary,512,4,delta_ce,sink_plus_recent_minus_recent_only,-0.005470035140415287,14,-0.01404698834588219,0.0024171410070306146
fine_category,common_noun,512,4,delta_ce,sink_plus_recent_minus_recent_only,-0.0009356985153898653,16,-0.012314321288926318,0.011021342779630293
fine_category,coordinating_conjunction,512,4,delta_ce,sink_plus_recent_minus_recent_only,-0.010328619578851634,15,-0.030285180502259104,0.00612575689412248
fine_category,determiner,512,4,delta_ce,sink_plus_recent_minus_recent_only,0.00040590830499673877,16,-0.009266129813203017,0.01013871930683681
fine_category,interjection,512,4,delta_ce,sink_plus_recent_minus_recent_only,0.0018312931060791016,2,-0.08423709869384766,0.08789968490600586
fine_category,negation,512,4,delta_ce,sink_plus_recent_minus_recent_only,-0.013120729439651767,10,-0.025344330949119465,-0.0029240075288135166
fine_category,number,512,4,delta_ce,sink_plus_recent_minus_recent_only,0.005667436996494264,6,-0.05745676255337457,0.057735289106676496
fine_category,other,512,4,delta_ce,sink_plus_recent_minus_recent_only,-0.0013071334725480712,16,-0.012595022340811614,0.009458931723297549
fine_category,particle,512,4,delta_ce,sink_plus_recent_minus_recent_only,0.0025146378627848914,9,-0.02115645959145493,0.02605221875839762
fine_category,pronoun,512,4,delta_ce,sink_plus_recent_minus_recent_only,-0.00022910175516207111,15,-0.008263925932194783,0.007527947396192964
fine_category,proper_noun,512,4,delta_ce,sink_plus_recent_minus_recent_only,-0.02302984384394808,13,-0.09315919667056466,0.021032907037176904
fine_category,punctuation,512,4,delta_ce,sink_plus_recent_minus_recent_only,0.0009407488953406245,16,-0.011107672993109897,0.012235807731081762
fine_category,question_word,512,4,delta_ce,sink_plus_recent_minus_recent_only,0.0036908991839454484,11,-0.008333488993230276,0.016737409004020837
fine_category,subordinating_conjunction,512,4,delta_ce,sink_plus_recent_minus_recent_only,0.0065540427749510854,8,-0.006732768835354364,0.025979613730305565
fine_category,verb,512,4,delta_ce,sink_plus_recent_minus_recent_only,0.0032627531429650965,16,-0.014979383105392001,0.023533302042588203
fine_category,adjective,1024,4,delta_ce,sink_plus_recent_minus_recent_only,0.015569735755775426,14,0.001708009395695805,0.03098424780202799
fine_category,adposition,1024,4,delta_ce,sink_plus_recent_minus_recent_only,-0.00039319582935649173,16,-0.00750449765769729,0.00654663169527862
fine_category,adverb,1024,4,delta_ce,sink_plus_recent_minus_recent_only,-0.010882794407150483,11,-0.03652294732251572,0.011308415139472769
fine_category,auxiliary,1024,4,delta_ce,sink_plus_recent_minus_recent_only,-0.004504023308447581,14,-0.014893921330665416,0.005087638682258929
fine_category,common_noun,1024,4,delta_ce,sink_plus_recent_minus_recent_only,0.004902130007615584,16,-0.0009492435190763327,0.011133958144370416
fine_category,coordinating_conjunction,1024,4,delta_ce,sink_plus_recent_minus_recent_only,0.00605903616107955,15,-0.008360304575827385,0.023000608734511003
fine_category,determiner,1024,4,delta_ce,sink_plus_recent_minus_recent_only,-0.0010745759895880408,16,-0.009885191295983359,0.007275533173401634
fine_category,interjection,1024,4,delta_ce,sink_plus_recent_minus_recent_only,0.06187784671783447,2,0.052213191986083984,0.07154250144958496
fine_category,negation,1024,4,delta_ce,sink_plus_recent_minus_recent_only,-0.022335350767980343,10,-0.04799802783876657,3.389314419674966e-05
fine_category,number,1024,4,delta_ce,sink_plus_recent_minus_recent_only,-0.030412039117072704,6,-0.05337195388144916,-0.008532617484969604
fine_category,other,1024,4,delta_ce,sink_plus_recent_minus_recent_only,0.0029462400662778818,16,-0.007934793447081343,0.014913497155449923
fine_category,particle,1024,4,delta_ce,sink_plus_recent_minus_recent_only,-0.00794710949938033,9,-0.0445904154400321,0.025652490599865505
fine_category,pronoun,1024,4,delta_ce,sink_plus_recent_minus_recent_only,0.00033654679150811227,15,-0.0065502629491340945,0.007381092907236295
fine_category,proper_noun,1024,4,delta_ce,sink_plus_recent_minus_recent_only,0.004445517779564171,13,-0.020643975310611917,0.03414977954243242
fine_category,punctuation,1024,4,delta_ce,sink_plus_recent_minus_recent_only,0.003353774279873635,16,-0.0031681899600955643,0.010076205277133654
fine_category,question_word,1024,4,delta_ce,sink_plus_recent_minus_recent_only,0.003354465026253214,11,-0.011966473171725573,0.023435322285248805
fine_category,subordinating_conjunction,1024,4,delta_ce,sink_plus_recent_minus_recent_only,-0.01594583188125398,8,-0.046441295417025685,0.008465910746235686
fine_category,verb,1024,4,delta_ce,sink_plus_recent_minus_recent_only,0.0024614907523739637,16,-0.008182009073837345,0.01309261171920427
fine_category,adjective,2048,4,delta_ce,sink_plus_recent_minus_recent_only,0.006320421583704895,14,-0.014937368639497699,0.03180088869769458
fine_category,adposition,2048,4,delta_ce,sink_plus_recent_minus_recent_only,-0.006454985501784024,16,-0.017371840277838727,0.006118471321491748
fine_category,adverb,2048,4,delta_ce,sink_plus_recent_minus_recent_only,-0.0028857539292265295,11,-0.03202073862474759,0.02596405990304693
fine_category,auxiliary,2048,4,delta_ce,sink_plus_recent_minus_recent_only,0.002676308934329724,14,-0.011385078767637665,0.016514035758853813
fine_category,common_noun,2048,4,delta_ce,sink_plus_recent_minus_recent_only,0.01047873378027683,16,-0.0020685296250513535,0.026209045662523568
fine_category,coordinating_conjunction,2048,4,delta_ce,sink_plus_recent_minus_recent_only,-0.00013821717342984245,15,-0.012330118893951797,0.011186338284160718
fine_category,determiner,2048,4,delta_ce,sink_plus_recent_minus_recent_only,0.00423977486249593,16,-0.00665411711134636,0.01714343309860678
fine_category,interjection,2048,4,delta_ce,sink_plus_recent_minus_recent_only,0.04356229305267334,2,0.018236398696899414,0.06888818740844727
fine_category,negation,2048,4,delta_ce,sink_plus_recent_minus_recent_only,-0.018454537645402523,10,-0.0506856206987959,0.005824515932536079
fine_category,number,2048,4,delta_ce,sink_plus_recent_minus_recent_only,0.028246392385057734,6,0.006540953477340534,0.06062159753304698
fine_category,other,2048,4,delta_ce,sink_plus_recent_minus_recent_only,-0.0009667164209051604,16,-0.009955603600798592,0.00799829697776886
fine_category,particle,2048,4,delta_ce,sink_plus_recent_minus_recent_only,0.012856937962826324,9,-0.001500905870976668,0.030302768798062738
fine_category,pronoun,2048,4,delta_ce,sink_plus_recent_minus_recent_only,0.004893528702157604,15,-0.0016867654449890049,0.010712628618926301
fine_category,proper_noun,2048,4,delta_ce,sink_plus_recent_minus_recent_only,0.020115602151216435,13,0.004340072859113906,0.0404086165814124
fine_category,punctuation,2048,4,delta_ce,sink_plus_recent_minus_recent_only,-0.0018780007936598734,16,-0.009234342011680325,0.005593203156475145
fine_category,question_word,2048,4,delta_ce,sink_plus_recent_minus_recent_only,0.0056130069953558796,11,-0.009646990947261326,0.020224802825726907
fine_category,subordinating_conjunction,2048,4,delta_ce,sink_plus_recent_minus_recent_only,-0.00448871435461721,8,-0.02417827120601335,0.018276378840528185
fine_category,verb,2048,4,delta_ce,sink_plus_recent_minus_recent_only,-0.0036577526518481117,16,-0.015745928396499523,0.008215276754112339
fine_category,adjective,4096,4,delta_ce,sink_plus_recent_minus_recent_only,0.005627332443689701,14,-0.0016827711748765163,0.012992226840512686
fine_category,adposition,4096,4,delta_ce,sink_plus_recent_minus_recent_only,-0.0005947130883643074,16,-0.009180691375994362,0.008789966670465041
fine_category,adverb,4096,4,delta_ce,sink_plus_recent_minus_recent_only,0.007593210180670157,11,-0.005490413407199163,0.020578228380975012
fine_category,auxiliary,4096,4,delta_ce,sink_plus_recent_minus_recent_only,-0.009681772936426965,14,-0.03182957271636673,0.006351318386079242
fine_category,common_noun,4096,4,delta_ce,sink_plus_recent_minus_recent_only,-0.004462717923545353,16,-0.01338623149759469,0.004421455659153089
fine_category,coordinating_conjunction,4096,4,delta_ce,sink_plus_recent_minus_recent_only,0.005956696802806821,15,-0.013574614760690462,0.026535372667869712
fine_category,determiner,4096,4,delta_ce,sink_plus_recent_minus_recent_only,0.0034461018186773013,16,-0.009074033185378257,0.018077882733759407
fine_category,interjection,4096,4,delta_ce,sink_plus_recent_minus_recent_only,0.018006443977355957,2,-0.008332490921020508,0.04434537887573242
fine_category,negation,4096,4,delta_ce,sink_plus_recent_minus_recent_only,-0.010689624617134541,10,-0.031037731734550107,0.007038677371583601
fine_category,number,4096,4,delta_ce,sink_plus_recent_minus_recent_only,-0.008040073599699502,6,-0.017897902618125648,0.0018752456986794593
fine_category,other,4096,4,delta_ce,sink_plus_recent_minus_recent_only,-0.0016822060740874834,16,-0.008719086466861347,0.006185431663512384
fine_category,particle,4096,4,delta_ce,sink_plus_recent_minus_recent_only,0.02738925485917005,9,-0.007929124906634874,0.06452168278277283
fine_category,pronoun,4096,4,delta_ce,sink_plus_recent_minus_recent_only,0.000535087030240074,15,-0.0063436344656226055,0.007887464766179898
fine_category,proper_noun,4096,4,delta_ce,sink_plus_recent_minus_recent_only,-0.0030148560472484996,13,-0.02229974818150227,0.01152638840355137
fine_category,punctuation,4096,4,delta_ce,sink_plus_recent_minus_recent_only,0.009464569100820218,16,0.0017551619568803288,0.01881687226617985
fine_category,question_word,4096,4,delta_ce,sink_plus_recent_minus_recent_only,0.011002330153573756,11,-0.006397565575510574,0.03083636083597825
fine_category,subordinating_conjunction,4096,4,delta_ce,sink_plus_recent_minus_recent_only,0.006204341367265442,8,-0.01654593011699035,0.02747593440581112
fine_category,verb,4096,4,delta_ce,sink_plus_recent_minus_recent_only,0.0021749073084580527,16,-0.006470797427575488,0.01025957477480008
fine_category,adjective,8192,4,delta_ce,sink_plus_recent_minus_recent_only,-0.02363418312179296,14,-0.03943991162652798,-0.00943061229816027
fine_category,adposition,8192,4,delta_ce,sink_plus_recent_minus_recent_only,0.0032945433286950924,16,-0.003275728739943959,0.009251246577101083
fine_category,adverb,8192,4,delta_ce,sink_plus_recent_minus_recent_only,0.002641013293517365,11,-0.014289665718490252,0.02407019774782379
fine_category,auxiliary,8192,4,delta_ce,sink_plus_recent_minus_recent_only,0.0016008757625003253,14,-0.00756448156835486,0.011338759527183731
fine_category,common_noun,8192,4,delta_ce,sink_plus_recent_minus_recent_only,0.0022557174901916338,16,-0.007153626845590224,0.011526715056458876
fine_category,coordinating_conjunction,8192,4,delta_ce,sink_plus_recent_minus_recent_only,0.008941290393421595,15,-0.002682228624406788,0.02110670468909826
fine_category,determiner,8192,4,delta_ce,sink_plus_recent_minus_recent_only,-0.0010117484691748013,16,-0.009648870676732547,0.007571955823548912
fine_category,interjection,8192,4,delta_ce,sink_plus_recent_minus_recent_only,0.039815425872802734,2,0.0020751953125,0.07755565643310547
fine_category,negation,8192,4,delta_ce,sink_plus_recent_minus_recent_only,-0.03644958715894973,10,-0.06171528301685385,-0.014368754629981622
fine_category,number,8192,4,delta_ce,sink_plus_recent_minus_recent_only,0.0021664433314425775,6,-0.021937035224659163,0.026616335874026235
fine_category,other,8192,4,delta_ce,sink_plus_recent_minus_recent_only,0.0023210513193647323,16,-0.006498879156507239,0.011306907508307788
fine_category,particle,8192,4,delta_ce,sink_plus_recent_minus_recent_only,-0.006349323946778895,9,-0.03406446506807899,0.02661879528499815
fine_category,pronoun,8192,4,delta_ce,sink_plus_recent_minus_recent_only,0.006182658775678582,15,-0.003262065396012612,0.01486787363657802
fine_category,proper_noun,8192,4,delta_ce,sink_plus_recent_minus_recent_only,0.008473878439514217,13,-0.00924600575947452,0.026967882229267697
fine_category,punctuation,8192,4,delta_ce,sink_plus_recent_minus_recent_only,-0.0028409176666375265,16,-0.01081301609573248,0.005478716730794476
fine_category,question_word,8192,4,delta_ce,sink_plus_recent_minus_recent_only,-0.013685389412178967,11,-0.03382704093947365,0.004219016783948363
fine_category,subordinating_conjunction,8192,4,delta_ce,sink_plus_recent_minus_recent_only,-0.02239616146107437,8,-0.06415712947618886,0.0051222715988842316
fine_category,verb,8192,4,delta_ce,sink_plus_recent_minus_recent_only,-0.0023005902672284875,16,-0.010984944061471111,0.00799114792618862
fine_category,adjective,128,16,delta_ce,sink_plus_recent_minus_recent_only,0.02768768395945594,14,-0.039817618201230746,0.105220236601828
fine_category,adposition,128,16,delta_ce,sink_plus_recent_minus_recent_only,0.05992795586263609,16,0.005061575792849982,0.12993084892782064
fine_category,adverb,128,16,delta_ce,sink_plus_recent_minus_recent_only,0.012191219335407809,11,-0.05334840589254973,0.08039328390269392
fine_category,auxiliary,128,16,delta_ce,sink_plus_recent_minus_recent_only,0.01191400789440337,14,-0.10561163901404451,0.11642799093106883
fine_category,common_noun,128,16,delta_ce,sink_plus_recent_minus_recent_only,-0.004789306779240488,16,-0.06370707221614137,0.0522746398262994
fine_category,coordinating_conjunction,128,16,delta_ce,sink_plus_recent_minus_recent_only,0.014810112746070242,15,-0.033086539041089255,0.06194527637223167
fine_category,determiner,128,16,delta_ce,sink_plus_recent_minus_recent_only,0.02580333371272337,16,-0.028798951989100107,0.0930303898685978
fine_category,interjection,128,16,delta_ce,sink_plus_recent_minus_recent_only,-0.15490102767944336,2,-0.294342041015625,-0.015460014343261719
fine_category,negation,128,16,delta_ce,sink_plus_recent_minus_recent_only,0.019026305348597818,10,-0.05037917860712696,0.09497952818317561
fine_category,number,128,16,delta_ce,sink_plus_recent_minus_recent_only,0.03390480077270897,6,-0.03324921246961417,0.09524233697458225
fine_category,other,128,16,delta_ce,sink_plus_recent_minus_recent_only,0.07782607514527193,16,-0.0537998779178824,0.24156942471344808
fine_category,particle,128,16,delta_ce,sink_plus_recent_minus_recent_only,-0.013676316312436635,9,-0.10972586151522895,0.106808326103621
fine_category,pronoun,128,16,delta_ce,sink_plus_recent_minus_recent_only,0.05353791230559755,15,0.0038864155103768656,0.11287544924246976
fine_category,proper_noun,128,16,delta_ce,sink_plus_recent_minus_recent_only,0.008825934981422388,13,-0.27446233517048546,0.3499317417063896
fine_category,punctuation,128,16,delta_ce,sink_plus_recent_minus_recent_only,0.02448060057146312,16,-0.019613304642710043,0.06410571356571236
fine_category,question_word,128,16,delta_ce,sink_plus_recent_minus_recent_only,0.28477887508713384,11,0.051533138250339436,0.698045156259005
fine_category,subordinating_conjunction,128,16,delta_ce,sink_plus_recent_minus_recent_only,0.20248362010655302,8,0.04497422646963969,0.4040373141295275
fine_category,verb,128,16,delta_ce,sink_plus_recent_minus_recent_only,0.15519287230695405,16,0.055525927685926346,0.29379779120552957
fine_category,adjective,512,16,delta_ce,sink_plus_recent_minus_recent_only,-0.01669997734848874,14,-0.04266165413871485,0.011329694490375731
fine_category,adposition,512,16,delta_ce,sink_plus_recent_minus_recent_only,-0.00974862538002846,16,-0.025481614280971523,0.007086669033628789
fine_category,adverb,512,16,delta_ce,sink_plus_recent_minus_recent_only,-0.007314462097389022,11,-0.0509919139225514,0.03561244028753153
fine_category,auxiliary,512,16,delta_ce,sink_plus_recent_minus_recent_only,-0.010826943933704019,14,-0.03196334781835559,0.005728511985008865
fine_category,common_noun,512,16,delta_ce,sink_plus_recent_minus_recent_only,-0.004592392378427731,16,-0.03200105737516021,0.02537782149839115
fine_category,coordinating_conjunction,512,16,delta_ce,sink_plus_recent_minus_recent_only,-0.021668063044085605,15,-0.04422812040538095,0.000533612325576113
fine_category,determiner,512,16,delta_ce,sink_plus_recent_minus_recent_only,0.023311235152868905,16,0.0061091861333213825,0.04283415471715275
fine_category,interjection,512,16,delta_ce,sink_plus_recent_minus_recent_only,-0.01661992073059082,2,-0.11202239990234375,0.07878255844116211
fine_category,negation,512,16,delta_ce,sink_plus_recent_minus_recent_only,-0.033139084472713874,10,-0.08575868044983509,0.004520433446741656
fine_category,number,512,16,delta_ce,sink_plus_recent_minus_recent_only,-0.013564526535224608,6,-0.0808496040602525,0.04674470110637938
fine_category,other,512,16,delta_ce,sink_plus_recent_minus_recent_only,-0.005968438735009032,16,-0.02081217598085156,0.00793990728215855
fine_category,particle,512,16,delta_ce,sink_plus_recent_minus_recent_only,0.0012928987799669914,9,-0.02127879462740465,0.024172947320084855
fine_category,pronoun,512,16,delta_ce,sink_plus_recent_minus_recent_only,0.011338128261508318,15,-0.0017109238700818907,0.02415401719230254
fine_category,proper_noun,512,16,delta_ce,sink_plus_recent_minus_recent_only,-0.03905213353738453,13,-0.0966737094738234,0.0073041093352348326
fine_category,punctuation,512,16,delta_ce,sink_plus_recent_minus_recent_only,0.016453321080662713,16,-0.0007891958779405933,0.03997618362238455
fine_category,question_word,512,16,delta_ce,sink_plus_recent_minus_recent_only,0.0152326833640197,11,-0.010654297895256824,0.03921719062050352
fine_category,subordinating_conjunction,512,16,delta_ce,sink_plus_recent_minus_recent_only,0.0051903052954003215,8,-0.01872266779828351,0.043796952927368675
fine_category,verb,512,16,delta_ce,sink_plus_recent_minus_recent_only,-0.00868062551469068,16,-0.02724290113808891,0.010924928289097833
fine_category,adjective,1024,16,delta_ce,sink_plus_recent_minus_recent_only,-0.007251061428448591,14,-0.024863343322816905,0.010335657361289548
fine_category,adposition,1024,16,delta_ce,sink_plus_recent_minus_recent_only,-0.0019024202915668583,16,-0.011349506112734739,0.008212283426962633
fine_category,adverb,1024,16,delta_ce,sink_plus_recent_minus_recent_only,-0.025823296174966148,11,-0.04711923378104323,-0.006491031572360513
fine_category,auxiliary,1024,16,delta_ce,sink_plus_recent_minus_recent_only,-0.007809112119317359,14,-0.021900591731814308,0.00261770210951109
fine_category,common_noun,1024,16,delta_ce,sink_plus_recent_minus_recent_only,0.009495340239999872,16,-0.0018759766352764852,0.021491773271817532
fine_category,coordinating_conjunction,1024,16,delta_ce,sink_plus_recent_minus_recent_only,0.016519310740720054,15,0.005649130218869485,0.0289209650623171
fine_category,determiner,1024,16,delta_ce,sink_plus_recent_minus_recent_only,0.003847090369182686,16,-0.008032834912438384,0.018629758858755136
fine_category,interjection,1024,16,delta_ce,sink_plus_recent_minus_recent_only,0.05277872085571289,2,0.030216217041015625,0.07534122467041016
fine_category,negation,1024,16,delta_ce,sink_plus_recent_minus_recent_only,7.877064613239781e-05,10,-0.03149040801706746,0.023248900983302265
fine_category,number,1024,16,delta_ce,sink_plus_recent_minus_recent_only,-0.0034510097045464742,6,-0.03618111337224642,0.026938972373803462
fine_category,other,1024,16,delta_ce,sink_plus_recent_minus_recent_only,0.0002041618978449746,16,-0.014568685256897747,0.0154981364072474
fine_category,particle,1024,16,delta_ce,sink_plus_recent_minus_recent_only,0.0002981245745306498,9,-0.01604048431035052,0.019573889062222495
fine_category,pronoun,1024,16,delta_ce,sink_plus_recent_minus_recent_only,-0.004613707445279131,15,-0.010537892561164443,0.001862806706246531
fine_category,proper_noun,1024,16,delta_ce,sink_plus_recent_minus_recent_only,0.01350084074188539,13,-0.017165826457165488,0.05097153865030211
fine_category,punctuation,1024,16,delta_ce,sink_plus_recent_minus_recent_only,0.002428693191131248,16,-0.0039051311565925146,0.009363312942859917
fine_category,question_word,1024,16,delta_ce,sink_plus_recent_minus_recent_only,0.014008164356434434,11,0.004778088124779363,0.024349024393913236
fine_category,subordinating_conjunction,1024,16,delta_ce,sink_plus_recent_minus_recent_only,-0.007721225779581195,8,-0.03888609468122013,0.01826547269253447
fine_category,verb,1024,16,delta_ce,sink_plus_recent_minus_recent_only,-0.0004596899846432687,16,-0.015974404973173272,0.016511894778752822
fine_category,adjective,2048,16,delta_ce,sink_plus_recent_minus_recent_only,0.004442586080480717,14,-0.013986341891567569,0.026529979999552394
fine_category,adposition,2048,16,delta_ce,sink_plus_recent_minus_recent_only,-0.008238465799214213,16,-0.015741026419512215,-0.00030598278000006015
fine_category,adverb,2048,16,delta_ce,sink_plus_recent_minus_recent_only,-0.006993319089275302,11,-0.03198548202720689,0.018109236493279564
fine_category,auxiliary,2048,16,delta_ce,sink_plus_recent_minus_recent_only,0.007206626381047171,14,-0.0030029708312762594,0.016981365348253598
fine_category,common_noun,2048,16,delta_ce,sink_plus_recent_minus_recent_only,-0.0019533581743806793,16,-0.013618857439268755,0.009377930741389645
fine_category,coordinating_conjunction,2048,16,delta_ce,sink_plus_recent_minus_recent_only,-0.005084075660700667,15,-0.02159765037599047,0.012164386505057015
fine_category,determiner,2048,16,delta_ce,sink_plus_recent_minus_recent_only,0.002426945494107171,16,-0.006388156369642686,0.0106468062799544
fine_category,interjection,2048,16,delta_ce,sink_plus_recent_minus_recent_only,0.3631153106689453,2,-0.012806415557861328,0.739037036895752
fine_category,negation,2048,16,delta_ce,sink_plus_recent_minus_recent_only,-0.0026981076692209173,10,-0.02060594817408628,0.013733352152453308
fine_category,number,2048,16,delta_ce,sink_plus_recent_minus_recent_only,0.006859884314543606,6,-0.007363908468849128,0.02126474577798439
fine_category,other,2048,16,delta_ce,sink_plus_recent_minus_recent_only,0.0009595843736330302,16,-0.008757123862324079,0.008778758389768196
fine_category,particle,2048,16,delta_ce,sink_plus_recent_minus_recent_only,0.009294495419605179,9,-0.0172659683920857,0.036255647788489866
fine_category,pronoun,2048,16,delta_ce,sink_plus_recent_minus_recent_only,-0.0008088256795665265,15,-0.006237352775450923,0.0047248704423447935
fine_category,proper_noun,2048,16,delta_ce,sink_plus_recent_minus_recent_only,0.01594043037831521,13,-0.0032188028788617045,0.04358946537517923
fine_category,punctuation,2048,16,delta_ce,sink_plus_recent_minus_recent_only,0.0012262956568881076,16,-0.007495518328767986,0.010576699410632195
fine_category,question_word,2048,16,delta_ce,sink_plus_recent_minus_recent_only,0.0036241302961681154,11,-0.02840264285270788,0.026708668006176585
fine_category,subordinating_conjunction,2048,16,delta_ce,sink_plus_recent_minus_recent_only,-0.007062480430856038,8,-0.0246909745503217,0.011861720497108761
fine_category,verb,2048,16,delta_ce,sink_plus_recent_minus_recent_only,-0.0017036120672482714,16,-0.011889038962464155,0.008261748313705426
fine_category,adjective,4096,16,delta_ce,sink_plus_recent_minus_recent_only,-0.0032236361784821793,14,-0.015623588360175168,0.008072970983566663
fine_category,adposition,4096,16,delta_ce,sink_plus_recent_minus_recent_only,-0.002025676562910376,16,-0.010015529307740974,0.007421772613131064
fine_category,adverb,4096,16,delta_ce,sink_plus_recent_minus_recent_only,0.004313206887066674,11,-0.011151345972724479,0.018897639328211917
fine_category,auxiliary,4096,16,delta_ce,sink_plus_recent_minus_recent_only,-0.006218499366390409,14,-0.027289776756795642,0.011310250570357706
fine_category,common_noun,4096,16,delta_ce,sink_plus_recent_minus_recent_only,-0.004282825093685356,16,-0.012722134582201129,0.004998515500779698
fine_category,coordinating_conjunction,4096,16,delta_ce,sink_plus_recent_minus_recent_only,0.00529626976959763,15,-0.011139721168080239,0.022296003235386594
fine_category,determiner,4096,16,delta_ce,sink_plus_recent_minus_recent_only,0.0021415870152265725,16,-0.006242997573793954,0.012647018006166057
fine_category,interjection,4096,16,delta_ce,sink_plus_recent_minus_recent_only,-0.020041227340698242,2,-0.046018123626708984,0.0059356689453125
fine_category,negation,4096,16,delta_ce,sink_plus_recent_minus_recent_only,0.005606406484503168,10,-0.011792514496117974,0.025639281819818463
fine_category,number,4096,16,delta_ce,sink_plus_recent_minus_recent_only,-0.001742394201594127,6,-0.018675508650570313,0.015909501165151586
fine_category,other,4096,16,delta_ce,sink_plus_recent_minus_recent_only,-0.001027147329053814,16,-0.009679997187832525,0.007421649079260288
fine_category,particle,4096,16,delta_ce,sink_plus_recent_minus_recent_only,0.007046676756090164,9,-0.010576757457575543,0.030150940184274885
fine_category,pronoun,4096,16,delta_ce,sink_plus_recent_minus_recent_only,0.0036067831083863382,15,-0.003786292362682447,0.010234886964107057
fine_category,proper_noun,4096,16,delta_ce,sink_plus_recent_minus_recent_only,0.0015173790929737742,13,-0.025279018068590047,0.02956607502791361
fine_category,punctuation,4096,16,delta_ce,sink_plus_recent_minus_recent_only,0.0027372073979128643,16,-0.004555798824291258,0.010788071955939515
fine_category,question_word,4096,16,delta_ce,sink_plus_recent_minus_recent_only,0.00583085160487275,11,-0.005172688289850626,0.01623081220737234
fine_category,subordinating_conjunction,4096,16,delta_ce,sink_plus_recent_minus_recent_only,-0.013501970577635802,8,-0.04838403571920935,0.016498712575412355
fine_category,verb,4096,16,delta_ce,sink_plus_recent_minus_recent_only,0.00012847606328085233,16,-0.0067518586367115545,0.007118841110351881
fine_category,adjective,8192,16,delta_ce,sink_plus_recent_minus_recent_only,-0.013780202171143965,14,-0.02828137981426912,0.0008762711461957017
fine_category,adposition,8192,16,delta_ce,sink_plus_recent_minus_recent_only,0.001391378326221637,16,-0.006173610563381952,0.00926531583049921
fine_category,adverb,8192,16,delta_ce,sink_plus_recent_minus_recent_only,0.010196339337606773,11,-0.008530387401075461,0.032604499476746596
fine_category,auxiliary,8192,16,delta_ce,sink_plus_recent_minus_recent_only,-0.005447769128609779,14,-0.02265390210701818,0.007577435476238182
fine_category,common_noun,8192,16,delta_ce,sink_plus_recent_minus_recent_only,-0.0023221608930783138,16,-0.008104380000607918,0.003592794763268811
fine_category,coordinating_conjunction,8192,16,delta_ce,sink_plus_recent_minus_recent_only,0.002874569802912043,15,-0.010026343414064186,0.020264945820831094
fine_category,determiner,8192,16,delta_ce,sink_plus_recent_minus_recent_only,-0.010281128830225889,16,-0.02570363442189754,0.0018546161580271741
fine_category,interjection,8192,16,delta_ce,sink_plus_recent_minus_recent_only,0.04734468460083008,2,0.025678634643554688,0.06901073455810547
fine_category,negation,8192,16,delta_ce,sink_plus_recent_minus_recent_only,-0.005352144671269344,10,-0.019935691265063726,0.00778321763347776
fine_category,number,8192,16,delta_ce,sink_plus_recent_minus_recent_only,0.011922752521612285,6,-0.0021811649065436238,0.026877703596000575
fine_category,other,8192,16,delta_ce,sink_plus_recent_minus_recent_only,0.0023651664669737255,16,-0.004653842786002921,0.01027909903346762
fine_category,particle,8192,16,delta_ce,sink_plus_recent_minus_recent_only,0.000740277861015986,9,-0.03550129140182194,0.03356312277340532
fine_category,pronoun,8192,16,delta_ce,sink_plus_recent_minus_recent_only,0.003960026377693584,15,-0.0023618866198490004,0.00984621392394549
fine_category,proper_noun,8192,16,delta_ce,sink_plus_recent_minus_recent_only,0.011295508157202146,13,-0.0059720536681534845,0.030874236046599234
fine_category,punctuation,8192,16,delta_ce,sink_plus_recent_minus_recent_only,0.000499040568839908,16,-0.006925660404182661,0.007808152215521607
fine_category,question_word,8192,16,delta_ce,sink_plus_recent_minus_recent_only,0.0054122172401879325,11,-0.0031624189480102026,0.015844322436235167
fine_category,subordinating_conjunction,8192,16,delta_ce,sink_plus_recent_minus_recent_only,-0.004623260062847597,8,-0.0271400253779575,0.021509771168954684
fine_category,verb,8192,16,delta_ce,sink_plus_recent_minus_recent_only,-0.0024588806420611257,16,-0.010346024415188138,0.005912998951743013
fine_category,adjective,128,4,kl_full_to_compact,sink_plus_recent_minus_recent_only,-0.010391009404649137,14,-0.02788453540683767,0.003359587018458483
fine_category,adposition,128,4,kl_full_to_compact,sink_plus_recent_minus_recent_only,-0.006250865981203683,16,-0.029144805850938767,0.008118108328536818
fine_category,adverb,128,4,kl_full_to_compact,sink_plus_recent_minus_recent_only,0.017349100780715658,11,0.0027254400893633084,0.03244204346754651
fine_category,auxiliary,128,4,kl_full_to_compact,sink_plus_recent_minus_recent_only,0.007137075956312141,14,-0.011656182560933908,0.034015561969690196
fine_category,common_noun,128,4,kl_full_to_compact,sink_plus_recent_minus_recent_only,-0.0025048603968228166,16,-0.014140821688054873,0.010470464912903184
fine_category,coordinating_conjunction,128,4,kl_full_to_compact,sink_plus_recent_minus_recent_only,0.00817532904782436,15,-0.002104394882011951,0.01801158805727025
fine_category,determiner,128,4,kl_full_to_compact,sink_plus_recent_minus_recent_only,0.010252071759270533,16,-0.009514443104114183,0.02802381056187446
fine_category,interjection,128,4,kl_full_to_compact,sink_plus_recent_minus_recent_only,0.01960568130016327,2,0.014993533492088318,0.02421782910823822
fine_category,negation,128,4,kl_full_to_compact,sink_plus_recent_minus_recent_only,-0.04476719998237968,10,-0.1221684732421727,0.0031790338212704123
fine_category,number,128,4,kl_full_to_compact,sink_plus_recent_minus_recent_only,0.004511181794805453,6,-0.010143067261540434,0.024310819713476425
fine_category,other,128,4,kl_full_to_compact,sink_plus_recent_minus_recent_only,-0.0012273246430606292,16,-0.02403891631207465,0.02266805736613042
fine_category,particle,128,4,kl_full_to_compact,sink_plus_recent_minus_recent_only,-0.012914583586583225,9,-0.03477293203048046,0.007825374895886235
fine_category,pronoun,128,4,kl_full_to_compact,sink_plus_recent_minus_recent_only,0.003303695959421512,15,-0.0065909688819966025,0.016225635892186556
fine_category,proper_noun,128,4,kl_full_to_compact,sink_plus_recent_minus_recent_only,-0.006593377968837867,13,-0.08482329072686748,0.05394922555229721
fine_category,punctuation,128,4,kl_full_to_compact,sink_plus_recent_minus_recent_only,0.0139290191006795,16,0.0010696009374759534,0.028052381829773022
fine_category,question_word,128,4,kl_full_to_compact,sink_plus_recent_minus_recent_only,-0.013142644604103583,11,-0.05334946700710465,0.01602633661823347
fine_category,subordinating_conjunction,128,4,kl_full_to_compact,sink_plus_recent_minus_recent_only,0.01195030563394539,8,-0.0021077787212561818,0.031329135351552385
fine_category,verb,128,4,kl_full_to_compact,sink_plus_recent_minus_recent_only,0.007957555572384336,16,-0.0072790946259097345,0.027892522426148668
fine_category,adjective,512,4,kl_full_to_compact,sink_plus_recent_minus_recent_only,0.0021093408762168316,14,-0.0005636090693224574,0.004907591617372112
fine_category,adposition,512,4,kl_full_to_compact,sink_plus_recent_minus_recent_only,0.0014267997968887267,16,-0.0006727090965755038,0.003580059392541176
fine_category,adverb,512,4,kl_full_to_compact,sink_plus_recent_minus_recent_only,-4.32742278049276e-05,11,-0.0036284392446263645,0.002890770087522634
fine_category,auxiliary,512,4,kl_full_to_compact,sink_plus_recent_minus_recent_only,-0.0016980639551956282,14,-0.0061528241467091165,0.0016948522831852623
fine_category,common_noun,512,4,kl_full_to_compact,sink_plus_recent_minus_recent_only,0.0007257023641273894,16,-0.003793388868241006,0.00512039748239864
fine_category,coordinating_conjunction,512,4,kl_full_to_compact,sink_plus_recent_minus_recent_only,-0.0017062272135566067,15,-0.0045663280311267354,0.001013049311498737
fine_category,determiner,512,4,kl_full_to_compact,sink_plus_recent_minus_recent_only,0.003579243173384211,16,0.0006607972474362322,0.007329727141551258
fine_category,interjection,512,4,kl_full_to_compact,sink_plus_recent_minus_recent_only,-0.0015766136348247528,2,-0.002716928720474243,-0.00043629854917526245
fine_category,negation,512,4,kl_full_to_compact,sink_plus_recent_minus_recent_only,0.0002956367006390792,10,-0.0033111855632262173,0.004591646130559183
fine_category,number,512,4,kl_full_to_compact,sink_plus_recent_minus_recent_only,-0.013078494625536527,6,-0.05583112901676751,0.016699053392477462
fine_category,other,512,4,kl_full_to_compact,sink_plus_recent_minus_recent_only,0.004196429550827613,16,0.0003108809123861849,0.010770713648149598
fine_category,particle,512,4,kl_full_to_compact,sink_plus_recent_minus_recent_only,6.003326082767065e-05,9,-0.004447599556606798,0.0041634957985605845
fine_category,pronoun,512,4,kl_full_to_compact,sink_plus_recent_minus_recent_only,-0.00047889981171017105,15,-0.0015254926904619051,0.00047190286582098577
fine_category,proper_noun,512,4,kl_full_to_compact,sink_plus_recent_minus_recent_only,-0.029426842096469355,13,-0.09539339477885073,0.007637436409472495
fine_category,punctuation,512,4,kl_full_to_compact,sink_plus_recent_minus_recent_only,0.00299420627637855,16,-0.00013486242536427673,0.007129162724347786
fine_category,question_word,512,4,kl_full_to_compact,sink_plus_recent_minus_recent_only,0.000980081204254406,11,-0.0037900293635285574,0.006279709934659133
fine_category,subordinating_conjunction,512,4,kl_full_to_compact,sink_plus_recent_minus_recent_only,4.19356826265962e-05,8,-0.00463928278786625,0.0038080213142166032
fine_category,verb,512,4,kl_full_to_compact,sink_plus_recent_minus_recent_only,0.002379190952243153,16,-0.0003761069663750271,0.00542120720257942
fine_category,adjective,1024,4,kl_full_to_compact,sink_plus_recent_minus_recent_only,0.0006739653601372806,14,-0.0008950958699780307,0.0023528234188600126
fine_category,adposition,1024,4,kl_full_to_compact,sink_plus_recent_minus_recent_only,0.00027293575676027833,16,-0.0009672152922300723,0.0012842067575236974
fine_category,adverb,1024,4,kl_full_to_compact,sink_plus_recent_minus_recent_only,-0.0008452198501166121,11,-0.006975032292507421,0.0044125190859399845
fine_category,auxiliary,1024,4,kl_full_to_compact,sink_plus_recent_minus_recent_only,0.002284648191171134,14,-0.0004119140838235649,0.006363173004290869
fine_category,common_noun,1024,4,kl_full_to_compact,sink_plus_recent_minus_recent_only,0.00013843816003073742,16,-0.0015538175479232858,0.0016856143582111135
fine_category,coordinating_conjunction,1024,4,kl_full_to_compact,sink_plus_recent_minus_recent_only,5.730441296994589e-05,15,-0.0017602921173804338,0.0020623685887915127
fine_category,determiner,1024,4,kl_full_to_compact,sink_plus_recent_minus_recent_only,0.0005225743916611237,16,-0.0009639479020508157,0.002524845111209493
fine_category,interjection,1024,4,kl_full_to_compact,sink_plus_recent_minus_recent_only,0.0020704492926597595,2,0.0007699951529502869,0.003370903432369232
fine_category,negation,1024,4,kl_full_to_compact,sink_plus_recent_minus_recent_only,0.0005365318395035956,10,-0.0033904651294085395,0.004787355254422891
fine_category,number,1024,4,kl_full_to_compact,sink_plus_recent_minus_recent_only,-0.013559268395983459,6,-0.027614344816215126,-0.00022599524988891058
fine_category,other,1024,4,kl_full_to_compact,sink_plus_recent_minus_recent_only,0.002062944087354856,16,-0.00021374645368433043,0.005363835162906941
fine_category,particle,1024,4,kl_full_to_compact,sink_plus_recent_minus_recent_only,-0.0016786678089475674,9,-0.00518997044612964,0.0011589328693339155
fine_category,pronoun,1024,4,kl_full_to_compact,sink_plus_recent_minus_recent_only,0.0006533235425171637,15,-0.0004279258718878323,0.0019020332631354549
fine_category,proper_noun,1024,4,kl_full_to_compact,sink_plus_recent_minus_recent_only,0.004009360335512211,13,-0.0017709573853638147,0.01154826167820389
fine_category,punctuation,1024,4,kl_full_to_compact,sink_plus_recent_minus_recent_only,-0.00074743423456095,16,-0.005774565204510364,0.002711319094482371
fine_category,question_word,1024,4,kl_full_to_compact,sink_plus_recent_minus_recent_only,-0.0007059883694940556,11,-0.0028385542534207077,0.0007836192395629806
fine_category,subordinating_conjunction,1024,4,kl_full_to_compact,sink_plus_recent_minus_recent_only,-0.0005086248396158529,8,-0.0033361810901624267,0.002483822886036552
fine_category,verb,1024,4,kl_full_to_compact,sink_plus_recent_minus_recent_only,0.0004196882571362874,16,-0.00044054716318502843,0.0012518605494287007
fine_category,adjective,2048,4,kl_full_to_compact,sink_plus_recent_minus_recent_only,-0.00013851813687618342,14,-0.0014520139626665732,0.0012392464451206442
fine_category,adposition,2048,4,kl_full_to_compact,sink_plus_recent_minus_recent_only,0.00028694137929147364,16,-0.0007305576909350851,0.0016256419512765763
fine_category,adverb,2048,4,kl_full_to_compact,sink_plus_recent_minus_recent_only,-0.0038118801031163402,11,-0.00892588850716658,0.0005756179887268514
fine_category,auxiliary,2048,4,kl_full_to_compact,sink_plus_recent_minus_recent_only,-0.0003953401577424536,14,-0.0030263951622818037,0.0016269062213689956
fine_category,common_noun,2048,4,kl_full_to_compact,sink_plus_recent_minus_recent_only,0.0006443379507829364,16,-0.0012442932278486291,0.0029178111237616743
fine_category,coordinating_conjunction,2048,4,kl_full_to_compact,sink_plus_recent_minus_recent_only,-1.9928977215183962e-05,15,-0.001453653422745952,0.0014025134764344529
fine_category,determiner,2048,4,kl_full_to_compact,sink_plus_recent_minus_recent_only,-0.0020212713465854546,16,-0.005934295708276973,0.0007886025078870567
fine_category,interjection,2048,4,kl_full_to_compact,sink_plus_recent_minus_recent_only,-0.0004371753893792629,2,-0.0027501434087753296,0.0018757926300168037
fine_category,negation,2048,4,kl_full_to_compact,sink_plus_recent_minus_recent_only,-0.000606710669359245,10,-0.002103146392967119,0.001285428446092424
fine_category,number,2048,4,kl_full_to_compact,sink_plus_recent_minus_recent_only,0.009387422438877972,6,-0.0008828365467252296,0.02246582435181305
fine_category,other,2048,4,kl_full_to_compact,sink_plus_recent_minus_recent_only,-0.002207689889280573,16,-0.005769195097408613,0.00022451672344156234
fine_category,particle,2048,4,kl_full_to_compact,sink_plus_recent_minus_recent_only,-0.0028453020628755135,9,-0.00738886328733012,-0.00012019979281426973
fine_category,pronoun,2048,4,kl_full_to_compact,sink_plus_recent_minus_recent_only,0.0002605922067520023,15,-0.0006877117094061423,0.0011966271288395374
fine_category,proper_noun,2048,4,kl_full_to_compact,sink_plus_recent_minus_recent_only,0.002473923772763414,13,-0.0029439661146005683,0.009774169467783683
fine_category,punctuation,2048,4,kl_full_to_compact,sink_plus_recent_minus_recent_only,0.0002297185097382853,16,-0.0015270230657356675,0.002054953924996994
fine_category,question_word,2048,4,kl_full_to_compact,sink_plus_recent_minus_recent_only,0.0007977305473160054,11,-0.0007462007708289257,0.0025008057999388465
fine_category,subordinating_conjunction,2048,4,kl_full_to_compact,sink_plus_recent_minus_recent_only,0.0012151667676031745,8,1.2000322567473651e-05,0.0023923877752774067
fine_category,verb,2048,4,kl_full_to_compact,sink_plus_recent_minus_recent_only,0.0003529620818748203,16,-0.0009075192368520631,0.0017051128570683316
fine_category,adjective,4096,4,kl_full_to_compact,sink_plus_recent_minus_recent_only,0.00011441273528815797,14,-0.0015103377782490041,0.0017820898831149125
fine_category,adposition,4096,4,kl_full_to_compact,sink_plus_recent_minus_recent_only,0.00011163457902246807,16,-0.0005077197649461853,0.0008561611288159123
fine_category,adverb,4096,4,kl_full_to_compact,sink_plus_recent_minus_recent_only,-0.0008920680310852319,11,-0.0022426101630877715,0.000386647834214851
fine_category,auxiliary,4096,4,kl_full_to_compact,sink_plus_recent_minus_recent_only,7.628149685186972e-05,14,-0.0014088077729837738,0.0017061213060950565
fine_category,common_noun,4096,4,kl_full_to_compact,sink_plus_recent_minus_recent_only,0.0013750472647542278,16,-0.0005810196403987719,0.004268997730764638
fine_category,coordinating_conjunction,4096,4,kl_full_to_compact,sink_plus_recent_minus_recent_only,2.536617204087349e-07,15,-0.000769340730797315,0.00093620189097717
fine_category,determiner,4096,4,kl_full_to_compact,sink_plus_recent_minus_recent_only,-0.00012605291018958492,16,-0.0011797633605413742,0.0008182794742207901
fine_category,interjection,4096,4,kl_full_to_compact,sink_plus_recent_minus_recent_only,-0.00291958125308156,2,-0.006060820072889328,0.00022165756672620773
fine_category,negation,4096,4,kl_full_to_compact,sink_plus_recent_minus_recent_only,0.0007020465410789711,10,7.449264359138398e-06,0.0012652205167817954
fine_category,number,4096,4,kl_full_to_compact,sink_plus_recent_minus_recent_only,-0.001162339056089776,6,-0.005749548374701084,0.0019155158927787854
fine_category,other,4096,4,kl_full_to_compact,sink_plus_recent_minus_recent_only,-0.00022292374569021805,16,-0.0030919231963950655,0.0021363402909837215
fine_category,particle,4096,4,kl_full_to_compact,sink_plus_recent_minus_recent_only,0.0010629490849270143,9,-0.0010827372713290767,0.0038433949873845244
fine_category,pronoun,4096,4,kl_full_to_compact,sink_plus_recent_minus_recent_only,0.0006945914147487245,15,2.872273953572902e-05,0.0013965265713781927
fine_category,proper_noun,4096,4,kl_full_to_compact,sink_plus_recent_minus_recent_only,-0.0033779154963997494,13,-0.008913314148945596,0.0002163034678499939
fine_category,punctuation,4096,4,kl_full_to_compact,sink_plus_recent_minus_recent_only,-0.00031143651277373483,16,-0.0010673099749210306,0.00044159421921427717
fine_category,question_word,4096,4,kl_full_to_compact,sink_plus_recent_minus_recent_only,-0.0011423626474976172,11,-0.0035520936923851627,0.0013380593055912998
fine_category,subordinating_conjunction,4096,4,kl_full_to_compact,sink_plus_recent_minus_recent_only,-0.0013741445406291557,8,-0.0038257853449067624,0.00028556310708154173
fine_category,verb,4096,4,kl_full_to_compact,sink_plus_recent_minus_recent_only,0.0002102990764159929,16,-0.00039358122638977406,0.0008282489903583835
fine_category,adjective,8192,4,kl_full_to_compact,sink_plus_recent_minus_recent_only,-8.621083252362838e-05,14,-0.0013736174739214975,0.0012164333417724732
fine_category,adposition,8192,4,kl_full_to_compact,sink_plus_recent_minus_recent_only,1.522408854650272e-05,16,-0.0006472381858436238,0.0005753494140320136
fine_category,adverb,8192,4,kl_full_to_compact,sink_plus_recent_minus_recent_only,0.00017309623479267236,11,-0.002599459586041451,0.0035891585982882578
fine_category,auxiliary,8192,4,kl_full_to_compact,sink_plus_recent_minus_recent_only,-0.0005741763846524263,14,-0.0017356815712398141,0.00044360672604289863
fine_category,common_noun,8192,4,kl_full_to_compact,sink_plus_recent_minus_recent_only,0.0007040413708109333,16,-0.0001023571887408003,0.0016527069350164472
fine_category,coordinating_conjunction,8192,4,kl_full_to_compact,sink_plus_recent_minus_recent_only,-3.229393244055248e-05,15,-0.0006258225293787391,0.0004743438639702743
fine_category,determiner,8192,4,kl_full_to_compact,sink_plus_recent_minus_recent_only,0.0006088823825630622,16,-4.148369225994486e-05,0.0013732848649950092
fine_category,interjection,8192,4,kl_full_to_compact,sink_plus_recent_minus_recent_only,0.0006292569451034069,2,0.0004555918276309967,0.0008029220625758171
fine_category,negation,8192,4,kl_full_to_compact,sink_plus_recent_minus_recent_only,0.000314167904673468,10,-0.00045099373557178524,0.0012097577321503639
fine_category,number,8192,4,kl_full_to_compact,sink_plus_recent_minus_recent_only,-5.4812460444332425e-05,6,-0.0012818165178487106,0.001380030641448549
fine_category,other,8192,4,kl_full_to_compact,sink_plus_recent_minus_recent_only,0.0007652346098374274,16,-0.00043654960500250675,0.002807890384494512
fine_category,particle,8192,4,kl_full_to_compact,sink_plus_recent_minus_recent_only,-0.0008906007098832763,9,-0.003228108236928367,0.0012293150479510786
fine_category,pronoun,8192,4,kl_full_to_compact,sink_plus_recent_minus_recent_only,6.994829247674478e-05,15,-0.0004850409962798424,0.0005580730056543173
fine_category,proper_noun,8192,4,kl_full_to_compact,sink_plus_recent_minus_recent_only,0.0005546581220229839,13,-0.0005325380618067114,0.0019152080535564866
fine_category,punctuation,8192,4,kl_full_to_compact,sink_plus_recent_minus_recent_only,0.00013546152492348743,16,-0.0006086128871826998,0.0008054606531641092
fine_category,question_word,8192,4,kl_full_to_compact,sink_plus_recent_minus_recent_only,0.0016245853160702004,11,-0.0006540394479915531,0.004229817309582847
fine_category,subordinating_conjunction,8192,4,kl_full_to_compact,sink_plus_recent_minus_recent_only,0.0007339600730726186,8,4.7290275203219306e-05,0.0015865697210756479
fine_category,verb,8192,4,kl_full_to_compact,sink_plus_recent_minus_recent_only,0.0004557048055908688,16,-0.00013532625326365428,0.0010386860922939763
fine_category,adjective,128,16,kl_full_to_compact,sink_plus_recent_minus_recent_only,0.05218155978649807,14,-0.0047613381808961075,0.14474347198238777
fine_category,adposition,128,16,kl_full_to_compact,sink_plus_recent_minus_recent_only,0.019082579700937328,16,-0.006660960130254049,0.047248945027236214
fine_category,adverb,128,16,kl_full_to_compact,sink_plus_recent_minus_recent_only,0.01506254344642388,11,-0.002040041827289811,0.0331884846084215
fine_category,auxiliary,128,16,kl_full_to_compact,sink_plus_recent_minus_recent_only,0.032460821416232175,14,-0.004643766004356578,0.08598680303724865
fine_category,common_noun,128,16,kl_full_to_compact,sink_plus_recent_minus_recent_only,0.04925437184298593,16,-0.005469096352207796,0.1296229432384544
fine_category,coordinating_conjunction,128,16,kl_full_to_compact,sink_plus_recent_minus_recent_only,0.029790649558546847,15,0.010964325621817907,0.05451950801614049
fine_category,determiner,128,16,kl_full_to_compact,sink_plus_recent_minus_recent_only,0.05295476405436559,16,0.021913842195672693,0.08686489584783669
fine_category,interjection,128,16,kl_full_to_compact,sink_plus_recent_minus_recent_only,0.04402241110801697,2,0.03837093710899353,0.049673885107040405
fine_category,negation,128,16,kl_full_to_compact,sink_plus_recent_minus_recent_only,-0.021412677804437407,10,-0.0731328186894325,0.011966734087886823
fine_category,number,128,16,kl_full_to_compact,sink_plus_recent_minus_recent_only,0.04478204311081855,6,0.018106900713666822,0.07073302401436699
fine_category,other,128,16,kl_full_to_compact,sink_plus_recent_minus_recent_only,0.0387656355435288,16,-0.01744348381256548,0.10881881600743885
fine_category,particle,128,16,kl_full_to_compact,sink_plus_recent_minus_recent_only,0.006640067498665303,9,-0.021327137843602233,0.02893587537756597
fine_category,pronoun,128,16,kl_full_to_compact,sink_plus_recent_minus_recent_only,0.041574750658084025,15,0.01502444642500989,0.07814281015397156
fine_category,proper_noun,128,16,kl_full_to_compact,sink_plus_recent_minus_recent_only,0.10806803572603922,13,-0.11427102089362681,0.4020944482922039
fine_category,punctuation,128,16,kl_full_to_compact,sink_plus_recent_minus_recent_only,0.047045320086966505,16,0.019333206908065927,0.0762789951352008
fine_category,question_word,128,16,kl_full_to_compact,sink_plus_recent_minus_recent_only,0.039577327169492055,11,0.00822091676827492,0.08713235385481366
fine_category,subordinating_conjunction,128,16,kl_full_to_compact,sink_plus_recent_minus_recent_only,0.09404680672256897,8,0.005696087023049283,0.2449684920061069
fine_category,verb,128,16,kl_full_to_compact,sink_plus_recent_minus_recent_only,0.0500744452645464,16,0.0244674760033548,0.08131956364673906
fine_category,adjective,512,16,kl_full_to_compact,sink_plus_recent_minus_recent_only,0.0016698481897032302,14,-0.004508722464992922,0.007212814610089282
fine_category,adposition,512,16,kl_full_to_compact,sink_plus_recent_minus_recent_only,0.00014900908520831585,16,-0.0018423880247825529,0.002001229457503408
fine_category,adverb,512,16,kl_full_to_compact,sink_plus_recent_minus_recent_only,0.0018890786851305603,11,-0.00011811382696302621,0.003811163080860172
fine_category,auxiliary,512,16,kl_full_to_compact,sink_plus_recent_minus_recent_only,-0.0004933111658668286,14,-0.005742595843403745,0.005806785187120524
fine_category,common_noun,512,16,kl_full_to_compact,sink_plus_recent_minus_recent_only,-0.005337867792474061,16,-0.013973718021012917,0.0011257283697899386
fine_category,coordinating_conjunction,512,16,kl_full_to_compact,sink_plus_recent_minus_recent_only,-0.0007913952624221566,15,-0.004807942143552281,0.0034963330892737233
fine_category,determiner,512,16,kl_full_to_compact,sink_plus_recent_minus_recent_only,0.010150238155639662,16,0.0007161524097716664,0.02509712574056114
fine_category,interjection,512,16,kl_full_to_compact,sink_plus_recent_minus_recent_only,-5.8241188526153564e-05,2,-0.0016270875930786133,0.0015106052160263062
fine_category,negation,512,16,kl_full_to_compact,sink_plus_recent_minus_recent_only,0.002365063348293006,10,-0.006161772677798468,0.009759907850655619
fine_category,number,512,16,kl_full_to_compact,sink_plus_recent_minus_recent_only,-0.009048646424467835,6,-0.04253767642916904,0.02373676922494623
fine_category,other,512,16,kl_full_to_compact,sink_plus_recent_minus_recent_only,0.0015056241907228606,16,-0.006124535691139444,0.00974735878304211
fine_category,particle,512,16,kl_full_to_compact,sink_plus_recent_minus_recent_only,-0.0036849130473355115,9,-0.010928201323703333,0.0023826560341856547
fine_category,pronoun,512,16,kl_full_to_compact,sink_plus_recent_minus_recent_only,0.0016898824420496605,15,-0.0004512787958132665,0.004421395627454617
fine_category,proper_noun,512,16,kl_full_to_compact,sink_plus_recent_minus_recent_only,-0.01573298211996132,13,-0.07870933188526949,0.02463154756814483
fine_category,punctuation,512,16,kl_full_to_compact,sink_plus_recent_minus_recent_only,0.005369769825656909,16,-0.0010525038478564445,0.013942927027777233
fine_category,question_word,512,16,kl_full_to_compact,sink_plus_recent_minus_recent_only,-0.008767904247647632,11,-0.017381031365287278,-0.001092026502870304
fine_category,subordinating_conjunction,512,16,kl_full_to_compact,sink_plus_recent_minus_recent_only,-0.0023768242548006433,8,-0.006518762002087897,0.001686548909250025
fine_category,verb,512,16,kl_full_to_compact,sink_plus_recent_minus_recent_only,0.0009742948420849147,16,-0.004795278352598148,0.007198885093136118
fine_category,adjective,1024,16,kl_full_to_compact,sink_plus_recent_minus_recent_only,-0.00044347089759347894,14,-0.0028439776994897124,0.001369586276471812
fine_category,adposition,1024,16,kl_full_to_compact,sink_plus_recent_minus_recent_only,-0.00045080330417192815,16,-0.0030485181769264106,0.0016694288399951762
fine_category,adverb,1024,16,kl_full_to_compact,sink_plus_recent_minus_recent_only,0.0006930358858081683,11,-0.0025475271140397017,0.0036446530575101996
fine_category,auxiliary,1024,16,kl_full_to_compact,sink_plus_recent_minus_recent_only,0.00211500779861825,14,0.00031128354002341475,0.004144584774004048
fine_category,common_noun,1024,16,kl_full_to_compact,sink_plus_recent_minus_recent_only,2.4477423298927773e-05,16,-0.003277707746210987,0.0029697014458815395
fine_category,coordinating_conjunction,1024,16,kl_full_to_compact,sink_plus_recent_minus_recent_only,0.0006112352546551846,15,-0.0022323872923410214,0.004256922339684221
fine_category,determiner,1024,16,kl_full_to_compact,sink_plus_recent_minus_recent_only,-0.0008674115114948627,16,-0.003091939209688654,0.0010703073091365555
fine_category,interjection,1024,16,kl_full_to_compact,sink_plus_recent_minus_recent_only,0.003507431596517563,2,0.0030674785375595093,0.0039473846554756165
fine_category,negation,1024,16,kl_full_to_compact,sink_plus_recent_minus_recent_only,-0.0030240736747373376,10,-0.00730190929782168,0.0003104737196412084
fine_category,number,1024,16,kl_full_to_compact,sink_plus_recent_minus_recent_only,-0.00702258245071587,6,-0.02107502209643523,0.003963934991467493
fine_category,other,1024,16,kl_full_to_compact,sink_plus_recent_minus_recent_only,0.0012976307503629234,16,-0.0013575365514912124,0.0047065826681359415
fine_category,particle,1024,16,kl_full_to_compact,sink_plus_recent_minus_recent_only,0.002398869881290011,9,-0.0023462076369469287,0.007800275296055276
fine_category,pronoun,1024,16,kl_full_to_compact,sink_plus_recent_minus_recent_only,0.001344264814792663,15,0.00032385443012513814,0.0025431718746169157
fine_category,proper_noun,1024,16,kl_full_to_compact,sink_plus_recent_minus_recent_only,0.006454389315551733,13,0.0031943626613848697,0.010470369022702947
fine_category,punctuation,1024,16,kl_full_to_compact,sink_plus_recent_minus_recent_only,-0.001028469702113297,16,-0.006011873867507549,0.002179584633557256
fine_category,question_word,1024,16,kl_full_to_compact,sink_plus_recent_minus_recent_only,0.0024780733845986874,11,-0.0005616360100578855,0.006107124329939708
fine_category,subordinating_conjunction,1024,16,kl_full_to_compact,sink_plus_recent_minus_recent_only,0.002520539925171761,8,-0.002702114508701925,0.0072562284102787086
fine_category,verb,1024,16,kl_full_to_compact,sink_plus_recent_minus_recent_only,0.0017314101788354018,16,0.0005806525498042491,0.002773905758334995
fine_category,adjective,2048,16,kl_full_to_compact,sink_plus_recent_minus_recent_only,3.2577476790161765e-05,14,-0.0015797885614826385,0.0015985457939569972
fine_category,adposition,2048,16,kl_full_to_compact,sink_plus_recent_minus_recent_only,0.0004424250168315685,16,-0.0006270646483359931,0.0015933381026021565
fine_category,adverb,2048,16,kl_full_to_compact,sink_plus_recent_minus_recent_only,3.354434641716414e-05,11,-0.004226756228912233,0.005777247345033937
fine_category,auxiliary,2048,16,kl_full_to_compact,sink_plus_recent_minus_recent_only,-0.000794718627616776,14,-0.0028978980270089254,0.0009200370255984411
fine_category,common_noun,2048,16,kl_full_to_compact,sink_plus_recent_minus_recent_only,0.0011328164082787767,16,-0.0005918033345617266,0.0032069757574184447
fine_category,coordinating_conjunction,2048,16,kl_full_to_compact,sink_plus_recent_minus_recent_only,-0.00024597591344799086,15,-0.0020028806773065193,0.0009178996396983362
fine_category,determiner,2048,16,kl_full_to_compact,sink_plus_recent_minus_recent_only,0.0005906282729903351,16,-0.0012303428575077783,0.0025465829267964824
fine_category,interjection,2048,16,kl_full_to_compact,sink_plus_recent_minus_recent_only,0.002406543120741844,2,0.001329965889453888,0.0034831203520298004
fine_category,negation,2048,16,kl_full_to_compact,sink_plus_recent_minus_recent_only,0.0004767331500943328,10,-0.0026048263267955465,0.004127239677789582
fine_category,number,2048,16,kl_full_to_compact,sink_plus_recent_minus_recent_only,0.006329909119560599,6,0.0014564558422939123,0.012634264822635388
fine_category,other,2048,16,kl_full_to_compact,sink_plus_recent_minus_recent_only,-0.0008661492935731176,16,-0.0047171772607691445,0.002214949629283214
fine_category,particle,2048,16,kl_full_to_compact,sink_plus_recent_minus_recent_only,-0.0023862600808368167,9,-0.007449843724154764,0.001319382103611133
fine_category,pronoun,2048,16,kl_full_to_compact,sink_plus_recent_minus_recent_only,-0.0008341262031758904,15,-0.0027408168138172216,0.0007082085254351121
fine_category,proper_noun,2048,16,kl_full_to_compact,sink_plus_recent_minus_recent_only,-0.0024403525389173975,13,-0.005946632419364532,0.0005083475686362819
fine_category,punctuation,2048,16,kl_full_to_compact,sink_plus_recent_minus_recent_only,-0.008664533950571688,16,-0.026449345617206816,0.001605928252172632
fine_category,question_word,2048,16,kl_full_to_compact,sink_plus_recent_minus_recent_only,-0.0032709467843894595,11,-0.011449641448548804,0.0015961388623426578
fine_category,subordinating_conjunction,2048,16,kl_full_to_compact,sink_plus_recent_minus_recent_only,0.0003044632806753118,8,-0.0013933897148187195,0.0020469556141809618
fine_category,verb,2048,16,kl_full_to_compact,sink_plus_recent_minus_recent_only,4.356744637632734e-05,16,-0.0016277640273322392,0.0017892994711146922
fine_category,adjective,4096,16,kl_full_to_compact,sink_plus_recent_minus_recent_only,-0.0009965896278857848,14,-0.002494585457116157,0.00034744150206291016
fine_category,adposition,4096,16,kl_full_to_compact,sink_plus_recent_minus_recent_only,0.0009990880462741529,16,0.0001633654943497057,0.0021539274392742835
fine_category,adverb,4096,16,kl_full_to_compact,sink_plus_recent_minus_recent_only,-0.005397212066470798,11,-0.013920183741205908,0.0004469797684685694
fine_category,auxiliary,4096,16,kl_full_to_compact,sink_plus_recent_minus_recent_only,0.0007435988449114595,14,-0.0010644405831893285,0.0029039398024837087
fine_category,common_noun,4096,16,kl_full_to_compact,sink_plus_recent_minus_recent_only,0.00026041758284692153,16,-0.0006744067358821338,0.0013160699659694795
fine_category,coordinating_conjunction,4096,16,kl_full_to_compact,sink_plus_recent_minus_recent_only,0.0007560107802520279,15,-0.0006966655448021205,0.002330032429390232
fine_category,determiner,4096,16,kl_full_to_compact,sink_plus_recent_minus_recent_only,-0.0010528774650042903,16,-0.002165160292753994,-7.356079911953702e-05
fine_category,interjection,4096,16,kl_full_to_compact,sink_plus_recent_minus_recent_only,-0.00034300494007766247,2,-0.0011464990675449371,0.0004604891873896122
fine_category,negation,4096,16,kl_full_to_compact,sink_plus_recent_minus_recent_only,0.0007663298930310703,10,9.367478643866889e-05,0.001442652185222641
fine_category,number,4096,16,kl_full_to_compact,sink_plus_recent_minus_recent_only,-1.89208348072296e-05,6,-0.001996882688318793,0.0017866230197695484
fine_category,other,4096,16,kl_full_to_compact,sink_plus_recent_minus_recent_only,-0.00039973063592034877,16,-0.002850786142262358,0.0018385686479604445
fine_category,particle,4096,16,kl_full_to_compact,sink_plus_recent_minus_recent_only,0.0009626893077741746,9,-0.0010729261458259822,0.0033082484790472495
fine_category,pronoun,4096,16,kl_full_to_compact,sink_plus_recent_minus_recent_only,0.00044706111105579114,15,-0.0002249612269694298,0.0013107716117319282
fine_category,proper_noun,4096,16,kl_full_to_compact,sink_plus_recent_minus_recent_only,-0.0007862437321172708,13,-0.002357118730781825,0.0010446318526571828
fine_category,punctuation,4096,16,kl_full_to_compact,sink_plus_recent_minus_recent_only,7.982943227019946e-06,16,-0.0015233742437021555,0.001247471165149943
fine_category,question_word,4096,16,kl_full_to_compact,sink_plus_recent_minus_recent_only,-0.0011013826133972598,11,-0.0030976740899749337,0.0005555658432333999
fine_category,subordinating_conjunction,4096,16,kl_full_to_compact,sink_plus_recent_minus_recent_only,-0.0004533125259816491,8,-0.001947461304856309,0.0012089577721477894
fine_category,verb,4096,16,kl_full_to_compact,sink_plus_recent_minus_recent_only,-0.00014408587409168582,16,-0.0010276966007160143,0.0007380944562137438
fine_category,adjective,8192,16,kl_full_to_compact,sink_plus_recent_minus_recent_only,0.00034285267382672395,14,-0.000776201929566236,0.0015694171870563936
fine_category,adposition,8192,16,kl_full_to_compact,sink_plus_recent_minus_recent_only,-3.3066306866896123e-06,16,-0.0005361993717121667,0.0005014689247794905
fine_category,adverb,8192,16,kl_full_to_compact,sink_plus_recent_minus_recent_only,-3.908399085048586e-05,11,-0.001775715529314022,0.0013913672433277082
fine_category,auxiliary,8192,16,kl_full_to_compact,sink_plus_recent_minus_recent_only,-0.0004749980080961075,14,-0.0019614127590751127,0.0004883736569578331
fine_category,common_noun,8192,16,kl_full_to_compact,sink_plus_recent_minus_recent_only,-0.00025557782759354133,16,-0.0010500382957577756,0.0004632400162891387
fine_category,coordinating_conjunction,8192,16,kl_full_to_compact,sink_plus_recent_minus_recent_only,-1.1664662131099446e-05,15,-0.0004352728381976097,0.00041414545514587383
fine_category,determiner,8192,16,kl_full_to_compact,sink_plus_recent_minus_recent_only,0.0003139312950266804,16,-0.00044032149862527516,0.0010877388094298977
fine_category,interjection,8192,16,kl_full_to_compact,sink_plus_recent_minus_recent_only,-0.0003666551783680916,2,-0.0007682647556066513,3.495439887046814e-05
fine_category,negation,8192,16,kl_full_to_compact,sink_plus_recent_minus_recent_only,0.0001149751078855843,10,-0.0009107749453016822,0.0010676313366758446
fine_category,number,8192,16,kl_full_to_compact,sink_plus_recent_minus_recent_only,0.001299422464910549,6,-0.0029787422800874688,0.007611209945025621
fine_category,other,8192,16,kl_full_to_compact,sink_plus_recent_minus_recent_only,0.00011323268315307488,16,-0.0006733079508449609,0.0008158387100443791
fine_category,particle,8192,16,kl_full_to_compact,sink_plus_recent_minus_recent_only,-0.0015910707623700343,9,-0.004031537531260673,0.0007592594587083872
fine_category,pronoun,8192,16,kl_full_to_compact,sink_plus_recent_minus_recent_only,-0.00026606457517682977,15,-0.0006852765697793006,0.00018764931390680825
fine_category,proper_noun,8192,16,kl_full_to_compact,sink_plus_recent_minus_recent_only,0.0018339515713857205,13,-0.0004827678625697619,0.0051783452973643285
fine_category,punctuation,8192,16,kl_full_to_compact,sink_plus_recent_minus_recent_only,-0.0004670506485787147,16,-0.0015037933869876683,0.0005932826463389382
fine_category,question_word,8192,16,kl_full_to_compact,sink_plus_recent_minus_recent_only,0.001048471198759437,11,-0.0009571754344506188,0.0038207223742078474
fine_category,subordinating_conjunction,8192,16,kl_full_to_compact,sink_plus_recent_minus_recent_only,0.0006306241636290603,8,-0.00024943698069061304,0.0016381680089125438
fine_category,verb,8192,16,kl_full_to_compact,sink_plus_recent_minus_recent_only,-0.0007473998863656035,16,-0.0013929295464589519,-0.00010614571232759972
fine_category,adjective,128,4,top1_changed,sink_plus_recent_minus_recent_only,0.0,14,0.0,0.0
fine_category,adposition,128,4,top1_changed,sink_plus_recent_minus_recent_only,-0.003077651515151516,16,-0.030539772727272728,0.025568181818181816
fine_category,adverb,128,4,top1_changed,sink_plus_recent_minus_recent_only,0.07575757575757575,11,0.0,0.19696969696969696
fine_category,auxiliary,128,4,top1_changed,sink_plus_recent_minus_recent_only,0.02142857142857143,14,-0.042857142857142864,0.10714285714285714
fine_category,common_noun,128,4,top1_changed,sink_plus_recent_minus_recent_only,0.013550804093567253,16,-0.009882127192982456,0.04671052631578948
fine_category,coordinating_conjunction,128,4,top1_changed,sink_plus_recent_minus_recent_only,-0.03333333333333333,15,-0.1,0.0
fine_category,determiner,128,4,top1_changed,sink_plus_recent_minus_recent_only,0.008928571428571428,16,0.0,0.026785714285714284
fine_category,interjection,128,4,top1_changed,sink_plus_recent_minus_recent_only,0.0,2,0.0,0.0
fine_category,negation,128,4,top1_changed,sink_plus_recent_minus_recent_only,0.0,10,0.0,0.0
fine_category,number,128,4,top1_changed,sink_plus_recent_minus_recent_only,0.0,6,0.0,0.0
fine_category,other,128,4,top1_changed,sink_plus_recent_minus_recent_only,0.00625,16,0.0,0.018750000000000003
fine_category,particle,128,4,top1_changed,sink_plus_recent_minus_recent_only,-0.05555555555555555,9,-0.16666666666666666,0.0
fine_category,pronoun,128,4,top1_changed,sink_plus_recent_minus_recent_only,0.020000000000000004,15,0.0,0.04666666666666667
fine_category,proper_noun,128,4,top1_changed,sink_plus_recent_minus_recent_only,0.0,13,0.0,0.0
fine_category,punctuation,128,4,top1_changed,sink_plus_recent_minus_recent_only,-0.00322420634920635,16,-0.03821614583333333,0.033234126984126984
fine_category,question_word,128,4,top1_changed,sink_plus_recent_minus_recent_only,-0.09090909090909091,11,-0.2727272727272727,0.0
fine_category,subordinating_conjunction,128,4,top1_changed,sink_plus_recent_minus_recent_only,0.0,8,0.0,0.0
fine_category,verb,128,4,top1_changed,sink_plus_recent_minus_recent_only,-0.007217261904761907,16,-0.054056750541125534,0.04021864853896096
fine_category,adjective,512,4,top1_changed,sink_plus_recent_minus_recent_only,0.01020408163265306,14,-0.030612244897959183,0.061224489795918366
fine_category,adposition,512,4,top1_changed,sink_plus_recent_minus_recent_only,-0.0078125,16,-0.0234375,0.0
fine_category,adverb,512,4,top1_changed,sink_plus_recent_minus_recent_only,0.0,11,0.0,0.0
fine_category,auxiliary,512,4,top1_changed,sink_plus_recent_minus_recent_only,0.008928571428571428,14,0.0,0.026785714285714284
fine_category,common_noun,512,4,top1_changed,sink_plus_recent_minus_recent_only,0.016062291144527986,16,-0.015738075657894732,0.05122327302631574
fine_category,coordinating_conjunction,512,4,top1_changed,sink_plus_recent_minus_recent_only,0.02222222222222222,15,0.0,0.06666666666666667
fine_category,determiner,512,4,top1_changed,sink_plus_recent_minus_recent_only,-0.0125,16,-0.037500000000000006,0.0
fine_category,interjection,512,4,top1_changed,sink_plus_recent_minus_recent_only,0.0,2,0.0,0.0
fine_category,negation,512,4,top1_changed,sink_plus_recent_minus_recent_only,0.0,10,0.0,0.0
fine_category,number,512,4,top1_changed,sink_plus_recent_minus_recent_only,0.0,6,0.0,0.0
fine_category,other,512,4,top1_changed,sink_plus_recent_minus_recent_only,0.027777777777777776,16,0.0,0.07638888888888888
fine_category,particle,512,4,top1_changed,sink_plus_recent_minus_recent_only,0.0,9,0.0,0.0
fine_category,pronoun,512,4,top1_changed,sink_plus_recent_minus_recent_only,0.011746031746031747,15,-0.02222222222222222,0.05523809523809523
fine_category,proper_noun,512,4,top1_changed,sink_plus_recent_minus_recent_only,0.0,13,0.0,0.0
fine_category,punctuation,512,4,top1_changed,sink_plus_recent_minus_recent_only,0.03184523809523809,16,0.0,0.06726190476190477
fine_category,question_word,512,4,top1_changed,sink_plus_recent_minus_recent_only,0.0,11,0.0,0.0
fine_category,subordinating_conjunction,512,4,top1_changed,sink_plus_recent_minus_recent_only,0.0,8,0.0,0.0
fine_category,verb,512,4,top1_changed,sink_plus_recent_minus_recent_only,0.0078125,16,0.0,0.0234375
fine_category,adjective,1024,4,top1_changed,sink_plus_recent_minus_recent_only,0.01020408163265306,14,0.0,0.030612244897959183
fine_category,adposition,1024,4,top1_changed,sink_plus_recent_minus_recent_only,0.017361111111111112,16,0.0,0.04513888888888889
fine_category,adverb,1024,4,top1_changed,sink_plus_recent_minus_recent_only,0.0,11,0.0,0.0
fine_category,auxiliary,1024,4,top1_changed,sink_plus_recent_minus_recent_only,0.0,14,0.0,0.0
fine_category,common_noun,1024,4,top1_changed,sink_plus_recent_minus_recent_only,0.005681818181818182,16,0.0,0.017045454545454544
fine_category,coordinating_conjunction,1024,4,top1_changed,sink_plus_recent_minus_recent_only,0.0,15,0.0,0.0
fine_category,determiner,1024,4,top1_changed,sink_plus_recent_minus_recent_only,0.0,16,0.0,0.0
fine_category,interjection,1024,4,top1_changed,sink_plus_recent_minus_recent_only,0.0,2,0.0,0.0
fine_category,negation,1024,4,top1_changed,sink_plus_recent_minus_recent_only,0.0,10,0.0,0.0
fine_category,number,1024,4,top1_changed,sink_plus_recent_minus_recent_only,0.0,6,0.0,0.0
fine_category,other,1024,4,top1_changed,sink_plus_recent_minus_recent_only,0.0125,16,0.0,0.037500000000000006
fine_category,particle,1024,4,top1_changed,sink_plus_recent_minus_recent_only,0.0,9,0.0,0.0
fine_category,pronoun,1024,4,top1_changed,sink_plus_recent_minus_recent_only,-0.008333333333333333,15,-0.025,0.0
fine_category,proper_noun,1024,4,top1_changed,sink_plus_recent_minus_recent_only,0.010989010989010988,13,0.0,0.03296703296703297
fine_category,punctuation,1024,4,top1_changed,sink_plus_recent_minus_recent_only,0.0,16,0.0,0.0
fine_category,question_word,1024,4,top1_changed,sink_plus_recent_minus_recent_only,0.0303030303030303,11,0.0,0.09090909090909091
fine_category,subordinating_conjunction,1024,4,top1_changed,sink_plus_recent_minus_recent_only,0.0,8,0.0,0.0
fine_category,verb,1024,4,top1_changed,sink_plus_recent_minus_recent_only,0.0035984848484848474,16,-0.031818181818181815,0.03693181818181818
fine_category,adjective,2048,4,top1_changed,sink_plus_recent_minus_recent_only,-0.01020408163265306,14,-0.030612244897959183,0.0
fine_category,adposition,2048,4,top1_changed,sink_plus_recent_minus_recent_only,-0.008928571428571428,16,-0.026785714285714284,0.0
fine_category,adverb,2048,4,top1_changed,sink_plus_recent_minus_recent_only,-0.0303030303030303,11,-0.1212121212121212,0.045454545454545456
fine_category,auxiliary,2048,4,top1_changed,sink_plus_recent_minus_recent_only,0.020833333333333332,14,0.0,0.05357142857142856
fine_category,common_noun,2048,4,top1_changed,sink_plus_recent_minus_recent_only,0.002136752136752136,16,-0.014423076923076924,0.020833333333333332
fine_category,coordinating_conjunction,2048,4,top1_changed,sink_plus_recent_minus_recent_only,0.0,15,0.0,0.0
fine_category,determiner,2048,4,top1_changed,sink_plus_recent_minus_recent_only,0.0,16,0.0,0.0
fine_category,interjection,2048,4,top1_changed,sink_plus_recent_minus_recent_only,0.0,2,0.0,0.0
fine_category,negation,2048,4,top1_changed,sink_plus_recent_minus_recent_only,0.0,10,0.0,0.0
fine_category,number,2048,4,top1_changed,sink_plus_recent_minus_recent_only,0.0,6,0.0,0.0
fine_category,other,2048,4,top1_changed,sink_plus_recent_minus_recent_only,0.0,16,0.0,0.0
fine_category,particle,2048,4,top1_changed,sink_plus_recent_minus_recent_only,0.0,9,0.0,0.0
fine_category,pronoun,2048,4,top1_changed,sink_plus_recent_minus_recent_only,0.008333333333333333,15,0.0,0.025
fine_category,proper_noun,2048,4,top1_changed,sink_plus_recent_minus_recent_only,-0.027472527472527472,13,-0.11538461538461539,0.03296703296703297
fine_category,punctuation,2048,4,top1_changed,sink_plus_recent_minus_recent_only,0.002604166666666666,16,-0.0234375,0.03125
fine_category,question_word,2048,4,top1_changed,sink_plus_recent_minus_recent_only,0.0,11,0.0,0.0
fine_category,subordinating_conjunction,2048,4,top1_changed,sink_plus_recent_minus_recent_only,0.0,8,0.0,0.0
fine_category,verb,2048,4,top1_changed,sink_plus_recent_minus_recent_only,0.02291666666666667,16,0.0,0.05625
fine_category,adjective,4096,4,top1_changed,sink_plus_recent_minus_recent_only,0.0,14,0.0,0.0
fine_category,adposition,4096,4,top1_changed,sink_plus_recent_minus_recent_only,-0.008680555555555558,16,-0.05555555555555555,0.03125
fine_category,adverb,4096,4,top1_changed,sink_plus_recent_minus_recent_only,-0.004545454545454544,11,-0.06818181818181818,0.05454545454545456
fine_category,auxiliary,4096,4,top1_changed,sink_plus_recent_minus_recent_only,0.0,14,0.0,0.0
fine_category,common_noun,4096,4,top1_changed,sink_plus_recent_minus_recent_only,0.003289473684210526,16,0.0,0.009868421052631578
fine_category,coordinating_conjunction,4096,4,top1_changed,sink_plus_recent_minus_recent_only,0.0,15,0.0,0.0
fine_category,determiner,4096,4,top1_changed,sink_plus_recent_minus_recent_only,-0.015625,16,-0.046875,0.0
fine_category,interjection,4096,4,top1_changed,sink_plus_recent_minus_recent_only,0.0,2,0.0,0.0
fine_category,negation,4096,4,top1_changed,sink_plus_recent_minus_recent_only,0.0,10,0.0,0.0
fine_category,number,4096,4,top1_changed,sink_plus_recent_minus_recent_only,0.0,6,0.0,0.0
fine_category,other,4096,4,top1_changed,sink_plus_recent_minus_recent_only,0.015625,16,0.0,0.046875
fine_category,particle,4096,4,top1_changed,sink_plus_recent_minus_recent_only,0.1111111111111111,9,0.0,0.3333333333333333
fine_category,pronoun,4096,4,top1_changed,sink_plus_recent_minus_recent_only,0.0,15,0.0,0.0
fine_category,proper_noun,4096,4,top1_changed,sink_plus_recent_minus_recent_only,-0.038461538461538464,13,-0.11538461538461539,0.0
fine_category,punctuation,4096,4,top1_changed,sink_plus_recent_minus_recent_only,-0.001984126984126984,16,-0.04241071428571429,0.04427083333333333
fine_category,question_word,4096,4,top1_changed,sink_plus_recent_minus_recent_only,0.0,11,0.0,0.0
fine_category,subordinating_conjunction,4096,4,top1_changed,sink_plus_recent_minus_recent_only,0.0,8,0.0,0.0
fine_category,verb,4096,4,top1_changed,sink_plus_recent_minus_recent_only,-0.03392857142857143,16,-0.09285714285714286,0.0
fine_category,adjective,8192,4,top1_changed,sink_plus_recent_minus_recent_only,0.0,14,0.0,0.0
fine_category,adposition,8192,4,top1_changed,sink_plus_recent_minus_recent_only,0.0,16,0.0,0.0
fine_category,adverb,8192,4,top1_changed,sink_plus_recent_minus_recent_only,-0.045454545454545456,11,-0.1590909090909091,0.045454545454545456
fine_category,auxiliary,8192,4,top1_changed,sink_plus_recent_minus_recent_only,-0.008928571428571428,14,-0.026785714285714284,0.0
fine_category,common_noun,8192,4,top1_changed,sink_plus_recent_minus_recent_only,0.0021734022556390976,16,-0.025669642857142853,0.03125
fine_category,coordinating_conjunction,8192,4,top1_changed,sink_plus_recent_minus_recent_only,-0.016666666666666666,15,-0.05,0.0
fine_category,determiner,8192,4,top1_changed,sink_plus_recent_minus_recent_only,-0.0125,16,-0.037500000000000006,0.0
fine_category,interjection,8192,4,top1_changed,sink_plus_recent_minus_recent_only,0.0,2,0.0,0.0
fine_category,negation,8192,4,top1_changed,sink_plus_recent_minus_recent_only,0.0,10,0.0,0.0
fine_category,number,8192,4,top1_changed,sink_plus_recent_minus_recent_only,0.0,6,0.0,0.0
fine_category,other,8192,4,top1_changed,sink_plus_recent_minus_recent_only,-0.00625,16,-0.018750000000000003,0.0
fine_category,particle,8192,4,top1_changed,sink_plus_recent_minus_recent_only,0.0,9,0.0,0.0
fine_category,pronoun,8192,4,top1_changed,sink_plus_recent_minus_recent_only,-0.013333333333333334,15,-0.04000000000000001,0.0
fine_category,proper_noun,8192,4,top1_changed,sink_plus_recent_minus_recent_only,0.019230769230769232,13,0.0,0.057692307692307696
fine_category,punctuation,8192,4,top1_changed,sink_plus_recent_minus_recent_only,0.03645833333333333,16,0.0078125,0.07031249999999999
fine_category,question_word,8192,4,top1_changed,sink_plus_recent_minus_recent_only,0.0,11,0.0,0.0
fine_category,subordinating_conjunction,8192,4,top1_changed,sink_plus_recent_minus_recent_only,0.0,8,0.0,0.0
fine_category,verb,8192,4,top1_changed,sink_plus_recent_minus_recent_only,0.0125,16,0.0,0.037500000000000006
fine_category,adjective,128,16,top1_changed,sink_plus_recent_minus_recent_only,-0.004676870748299319,14,-0.07142857142857142,0.05612244897959184
fine_category,adposition,128,16,top1_changed,sink_plus_recent_minus_recent_only,0.01688762626262626,16,-0.04734848484848485,0.09027777777777776
fine_category,adverb,128,16,top1_changed,sink_plus_recent_minus_recent_only,0.07575757575757575,11,0.0,0.18181818181818182
fine_category,auxiliary,128,16,top1_changed,sink_plus_recent_minus_recent_only,-0.013605442176870748,14,-0.08027210884353742,0.044897959183673466
fine_category,common_noun,128,16,top1_changed,sink_plus_recent_minus_recent_only,0.010043437921727396,16,-0.01998987854251012,0.04463842147435894
fine_category,coordinating_conjunction,128,16,top1_changed,sink_plus_recent_minus_recent_only,0.011111111111111117,15,-0.12222222222222222,0.17777777777777776
fine_category,determiner,128,16,top1_changed,sink_plus_recent_minus_recent_only,0.06458333333333333,16,-0.020833333333333332,0.20416666666666666
fine_category,interjection,128,16,top1_changed,sink_plus_recent_minus_recent_only,-0.5,2,-1.0,0.0
fine_category,negation,128,16,top1_changed,sink_plus_recent_minus_recent_only,0.0,10,0.0,0.0
fine_category,number,128,16,top1_changed,sink_plus_recent_minus_recent_only,0.1111111111111111,6,0.0,0.27777777777777773
fine_category,other,128,16,top1_changed,sink_plus_recent_minus_recent_only,0.021875,16,-0.03125,0.078125
fine_category,particle,128,16,top1_changed,sink_plus_recent_minus_recent_only,-0.05555555555555555,9,-0.16666666666666666,0.0
fine_category,pronoun,128,16,top1_changed,sink_plus_recent_minus_recent_only,0.061369436663554315,15,-0.008154372860255213,0.14010582010582012
fine_category,proper_noun,128,16,top1_changed,sink_plus_recent_minus_recent_only,0.05384615384615384,13,0.0,0.1386538461538451
fine_category,punctuation,128,16,top1_changed,sink_plus_recent_minus_recent_only,0.01240079365079365,16,-0.02232762896825397,0.0491164434523809
fine_category,question_word,128,16,top1_changed,sink_plus_recent_minus_recent_only,0.0,11,0.0,0.0
fine_category,subordinating_conjunction,128,16,top1_changed,sink_plus_recent_minus_recent_only,0.125,8,0.0,0.375
fine_category,verb,128,16,top1_changed,sink_plus_recent_minus_recent_only,0.0277732683982684,16,-0.03783143939393939,0.10421773538961038
fine_category,adjective,512,16,top1_changed,sink_plus_recent_minus_recent_only,0.006122448979591835,14,-0.036734693877551024,0.04081632653061224
fine_category,adposition,512,16,top1_changed,sink_plus_recent_minus_recent_only,0.0234375,16,-0.015625,0.07552083333333333
fine_category,adverb,512,16,top1_changed,sink_plus_recent_minus_recent_only,-0.004545454545454544,11,-0.06818181818181818,0.05454545454545456
fine_category,auxiliary,512,16,top1_changed,sink_plus_recent_minus_recent_only,-0.024489795918367346,14,-0.05918367346938775,0.0
fine_category,common_noun,512,16,top1_changed,sink_plus_recent_minus_recent_only,-0.001984126984126984,16,-0.033482142857142856,0.029513888888888888
fine_category,coordinating_conjunction,512,16,top1_changed,sink_plus_recent_minus_recent_only,0.03333333333333333,15,0.0,0.1
fine_category,determiner,512,16,top1_changed,sink_plus_recent_minus_recent_only,-0.0125,16,-0.037500000000000006,0.0
fine_category,interjection,512,16,top1_changed,sink_plus_recent_minus_recent_only,0.0,2,0.0,0.0
fine_category,negation,512,16,top1_changed,sink_plus_recent_minus_recent_only,0.0,10,0.0,0.0
fine_category,number,512,16,top1_changed,sink_plus_recent_minus_recent_only,-0.08333333333333333,6,-0.25,0.0
fine_category,other,512,16,top1_changed,sink_plus_recent_minus_recent_only,-0.00625,16,-0.018750000000000003,0.0
fine_category,particle,512,16,top1_changed,sink_plus_recent_minus_recent_only,0.0,9,0.0,0.0
fine_category,pronoun,512,16,top1_changed,sink_plus_recent_minus_recent_only,-0.01111111111111111,15,-0.03333333333333333,0.0
fine_category,proper_noun,512,16,top1_changed,sink_plus_recent_minus_recent_only,0.07692307692307693,13,0.0,0.23076923076923078
fine_category,punctuation,512,16,top1_changed,sink_plus_recent_minus_recent_only,0.010416666666666666,16,0.0,0.03125
fine_category,question_word,512,16,top1_changed,sink_plus_recent_minus_recent_only,0.0,11,0.0,0.0
fine_category,subordinating_conjunction,512,16,top1_changed,sink_plus_recent_minus_recent_only,0.0,8,0.0,0.0
fine_category,verb,512,16,top1_changed,sink_plus_recent_minus_recent_only,-0.010369318181818183,16,-0.042212357954545456,0.017755681818181816
fine_category,adjective,1024,16,top1_changed,sink_plus_recent_minus_recent_only,0.02040816326530612,14,0.0,0.0510204081632653
fine_category,adposition,1024,16,top1_changed,sink_plus_recent_minus_recent_only,0.01167929292929293,16,-0.011363636363636364,0.041666666666666664
fine_category,adverb,1024,16,top1_changed,sink_plus_recent_minus_recent_only,0.0,11,0.0,0.0
fine_category,auxiliary,1024,16,top1_changed,sink_plus_recent_minus_recent_only,-0.008928571428571428,14,-0.026785714285714284,0.0
fine_category,common_noun,1024,16,top1_changed,sink_plus_recent_minus_recent_only,0.0078125,16,0.0,0.0234375
fine_category,coordinating_conjunction,1024,16,top1_changed,sink_plus_recent_minus_recent_only,-0.02222222222222222,15,-0.06666666666666667,0.0
fine_category,determiner,1024,16,top1_changed,sink_plus_recent_minus_recent_only,0.0,16,0.0,0.0
fine_category,interjection,1024,16,top1_changed,sink_plus_recent_minus_recent_only,0.5,2,0.0,1.0
fine_category,negation,1024,16,top1_changed,sink_plus_recent_minus_recent_only,0.0,10,0.0,0.0
fine_category,number,1024,16,top1_changed,sink_plus_recent_minus_recent_only,0.0,6,0.0,0.0
fine_category,other,1024,16,top1_changed,sink_plus_recent_minus_recent_only,0.00625,16,-0.018750000000000003,0.037500000000000006
fine_category,particle,1024,16,top1_changed,sink_plus_recent_minus_recent_only,0.0,9,0.0,0.0
fine_category,pronoun,1024,16,top1_changed,sink_plus_recent_minus_recent_only,0.017857142857142856,15,0.0,0.044047619047619044
fine_category,proper_noun,1024,16,top1_changed,sink_plus_recent_minus_recent_only,0.0,13,0.0,0.0
fine_category,punctuation,1024,16,top1_changed,sink_plus_recent_minus_recent_only,0.0,16,0.0,0.0
fine_category,question_word,1024,16,top1_changed,sink_plus_recent_minus_recent_only,0.0303030303030303,11,0.0,0.09090909090909091
fine_category,subordinating_conjunction,1024,16,top1_changed,sink_plus_recent_minus_recent_only,0.0,8,0.0,0.0
fine_category,verb,1024,16,top1_changed,sink_plus_recent_minus_recent_only,-0.0020833333333333346,16,-0.037500000000000006,0.03125
fine_category,adjective,2048,16,top1_changed,sink_plus_recent_minus_recent_only,0.0,14,-0.030612244897959183,0.030612244897959183
fine_category,adposition,2048,16,top1_changed,sink_plus_recent_minus_recent_only,0.0,16,0.0,0.0
fine_category,adverb,2048,16,top1_changed,sink_plus_recent_minus_recent_only,0.0,11,0.0,0.0
fine_category,auxiliary,2048,16,top1_changed,sink_plus_recent_minus_recent_only,0.011904761904761904,14,0.0,0.03571428571428571
fine_category,common_noun,2048,16,top1_changed,sink_plus_recent_minus_recent_only,0.0,16,0.0,0.0
fine_category,coordinating_conjunction,2048,16,top1_changed,sink_plus_recent_minus_recent_only,0.02222222222222222,15,0.0,0.06666666666666667
fine_category,determiner,2048,16,top1_changed,sink_plus_recent_minus_recent_only,0.0,16,0.0,0.0
fine_category,interjection,2048,16,top1_changed,sink_plus_recent_minus_recent_only,0.0,2,0.0,0.0
fine_category,negation,2048,16,top1_changed,sink_plus_recent_minus_recent_only,0.0,10,0.0,0.0
fine_category,number,2048,16,top1_changed,sink_plus_recent_minus_recent_only,0.0,6,0.0,0.0
fine_category,other,2048,16,top1_changed,sink_plus_recent_minus_recent_only,-0.015625,16,-0.046875,0.0
fine_category,particle,2048,16,top1_changed,sink_plus_recent_minus_recent_only,0.0,9,0.0,0.0
fine_category,pronoun,2048,16,top1_changed,sink_plus_recent_minus_recent_only,0.01111111111111111,15,0.0,0.03333333333333333
fine_category,proper_noun,2048,16,top1_changed,sink_plus_recent_minus_recent_only,0.0,13,0.0,0.0
fine_category,punctuation,2048,16,top1_changed,sink_plus_recent_minus_recent_only,-0.008928571428571428,16,-0.026785714285714284,0.0
fine_category,question_word,2048,16,top1_changed,sink_plus_recent_minus_recent_only,0.0,11,0.0,0.0
fine_category,subordinating_conjunction,2048,16,top1_changed,sink_plus_recent_minus_recent_only,0.0,8,0.0,0.0
fine_category,verb,2048,16,top1_changed,sink_plus_recent_minus_recent_only,-0.004734848484848484,16,-0.03125,0.017045454545454544
fine_category,adjective,4096,16,top1_changed,sink_plus_recent_minus_recent_only,0.0,14,0.0,0.0
fine_category,adposition,4096,16,top1_changed,sink_plus_recent_minus_recent_only,0.0017361111111111101,16,-0.03993055555555555,0.03819444444444445
fine_category,adverb,4096,16,top1_changed,sink_plus_recent_minus_recent_only,-0.022727272727272728,11,-0.06818181818181818,0.0
fine_category,auxiliary,4096,16,top1_changed,sink_plus_recent_minus_recent_only,0.0,14,0.0,0.0
fine_category,common_noun,4096,16,top1_changed,sink_plus_recent_minus_recent_only,-0.001174812030075188,16,-0.013392857142857142,0.009868421052631578
fine_category,coordinating_conjunction,4096,16,top1_changed,sink_plus_recent_minus_recent_only,-0.02222222222222222,15,-0.06666666666666667,0.0
fine_category,determiner,4096,16,top1_changed,sink_plus_recent_minus_recent_only,0.0,16,0.0,0.0
fine_category,interjection,4096,16,top1_changed,sink_plus_recent_minus_recent_only,0.0,2,0.0,0.0
fine_category,negation,4096,16,top1_changed,sink_plus_recent_minus_recent_only,0.0,10,0.0,0.0
fine_category,number,4096,16,top1_changed,sink_plus_recent_minus_recent_only,0.0,6,0.0,0.0
fine_category,other,4096,16,top1_changed,sink_plus_recent_minus_recent_only,0.015625,16,0.0,0.046875
fine_category,particle,4096,16,top1_changed,sink_plus_recent_minus_recent_only,0.1111111111111111,9,0.0,0.3333333333333333
fine_category,pronoun,4096,16,top1_changed,sink_plus_recent_minus_recent_only,0.0,15,0.0,0.0
fine_category,proper_noun,4096,16,top1_changed,sink_plus_recent_minus_recent_only,-0.038461538461538464,13,-0.11538461538461539,0.0
fine_category,punctuation,4096,16,top1_changed,sink_plus_recent_minus_recent_only,-0.008928571428571428,16,-0.03459821428571429,0.015625
fine_category,question_word,4096,16,top1_changed,sink_plus_recent_minus_recent_only,0.0,11,0.0,0.0
fine_category,subordinating_conjunction,4096,16,top1_changed,sink_plus_recent_minus_recent_only,0.0,8,0.0,0.0
fine_category,verb,4096,16,top1_changed,sink_plus_recent_minus_recent_only,-0.014583333333333335,16,-0.07500000000000001,0.03125
fine_category,adjective,8192,16,top1_changed,sink_plus_recent_minus_recent_only,0.0,14,0.0,0.0
fine_category,adposition,8192,16,top1_changed,sink_plus_recent_minus_recent_only,0.0,16,0.0,0.0
fine_category,adverb,8192,16,top1_changed,sink_plus_recent_minus_recent_only,0.022727272727272728,11,-0.06818181818181818,0.13636363636363635
fine_category,auxiliary,8192,16,top1_changed,sink_plus_recent_minus_recent_only,-0.008928571428571428,14,-0.026785714285714284,0.0
fine_category,common_noun,8192,16,top1_changed,sink_plus_recent_minus_recent_only,-0.005950126262626263,16,-0.04357638888888889,0.028650962752525225
fine_category,coordinating_conjunction,8192,16,top1_changed,sink_plus_recent_minus_recent_only,0.016666666666666666,15,-0.05,0.1
fine_category,determiner,8192,16,top1_changed,sink_plus_recent_minus_recent_only,0.0,16,-0.037500000000000006,0.037500000000000006
fine_category,interjection,8192,16,top1_changed,sink_plus_recent_minus_recent_only,0.0,2,0.0,0.0
fine_category,negation,8192,16,top1_changed,sink_plus_recent_minus_recent_only,0.0,10,0.0,0.0
fine_category,number,8192,16,top1_changed,sink_plus_recent_minus_recent_only,0.0,6,0.0,0.0
fine_category,other,8192,16,top1_changed,sink_plus_recent_minus_recent_only,-0.00625,16,-0.018750000000000003,0.0
fine_category,particle,8192,16,top1_changed,sink_plus_recent_minus_recent_only,0.0,9,0.0,0.0
fine_category,pronoun,8192,16,top1_changed,sink_plus_recent_minus_recent_only,0.01944444444444444,15,0.0,0.049999999999999996
fine_category,proper_noun,8192,16,top1_changed,sink_plus_recent_minus_recent_only,-0.02564102564102564,13,-0.07692307692307693,0.0
fine_category,punctuation,8192,16,top1_changed,sink_plus_recent_minus_recent_only,0.014756944444444444,16,-0.015625,0.04427083333333333
fine_category,question_word,8192,16,top1_changed,sink_plus_recent_minus_recent_only,0.0,11,0.0,0.0
fine_category,subordinating_conjunction,8192,16,top1_changed,sink_plus_recent_minus_recent_only,0.0,8,0.0,0.0
fine_category,verb,8192,16,top1_changed,sink_plus_recent_minus_recent_only,0.0,16,0.0,0.0
pos,ADJ,128,4,delta_ce,sink_plus_recent_minus_recent_only,-0.002042560127305553,14,-0.047433371748942764,0.03842634014669857
pos,ADP,128,4,delta_ce,sink_plus_recent_minus_recent_only,0.022528154775817898,16,-0.0009006694772180047,0.05035163002562006
pos,ADV,128,4,delta_ce,sink_plus_recent_minus_recent_only,0.07889629593401246,11,0.03421195475169401,0.1356070958745355
pos,AUX,128,4,delta_ce,sink_plus_recent_minus_recent_only,0.0620935665009556,14,0.01647254580792616,0.12784607113986812
pos,CCONJ,128,4,delta_ce,sink_plus_recent_minus_recent_only,0.009403942605584033,15,-0.012949195371798446,0.0300351042544288
pos,DET,128,4,delta_ce,sink_plus_recent_minus_recent_only,0.005475166471075811,16,-0.027303230802062897,0.03572015142048258
pos,INTJ,128,4,delta_ce,sink_plus_recent_minus_recent_only,0.09809255599975586,2,-0.06722736358642578,0.2634124755859375
pos,NOUN,128,4,delta_ce,sink_plus_recent_minus_recent_only,-0.026479139626830333,16,-0.05151252731438432,-0.0048747301431897325
pos,NUM,128,4,delta_ce,sink_plus_recent_minus_recent_only,-0.01041053247608943,6,-0.04153880282069116,0.023561003065939685
pos,PART,128,4,delta_ce,sink_plus_recent_minus_recent_only,0.03044427103384144,11,-0.0130028122648946,0.08974187805829745
pos,PRON,128,4,delta_ce,sink_plus_recent_minus_recent_only,0.015307163930533992,15,-0.008192655886554311,0.042604764417811344
pos,PROPN,128,4,delta_ce,sink_plus_recent_minus_recent_only,-0.024332470468806343,14,-0.11911988837508554,0.054804089663213644
pos,PUNCT,128,4,delta_ce,sink_plus_recent_minus_recent_only,0.0026778151793959764,16,-0.01723236848705537,0.02495528115015957
pos,SCONJ,128,4,delta_ce,sink_plus_recent_minus_recent_only,0.044037431393834675,11,0.00779969598321865,0.07707872368451771
pos,SPACE,128,4,delta_ce,sink_plus_recent_minus_recent_only,0.0068663055079317345,16,-0.051459123774237316,0.07757569627579793
pos,VERB,128,4,delta_ce,sink_plus_recent_minus_recent_only,0.06953674517279076,16,0.005261473086554255,0.16039757010595998
pos,X,128,4,delta_ce,sink_plus_recent_minus_recent_only,0.12407845258712769,2,-0.4081411361694336,0.656298041343689
pos,ADJ,512,4,delta_ce,sink_plus_recent_minus_recent_only,-0.0015934694295569,14,-0.01871781898539097,0.01533692638522914
pos,ADP,512,4,delta_ce,sink_plus_recent_minus_recent_only,-0.0018046535998338924,16,-0.014838630999923236,0.013208295593993537
pos,ADV,512,4,delta_ce,sink_plus_recent_minus_recent_only,-0.01507700965841209,11,-0.046698687681741964,0.011574544411157671
pos,AUX,512,4,delta_ce,sink_plus_recent_minus_recent_only,-0.005470035140415287,14,-0.013723718161345457,0.0025995604835607413
pos,CCONJ,512,4,delta_ce,sink_plus_recent_minus_recent_only,-0.007893201608830067,15,-0.02361776954804858,0.006477128221949894
pos,DET,512,4,delta_ce,sink_plus_recent_minus_recent_only,-0.0006511951907820423,16,-0.009882721167491204,0.008498026112547444
pos,INTJ,512,4,delta_ce,sink_plus_recent_minus_recent_only,0.0018312931060791016,2,-0.08423709869384766,0.08789968490600586
pos,NOUN,512,4,delta_ce,sink_plus_recent_minus_recent_only,-0.0009356985153898653,16,-0.01193336952198449,0.011619109520008549
pos,NUM,512,4,delta_ce,sink_plus_recent_minus_recent_only,0.005667436996494264,6,-0.05743749672225628,0.06399349645653274
pos,PART,512,4,delta_ce,sink_plus_recent_minus_recent_only,-0.004292062292381271,11,-0.017082872177385952,0.008546150683117893
pos,PRON,512,4,delta_ce,sink_plus_recent_minus_recent_only,-0.00013500578605251436,15,-0.006489870080148242,0.005848040507311314
pos,PROPN,512,4,delta_ce,sink_plus_recent_minus_recent_only,-0.019497546298207703,14,-0.0839807399212222,0.023874400024104195
pos,PUNCT,512,4,delta_ce,sink_plus_recent_minus_recent_only,0.0016845915638282714,16,-0.01046606953243128,0.01384229929032107
pos,SCONJ,512,4,delta_ce,sink_plus_recent_minus_recent_only,0.009904009769811775,11,-0.002592669476783185,0.024329129949381384
pos,SPACE,512,4,delta_ce,sink_plus_recent_minus_recent_only,-0.0022652298565769046,16,-0.013859826633479315,0.0084792921211067
pos,VERB,512,4,delta_ce,sink_plus_recent_minus_recent_only,0.0032627531429650965,16,-0.014334027993026945,0.02318263392996758
pos,X,512,4,delta_ce,sink_plus_recent_minus_recent_only,0.056310057640075684,2,-0.0030472278594970703,0.11566734313964844
pos,ADJ,1024,4,delta_ce,sink_plus_recent_minus_recent_only,0.015569735755775426,14,0.0018907431095817164,0.031272259065618535
pos,ADP,1024,4,delta_ce,sink_plus_recent_minus_recent_only,-0.00039319582935649173,16,-0.007413281654206998,0.006963952232158642
pos,ADV,1024,4,delta_ce,sink_plus_recent_minus_recent_only,-0.010882794407150483,11,-0.037111177875961986,0.011914268407164107
pos,AUX,1024,4,delta_ce,sink_plus_recent_minus_recent_only,-0.004504023308447581,14,-0.015054334171281075,0.005131496771766967
pos,CCONJ,1024,4,delta_ce,sink_plus_recent_minus_recent_only,0.0033124183670426846,15,-0.009804906856250253,0.01618657058082839
pos,DET,1024,4,delta_ce,sink_plus_recent_minus_recent_only,-0.0018105416622910568,16,-0.010925893677431629,0.006331982591799429
pos,INTJ,1024,4,delta_ce,sink_plus_recent_minus_recent_only,0.06187784671783447,2,0.052213191986083984,0.07154250144958496
pos,NOUN,1024,4,delta_ce,sink_plus_recent_minus_recent_only,0.004902130007615584,16,-0.0014411571887035742,0.011154022361793891
pos,NUM,1024,4,delta_ce,sink_plus_recent_minus_recent_only,-0.030412039117072704,6,-0.055997888247172035,-0.007452124352696247
pos,PART,1024,4,delta_ce,sink_plus_recent_minus_recent_only,-0.019677796842604563,11,-0.04714498873954439,0.002878315131654973
pos,PRON,1024,4,delta_ce,sink_plus_recent_minus_recent_only,0.001322043376654305,15,-0.0060462866662810985,0.008728608490111419
pos,PROPN,1024,4,delta_ce,sink_plus_recent_minus_recent_only,-0.003598431607555489,14,-0.024260356787493772,0.01873304917791174
pos,PUNCT,1024,4,delta_ce,sink_plus_recent_minus_recent_only,0.006013980378321278,16,-0.00048082821479005785,0.013159621258063928
pos,SCONJ,1024,4,delta_ce,sink_plus_recent_minus_recent_only,-0.012636794673391814,11,-0.03559306005534547,0.007858187766131834
pos,SPACE,1024,4,delta_ce,sink_plus_recent_minus_recent_only,0.004003540692201568,16,-0.006537669262268082,0.014921260022626177
pos,VERB,1024,4,delta_ce,sink_plus_recent_minus_recent_only,0.0024614907523739637,16,-0.007440448104074936,0.012816615728983398
pos,X,1024,4,delta_ce,sink_plus_recent_minus_recent_only,-0.06217002868652344,2,-0.07439804077148438,-0.0499420166015625
pos,ADJ,2048,4,delta_ce,sink_plus_recent_minus_recent_only,0.006320421583704895,14,-0.015003307600291442,0.033208150697878906
pos,ADP,2048,4,delta_ce,sink_plus_recent_minus_recent_only,-0.006454985501784024,16,-0.017419212917995038,0.005556187740256977
pos,ADV,2048,4,delta_ce,sink_plus_recent_minus_recent_only,-0.0028857539292265295,11,-0.033251120338307814,0.02534280383805514
pos,AUX,2048,4,delta_ce,sink_plus_recent_minus_recent_only,0.002676308934329724,14,-0.012306056005823218,0.016392079437227567
pos,CCONJ,2048,4,delta_ce,sink_plus_recent_minus_recent_only,-0.004423433504911776,15,-0.018195404137174288,0.009340452406122728
pos,DET,2048,4,delta_ce,sink_plus_recent_minus_recent_only,0.00522598174881014,16,-0.005373592442110965,0.01798719915276988
pos,INTJ,2048,4,delta_ce,sink_plus_recent_minus_recent_only,0.04356229305267334,2,0.018236398696899414,0.06888818740844727
pos,NOUN,2048,4,delta_ce,sink_plus_recent_minus_recent_only,0.01047873378027683,16,-0.002496622144456993,0.025780895936347154
pos,NUM,2048,4,delta_ce,sink_plus_recent_minus_recent_only,0.028246392385057734,6,0.006141794631109102,0.06099993300934633
pos,PART,2048,4,delta_ce,sink_plus_recent_minus_recent_only,0.0007224137370361515,11,-0.013749546497144544,0.015311994842579944
pos,PRON,2048,4,delta_ce,sink_plus_recent_minus_recent_only,0.003052071774485623,15,-0.002377153892379932,0.008691762068518539
pos,PROPN,2048,4,delta_ce,sink_plus_recent_minus_recent_only,0.02105414243456049,14,0.006210635067218505,0.03877546227135975
pos,PUNCT,2048,4,delta_ce,sink_plus_recent_minus_recent_only,-0.001512366046172824,16,-0.009148069535853147,0.006098843085995805
pos,SCONJ,2048,4,delta_ce,sink_plus_recent_minus_recent_only,0.008093809687786481,11,-0.010787229134990467,0.027715649817026018
pos,SPACE,2048,4,delta_ce,sink_plus_recent_minus_recent_only,-0.0011322799905353043,16,-0.010260408797834845,0.007967209101928076
pos,VERB,2048,4,delta_ce,sink_plus_recent_minus_recent_only,-0.0036577526518481117,16,-0.01610143738210991,0.008266397069195056
pos,X,2048,4,delta_ce,sink_plus_recent_minus_recent_only,0.01065438985824585,2,-0.014100074768066406,0.035408854484558105
pos,ADJ,4096,4,delta_ce,sink_plus_recent_minus_recent_only,0.005627332443689701,14,-0.0019851294102950063,0.0128969105101897
pos,ADP,4096,4,delta_ce,sink_plus_recent_minus_recent_only,-0.0005947130883643074,16,-0.009021051663523847,0.008241788613760423
pos,ADV,4096,4,delta_ce,sink_plus_recent_minus_recent_only,0.007593210180670157,11,-0.0049953545379492325,0.020192653927077277
pos,AUX,4096,4,delta_ce,sink_plus_recent_minus_recent_only,-0.009681772936426965,14,-0.03160646030083805,0.005982109976110327
pos,CCONJ,4096,4,delta_ce,sink_plus_recent_minus_recent_only,0.002517643903128273,15,-0.013778281998275917,0.01929015058610173
pos,DET,4096,4,delta_ce,sink_plus_recent_minus_recent_only,0.0018026194159119768,16,-0.010193300920263559,0.016312650349800596
pos,INTJ,4096,4,delta_ce,sink_plus_recent_minus_recent_only,0.018006443977355957,2,-0.008332490921020508,0.04434537887573242
pos,NOUN,4096,4,delta_ce,sink_plus_recent_minus_recent_only,-0.004462717923545353,16,-0.012690090325904513,0.004473736438554923
pos,NUM,4096,4,delta_ce,sink_plus_recent_minus_recent_only,-0.008040073599699502,6,-0.017954301305236793,0.0019661804800004275
pos,PART,4096,4,delta_ce,sink_plus_recent_minus_recent_only,0.013401040289577256,11,-0.00817721657645796,0.03763781535978399
pos,PRON,4096,4,delta_ce,sink_plus_recent_minus_recent_only,0.002362695980800689,15,-0.0037625690199457784,0.008484355094116105
pos,PROPN,4096,4,delta_ce,sink_plus_recent_minus_recent_only,-0.00029967506875220283,14,-0.01767553175249954,0.014163029302716106
pos,PUNCT,4096,4,delta_ce,sink_plus_recent_minus_recent_only,0.007799740375874477,16,-0.0004935339850789964,0.01730790132732916
pos,SCONJ,4096,4,delta_ce,sink_plus_recent_minus_recent_only,0.0033837833713429664,11,-0.016821152428835348,0.023675589464828863
pos,SPACE,4096,4,delta_ce,sink_plus_recent_minus_recent_only,-0.0018516519307316534,16,-0.008924302121581604,0.006531358564370351
pos,VERB,4096,4,delta_ce,sink_plus_recent_minus_recent_only,0.0021749073084580527,16,-0.006458093302577087,0.010865149373296162
pos,X,4096,4,delta_ce,sink_plus_recent_minus_recent_only,0.000680387020111084,2,-0.009878158569335938,0.011238932609558105
pos,ADJ,8192,4,delta_ce,sink_plus_recent_minus_recent_only,-0.02363418312179296,14,-0.038395422189569275,-0.009346782773965823
pos,ADP,8192,4,delta_ce,sink_plus_recent_minus_recent_only,0.0032945433286950924,16,-0.0033040300006771327,0.009529175713335603
pos,ADV,8192,4,delta_ce,sink_plus_recent_minus_recent_only,0.002641013293517365,11,-0.014291387844938677,0.023478151264986386
pos,AUX,8192,4,delta_ce,sink_plus_recent_minus_recent_only,0.0016008757625003253,14,-0.007998761694124413,0.010586370072964271
pos,CCONJ,8192,4,delta_ce,sink_plus_recent_minus_recent_only,0.006860873714039271,15,-0.008482840005979393,0.020588358191316724
pos,DET,8192,4,delta_ce,sink_plus_recent_minus_recent_only,-0.0035435662286063445,16,-0.010789895956113226,0.004381990740142821
pos,INTJ,8192,4,delta_ce,sink_plus_recent_minus_recent_only,0.039815425872802734,2,0.0020751953125,0.07755565643310547
pos,NOUN,8192,4,delta_ce,sink_plus_recent_minus_recent_only,0.0022557174901916338,16,-0.0069667656724556,0.01100408423225168
pos,NUM,8192,4,delta_ce,sink_plus_recent_minus_recent_only,0.0021664433314425775,6,-0.020852787481849062,0.02457953163959448
pos,PART,8192,4,delta_ce,sink_plus_recent_minus_recent_only,-0.0179882302475314,11,-0.03650354810736396,-0.001380953355294778
pos,PRON,8192,4,delta_ce,sink_plus_recent_minus_recent_only,0.003974836805070073,15,-0.004295610568860163,0.012111387756683427
pos,PROPN,8192,4,delta_ce,sink_plus_recent_minus_recent_only,0.004726520817392737,14,-0.012478490623400422,0.024261953936925866
pos,PUNCT,8192,4,delta_ce,sink_plus_recent_minus_recent_only,-0.002255954982911857,16,-0.009857469715995562,0.006170002684314507
pos,SCONJ,8192,4,delta_ce,sink_plus_recent_minus_recent_only,-0.01954931275086534,11,-0.050926970521774785,0.003737319746340452
pos,SPACE,8192,4,delta_ce,sink_plus_recent_minus_recent_only,0.003095244244923379,16,-0.005673349241894812,0.011865353774851423
pos,VERB,8192,4,delta_ce,sink_plus_recent_minus_recent_only,-0.0023005902672284875,16,-0.01117459320000614,0.008101414867880493
pos,X,8192,4,delta_ce,sink_plus_recent_minus_recent_only,-0.04641881585121155,2,-0.05869704484939575,-0.034140586853027344
pos,ADJ,128,16,delta_ce,sink_plus_recent_minus_recent_only,0.02768768395945594,14,-0.04152714166368836,0.10243402387414424
pos,ADP,128,16,delta_ce,sink_plus_recent_minus_recent_only,0.05992795586263609,16,0.004943411422244376,0.13027639193165638
pos,ADV,128,16,delta_ce,sink_plus_recent_minus_recent_only,0.012191219335407809,11,-0.05425008763021182,0.07778272791158856
pos,AUX,128,16,delta_ce,sink_plus_recent_minus_recent_only,0.01191400789440337,14,-0.11098925227920214,0.1183737940383206
pos,CCONJ,128,16,delta_ce,sink_plus_recent_minus_recent_only,0.02269891463866871,15,-0.025038801874034105,0.07293189081311637
pos,DET,128,16,delta_ce,sink_plus_recent_minus_recent_only,0.016730136407698284,16,-0.033583527465014494,0.07513122075419922
pos,INTJ,128,16,delta_ce,sink_plus_recent_minus_recent_only,-0.15490102767944336,2,-0.294342041015625,-0.015460014343261719
pos,NOUN,128,16,delta_ce,sink_plus_recent_minus_recent_only,-0.004789306779240488,16,-0.060091746940787415,0.05373325174929891
pos,NUM,128,16,delta_ce,sink_plus_recent_minus_recent_only,0.03390480077270897,6,-0.033897439718162385,0.09363557895024617
pos,PART,128,16,delta_ce,sink_plus_recent_minus_recent_only,0.012854367176469443,11,-0.06928595789798375,0.11078015127542037
pos,PRON,128,16,delta_ce,sink_plus_recent_minus_recent_only,0.07842398107981481,15,0.015408160115910424,0.15243620075968897
pos,PROPN,128,16,delta_ce,sink_plus_recent_minus_recent_only,0.041141292148865256,14,-0.2439111654626223,0.35005577973656143
pos,PUNCT,128,16,delta_ce,sink_plus_recent_minus_recent_only,0.019280886548175846,16,-0.026556636253854588,0.060474595229549316
pos,SCONJ,128,16,delta_ce,sink_plus_recent_minus_recent_only,0.17577133976826162,11,0.055358923251994624,0.31681330867789004
pos,SPACE,128,16,delta_ce,sink_plus_recent_minus_recent_only,0.061063992704293926,16,-0.06764920132922878,0.23003936057534974
pos,VERB,128,16,delta_ce,sink_plus_recent_minus_recent_only,0.15519287230695405,16,0.0518713383207809,0.2977481600390804
pos,X,128,16,delta_ce,sink_plus_recent_minus_recent_only,0.9130541682243347,2,-0.07937049865722656,1.905478835105896
pos,ADJ,512,16,delta_ce,sink_plus_recent_minus_recent_only,-0.01669997734848874,14,-0.04318455352270311,0.010180898353844576
pos,ADP,512,16,delta_ce,sink_plus_recent_minus_recent_only,-0.00974862538002846,16,-0.02579880044088561,0.006952349290449014
pos,ADV,512,16,delta_ce,sink_plus_recent_minus_recent_only,-0.007314462097389022,11,-0.05071665941042243,0.035482778481576424
pos,AUX,512,16,delta_ce,sink_plus_recent_minus_recent_only,-0.010826943933704019,14,-0.0329706567904253,0.005432280491571042
pos,CCONJ,512,16,delta_ce,sink_plus_recent_minus_recent_only,-0.026777015566363437,15,-0.055911947637796396,-7.504920635461375e-05
pos,DET,512,16,delta_ce,sink_plus_recent_minus_recent_only,0.024457133759053597,16,0.006514606597607521,0.042418081278907
pos,INTJ,512,16,delta_ce,sink_plus_recent_minus_recent_only,-0.01661992073059082,2,-0.11202239990234375,0.07878255844116211
pos,NOUN,512,16,delta_ce,sink_plus_recent_minus_recent_only,-0.004592392378427731,16,-0.03384282843227993,0.022906355345872445
pos,NUM,512,16,delta_ce,sink_plus_recent_minus_recent_only,-0.013564526535224608,6,-0.08279496050260302,0.049415359980048375
pos,PART,512,16,delta_ce,sink_plus_recent_minus_recent_only,-0.0093555236767839,11,-0.02353468904292861,0.003121764674892655
pos,PRON,512,16,delta_ce,sink_plus_recent_minus_recent_only,0.012095263923925233,15,-0.0019502545985888944,0.0252454982272894
pos,PROPN,512,16,delta_ce,sink_plus_recent_minus_recent_only,-0.02623566936181305,14,-0.08717116188942067,0.02494388184747674
pos,PUNCT,512,16,delta_ce,sink_plus_recent_minus_recent_only,0.014618428832759418,16,-0.002855870710668352,0.03628305427317114
pos,SCONJ,512,16,delta_ce,sink_plus_recent_minus_recent_only,0.008636181031099775,11,-0.018679926733514575,0.04189005009829995
pos,SPACE,512,16,delta_ce,sink_plus_recent_minus_recent_only,-0.010008359084046485,16,-0.024856161499174807,0.0019114591225653963
pos,VERB,512,16,delta_ce,sink_plus_recent_minus_recent_only,-0.00868062551469068,16,-0.027349545769140518,0.011140845428646034
pos,X,512,16,delta_ce,sink_plus_recent_minus_recent_only,0.2391606569290161,2,0.05574631690979004,0.4225749969482422
pos,ADJ,1024,16,delta_ce,sink_plus_recent_minus_recent_only,-0.007251061428448591,14,-0.02519862510737463,0.01070133615059449
pos,ADP,1024,16,delta_ce,sink_plus_recent_minus_recent_only,-0.0019024202915668583,16,-0.011466455758953923,0.007701497603116593
pos,ADV,1024,16,delta_ce,sink_plus_recent_minus_recent_only,-0.025823296174966148,11,-0.04672836416828376,-0.007505468457217836
pos,AUX,1024,16,delta_ce,sink_plus_recent_minus_recent_only,-0.007809112119317359,14,-0.02142608591729971,0.0028210199091957206
pos,CCONJ,1024,16,delta_ce,sink_plus_recent_minus_recent_only,0.012894251612912437,15,-0.0030281656787358056,0.02768805573525442
pos,DET,1024,16,delta_ce,sink_plus_recent_minus_recent_only,0.005621985915164865,16,-0.0071595604739748825,0.020030347470396156
pos,INTJ,1024,16,delta_ce,sink_plus_recent_minus_recent_only,0.05277872085571289,2,0.030216217041015625,0.07534122467041016
pos,NOUN,1024,16,delta_ce,sink_plus_recent_minus_recent_only,0.009495340239999872,16,-0.002413277628700235,0.022087740445127627
pos,NUM,1024,16,delta_ce,sink_plus_recent_minus_recent_only,-0.0034510097045464742,6,-0.03382913933859931,0.026944083751489697
pos,PART,1024,16,delta_ce,sink_plus_recent_minus_recent_only,-0.0033941849462969533,11,-0.015072484444262402,0.007999846181488992
pos,PRON,1024,16,delta_ce,sink_plus_recent_minus_recent_only,-0.002408456024329492,15,-0.009844160401702964,0.005079875433774809
pos,PROPN,1024,16,delta_ce,sink_plus_recent_minus_recent_only,0.0043488671356833345,14,-0.019983524593234596,0.030846680530485508
pos,PUNCT,1024,16,delta_ce,sink_plus_recent_minus_recent_only,0.00633467709376996,16,-0.0008428826111565517,0.014040473397383877
pos,SCONJ,1024,16,delta_ce,sink_plus_recent_minus_recent_only,-0.006124415674783065,11,-0.03558373003245585,0.019110703430928737
pos,SPACE,1024,16,delta_ce,sink_plus_recent_minus_recent_only,0.0005247638768044757,16,-0.0147435550809602,0.01677451939371584
pos,VERB,1024,16,delta_ce,sink_plus_recent_minus_recent_only,-0.0004596899846432687,16,-0.016248731762317673,0.018031470762139668
pos,X,1024,16,delta_ce,sink_plus_recent_minus_recent_only,-0.02695620059967041,2,-0.04028058052062988,-0.013631820678710938
pos,ADJ,2048,16,delta_ce,sink_plus_recent_minus_recent_only,0.004442586080480717,14,-0.014421923069372546,0.02516210809086326
pos,ADP,2048,16,delta_ce,sink_plus_recent_minus_recent_only,-0.008238465799214213,16,-0.01616297179449631,-0.0007100362629307845
pos,ADV,2048,16,delta_ce,sink_plus_recent_minus_recent_only,-0.006993319089275302,11,-0.0321343825405733,0.01699737597000503
pos,AUX,2048,16,delta_ce,sink_plus_recent_minus_recent_only,0.007206626381047171,14,-0.003054785184414906,0.017336846320885137
pos,CCONJ,2048,16,delta_ce,sink_plus_recent_minus_recent_only,-0.007993672421768376,15,-0.023653663800353875,0.006984788753095208
pos,DET,2048,16,delta_ce,sink_plus_recent_minus_recent_only,0.00324545274548124,16,-0.004752198345741382,0.011327246485370491
pos,INTJ,2048,16,delta_ce,sink_plus_recent_minus_recent_only,0.3631153106689453,2,-0.012806415557861328,0.739037036895752
pos,NOUN,2048,16,delta_ce,sink_plus_recent_minus_recent_only,-0.0019533581743806793,16,-0.012738807226636778,0.009263119061923302
pos,NUM,2048,16,delta_ce,sink_plus_recent_minus_recent_only,0.006859884314543606,6,-0.007957722223506936,0.021673205646680394
pos,PART,2048,16,delta_ce,sink_plus_recent_minus_recent_only,0.0003156982127786085,11,-0.007953916566887556,0.008203442584080577
pos,PRON,2048,16,delta_ce,sink_plus_recent_minus_recent_only,3.80704058120031e-05,15,-0.005436304917910798,0.005349225172036
pos,PROPN,2048,16,delta_ce,sink_plus_recent_minus_recent_only,0.018205128010884152,14,-0.0010502814284690074,0.04378813243813033
pos,PUNCT,2048,16,delta_ce,sink_plus_recent_minus_recent_only,0.0008195038341014763,16,-0.007545850291897923,0.00966790404270157
pos,SCONJ,2048,16,delta_ce,sink_plus_recent_minus_recent_only,-0.010839952021893678,11,-0.046712160484413755,0.020315393803210808
pos,SPACE,2048,16,delta_ce,sink_plus_recent_minus_recent_only,0.0008242882619394244,16,-0.008892624659409307,0.008787202706337021
pos,VERB,2048,16,delta_ce,sink_plus_recent_minus_recent_only,-0.0017036120672482714,16,-0.011938142211855561,0.008143580713052101
pos,X,2048,16,delta_ce,sink_plus_recent_minus_recent_only,0.010373532772064209,2,-0.037243008613586426,0.057990074157714844
pos,ADJ,4096,16,delta_ce,sink_plus_recent_minus_recent_only,-0.0032236361784821793,14,-0.01585557502320276,0.008202978383663006
pos,ADP,4096,16,delta_ce,sink_plus_recent_minus_recent_only,-0.002025676562910376,16,-0.01046194081584736,0.0075203856245868155
pos,ADV,4096,16,delta_ce,sink_plus_recent_minus_recent_only,0.004313206887066674,11,-0.011437551004379532,0.01958972146939314
pos,AUX,4096,16,delta_ce,sink_plus_recent_minus_recent_only,-0.006218499366390409,14,-0.028435941197478592,0.011410303952692696
pos,CCONJ,4096,16,delta_ce,sink_plus_recent_minus_recent_only,0.004119252875575006,15,-0.01115498105030282,0.01925454337824905
pos,DET,4096,16,delta_ce,sink_plus_recent_minus_recent_only,0.0016340146709440193,16,-0.006733964695615561,0.012156100287997632
pos,INTJ,4096,16,delta_ce,sink_plus_recent_minus_recent_only,-0.020041227340698242,2,-0.046018123626708984,0.0059356689453125
pos,NOUN,4096,16,delta_ce,sink_plus_recent_minus_recent_only,-0.004282825093685356,16,-0.01285000216298397,0.004737191836073068
pos,NUM,4096,16,delta_ce,sink_plus_recent_minus_recent_only,-0.001742394201594127,6,-0.0182345320962597,0.015909501165151586
pos,PART,4096,16,delta_ce,sink_plus_recent_minus_recent_only,0.011974524361118132,11,-0.0055652461670158086,0.03176989845097061
pos,PRON,4096,16,delta_ce,sink_plus_recent_minus_recent_only,0.003956306219460236,15,-0.0022797905978594536,0.009231449866848923
pos,PROPN,4096,16,delta_ce,sink_plus_recent_minus_recent_only,0.0019087706225098405,14,-0.022943247565443286,0.02878110986184689
pos,PUNCT,4096,16,delta_ce,sink_plus_recent_minus_recent_only,4.1465201988940626e-05,16,-0.005616537695715405,0.005862041559653038
pos,SCONJ,4096,16,delta_ce,sink_plus_recent_minus_recent_only,-0.0035365664216717996,11,-0.029433681757831377,0.01920320824861075
pos,SPACE,4096,16,delta_ce,sink_plus_recent_minus_recent_only,-0.0004999514407321229,16,-0.009487856443022148,0.008332103926285271
pos,VERB,4096,16,delta_ce,sink_plus_recent_minus_recent_only,0.00012847606328085233,16,-0.006458632204311761,0.0071702346863565395
pos,X,4096,16,delta_ce,sink_plus_recent_minus_recent_only,-0.027352958917617798,2,-0.03736305236816406,-0.017342865467071533
pos,ADJ,8192,16,delta_ce,sink_plus_recent_minus_recent_only,-0.013780202171143965,14,-0.028050027197829223,0.0012336868837959792
pos,ADP,8192,16,delta_ce,sink_plus_recent_minus_recent_only,0.001391378326221637,16,-0.0070167593270651675,0.00945385284904646
pos,ADV,8192,16,delta_ce,sink_plus_recent_minus_recent_only,0.010196339337606773,11,-0.00820492101923843,0.032084564699877985
pos,AUX,8192,16,delta_ce,sink_plus_recent_minus_recent_only,-0.005447769128609779,14,-0.021215503525541662,0.007054018976323645
pos,CCONJ,8192,16,delta_ce,sink_plus_recent_minus_recent_only,0.00246372690740423,15,-0.01055913803156323,0.017747917160834986
pos,DET,8192,16,delta_ce,sink_plus_recent_minus_recent_only,-0.010362985108485018,16,-0.024302632905197845,0.0016373867875925357
pos,INTJ,8192,16,delta_ce,sink_plus_recent_minus_recent_only,0.04734468460083008,2,0.025678634643554688,0.06901073455810547
pos,NOUN,8192,16,delta_ce,sink_plus_recent_minus_recent_only,-0.0023221608930783138,16,-0.008244684692333458,0.0035692108786525806
pos,NUM,8192,16,delta_ce,sink_plus_recent_minus_recent_only,0.011922752521612285,6,-0.0020041813361129043,0.028518232685099874
pos,PART,8192,16,delta_ce,sink_plus_recent_minus_recent_only,-0.007956989497294368,11,-0.025431627084134437,0.008275624983040419
pos,PRON,8192,16,delta_ce,sink_plus_recent_minus_recent_only,0.004364306013125749,15,-0.001959846474829105,0.009677047330254577
pos,PROPN,8192,16,delta_ce,sink_plus_recent_minus_recent_only,0.011986338059476074,14,-0.004293268420046881,0.03007285369363419
pos,PUNCT,8192,16,delta_ce,sink_plus_recent_minus_recent_only,0.0002949062119330932,16,-0.00725965143141236,0.008081814846394817
pos,SCONJ,8192,16,delta_ce,sink_plus_recent_minus_recent_only,-0.005404810103672472,11,-0.02223792321641337,0.014065540226345713
pos,SPACE,8192,16,delta_ce,sink_plus_recent_minus_recent_only,0.00263785673056797,16,-0.005005291319168161,0.010358461416416272
pos,VERB,8192,16,delta_ce,sink_plus_recent_minus_recent_only,-0.0024588806420611257,16,-0.009998949274660798,0.006204529365147717
pos,X,8192,16,delta_ce,sink_plus_recent_minus_recent_only,0.0016998648643493652,2,-0.02762424945831299,0.03102397918701172
pos,ADJ,128,4,kl_full_to_compact,sink_plus_recent_minus_recent_only,-0.010391009404649137,14,-0.029208703157564773,0.003248641550386064
pos,ADP,128,4,kl_full_to_compact,sink_plus_recent_minus_recent_only,-0.006250865981203683,16,-0.02829944345168145,0.007935024544385312
pos,ADV,128,4,kl_full_to_compact,sink_plus_recent_minus_recent_only,0.017349100780715658,11,0.002193564332344315,0.03306608174184062
pos,AUX,128,4,kl_full_to_compact,sink_plus_recent_minus_recent_only,0.007137075956312141,14,-0.011911348519026345,0.03302640841582266
pos,CCONJ,128,4,kl_full_to_compact,sink_plus_recent_minus_recent_only,0.006441071310028848,15,-0.003928738117424977,0.016736390855868293
pos,DET,128,4,kl_full_to_compact,sink_plus_recent_minus_recent_only,0.000136003993003171,16,-0.019475971784982154,0.018952722243254526
pos,INTJ,128,4,kl_full_to_compact,sink_plus_recent_minus_recent_only,0.01960568130016327,2,0.014993533492088318,0.02421782910823822
pos,NOUN,128,4,kl_full_to_compact,sink_plus_recent_minus_recent_only,-0.0025048603968228166,16,-0.01422666243741908,0.009937325612781102
pos,NUM,128,4,kl_full_to_compact,sink_plus_recent_minus_recent_only,0.004511181794805453,6,-0.010143067261540434,0.023878864731846552
pos,PART,128,4,kl_full_to_compact,sink_plus_recent_minus_recent_only,-0.012149787785143196,11,-0.030181282295432706,0.003840001728332766
pos,PRON,128,4,kl_full_to_compact,sink_plus_recent_minus_recent_only,0.000990461631101166,15,-0.011353408733295864,0.014228677501324677
pos,PROPN,128,4,kl_full_to_compact,sink_plus_recent_minus_recent_only,-0.00611417934335489,14,-0.08363344578101142,0.049022547763078496
pos,PUNCT,128,4,kl_full_to_compact,sink_plus_recent_minus_recent_only,0.013404069590984682,16,9.995230514923922e-05,0.02747060687483531
pos,SCONJ,128,4,kl_full_to_compact,sink_plus_recent_minus_recent_only,0.010544976078425394,11,-0.0024485744366591626,0.025584803455664443
pos,SPACE,128,4,kl_full_to_compact,sink_plus_recent_minus_recent_only,-0.00321350769259728,16,-0.027536026543215828,0.020329967470876977
pos,VERB,128,4,kl_full_to_compact,sink_plus_recent_minus_recent_only,0.007957555572384336,16,-0.007150799694049811,0.02742405149648634
pos,X,128,4,kl_full_to_compact,sink_plus_recent_minus_recent_only,0.11832256615161896,2,0.05210557579994202,0.1845395565032959
pos,ADJ,512,4,kl_full_to_compact,sink_plus_recent_minus_recent_only,0.0021093408762168316,14,-0.0006524118746024412,0.004979448175199957
pos,ADP,512,4,kl_full_to_compact,sink_plus_recent_minus_recent_only,0.0014267997968887267,16,-0.0006657815057467521,0.0036146021054794444
pos,ADV,512,4,kl_full_to_compact,sink_plus_recent_minus_recent_only,-4.32742278049276e-05,11,-0.003888512023933634,0.0029064643074128626
pos,AUX,512,4,kl_full_to_compact,sink_plus_recent_minus_recent_only,-0.0016980639551956282,14,-0.006225006645804724,0.00181441643591107
pos,CCONJ,512,4,kl_full_to_compact,sink_plus_recent_minus_recent_only,-0.0019844964647442493,15,-0.00511613816546843,0.0008262674821748478
pos,DET,512,4,kl_full_to_compact,sink_plus_recent_minus_recent_only,0.00369387449651142,16,0.0005905769758031794,0.007418400578315931
pos,INTJ,512,4,kl_full_to_compact,sink_plus_recent_minus_recent_only,-0.0015766136348247528,2,-0.002716928720474243,-0.00043629854917526245
pos,NOUN,512,4,kl_full_to_compact,sink_plus_recent_minus_recent_only,0.0007257023641273894,16,-0.004006172847859558,0.005096005833269137
pos,NUM,512,4,kl_full_to_compact,sink_plus_recent_minus_recent_only,-0.013078494625536527,6,-0.05596611114007525,0.01771797480372091
pos,PART,512,4,kl_full_to_compact,sink_plus_recent_minus_recent_only,0.0005544231149845776,11,-0.002300256510774571,0.003785295051591769
pos,PRON,512,4,kl_full_to_compact,sink_plus_recent_minus_recent_only,-0.00045234315008609705,15,-0.0017451693212732233,0.0007997178390995019
pos,PROPN,512,4,kl_full_to_compact,sink_plus_recent_minus_recent_only,-0.02702655608592148,14,-0.08735256776685468,0.007235357760022895
pos,PUNCT,512,4,kl_full_to_compact,sink_plus_recent_minus_recent_only,0.002881679454973588,16,-0.000256338786258268,0.007004833503001234
pos,SCONJ,512,4,kl_full_to_compact,sink_plus_recent_minus_recent_only,0.0007807007500422048,11,-0.0025031512341670216,0.003695597682830833
pos,SPACE,512,4,kl_full_to_compact,sink_plus_recent_minus_recent_only,0.003845653566031615,16,-0.0002504264608565639,0.010763976365456259
pos,VERB,512,4,kl_full_to_compact,sink_plus_recent_minus_recent_only,0.002379190952243153,16,-0.0004398970255872437,0.0056306037439555565
pos,X,512,4,kl_full_to_compact,sink_plus_recent_minus_recent_only,0.01655946671962738,2,0.00281485915184021,0.03030407428741455
pos,ADJ,1024,4,kl_full_to_compact,sink_plus_recent_minus_recent_only,0.0006739653601372806,14,-0.0008356047852482825,0.0023931880614035932
pos,ADP,1024,4,kl_full_to_compact,sink_plus_recent_minus_recent_only,0.00027293575676027833,16,-0.0009901956426365368,0.0012563329302518916
pos,ADV,1024,4,kl_full_to_compact,sink_plus_recent_minus_recent_only,-0.0008452198501166121,11,-0.006595311288591471,0.0041008294088380175
pos,AUX,1024,4,kl_full_to_compact,sink_plus_recent_minus_recent_only,0.002284648191171134,14,-0.00047936683787756795,0.006478315479206043
pos,CCONJ,1024,4,kl_full_to_compact,sink_plus_recent_minus_recent_only,-0.000514744025122127,15,-0.0019769855665563484,0.0011652126669525822
pos,DET,1024,4,kl_full_to_compact,sink_plus_recent_minus_recent_only,0.0008126030596809556,16,-0.0007392368831677319,0.002862094146973062
pos,INTJ,1024,4,kl_full_to_compact,sink_plus_recent_minus_recent_only,0.0020704492926597595,2,0.0007699951529502869,0.003370903432369232
pos,NOUN,1024,4,kl_full_to_compact,sink_plus_recent_minus_recent_only,0.00013843816003073742,16,-0.0015517436722094667,0.0015758566504096138
pos,NUM,1024,4,kl_full_to_compact,sink_plus_recent_minus_recent_only,-0.013559268395983459,6,-0.027395045536516383,-0.00022599524988891058
pos,PART,1024,4,kl_full_to_compact,sink_plus_recent_minus_recent_only,-0.0013069003434004643,11,-0.004356112951328131,0.0016940006108253937
pos,PRON,1024,4,kl_full_to_compact,sink_plus_recent_minus_recent_only,0.0006155775714456597,15,-0.0005005584070610119,0.001877866125649543
pos,PROPN,1024,4,kl_full_to_compact,sink_plus_recent_minus_recent_only,0.0024936141304166015,14,-0.0036390047880559,0.010659443533235278
pos,PUNCT,1024,4,kl_full_to_compact,sink_plus_recent_minus_recent_only,-0.00047965952874706274,16,-0.005848708427892152,0.0030507778229857526
pos,SCONJ,1024,4,kl_full_to_compact,sink_plus_recent_minus_recent_only,-0.0008808437480845234,11,-0.0027951966669537464,0.0010099873092258348
pos,SPACE,1024,4,kl_full_to_compact,sink_plus_recent_minus_recent_only,0.002014423403682031,16,-0.00020952950691328925,0.005280585670330042
pos,VERB,1024,4,kl_full_to_compact,sink_plus_recent_minus_recent_only,0.0004196882571362874,16,-0.0004340730121014057,0.0012745753367097688
pos,X,1024,4,kl_full_to_compact,sink_plus_recent_minus_recent_only,0.014246620237827301,2,0.003621414303779602,0.024871826171875
pos,ADJ,2048,4,kl_full_to_compact,sink_plus_recent_minus_recent_only,-0.00013851813687618342,14,-0.001485138219732463,0.0012834769128425806
pos,ADP,2048,4,kl_full_to_compact,sink_plus_recent_minus_recent_only,0.00028694137929147364,16,-0.0007109523194861285,0.0015535214315515371
pos,ADV,2048,4,kl_full_to_compact,sink_plus_recent_minus_recent_only,-0.0038118801031163402,11,-0.008784305018784697,0.00044898987474094825
pos,AUX,2048,4,kl_full_to_compact,sink_plus_recent_minus_recent_only,-0.0003953401577424536,14,-0.0032007460353322263,0.0016141719718297013
pos,CCONJ,2048,4,kl_full_to_compact,sink_plus_recent_minus_recent_only,0.00019986628584673684,15,-0.0013246353825110825,0.0016479687481326737
pos,DET,2048,4,kl_full_to_compact,sink_plus_recent_minus_recent_only,-0.0020572881188025164,16,-0.006007441425382825,0.0006639552154633176
pos,INTJ,2048,4,kl_full_to_compact,sink_plus_recent_minus_recent_only,-0.0004371753893792629,2,-0.0027501434087753296,0.0018757926300168037
pos,NOUN,2048,4,kl_full_to_compact,sink_plus_recent_minus_recent_only,0.0006443379507829364,16,-0.001110511478801019,0.0030790894319587194
pos,NUM,2048,4,kl_full_to_compact,sink_plus_recent_minus_recent_only,0.009387422438877972,6,-0.0008271774582757036,0.022242342673409136
pos,PART,2048,4,kl_full_to_compact,sink_plus_recent_minus_recent_only,-0.0012869219662444596,11,-0.001948235201835456,-0.0006240909894541154
pos,PRON,2048,4,kl_full_to_compact,sink_plus_recent_minus_recent_only,0.00020580549984103747,15,-0.0006676657780269438,0.0011149277903576512
pos,PROPN,2048,4,kl_full_to_compact,sink_plus_recent_minus_recent_only,0.0019004247644393202,14,-0.0031070334272149114,0.008969438277005153
pos,PUNCT,2048,4,kl_full_to_compact,sink_plus_recent_minus_recent_only,8.889159921961562e-05,16,-0.0015046689444198054,0.0017926079497665916
pos,SCONJ,2048,4,kl_full_to_compact,sink_plus_recent_minus_recent_only,0.001919783170292662,11,0.0002854215383360332,0.004137225302640052
pos,SPACE,2048,4,kl_full_to_compact,sink_plus_recent_minus_recent_only,-0.002437746560394771,16,-0.00571028204910372,0.00015014173136127792
pos,VERB,2048,4,kl_full_to_compact,sink_plus_recent_minus_recent_only,0.0003529620818748203,16,-0.0008932267418450898,0.001643343762344171
pos,X,2048,4,kl_full_to_compact,sink_plus_recent_minus_recent_only,0.006658748723566532,2,0.0008879620581865311,0.012429535388946533
pos,ADJ,4096,4,kl_full_to_compact,sink_plus_recent_minus_recent_only,0.00011441273528815797,14,-0.0014896529074433817,0.0019115625175450668
pos,ADP,4096,4,kl_full_to_compact,sink_plus_recent_minus_recent_only,0.00011163457902246807,16,-0.0004971921411006213,0.0008080185699608786
pos,ADV,4096,4,kl_full_to_compact,sink_plus_recent_minus_recent_only,-0.0008920680310852319,11,-0.002287458129100163,0.000440655577829766
pos,AUX,4096,4,kl_full_to_compact,sink_plus_recent_minus_recent_only,7.628149685186972e-05,14,-0.0013495913727706312,0.001660433217461302
pos,CCONJ,4096,4,kl_full_to_compact,sink_plus_recent_minus_recent_only,9.261491272304194e-06,15,-0.0007834337096008111,0.0008980468901346385
pos,DET,4096,4,kl_full_to_compact,sink_plus_recent_minus_recent_only,4.666196753023977e-05,16,-0.0008363506510674294,0.0008791165692552252
pos,INTJ,4096,4,kl_full_to_compact,sink_plus_recent_minus_recent_only,-0.00291958125308156,2,-0.006060820072889328,0.00022165756672620773
pos,NOUN,4096,4,kl_full_to_compact,sink_plus_recent_minus_recent_only,0.0013750472647542278,16,-0.0005544320630267124,0.004234543483591152
pos,NUM,4096,4,kl_full_to_compact,sink_plus_recent_minus_recent_only,-0.001162339056089776,6,-0.005749548374701084,0.0019193995571994392
pos,PART,4096,4,kl_full_to_compact,sink_plus_recent_minus_recent_only,0.0002762867677027068,11,-0.0006923099667461638,0.0015450065198542838
pos,PRON,4096,4,kl_full_to_compact,sink_plus_recent_minus_recent_only,0.000534452587118223,15,-0.00017652193783143996,0.0012740790959988738
pos,PROPN,4096,4,kl_full_to_compact,sink_plus_recent_minus_recent_only,-0.003251914241002164,14,-0.00828961584189225,9.427905455751607e-05
pos,PUNCT,4096,4,kl_full_to_compact,sink_plus_recent_minus_recent_only,-0.00018861336483251003,16,-0.0010076259476149321,0.0005051000024656917
pos,SCONJ,4096,4,kl_full_to_compact,sink_plus_recent_minus_recent_only,-0.001550021402319103,11,-0.003478277473649624,-0.00018400615713978918
pos,SPACE,4096,4,kl_full_to_compact,sink_plus_recent_minus_recent_only,-0.0002649714718212218,16,-0.0029380328697287796,0.0022283155684717313
pos,VERB,4096,4,kl_full_to_compact,sink_plus_recent_minus_recent_only,0.0002102990764159929,16,-0.00043508911312181497,0.0008331450322151535
pos,X,4096,4,kl_full_to_compact,sink_plus_recent_minus_recent_only,-0.0001661926507949829,2,-0.0013678967952728271,0.0010355114936828613
pos,ADJ,8192,4,kl_full_to_compact,sink_plus_recent_minus_recent_only,-8.621083252362838e-05,14,-0.001356037116543361,0.001243413579097397
pos,ADP,8192,4,kl_full_to_compact,sink_plus_recent_minus_recent_only,1.522408854650272e-05,16,-0.0006557615555989495,0.0006009956052806543
pos,ADV,8192,4,kl_full_to_compact,sink_plus_recent_minus_recent_only,0.00017309623479267236,11,-0.0025466185790909636,0.0035033532428005
pos,AUX,8192,4,kl_full_to_compact,sink_plus_recent_minus_recent_only,-0.0005741763846524263,14,-0.0018397263376747864,0.0004388149019839955
pos,CCONJ,8192,4,kl_full_to_compact,sink_plus_recent_minus_recent_only,-3.17384761350089e-05,15,-0.000632865514888484,0.0004465368573266911
pos,DET,8192,4,kl_full_to_compact,sink_plus_recent_minus_recent_only,0.0006765600809037171,16,-3.167510629793924e-05,0.0014504821269309771
pos,INTJ,8192,4,kl_full_to_compact,sink_plus_recent_minus_recent_only,0.0006292569451034069,2,0.0004555918276309967,0.0008029220625758171
pos,NOUN,8192,4,kl_full_to_compact,sink_plus_recent_minus_recent_only,0.0007040413708109333,16,-0.0001016819065155278,0.0016526111179774041
pos,NUM,8192,4,kl_full_to_compact,sink_plus_recent_minus_recent_only,-5.4812460444332425e-05,6,-0.0012819994527478683,0.0013481412593743395
pos,PART,8192,4,kl_full_to_compact,sink_plus_recent_minus_recent_only,0.00014744658232592148,11,-0.0012309653533376585,0.0014353094313531375
pos,PRON,8192,4,kl_full_to_compact,sink_plus_recent_minus_recent_only,0.00016477447452315646,15,-0.0006589610226447033,0.0008900346014525612
pos,PROPN,8192,4,kl_full_to_compact,sink_plus_recent_minus_recent_only,0.0002744905362215386,14,-0.0009745537823411202,0.0016820871485111267
pos,PUNCT,8192,4,kl_full_to_compact,sink_plus_recent_minus_recent_only,0.00018250435761479994,16,-0.0005363502773503382,0.0009092668415796027
pos,SCONJ,8192,4,kl_full_to_compact,sink_plus_recent_minus_recent_only,0.0008308928509271053,11,0.00020521680364088914,0.0014941260381778135
pos,SPACE,8192,4,kl_full_to_compact,sink_plus_recent_minus_recent_only,0.0005430418018159836,16,-0.000960704178544868,0.0026316414788053882
pos,VERB,8192,4,kl_full_to_compact,sink_plus_recent_minus_recent_only,0.0004557048055908688,16,-0.00014183496334806958,0.0010354428778236377
pos,X,8192,4,kl_full_to_compact,sink_plus_recent_minus_recent_only,0.010290229693055153,2,0.0014374740421772003,0.019142985343933105
pos,ADJ,128,16,kl_full_to_compact,sink_plus_recent_minus_recent_only,0.05218155978649807,14,-0.005182595205699056,0.14070997609947117
pos,ADP,128,16,kl_full_to_compact,sink_plus_recent_minus_recent_only,0.019082579700937328,16,-0.0076243696255914985,0.04836410135294066
pos,ADV,128,16,kl_full_to_compact,sink_plus_recent_minus_recent_only,0.01506254344642388,11,-0.002676411093191497,0.033416418710046185
pos,AUX,128,16,kl_full_to_compact,sink_plus_recent_minus_recent_only,0.032460821416232175,14,-0.0051022362685346585,0.08770546176218974
pos,CCONJ,128,16,kl_full_to_compact,sink_plus_recent_minus_recent_only,0.029960980758510735,15,0.011324075500079845,0.05513521672614539
pos,DET,128,16,kl_full_to_compact,sink_plus_recent_minus_recent_only,0.04362230182102957,16,0.015123888624255502,0.07285183975948525
pos,INTJ,128,16,kl_full_to_compact,sink_plus_recent_minus_recent_only,0.04402241110801697,2,0.03837093710899353,0.049673885107040405
pos,NOUN,128,16,kl_full_to_compact,sink_plus_recent_minus_recent_only,0.04925437184298593,16,-0.0034161529453249993,0.12608194402020337
pos,NUM,128,16,kl_full_to_compact,sink_plus_recent_minus_recent_only,0.04478204311081855,6,0.017861352275293837,0.07073302401436699
pos,PART,128,16,kl_full_to_compact,sink_plus_recent_minus_recent_only,0.001710409461388322,11,-0.020335293813990244,0.02161177978077775
pos,PRON,128,16,kl_full_to_compact,sink_plus_recent_minus_recent_only,0.042809198967792235,15,0.01758413527669728,0.07472102480798477
pos,PROPN,128,16,kl_full_to_compact,sink_plus_recent_minus_recent_only,0.1022377998272402,14,-0.11200869205628286,0.36945674546688795
pos,PUNCT,128,16,kl_full_to_compact,sink_plus_recent_minus_recent_only,0.046957320585201995,16,0.017010890994308053,0.07584827888679727
pos,SCONJ,128,16,kl_full_to_compact,sink_plus_recent_minus_recent_only,0.07032463716512377,11,0.00643429252544813,0.18414910702514603
pos,SPACE,128,16,kl_full_to_compact,sink_plus_recent_minus_recent_only,0.03399934212587444,16,-0.019423792652419246,0.10609945640995419
pos,VERB,128,16,kl_full_to_compact,sink_plus_recent_minus_recent_only,0.0500744452645464,16,0.024360048412099877,0.08277510172455758
pos,X,128,16,kl_full_to_compact,sink_plus_recent_minus_recent_only,0.3546709716320038,2,0.23124879598617554,0.47809314727783203
pos,ADJ,512,16,kl_full_to_compact,sink_plus_recent_minus_recent_only,0.0016698481897032302,14,-0.004628940159160394,0.007442868830197576
pos,ADP,512,16,kl_full_to_compact,sink_plus_recent_minus_recent_only,0.00014900908520831585,16,-0.0018937975308312724,0.001972899192416589
pos,ADV,512,16,kl_full_to_compact,sink_plus_recent_minus_recent_only,0.0018890786851305603,11,-0.00018089857768714096,0.0037259786788292146
pos,AUX,512,16,kl_full_to_compact,sink_plus_recent_minus_recent_only,-0.0004933111658668286,14,-0.005616648704507293,0.006038910564564589
pos,CCONJ,512,16,kl_full_to_compact,sink_plus_recent_minus_recent_only,2.9767249482877863e-05,15,-0.004736825333723877,0.004990281340950675
pos,DET,512,16,kl_full_to_compact,sink_plus_recent_minus_recent_only,0.009695504414120088,16,-8.710089235705689e-05,0.025101240068278987
pos,INTJ,512,16,kl_full_to_compact,sink_plus_recent_minus_recent_only,-5.8241188526153564e-05,2,-0.0016270875930786133,0.0015106052160263062
pos,NOUN,512,16,kl_full_to_compact,sink_plus_recent_minus_recent_only,-0.005337867792474061,16,-0.013243119766373193,0.000946096954474879
pos,NUM,512,16,kl_full_to_compact,sink_plus_recent_minus_recent_only,-0.009048646424467835,6,-0.041834062073881885,0.02373676922494623
pos,PART,512,16,kl_full_to_compact,sink_plus_recent_minus_recent_only,-0.002091126522669363,11,-0.008453452438202924,0.0029519921521434524
pos,PRON,512,16,kl_full_to_compact,sink_plus_recent_minus_recent_only,0.00024735487189890516,15,-0.0020826955618569454,0.002972838734540088
pos,PROPN,512,16,kl_full_to_compact,sink_plus_recent_minus_recent_only,-0.01465449793129937,14,-0.06863732039611363,0.02481107631456322
pos,PUNCT,512,16,kl_full_to_compact,sink_plus_recent_minus_recent_only,0.005634448454206687,16,-0.0004596788921342173,0.014159815030653547
pos,SCONJ,512,16,kl_full_to_compact,sink_plus_recent_minus_recent_only,-0.0014627637367194634,11,-0.005494354357109511,0.002716372652977233
pos,SPACE,512,16,kl_full_to_compact,sink_plus_recent_minus_recent_only,0.0008313703425471889,16,-0.007822900091507705,0.010699522455997172
pos,VERB,512,16,kl_full_to_compact,sink_plus_recent_minus_recent_only,0.0009742948420849147,16,-0.00505845968560586,0.007306135072169154
pos,X,512,16,kl_full_to_compact,sink_plus_recent_minus_recent_only,0.012633658945560455,2,-0.01685003936290741,0.04211735725402832
pos,ADJ,1024,16,kl_full_to_compact,sink_plus_recent_minus_recent_only,-0.00044347089759347894,14,-0.0028512623492223553,0.001463344836435854
pos,ADP,1024,16,kl_full_to_compact,sink_plus_recent_minus_recent_only,-0.00045080330417192815,16,-0.002910939511253092,0.001641233129256244
pos,ADV,1024,16,kl_full_to_compact,sink_plus_recent_minus_recent_only,0.0006930358858081683,11,-0.00281029622388215,0.003525225282858241
pos,AUX,1024,16,kl_full_to_compact,sink_plus_recent_minus_recent_only,0.00211500779861825,14,0.00034351350335312414,0.004221733211554334
pos,CCONJ,1024,16,kl_full_to_compact,sink_plus_recent_minus_recent_only,-0.0002982828854025381,15,-0.003164292963144059,0.003380612112689252
pos,DET,1024,16,kl_full_to_compact,sink_plus_recent_minus_recent_only,-0.0011644192718909792,16,-0.0031920147348455294,0.0006847845094792607
pos,INTJ,1024,16,kl_full_to_compact,sink_plus_recent_minus_recent_only,0.003507431596517563,2,0.0030674785375595093,0.0039473846554756165
pos,NOUN,1024,16,kl_full_to_compact,sink_plus_recent_minus_recent_only,2.4477423298927773e-05,16,-0.0032163050823075193,0.002934098734626686
pos,NUM,1024,16,kl_full_to_compact,sink_plus_recent_minus_recent_only,-0.00702258245071587,6,-0.020946508668445555,0.004139996265661871
pos,PART,1024,16,kl_full_to_compact,sink_plus_recent_minus_recent_only,0.0015695008075908845,11,-0.000267074760945675,0.003457509953370219
pos,PRON,1024,16,kl_full_to_compact,sink_plus_recent_minus_recent_only,0.0014466869097933906,15,0.00037206425385590344,0.002636573526399174
pos,PROPN,1024,16,kl_full_to_compact,sink_plus_recent_minus_recent_only,0.005566736777002137,14,0.002265251149806886,0.009261209620088858
pos,PUNCT,1024,16,kl_full_to_compact,sink_plus_recent_minus_recent_only,-0.0010287095587334497,16,-0.0061105616617559075,0.002236471041909361
pos,SCONJ,1024,16,kl_full_to_compact,sink_plus_recent_minus_recent_only,0.0033250945412102296,11,-0.0012460054600854744,0.007857940357908691
pos,SPACE,1024,16,kl_full_to_compact,sink_plus_recent_minus_recent_only,0.0014620696651074163,16,-0.0012033775272217897,0.004913509703901013
pos,VERB,1024,16,kl_full_to_compact,sink_plus_recent_minus_recent_only,0.0017314101788354018,16,0.0005902913387744745,0.0027655072594238808
pos,X,1024,16,kl_full_to_compact,sink_plus_recent_minus_recent_only,-0.004933878779411316,2,-0.007314085960388184,-0.0025536715984344482
pos,ADJ,2048,16,kl_full_to_compact,sink_plus_recent_minus_recent_only,3.2577476790161765e-05,14,-0.0016439410742532512,0.0015206568035903418
pos,ADP,2048,16,kl_full_to_compact,sink_plus_recent_minus_recent_only,0.0004424250168315685,16,-0.0005682257041642585,0.0016204236005681256
pos,ADV,2048,16,kl_full_to_compact,sink_plus_recent_minus_recent_only,3.354434641716414e-05,11,-0.00413523358454933,0.005291134665776536
pos,AUX,2048,16,kl_full_to_compact,sink_plus_recent_minus_recent_only,-0.000794718627616776,14,-0.0029611409690189906,0.0008559018801840341
pos,CCONJ,2048,16,kl_full_to_compact,sink_plus_recent_minus_recent_only,0.00019040676519984517,15,-0.001661740300029477,0.0017932998300696228
pos,DET,2048,16,kl_full_to_compact,sink_plus_recent_minus_recent_only,0.0004745759308107044,16,-0.0012074079580665397,0.0024887905765340382
pos,INTJ,2048,16,kl_full_to_compact,sink_plus_recent_minus_recent_only,0.002406543120741844,2,0.001329965889453888,0.0034831203520298004
pos,NOUN,2048,16,kl_full_to_compact,sink_plus_recent_minus_recent_only,0.0011328164082787767,16,-0.0005487854990074997,0.003106680732432709
pos,NUM,2048,16,kl_full_to_compact,sink_plus_recent_minus_recent_only,0.006329909119560599,6,0.0015628290464317414,0.012851060546533214
pos,PART,2048,16,kl_full_to_compact,sink_plus_recent_minus_recent_only,-0.0009861062758139297,11,-0.0027385072400962105,0.0007344699085154548
pos,PRON,2048,16,kl_full_to_compact,sink_plus_recent_minus_recent_only,-0.0008546543941194713,15,-0.0026298452878117436,0.0006642448277086945
pos,PROPN,2048,16,kl_full_to_compact,sink_plus_recent_minus_recent_only,-0.0023535072039886024,14,-0.005579220696881733,0.0004408181787681388
pos,PUNCT,2048,16,kl_full_to_compact,sink_plus_recent_minus_recent_only,-0.0087442747112048,16,-0.027290366690825567,0.0012587206088654319
pos,SCONJ,2048,16,kl_full_to_compact,sink_plus_recent_minus_recent_only,-0.00493085166707522,11,-0.015631047322742894,0.001196724299701268
pos,SPACE,2048,16,kl_full_to_compact,sink_plus_recent_minus_recent_only,-0.0013283915774593424,16,-0.005064744062514801,0.0017087389831647157
pos,VERB,2048,16,kl_full_to_compact,sink_plus_recent_minus_recent_only,4.356744637632734e-05,16,-0.0015171471228538074,0.0018259809264640386
pos,X,2048,16,kl_full_to_compact,sink_plus_recent_minus_recent_only,0.02449582889676094,2,9.242445230484009e-05,0.04889923334121704
pos,ADJ,4096,16,kl_full_to_compact,sink_plus_recent_minus_recent_only,-0.0009965896278857848,14,-0.002523780373668451,0.00037431498299606426
pos,ADP,4096,16,kl_full_to_compact,sink_plus_recent_minus_recent_only,0.0009990880462741529,16,0.0001424681612912292,0.002153674182037249
pos,ADV,4096,16,kl_full_to_compact,sink_plus_recent_minus_recent_only,-0.005397212066470798,11,-0.013767798823580505,0.000399216447430345
pos,AUX,4096,16,kl_full_to_compact,sink_plus_recent_minus_recent_only,0.0007435988449114595,14,-0.0011055186432453671,0.0029847161790253476
pos,CCONJ,4096,16,kl_full_to_compact,sink_plus_recent_minus_recent_only,0.0007492823782235468,15,-0.0006497161243305527,0.002323519871498925
pos,DET,4096,16,kl_full_to_compact,sink_plus_recent_minus_recent_only,-0.0010734845148279181,16,-0.002116385680797283,-0.00016265220118330472
pos,INTJ,4096,16,kl_full_to_compact,sink_plus_recent_minus_recent_only,-0.00034300494007766247,2,-0.0011464990675449371,0.0004604891873896122
pos,NOUN,4096,16,kl_full_to_compact,sink_plus_recent_minus_recent_only,0.00026041758284692153,16,-0.0007128335992798904,0.001243397020147043
pos,NUM,4096,16,kl_full_to_compact,sink_plus_recent_minus_recent_only,-1.89208348072296e-05,6,-0.0019360575385285808,0.001898971824288963
pos,PART,4096,16,kl_full_to_compact,sink_plus_recent_minus_recent_only,0.00033688713901662565,11,-0.0010094876824273617,0.001606757404006478
pos,PRON,4096,16,kl_full_to_compact,sink_plus_recent_minus_recent_only,0.00030825505125658536,15,-0.00036427696783323285,0.0011486918018608174
pos,PROPN,4096,16,kl_full_to_compact,sink_plus_recent_minus_recent_only,-0.0008879455990138917,14,-0.002263986322278921,0.0007881136160032376
pos,PUNCT,4096,16,kl_full_to_compact,sink_plus_recent_minus_recent_only,0.00017986410366755453,16,-0.0011761940282157312,0.0013671832607492914
pos,SCONJ,4096,16,kl_full_to_compact,sink_plus_recent_minus_recent_only,-0.0001914247246035798,11,-0.0013384825404059624,0.0009509800333586144
pos,SPACE,4096,16,kl_full_to_compact,sink_plus_recent_minus_recent_only,-0.00035181559614443363,16,-0.00304389721903983,0.0016650942420001961
pos,VERB,4096,16,kl_full_to_compact,sink_plus_recent_minus_recent_only,-0.00014408587409168582,16,-0.0010337514869612466,0.0007947840227938758
pos,X,4096,16,kl_full_to_compact,sink_plus_recent_minus_recent_only,-0.0049088262021541595,2,-0.011268258094787598,0.0014506056904792786
pos,ADJ,8192,16,kl_full_to_compact,sink_plus_recent_minus_recent_only,0.00034285267382672395,14,-0.0007212742071461634,0.0015414653783214207
pos,ADP,8192,16,kl_full_to_compact,sink_plus_recent_minus_recent_only,-3.3066306866896123e-06,16,-0.0005102840522027467,0.00047960039047302826
pos,ADV,8192,16,kl_full_to_compact,sink_plus_recent_minus_recent_only,-3.908399085048586e-05,11,-0.001928225674617517,0.0012832382545535767
pos,AUX,8192,16,kl_full_to_compact,sink_plus_recent_minus_recent_only,-0.0004749980080961075,14,-0.0018893330243815467,0.0005119397960372382
pos,CCONJ,8192,16,kl_full_to_compact,sink_plus_recent_minus_recent_only,2.4243519710075317e-05,15,-0.00039852607539715885,0.0004672426411909524
pos,DET,8192,16,kl_full_to_compact,sink_plus_recent_minus_recent_only,0.00046123227753217373,16,-0.0002631693848511606,0.0012453658991225457
pos,INTJ,8192,16,kl_full_to_compact,sink_plus_recent_minus_recent_only,-0.0003666551783680916,2,-0.0007682647556066513,3.495439887046814e-05
pos,NOUN,8192,16,kl_full_to_compact,sink_plus_recent_minus_recent_only,-0.00025557782759354133,16,-0.0010086813588223332,0.0005016161951267539
pos,NUM,8192,16,kl_full_to_compact,sink_plus_recent_minus_recent_only,0.001299422464910549,6,-0.002877760728040357,0.007757964356244429
pos,PART,8192,16,kl_full_to_compact,sink_plus_recent_minus_recent_only,-0.0005550451734128122,11,-0.002083413822699692,0.0008701428660551549
pos,PRON,8192,16,kl_full_to_compact,sink_plus_recent_minus_recent_only,-9.155880471933508e-05,15,-0.0007444349919248434,0.0006068666379264766
pos,PROPN,8192,16,kl_full_to_compact,sink_plus_recent_minus_recent_only,0.001158935476302672,14,-0.0013031549469100616,0.004421734947048241
pos,PUNCT,8192,16,kl_full_to_compact,sink_plus_recent_minus_recent_only,-0.00024803982159179826,16,-0.0012618817954925241,0.0007749335481518451
pos,SCONJ,8192,16,kl_full_to_compact,sink_plus_recent_minus_recent_only,0.0004455482624259523,11,-0.00027494937248499773,0.0012416009579310683
pos,SPACE,8192,16,kl_full_to_compact,sink_plus_recent_minus_recent_only,7.2611438971156015e-06,16,-0.0009158742562772087,0.000840301947145647
pos,VERB,8192,16,kl_full_to_compact,sink_plus_recent_minus_recent_only,-0.0007473998863656035,16,-0.0013939078147471944,-0.00013464224637354665
pos,X,8192,16,kl_full_to_compact,sink_plus_recent_minus_recent_only,0.0032850829884409904,2,0.002145713195204735,0.004424452781677246
pos,ADJ,128,4,top1_changed,sink_plus_recent_minus_recent_only,0.0,14,0.0,0.0
pos,ADP,128,4,top1_changed,sink_plus_recent_minus_recent_only,-0.003077651515151516,16,-0.029119318181818184,0.025568181818181816
pos,ADV,128,4,top1_changed,sink_plus_recent_minus_recent_only,0.07575757575757575,11,0.0,0.18181818181818182
pos,AUX,128,4,top1_changed,sink_plus_recent_minus_recent_only,0.02142857142857143,14,-0.042857142857142864,0.10714285714285714
pos,CCONJ,128,4,top1_changed,sink_plus_recent_minus_recent_only,-0.03333333333333333,15,-0.1,0.0
pos,DET,128,4,top1_changed,sink_plus_recent_minus_recent_only,0.0078125,16,0.0,0.0234375
pos,INTJ,128,4,top1_changed,sink_plus_recent_minus_recent_only,0.0,2,0.0,0.0
pos,NOUN,128,4,top1_changed,sink_plus_recent_minus_recent_only,0.013550804093567253,16,-0.009868421052631578,0.04444444444444444
pos,NUM,128,4,top1_changed,sink_plus_recent_minus_recent_only,0.0,6,0.0,0.0
pos,PART,128,4,top1_changed,sink_plus_recent_minus_recent_only,-0.045454545454545456,11,-0.13636363636363635,0.0
pos,PRON,128,4,top1_changed,sink_plus_recent_minus_recent_only,0.006060606060606061,15,0.0,0.01818181818181818
pos,PROPN,128,4,top1_changed,sink_plus_recent_minus_recent_only,0.0,14,0.0,0.0
pos,PUNCT,128,4,top1_changed,sink_plus_recent_minus_recent_only,-0.005828373015873014,16,-0.04687499999999999,0.03571738591269839
pos,SCONJ,128,4,top1_changed,sink_plus_recent_minus_recent_only,0.0,11,0.0,0.0
pos,SPACE,128,4,top1_changed,sink_plus_recent_minus_recent_only,0.00625,16,0.0,0.018750000000000003
pos,VERB,128,4,top1_changed,sink_plus_recent_minus_recent_only,-0.007217261904761907,16,-0.05161745806277056,0.03961038961038961
pos,X,128,4,top1_changed,sink_plus_recent_minus_recent_only,0.0,2,0.0,0.0
pos,ADJ,512,4,top1_changed,sink_plus_recent_minus_recent_only,0.01020408163265306,14,-0.030612244897959183,0.061224489795918366
pos,ADP,512,4,top1_changed,sink_plus_recent_minus_recent_only,-0.0078125,16,-0.0234375,0.0
pos,ADV,512,4,top1_changed,sink_plus_recent_minus_recent_only,0.0,11,0.0,0.0
pos,AUX,512,4,top1_changed,sink_plus_recent_minus_recent_only,0.008928571428571428,14,0.0,0.026785714285714284
pos,CCONJ,512,4,top1_changed,sink_plus_recent_minus_recent_only,0.02222222222222222,15,0.0,0.06666666666666667
pos,DET,512,4,top1_changed,sink_plus_recent_minus_recent_only,-0.0125,16,-0.037500000000000006,0.0
pos,INTJ,512,4,top1_changed,sink_plus_recent_minus_recent_only,0.0,2,0.0,0.0
pos,NOUN,512,4,top1_changed,sink_plus_recent_minus_recent_only,0.016062291144527986,16,-0.017857142857142856,0.052768640350877194
pos,NUM,512,4,top1_changed,sink_plus_recent_minus_recent_only,0.0,6,0.0,0.0
pos,PART,512,4,top1_changed,sink_plus_recent_minus_recent_only,0.0,11,0.0,0.0
pos,PRON,512,4,top1_changed,sink_plus_recent_minus_recent_only,0.011111111111111108,15,-0.016666666666666666,0.04173611111111073
pos,PROPN,512,4,top1_changed,sink_plus_recent_minus_recent_only,0.0,14,0.0,0.0
pos,PUNCT,512,4,top1_changed,sink_plus_recent_minus_recent_only,0.03184523809523809,16,0.0,0.06726190476190476
pos,SCONJ,512,4,top1_changed,sink_plus_recent_minus_recent_only,0.0,11,0.0,0.0
pos,SPACE,512,4,top1_changed,sink_plus_recent_minus_recent_only,0.020833333333333332,16,0.0,0.0625
pos,VERB,512,4,top1_changed,sink_plus_recent_minus_recent_only,0.0078125,16,0.0,0.0234375
pos,X,512,4,top1_changed,sink_plus_recent_minus_recent_only,0.5,2,0.0,1.0
pos,ADJ,1024,4,top1_changed,sink_plus_recent_minus_recent_only,0.01020408163265306,14,0.0,0.030612244897959183
pos,ADP,1024,4,top1_changed,sink_plus_recent_minus_recent_only,0.017361111111111112,16,0.0,0.04513888888888889
pos,ADV,1024,4,top1_changed,sink_plus_recent_minus_recent_only,0.0,11,0.0,0.0
pos,AUX,1024,4,top1_changed,sink_plus_recent_minus_recent_only,0.0,14,0.0,0.0
pos,CCONJ,1024,4,top1_changed,sink_plus_recent_minus_recent_only,0.0,15,0.0,0.0
pos,DET,1024,4,top1_changed,sink_plus_recent_minus_recent_only,0.0,16,0.0,0.0
pos,INTJ,1024,4,top1_changed,sink_plus_recent_minus_recent_only,0.0,2,0.0,0.0
pos,NOUN,1024,4,top1_changed,sink_plus_recent_minus_recent_only,0.005681818181818182,16,0.0,0.017045454545454544
pos,NUM,1024,4,top1_changed,sink_plus_recent_minus_recent_only,0.0,6,0.0,0.0
pos,PART,1024,4,top1_changed,sink_plus_recent_minus_recent_only,0.0,11,0.0,0.0
pos,PRON,1024,4,top1_changed,sink_plus_recent_minus_recent_only,-0.008333333333333333,15,-0.025,0.0
pos,PROPN,1024,4,top1_changed,sink_plus_recent_minus_recent_only,0.01020408163265306,14,0.0,0.030612244897959183
pos,PUNCT,1024,4,top1_changed,sink_plus_recent_minus_recent_only,0.0,16,0.0,0.0
pos,SCONJ,1024,4,top1_changed,sink_plus_recent_minus_recent_only,0.09090909090909091,11,0.0,0.2727272727272727
pos,SPACE,1024,4,top1_changed,sink_plus_recent_minus_recent_only,0.0125,16,0.0,0.037500000000000006
pos,VERB,1024,4,top1_changed,sink_plus_recent_minus_recent_only,0.0035984848484848474,16,-0.02916666666666667,0.03693181818181818
pos,X,1024,4,top1_changed,sink_plus_recent_minus_recent_only,0.0,2,0.0,0.0
pos,ADJ,2048,4,top1_changed,sink_plus_recent_minus_recent_only,-0.01020408163265306,14,-0.030612244897959183,0.0
pos,ADP,2048,4,top1_changed,sink_plus_recent_minus_recent_only,-0.008928571428571428,16,-0.026785714285714284,0.0
pos,ADV,2048,4,top1_changed,sink_plus_recent_minus_recent_only,-0.0303030303030303,11,-0.1212121212121212,0.045454545454545456
pos,AUX,2048,4,top1_changed,sink_plus_recent_minus_recent_only,0.020833333333333332,14,0.0,0.05059523809523809
pos,CCONJ,2048,4,top1_changed,sink_plus_recent_minus_recent_only,0.0,15,0.0,0.0
pos,DET,2048,4,top1_changed,sink_plus_recent_minus_recent_only,0.0,16,0.0,0.0
pos,INTJ,2048,4,top1_changed,sink_plus_recent_minus_recent_only,0.0,2,0.0,0.0
pos,NOUN,2048,4,top1_changed,sink_plus_recent_minus_recent_only,0.002136752136752136,16,-0.014423076923076924,0.020833333333333332
pos,NUM,2048,4,top1_changed,sink_plus_recent_minus_recent_only,0.0,6,0.0,0.0
pos,PART,2048,4,top1_changed,sink_plus_recent_minus_recent_only,0.0,11,0.0,0.0
pos,PRON,2048,4,top1_changed,sink_plus_recent_minus_recent_only,0.008333333333333333,15,0.0,0.025
pos,PROPN,2048,4,top1_changed,sink_plus_recent_minus_recent_only,-0.025510204081632654,14,-0.10714285714285714,0.030612244897959183
pos,PUNCT,2048,4,top1_changed,sink_plus_recent_minus_recent_only,0.001488095238095238,16,-0.026785714285714284,0.03125
pos,SCONJ,2048,4,top1_changed,sink_plus_recent_minus_recent_only,0.0,11,0.0,0.0
pos,SPACE,2048,4,top1_changed,sink_plus_recent_minus_recent_only,0.0,16,0.0,0.0
pos,VERB,2048,4,top1_changed,sink_plus_recent_minus_recent_only,0.02291666666666667,16,0.0,0.05630208333333305
pos,X,2048,4,top1_changed,sink_plus_recent_minus_recent_only,0.0,2,0.0,0.0
pos,ADJ,4096,4,top1_changed,sink_plus_recent_minus_recent_only,0.0,14,0.0,0.0
pos,ADP,4096,4,top1_changed,sink_plus_recent_minus_recent_only,-0.008680555555555558,16,-0.05555555555555555,0.034722222222222224
pos,ADV,4096,4,top1_changed,sink_plus_recent_minus_recent_only,-0.004545454545454544,11,-0.06818181818181818,0.05454545454545456
pos,AUX,4096,4,top1_changed,sink_plus_recent_minus_recent_only,0.0,14,0.0,0.0
pos,CCONJ,4096,4,top1_changed,sink_plus_recent_minus_recent_only,0.0,15,0.0,0.0
pos,DET,4096,4,top1_changed,sink_plus_recent_minus_recent_only,-0.0125,16,-0.037500000000000006,0.0
pos,INTJ,4096,4,top1_changed,sink_plus_recent_minus_recent_only,0.0,2,0.0,0.0
pos,NOUN,4096,4,top1_changed,sink_plus_recent_minus_recent_only,0.003289473684210526,16,0.0,0.009868421052631578
pos,NUM,4096,4,top1_changed,sink_plus_recent_minus_recent_only,0.0,6,0.0,0.0
pos,PART,4096,4,top1_changed,sink_plus_recent_minus_recent_only,0.09090909090909091,11,0.0,0.2727272727272727
pos,PRON,4096,4,top1_changed,sink_plus_recent_minus_recent_only,0.0,15,0.0,0.0
pos,PROPN,4096,4,top1_changed,sink_plus_recent_minus_recent_only,-0.03571428571428571,14,-0.10714285714285714,0.0
pos,PUNCT,4096,4,top1_changed,sink_plus_recent_minus_recent_only,-0.002356150793650794,16,-0.049107142857142856,0.048142981150793504
pos,SCONJ,4096,4,top1_changed,sink_plus_recent_minus_recent_only,0.0,11,0.0,0.0
pos,SPACE,4096,4,top1_changed,sink_plus_recent_minus_recent_only,0.015625,16,0.0,0.046875
pos,VERB,4096,4,top1_changed,sink_plus_recent_minus_recent_only,-0.03392857142857143,16,-0.09285714285714286,0.0
pos,X,4096,4,top1_changed,sink_plus_recent_minus_recent_only,0.0,2,0.0,0.0
pos,ADJ,8192,4,top1_changed,sink_plus_recent_minus_recent_only,0.0,14,0.0,0.0
pos,ADP,8192,4,top1_changed,sink_plus_recent_minus_recent_only,0.0,16,0.0,0.0
pos,ADV,8192,4,top1_changed,sink_plus_recent_minus_recent_only,-0.045454545454545456,11,-0.1590909090909091,0.045454545454545456
pos,AUX,8192,4,top1_changed,sink_plus_recent_minus_recent_only,-0.008928571428571428,14,-0.026785714285714284,0.0
pos,CCONJ,8192,4,top1_changed,sink_plus_recent_minus_recent_only,-0.016666666666666666,15,-0.05,0.0
pos,DET,8192,4,top1_changed,sink_plus_recent_minus_recent_only,-0.0125,16,-0.037500000000000006,0.0
pos,INTJ,8192,4,top1_changed,sink_plus_recent_minus_recent_only,0.0,2,0.0,0.0
pos,NOUN,8192,4,top1_changed,sink_plus_recent_minus_recent_only,0.0021734022556390976,16,-0.02461231203007519,0.03193530701754386
pos,NUM,8192,4,top1_changed,sink_plus_recent_minus_recent_only,0.0,6,0.0,0.0
pos,PART,8192,4,top1_changed,sink_plus_recent_minus_recent_only,0.0,11,0.0,0.0
pos,PRON,8192,4,top1_changed,sink_plus_recent_minus_recent_only,-0.01111111111111111,15,-0.03333333333333333,0.0
pos,PROPN,8192,4,top1_changed,sink_plus_recent_minus_recent_only,0.014285714285714287,14,0.0,0.042857142857142864
pos,PUNCT,8192,4,top1_changed,sink_plus_recent_minus_recent_only,0.03757440476190476,16,0.008928571428571428,0.07254464285714285
pos,SCONJ,8192,4,top1_changed,sink_plus_recent_minus_recent_only,0.0,11,0.0,0.0
pos,SPACE,8192,4,top1_changed,sink_plus_recent_minus_recent_only,-0.00625,16,-0.018750000000000003,0.0
pos,VERB,8192,4,top1_changed,sink_plus_recent_minus_recent_only,0.0125,16,0.0,0.037500000000000006
pos,X,8192,4,top1_changed,sink_plus_recent_minus_recent_only,0.0,2,0.0,0.0
pos,ADJ,128,16,top1_changed,sink_plus_recent_minus_recent_only,-0.004676870748299319,14,-0.07147108843537414,0.0586734693877551
pos,ADP,128,16,top1_changed,sink_plus_recent_minus_recent_only,0.01688762626262626,16,-0.05035905934343434,0.0932883522727272
pos,ADV,128,16,top1_changed,sink_plus_recent_minus_recent_only,0.07575757575757575,11,0.0,0.18181818181818182
pos,AUX,128,16,top1_changed,sink_plus_recent_minus_recent_only,-0.013605442176870748,14,-0.07960884353741496,0.044897959183673466
pos,CCONJ,128,16,top1_changed,sink_plus_recent_minus_recent_only,0.011111111111111117,15,-0.12222222222222222,0.1891666666666652
pos,DET,128,16,top1_changed,sink_plus_recent_minus_recent_only,0.06458333333333333,16,-0.020833333333333332,0.2
pos,INTJ,128,16,top1_changed,sink_plus_recent_minus_recent_only,-0.5,2,-1.0,0.0
pos,NOUN,128,16,top1_changed,sink_plus_recent_minus_recent_only,0.010043437921727396,16,-0.019736842105263157,0.04491254428137652
pos,NUM,128,16,top1_changed,sink_plus_recent_minus_recent_only,0.1111111111111111,6,0.0,0.2777777777777778
pos,PART,128,16,top1_changed,sink_plus_recent_minus_recent_only,-0.045454545454545456,11,-0.13636363636363635,0.0
pos,PRON,128,16,top1_changed,sink_plus_recent_minus_recent_only,0.0525599128540305,15,-0.0057843137254901976,0.11993464052287581
pos,PROPN,128,16,top1_changed,sink_plus_recent_minus_recent_only,0.049999999999999996,14,0.0,0.12142857142857143
pos,PUNCT,128,16,top1_changed,sink_plus_recent_minus_recent_only,0.013516865079365078,16,-0.021453373015873016,0.04924045138888884
pos,SCONJ,128,16,top1_changed,sink_plus_recent_minus_recent_only,0.09090909090909091,11,0.0,0.2727272727272727
pos,SPACE,128,16,top1_changed,sink_plus_recent_minus_recent_only,0.021875,16,-0.03125,0.078125
pos,VERB,128,16,top1_changed,sink_plus_recent_minus_recent_only,0.0277732683982684,16,-0.03991950757575758,0.10064258658008658
pos,X,128,16,top1_changed,sink_plus_recent_minus_recent_only,0.0,2,0.0,0.0
pos,ADJ,512,16,top1_changed,sink_plus_recent_minus_recent_only,0.006122448979591835,14,-0.036734693877551024,0.04081632653061224
pos,ADP,512,16,top1_changed,sink_plus_recent_minus_recent_only,0.0234375,16,-0.015625,0.07552083333333333
pos,ADV,512,16,top1_changed,sink_plus_recent_minus_recent_only,-0.004545454545454544,11,-0.06818181818181818,0.05454545454545456
pos,AUX,512,16,top1_changed,sink_plus_recent_minus_recent_only,-0.024489795918367346,14,-0.05918367346938775,0.0
pos,CCONJ,512,16,top1_changed,sink_plus_recent_minus_recent_only,0.03333333333333333,15,0.0,0.1
pos,DET,512,16,top1_changed,sink_plus_recent_minus_recent_only,-0.0125,16,-0.037500000000000006,0.0
pos,INTJ,512,16,top1_changed,sink_plus_recent_minus_recent_only,0.0,2,0.0,0.0
pos,NOUN,512,16,top1_changed,sink_plus_recent_minus_recent_only,-0.001984126984126984,16,-0.03459821428571429,0.029513888888888888
pos,NUM,512,16,top1_changed,sink_plus_recent_minus_recent_only,-0.08333333333333333,6,-0.25,0.0
pos,PART,512,16,top1_changed,sink_plus_recent_minus_recent_only,0.0,11,0.0,0.0
pos,PRON,512,16,top1_changed,sink_plus_recent_minus_recent_only,-0.008333333333333333,15,-0.025,0.0
pos,PROPN,512,16,top1_changed,sink_plus_recent_minus_recent_only,0.07142857142857142,14,0.0,0.21428571428571427
pos,PUNCT,512,16,top1_changed,sink_plus_recent_minus_recent_only,0.010416666666666666,16,0.0,0.03125
pos,SCONJ,512,16,top1_changed,sink_plus_recent_minus_recent_only,0.0,11,0.0,0.0
pos,SPACE,512,16,top1_changed,sink_plus_recent_minus_recent_only,-0.00625,16,-0.018750000000000003,0.0
pos,VERB,512,16,top1_changed,sink_plus_recent_minus_recent_only,-0.010369318181818183,16,-0.04318181818181818,0.017755681818181816
pos,X,512,16,top1_changed,sink_plus_recent_minus_recent_only,0.0,2,0.0,0.0
pos,ADJ,1024,16,top1_changed,sink_plus_recent_minus_recent_only,0.02040816326530612,14,0.0,0.0510204081632653
pos,ADP,1024,16,top1_changed,sink_plus_recent_minus_recent_only,0.01167929292929293,16,-0.011363636363636364,0.041666666666666664
pos,ADV,1024,16,top1_changed,sink_plus_recent_minus_recent_only,0.0,11,0.0,0.0
pos,AUX,1024,16,top1_changed,sink_plus_recent_minus_recent_only,-0.008928571428571428,14,-0.026785714285714284,0.0
pos,CCONJ,1024,16,top1_changed,sink_plus_recent_minus_recent_only,-0.02222222222222222,15,-0.06666666666666667,0.0
pos,DET,1024,16,top1_changed,sink_plus_recent_minus_recent_only,0.0,16,0.0,0.0
pos,INTJ,1024,16,top1_changed,sink_plus_recent_minus_recent_only,0.5,2,0.0,1.0
pos,NOUN,1024,16,top1_changed,sink_plus_recent_minus_recent_only,0.0078125,16,0.0,0.0234375
pos,NUM,1024,16,top1_changed,sink_plus_recent_minus_recent_only,0.0,6,0.0,0.0
pos,PART,1024,16,top1_changed,sink_plus_recent_minus_recent_only,0.0,11,0.0,0.0
pos,PRON,1024,16,top1_changed,sink_plus_recent_minus_recent_only,0.014393939393939395,15,0.0,0.037121212121212124
pos,PROPN,1024,16,top1_changed,sink_plus_recent_minus_recent_only,0.0,14,0.0,0.0
pos,PUNCT,1024,16,top1_changed,sink_plus_recent_minus_recent_only,0.0,16,0.0,0.0
pos,SCONJ,1024,16,top1_changed,sink_plus_recent_minus_recent_only,0.09090909090909091,11,0.0,0.2727272727272727
pos,SPACE,1024,16,top1_changed,sink_plus_recent_minus_recent_only,0.00625,16,-0.018750000000000003,0.037500000000000006
pos,VERB,1024,16,top1_changed,sink_plus_recent_minus_recent_only,-0.0020833333333333346,16,-0.037500000000000006,0.03125
pos,X,1024,16,top1_changed,sink_plus_recent_minus_recent_only,0.0,2,0.0,0.0
pos,ADJ,2048,16,top1_changed,sink_plus_recent_minus_recent_only,0.0,14,-0.030612244897959183,0.030612244897959183
pos,ADP,2048,16,top1_changed,sink_plus_recent_minus_recent_only,0.0,16,0.0,0.0
pos,ADV,2048,16,top1_changed,sink_plus_recent_minus_recent_only,0.0,11,0.0,0.0
pos,AUX,2048,16,top1_changed,sink_plus_recent_minus_recent_only,0.011904761904761904,14,0.0,0.03571428571428571
pos,CCONJ,2048,16,top1_changed,sink_plus_recent_minus_recent_only,0.02222222222222222,15,0.0,0.06666666666666667
pos,DET,2048,16,top1_changed,sink_plus_recent_minus_recent_only,0.0,16,0.0,0.0
pos,INTJ,2048,16,top1_changed,sink_plus_recent_minus_recent_only,0.0,2,0.0,0.0
pos,NOUN,2048,16,top1_changed,sink_plus_recent_minus_recent_only,0.0,16,0.0,0.0
pos,NUM,2048,16,top1_changed,sink_plus_recent_minus_recent_only,0.0,6,0.0,0.0
pos,PART,2048,16,top1_changed,sink_plus_recent_minus_recent_only,0.0,11,0.0,0.0
pos,PRON,2048,16,top1_changed,sink_plus_recent_minus_recent_only,0.008333333333333333,15,0.0,0.025
pos,PROPN,2048,16,top1_changed,sink_plus_recent_minus_recent_only,0.0,14,0.0,0.0
pos,PUNCT,2048,16,top1_changed,sink_plus_recent_minus_recent_only,-0.008928571428571428,16,-0.026785714285714284,0.0
pos,SCONJ,2048,16,top1_changed,sink_plus_recent_minus_recent_only,0.0,11,0.0,0.0
pos,SPACE,2048,16,top1_changed,sink_plus_recent_minus_recent_only,-0.015625,16,-0.046875,0.0
pos,VERB,2048,16,top1_changed,sink_plus_recent_minus_recent_only,-0.004734848484848484,16,-0.03125,0.017045454545454544
pos,X,2048,16,top1_changed,sink_plus_recent_minus_recent_only,0.0,2,0.0,0.0
pos,ADJ,4096,16,top1_changed,sink_plus_recent_minus_recent_only,0.0,14,0.0,0.0
pos,ADP,4096,16,top1_changed,sink_plus_recent_minus_recent_only,0.0017361111111111101,16,-0.03993055555555555,0.03819444444444444
pos,ADV,4096,16,top1_changed,sink_plus_recent_minus_recent_only,-0.022727272727272728,11,-0.06818181818181818,0.0
pos,AUX,4096,16,top1_changed,sink_plus_recent_minus_recent_only,0.0,14,0.0,0.0
pos,CCONJ,4096,16,top1_changed,sink_plus_recent_minus_recent_only,-0.02222222222222222,15,-0.06666666666666667,0.0
pos,DET,4096,16,top1_changed,sink_plus_recent_minus_recent_only,0.0,16,0.0,0.0
pos,INTJ,4096,16,top1_changed,sink_plus_recent_minus_recent_only,0.0,2,0.0,0.0
pos,NOUN,4096,16,top1_changed,sink_plus_recent_minus_recent_only,-0.001174812030075188,16,-0.013392857142857142,0.009868421052631578
pos,NUM,4096,16,top1_changed,sink_plus_recent_minus_recent_only,0.0,6,0.0,0.0
pos,PART,4096,16,top1_changed,sink_plus_recent_minus_recent_only,0.09090909090909091,11,0.0,0.2727272727272727
pos,PRON,4096,16,top1_changed,sink_plus_recent_minus_recent_only,0.0,15,0.0,0.0
pos,PROPN,4096,16,top1_changed,sink_plus_recent_minus_recent_only,-0.03571428571428571,14,-0.10714285714285714,0.0
pos,PUNCT,4096,16,top1_changed,sink_plus_recent_minus_recent_only,-0.010416666666666666,16,-0.04613095238095238,0.017857142857142856
pos,SCONJ,4096,16,top1_changed,sink_plus_recent_minus_recent_only,0.0,11,0.0,0.0
pos,SPACE,4096,16,top1_changed,sink_plus_recent_minus_recent_only,0.015625,16,0.0,0.046875
pos,VERB,4096,16,top1_changed,sink_plus_recent_minus_recent_only,-0.014583333333333335,16,-0.07500000000000001,0.03125
pos,X,4096,16,top1_changed,sink_plus_recent_minus_recent_only,0.0,2,0.0,0.0
pos,ADJ,8192,16,top1_changed,sink_plus_recent_minus_recent_only,0.0,14,0.0,0.0
pos,ADP,8192,16,top1_changed,sink_plus_recent_minus_recent_only,0.0,16,0.0,0.0
pos,ADV,8192,16,top1_changed,sink_plus_recent_minus_recent_only,0.022727272727272728,11,-0.06818181818181818,0.13636363636363635
pos,AUX,8192,16,top1_changed,sink_plus_recent_minus_recent_only,-0.008928571428571428,14,-0.026785714285714284,0.0
pos,CCONJ,8192,16,top1_changed,sink_plus_recent_minus_recent_only,0.016666666666666666,15,-0.05,0.1
pos,DET,8192,16,top1_changed,sink_plus_recent_minus_recent_only,0.0,16,-0.037500000000000006,0.037500000000000006
pos,INTJ,8192,16,top1_changed,sink_plus_recent_minus_recent_only,0.0,2,0.0,0.0
pos,NOUN,8192,16,top1_changed,sink_plus_recent_minus_recent_only,-0.005950126262626263,16,-0.04485203598484849,0.02951586174242423
pos,NUM,8192,16,top1_changed,sink_plus_recent_minus_recent_only,0.0,6,0.0,0.0
pos,PART,8192,16,top1_changed,sink_plus_recent_minus_recent_only,0.0,11,0.0,0.0
pos,PRON,8192,16,top1_changed,sink_plus_recent_minus_recent_only,0.016666666666666666,15,0.0,0.041666666666666664
pos,PROPN,8192,16,top1_changed,sink_plus_recent_minus_recent_only,-0.023809523809523808,14,-0.07142857142857142,0.0
pos,PUNCT,8192,16,top1_changed,sink_plus_recent_minus_recent_only,0.015873015873015872,16,-0.014508928571428572,0.04625496031746032
pos,SCONJ,8192,16,top1_changed,sink_plus_recent_minus_recent_only,0.0,11,0.0,0.0
pos,SPACE,8192,16,top1_changed,sink_plus_recent_minus_recent_only,-0.00625,16,-0.018750000000000003,0.0
pos,VERB,8192,16,top1_changed,sink_plus_recent_minus_recent_only,0.0,16,0.0,0.0
pos,X,8192,16,top1_changed,sink_plus_recent_minus_recent_only,0.0,2,0.0,0.0
is_first_subtoken,False,128,4,delta_ce,sink_plus_recent_minus_recent_only,0.013839305611791947,16,-0.01108745673191724,0.05246420838925537
is_first_subtoken,True,128,4,delta_ce,sink_plus_recent_minus_recent_only,0.01698350224006502,16,0.006586087300913092,0.02677969151493586
is_first_subtoken,False,512,4,delta_ce,sink_plus_recent_minus_recent_only,-0.005460114773944723,16,-0.01613224348810168,0.0035654838326672723
is_first_subtoken,True,512,4,delta_ce,sink_plus_recent_minus_recent_only,-0.002476548632128769,16,-0.008946945331557054,0.0030867519422249257
is_first_subtoken,False,1024,4,delta_ce,sink_plus_recent_minus_recent_only,0.007749537736785506,16,0.003515024908116876,0.012366757046615516
is_first_subtoken,True,1024,4,delta_ce,sink_plus_recent_minus_recent_only,0.0002868237471102853,16,-0.00340839958583791,0.0038157047830445533
is_first_subtoken,False,2048,4,delta_ce,sink_plus_recent_minus_recent_only,-4.395809353472161e-05,16,-0.004129574817008411,0.004041637079084169
is_first_subtoken,True,2048,4,delta_ce,sink_plus_recent_minus_recent_only,0.0019933630119462454,16,-0.0010982266434865194,0.005223431441161945
is_first_subtoken,False,4096,4,delta_ce,sink_plus_recent_minus_recent_only,0.0013713651898143355,16,-0.003133716732717902,0.005640087619390314
is_first_subtoken,True,4096,4,delta_ce,sink_plus_recent_minus_recent_only,0.0006190517391153529,16,-0.00260677375376123,0.004087115570447657
is_first_subtoken,False,8192,4,delta_ce,sink_plus_recent_minus_recent_only,-0.003312594166348042,16,-0.007249427734827226,-0.0002820656765326902
is_first_subtoken,True,8192,4,delta_ce,sink_plus_recent_minus_recent_only,0.00014677344545587748,16,-0.0023200869238301012,0.002794368181571507
is_first_subtoken,False,128,16,delta_ce,sink_plus_recent_minus_recent_only,0.02197369375893278,16,-0.025679420894876487,0.0771733909920508
is_first_subtoken,True,128,16,delta_ce,sink_plus_recent_minus_recent_only,0.05591956541504578,16,0.01926530221139613,0.1062647932320132
is_first_subtoken,False,512,16,delta_ce,sink_plus_recent_minus_recent_only,-0.008066375113206622,16,-0.020087005383580596,0.0016955671078146093
is_first_subtoken,True,512,16,delta_ce,sink_plus_recent_minus_recent_only,3.714500633973444e-05,16,-0.006531676307732525,0.0063717463802408746
is_first_subtoken,False,1024,16,delta_ce,sink_plus_recent_minus_recent_only,0.00023522638130025878,16,-0.0053227862001041125,0.0065239460327663505
is_first_subtoken,True,1024,16,delta_ce,sink_plus_recent_minus_recent_only,0.0015726376824437044,16,-0.0019685931289205975,0.005464893933319772
is_first_subtoken,False,2048,16,delta_ce,sink_plus_recent_minus_recent_only,-0.0075652536145608415,16,-0.018789282586872222,0.001340964107957967
is_first_subtoken,True,2048,16,delta_ce,sink_plus_recent_minus_recent_only,-1.0232160951210631e-05,16,-0.003036141509549233,0.003162728367189067
is_first_subtoken,False,4096,16,delta_ce,sink_plus_recent_minus_recent_only,-0.0029723334009945307,16,-0.008215204966973796,0.0019121083458405151
is_first_subtoken,True,4096,16,delta_ce,sink_plus_recent_minus_recent_only,-0.0006680520546334815,16,-0.004293130895455152,0.002980416389109073
is_first_subtoken,False,8192,16,delta_ce,sink_plus_recent_minus_recent_only,-0.003633305177037669,16,-0.011592922521347766,0.0015625366727081028
is_first_subtoken,True,8192,16,delta_ce,sink_plus_recent_minus_recent_only,-0.00028362085630824176,16,-0.0025445488613162104,0.0018249896874385583
is_first_subtoken,False,128,4,kl_full_to_compact,sink_plus_recent_minus_recent_only,0.005326520717098532,16,-0.006666115858245103,0.017459400572090188
is_first_subtoken,True,128,4,kl_full_to_compact,sink_plus_recent_minus_recent_only,0.004567245750899403,16,-0.00011107704764221723,0.00904606944686863
is_first_subtoken,False,512,4,kl_full_to_compact,sink_plus_recent_minus_recent_only,-0.005375672668548116,16,-0.016683265768142667,0.0018707958832104802
is_first_subtoken,True,512,4,kl_full_to_compact,sink_plus_recent_minus_recent_only,4.987134207330116e-05,16,-0.0027101074539430886,0.0019276250395743974
is_first_subtoken,False,1024,4,kl_full_to_compact,sink_plus_recent_minus_recent_only,0.00250352189101563,16,-8.330237493458126e-05,0.006669574422438911
is_first_subtoken,True,1024,4,kl_full_to_compact,sink_plus_recent_minus_recent_only,-0.000437624546149708,16,-0.0018549450876475576,0.0006109261881551151
is_first_subtoken,False,2048,4,kl_full_to_compact,sink_plus_recent_minus_recent_only,-0.0005629320471824344,16,-0.0020374066145207063,0.0005924434368041994
is_first_subtoken,True,2048,4,kl_full_to_compact,sink_plus_recent_minus_recent_only,0.00020573884893751736,16,-0.0004606734313323972,0.000953896087286836
is_first_subtoken,False,4096,4,kl_full_to_compact,sink_plus_recent_minus_recent_only,0.0003135802579167671,16,-0.0006603469799996596,0.0014156624974926428
is_first_subtoken,True,4096,4,kl_full_to_compact,sink_plus_recent_minus_recent_only,-0.00015078658398631534,16,-0.0005428678247612034,0.00022177914472409793
is_first_subtoken,False,8192,4,kl_full_to_compact,sink_plus_recent_minus_recent_only,-0.0004040646607458608,16,-0.0014409391012800542,0.0004924993851048837
is_first_subtoken,True,8192,4,kl_full_to_compact,sink_plus_recent_minus_recent_only,0.0004218827825804174,16,0.0001571595424680337,0.00075714336312944
is_first_subtoken,False,128,16,kl_full_to_compact,sink_plus_recent_minus_recent_only,0.007774416127489251,16,-0.018853501113444363,0.03256518016591395
is_first_subtoken,True,128,16,kl_full_to_compact,sink_plus_recent_minus_recent_only,0.048611330477607524,16,0.020866485408561772,0.08496590416613835
is_first_subtoken,False,512,16,kl_full_to_compact,sink_plus_recent_minus_recent_only,-0.004171155630861295,16,-0.015613402192314605,0.003574535411118664
is_first_subtoken,True,512,16,kl_full_to_compact,sink_plus_recent_minus_recent_only,-0.00024117351670512678,16,-0.0025767248666308216,0.0021124714143430623
is_first_subtoken,False,1024,16,kl_full_to_compact,sink_plus_recent_minus_recent_only,-0.0004555367940716103,16,-0.0016987390356302421,0.0009594318851549077
is_first_subtoken,True,1024,16,kl_full_to_compact,sink_plus_recent_minus_recent_only,0.0007460844391545297,16,-0.00028519771852491264,0.0016221896588907464
is_first_subtoken,False,2048,16,kl_full_to_compact,sink_plus_recent_minus_recent_only,-0.0003265854857911183,16,-0.002007795586330418,0.0011624576419583634
is_first_subtoken,True,2048,16,kl_full_to_compact,sink_plus_recent_minus_recent_only,-0.0006595912533527359,16,-0.002092869032412147,0.0003153803426021756
is_first_subtoken,False,4096,16,kl_full_to_compact,sink_plus_recent_minus_recent_only,0.0002040522974702711,16,-0.0009809800849105202,0.001482078631007245
is_first_subtoken,True,4096,16,kl_full_to_compact,sink_plus_recent_minus_recent_only,-0.000254010917500941,16,-0.0007753813006645635,0.0002627453078455016
is_first_subtoken,False,8192,16,kl_full_to_compact,sink_plus_recent_minus_recent_only,-0.0005877191200373732,16,-0.001483079442455875,0.0002585927233667331
is_first_subtoken,True,8192,16,kl_full_to_compact,sink_plus_recent_minus_recent_only,9.752575999020044e-08,16,-0.00025796746884456913,0.0003130484248451822
is_first_subtoken,False,128,4,top1_changed,sink_plus_recent_minus_recent_only,-0.004807692307692308,16,-0.014423076923076924,0.0
is_first_subtoken,True,128,4,top1_changed,sink_plus_recent_minus_recent_only,0.0007765926878699398,16,-0.013308072785806327,0.013646551544392871
is_first_subtoken,False,512,4,top1_changed,sink_plus_recent_minus_recent_only,0.00625,16,0.0,0.018750000000000003
is_first_subtoken,True,512,4,top1_changed,sink_plus_recent_minus_recent_only,0.010551277638632707,16,0.0031424916576874933,0.01825554225377206
is_first_subtoken,False,1024,4,top1_changed,sink_plus_recent_minus_recent_only,0.030448717948717948,16,0.0,0.07231570512820402
is_first_subtoken,True,1024,4,top1_changed,sink_plus_recent_minus_recent_only,0.004199320932844882,16,-0.00014659166056942474,0.008834748564596276
is_first_subtoken,False,2048,4,top1_changed,sink_plus_recent_minus_recent_only,0.009615384615384616,16,0.0,0.028846153846153848
is_first_subtoken,True,2048,4,top1_changed,sink_plus_recent_minus_recent_only,0.00040598842216150836,16,-0.007965301036096913,0.008608241120200116
is_first_subtoken,False,4096,4,top1_changed,sink_plus_recent_minus_recent_only,0.0,16,0.0,0.0
is_first_subtoken,True,4096,4,top1_changed,sink_plus_recent_minus_recent_only,-0.00222838403160936,16,-0.014511980573545141,0.011355511452186485
is_first_subtoken,False,8192,4,top1_changed,sink_plus_recent_minus_recent_only,0.0,16,0.0,0.0
is_first_subtoken,True,8192,4,top1_changed,sink_plus_recent_minus_recent_only,-0.0011169993458937642,16,-0.01137333944251953,0.008885222538511916
is_first_subtoken,False,128,16,top1_changed,sink_plus_recent_minus_recent_only,-0.017185939060939064,16,-0.05704490821678321,0.017857142857142856
is_first_subtoken,True,128,16,top1_changed,sink_plus_recent_minus_recent_only,0.01975835843750632,16,-0.002036695088420866,0.04254658588268606
is_first_subtoken,False,512,16,top1_changed,sink_plus_recent_minus_recent_only,0.00625,16,0.0,0.018750000000000003
is_first_subtoken,True,512,16,top1_changed,sink_plus_recent_minus_recent_only,-0.003570085351408841,16,-0.010787114016864928,0.0038884752829644806
is_first_subtoken,False,1024,16,top1_changed,sink_plus_recent_minus_recent_only,0.02564102564102564,16,0.0,0.07211538461538461
is_first_subtoken,True,1024,16,top1_changed,sink_plus_recent_minus_recent_only,0.004166269637234094,16,-0.003101226316681627,0.01134842275771638
is_first_subtoken,False,2048,16,top1_changed,sink_plus_recent_minus_recent_only,-0.004807692307692308,16,-0.014423076923076924,0.0
is_first_subtoken,True,2048,16,top1_changed,sink_plus_recent_minus_recent_only,0.0024865464366314967,16,-0.003685487872461079,0.00800794898672257
is_first_subtoken,False,4096,16,top1_changed,sink_plus_recent_minus_recent_only,0.004807692307692308,16,0.0,0.014423076923076924
is_first_subtoken,True,4096,16,top1_changed,sink_plus_recent_minus_recent_only,-0.0031774414779550623,16,-0.013615733313017058,0.007497525391314716
is_first_subtoken,False,8192,16,top1_changed,sink_plus_recent_minus_recent_only,0.0,16,0.0,0.0
is_first_subtoken,True,8192,16,top1_changed,sink_plus_recent_minus_recent_only,0.00018216918624566628,16,-0.007004792696514052,0.0075574055640236
